timestamp_sim,elapsed_time_s,pos_x,pos_y_raw,pos_y_norm,speed_kmh,steer,active_sign_idx,active_maneuver,dist_to_next_sign,gaze_x,gaze_y,aoi_focus,line_type
40.945,0.0,0.188,1.801,9.351,60.71,-0.0008,0,Left,149.81,-1,-1,UNKNOWN,None
40.954,0.016,0.477,1.798,9.348,60.62,-0.0008,0,Left,149.52,-1,-1,UNKNOWN,None
40.97,0.032,0.758,1.795,9.345,60.52,-0.0014,0,Left,149.24,-1,-1,UNKNOWN,None
40.979,0.048,0.919,1.793,9.343,60.47,-0.0014,0,Left,149.08,-1,-1,UNKNOWN,None
41.005,0.064,1.199,1.79,9.34,60.37,-0.0014,0,Left,148.8,-1,-1,UNKNOWN,None
41.022,0.08,1.478,1.787,9.337,60.27,-0.0014,0,Left,148.52,-1,-1,UNKNOWN,None
41.038,0.096,1.758,1.784,9.334,60.16,-0.0014,0,Left,148.24,-1,-1,UNKNOWN,None
41.056,0.112,2.051,1.781,9.331,60.05,-0.0014,0,Left,147.95,-1,-1,UNKNOWN,None
41.066,0.128,2.363,1.778,9.328,59.93,-0.0014,0,Left,147.64,-1,-1,UNKNOWN,None
41.084,0.144,2.648,1.775,9.325,59.82,-0.0037,0,Left,147.35,-1,-1,UNKNOWN,None
41.092,0.16,2.799,1.773,9.323,59.76,-0.0037,0,Left,147.2,-1,-1,UNKNOWN,None
41.119,0.176,3.1,1.769,9.319,59.66,-0.0037,0,Left,146.9,-1,-1,UNKNOWN,None
41.119,0.192,3.242,1.768,9.318,59.61,-0.0037,0,Left,146.76,-1,-1,UNKNOWN,None
41.154,0.208,3.68,1.763,9.313,59.48,-0.0037,0,Left,146.32,-1,-1,UNKNOWN,None
41.163,0.224,3.955,1.759,9.309,59.42,-0.0037,0,Left,146.04,-1,-1,UNKNOWN,None
41.179,0.24,4.23,1.756,9.306,59.37,-0.0037,0,Left,145.77,-1,-1,UNKNOWN,None
41.196,0.256,4.369,1.754,9.304,59.35,-0.0037,0,Left,145.63,-1,-1,UNKNOWN,None
41.214,0.272,4.665,1.75,9.3,59.34,-0.0037,0,Left,145.34,-1,-1,UNKNOWN,None
41.222,0.288,4.94,1.747,9.297,59.34,-0.0037,0,Left,145.06,-1,-1,UNKNOWN,None
41.247,0.304,5.214,1.743,9.293,59.37,-0.0037,0,Left,144.79,-1,-1,UNKNOWN,None
41.247,0.32,5.352,1.741,9.291,59.39,-0.0037,0,Left,144.65,-1,-1,UNKNOWN,None
41.272,0.335,5.765,1.735,9.285,59.5,-0.0037,0,Left,144.24,-1,-1,UNKNOWN,None
41.297,0.351,6.041,1.732,9.282,59.59,-0.0037,0,Left,143.96,-1,-1,UNKNOWN,None
41.308,0.367,6.221,1.729,9.279,59.66,-0.0037,0,Left,143.78,-1,-1,UNKNOWN,None
41.328,0.383,6.552,1.724,9.274,59.8,-0.0037,0,Left,143.45,-1,-1,UNKNOWN,None
41.345,0.399,6.839,1.72,9.27,59.94,-0.0037,0,Left,143.16,-1,-1,UNKNOWN,None
41.355,0.415,6.992,1.718,9.268,60.01,-0.0037,0,Left,143.01,-1,-1,UNKNOWN,None
41.372,0.431,7.285,1.713,9.263,60.17,-0.0037,0,Left,142.72,-1,-1,UNKNOWN,None
41.389,0.447,7.572,1.708,9.258,60.33,-0.0037,0,Left,142.43,-1,-1,UNKNOWN,None
41.406,0.463,7.856,1.704,9.254,60.49,-0.0037,0,Left,142.14,-1,-1,UNKNOWN,None
41.423,0.479,8.139,1.699,9.249,60.66,-0.0037,0,Left,141.86,-1,-1,UNKNOWN,None
41.44,0.495,8.422,1.694,9.244,60.83,-0.0037,0,Left,141.58,-1,-1,UNKNOWN,None
41.457,0.511,8.721,1.689,9.239,61.0,-0.0037,0,Left,141.28,-1,-1,UNKNOWN,None
41.476,0.527,9.029,1.684,9.234,61.17,-0.0037,0,Left,140.97,-1,-1,UNKNOWN,None
41.476,0.543,9.174,1.681,9.231,61.24,-0.0037,0,Left,140.83,-1,-1,UNKNOWN,None
41.501,0.559,9.458,1.676,9.226,61.35,-0.0037,0,Left,140.54,-1,-1,UNKNOWN,None
41.517,0.575,9.743,1.671,9.221,61.44,-0.0035,0,Left,140.26,-1,-1,UNKNOWN,None
41.528,0.591,9.931,1.667,9.217,61.49,-0.0035,0,Left,140.07,-1,-1,UNKNOWN,None
41.541,0.607,10.335,1.659,9.209,61.56,-0.0035,0,Left,139.67,-1,-1,UNKNOWN,None
41.569,0.623,10.62,1.654,9.204,61.58,-0.0035,0,Left,139.38,-1,-1,UNKNOWN,None
41.585,0.639,10.905,1.648,9.198,61.57,-0.0035,0,Left,139.09,-1,-1,UNKNOWN,None
41.594,0.655,11.19,1.642,9.192,61.55,-0.0035,0,Left,138.81,-1,-1,UNKNOWN,None
41.602,0.671,11.351,1.639,9.189,61.53,-0.0033,0,Left,138.65,-1,-1,UNKNOWN,None
41.629,0.687,11.657,1.633,9.183,61.48,-0.0031,0,Left,138.34,-1,-1,UNKNOWN,None
41.629,0.703,11.807,1.63,9.18,61.46,-0.0031,0,Left,138.19,-1,-1,UNKNOWN,None
41.647,0.719,12.098,1.623,9.173,61.41,-0.0031,0,Left,137.9,-1,-1,UNKNOWN,None
41.681,0.735,12.54,1.614,9.164,61.32,-0.0031,0,Left,137.46,-1,-1,UNKNOWN,None
41.691,0.751,12.849,1.607,9.157,61.24,-0.0031,0,Left,137.15,-1,-1,UNKNOWN,None
41.708,0.767,13.004,1.603,9.153,61.2,-0.0031,0,Left,137.0,-1,-1,UNKNOWN,None
41.726,0.783,13.299,1.597,9.147,61.12,-0.0031,0,Left,136.7,-1,-1,UNKNOWN,None
41.735,0.8,13.604,1.59,9.14,61.02,-0.0031,0,Left,136.4,-1,-1,UNKNOWN,None
41.744,0.816,13.75,1.586,9.136,60.98,-0.0031,0,Left,136.25,-1,-1,UNKNOWN,None
41.77,0.832,14.186,1.576,9.126,60.83,-0.0014,0,Left,135.81,-1,-1,UNKNOWN,None
41.787,0.848,14.473,1.569,9.119,60.73,-0.0014,0,Left,135.53,-1,-1,UNKNOWN,None
41.795,0.864,14.636,1.565,9.115,60.68,-0.0008,0,Left,135.36,-1,-1,UNKNOWN,None
41.822,0.88,14.917,1.558,9.108,60.58,-0.0008,0,Left,135.08,-1,-1,UNKNOWN,None
41.838,0.896,15.197,1.551,9.101,60.48,0.0002,0,Left,134.8,-1,-1,UNKNOWN,None
41.855,0.912,15.484,1.544,9.094,60.37,0.0002,0,Left,134.52,-1,-1,UNKNOWN,None
41.864,0.928,15.773,1.537,9.087,60.27,0.0002,0,Left,134.23,-1,-1,UNKNOWN,None
41.89,0.944,16.06,1.53,9.08,60.16,0.0011,0,Left,133.94,-1,-1,UNKNOWN,None
41.898,0.96,16.347,1.523,9.073,60.05,0.0014,0,Left,133.65,-1,-1,UNKNOWN,None
41.918,0.976,16.533,1.518,9.068,59.99,0.0017,0,Left,133.47,-1,-1,UNKNOWN,None
41.927,0.992,16.819,1.511,9.061,59.9,0.0017,0,Left,133.18,-1,-1,UNKNOWN,None
41.944,1.008,16.958,1.507,9.057,59.86,0.0018,0,Left,133.04,-1,-1,UNKNOWN,None
41.969,1.024,17.374,1.497,9.047,59.76,0.0018,0,Left,132.63,-1,-1,UNKNOWN,None
41.987,1.04,17.669,1.49,9.04,59.71,0.0018,0,Left,132.33,-1,-1,UNKNOWN,None
41.995,1.056,17.946,1.483,9.033,59.69,0.0018,0,Left,132.05,-1,-1,UNKNOWN,None
42.014,1.072,18.127,1.478,9.028,59.68,0.0018,0,Left,131.87,-1,-1,UNKNOWN,None
42.031,1.088,18.404,1.471,9.021,59.69,0.0018,0,Left,131.6,-1,-1,UNKNOWN,None
42.048,1.104,18.68,1.464,9.014,59.72,0.0018,0,Left,131.32,-1,-1,UNKNOWN,None
42.056,1.118,18.957,1.457,9.007,59.78,0.0018,0,Left,131.04,-1,-1,UNKNOWN,None
42.073,1.136,19.233,1.45,9.0,59.85,0.0021,0,Left,130.77,-1,-1,UNKNOWN,None
42.098,1.15,19.513,1.443,8.993,59.95,0.0023,0,Left,130.49,-1,-1,UNKNOWN,None
42.106,1.168,19.791,1.437,8.987,60.06,0.0023,0,Left,130.21,-1,-1,UNKNOWN,None
42.123,1.184,20.069,1.43,8.98,60.18,0.0023,0,Left,129.93,-1,-1,UNKNOWN,None
42.131,1.2,20.228,1.426,8.976,60.26,0.0028,0,Left,129.77,-1,-1,UNKNOWN,None
42.157,1.216,20.507,1.419,8.969,60.39,0.0028,0,Left,129.49,-1,-1,UNKNOWN,None
42.174,1.232,20.787,1.412,8.962,60.52,0.0028,0,Left,129.21,-1,-1,UNKNOWN,None
42.182,1.248,21.068,1.406,8.956,60.65,0.003,0,Left,128.93,-1,-1,UNKNOWN,None
42.191,1.264,21.208,1.402,8.952,60.71,0.003,0,Left,128.79,-1,-1,UNKNOWN,None
42.207,1.28,21.49,1.396,8.946,60.84,0.003,0,Left,128.51,-1,-1,UNKNOWN,None
42.224,1.296,21.774,1.389,8.939,60.96,0.003,0,Left,128.23,-1,-1,UNKNOWN,None
42.257,1.312,22.199,1.379,8.929,61.12,0.003,0,Left,127.8,-1,-1,UNKNOWN,None
42.266,1.327,22.482,1.373,8.923,61.2,0.003,0,Left,127.52,-1,-1,UNKNOWN,None
42.274,1.343,22.625,1.369,8.919,61.24,0.003,0,Left,127.38,-1,-1,UNKNOWN,None
42.291,1.359,22.908,1.363,8.913,61.29,0.003,0,Left,127.09,-1,-1,UNKNOWN,None
42.307,1.375,23.197,1.356,8.906,61.31,0.003,0,Left,126.8,-1,-1,UNKNOWN,None
42.333,1.391,23.481,1.35,8.9,61.31,0.003,0,Left,126.52,-1,-1,UNKNOWN,None
42.349,1.407,23.765,1.344,8.894,61.29,0.003,0,Left,126.24,-1,-1,UNKNOWN,None
42.358,1.423,24.049,1.338,8.888,61.25,0.003,0,Left,125.95,-1,-1,UNKNOWN,None
42.366,1.439,24.19,1.335,8.885,61.23,0.003,0,Left,125.81,-1,-1,UNKNOWN,None
42.383,1.455,24.473,1.329,8.879,61.19,0.003,0,Left,125.53,-1,-1,UNKNOWN,None
42.416,1.473,24.898,1.32,8.87,61.1,0.003,0,Left,125.1,-1,-1,UNKNOWN,None
42.416,1.487,25.039,1.317,8.867,61.07,0.003,0,Left,124.96,-1,-1,UNKNOWN,None
42.442,1.503,25.471,1.308,8.858,60.96,0.003,0,Left,124.53,-1,-1,UNKNOWN,None
42.458,1.524,25.753,1.303,8.853,60.88,0.003,0,Left,124.25,-1,-1,UNKNOWN,None
42.475,1.533,25.894,1.3,8.85,60.84,0.003,0,Left,124.11,-1,-1,UNKNOWN,None
42.492,1.551,26.175,1.294,8.844,60.75,0.003,0,Left,123.82,-1,-1,UNKNOWN,None
42.5,1.567,26.456,1.289,8.839,60.66,0.003,0,Left,123.54,-1,-1,UNKNOWN,None
42.525,1.583,26.736,1.284,8.834,60.57,0.003,0,Left,123.26,-1,-1,UNKNOWN,None
42.542,1.599,27.017,1.279,8.829,60.47,0.003,0,Left,122.98,-1,-1,UNKNOWN,None
42.542,1.615,27.156,1.276,8.826,60.42,0.003,0,Left,122.84,-1,-1,UNKNOWN,None
42.558,1.631,27.436,1.271,8.821,60.32,0.003,0,Left,122.56,-1,-1,UNKNOWN,None
42.585,1.647,27.896,1.263,8.813,60.15,0.003,0,Left,122.1,-1,-1,UNKNOWN,None
42.603,1.663,28.175,1.258,8.808,60.04,0.003,0,Left,121.83,-1,-1,UNKNOWN,None
42.619,1.679,28.313,1.256,8.806,59.99,0.003,0,Left,121.69,-1,-1,UNKNOWN,None
42.636,1.695,28.597,1.251,8.801,59.88,0.003,0,Left,121.4,-1,-1,UNKNOWN,None
42.653,1.711,28.877,1.246,8.796,59.77,0.003,0,Left,121.12,-1,-1,UNKNOWN,None
42.653,1.727,29.016,1.244,8.794,59.72,0.003,0,Left,120.98,-1,-1,UNKNOWN,None
42.687,1.743,29.438,1.237,8.787,59.57,0.003,0,Left,120.56,-1,-1,UNKNOWN,None
42.695,1.759,29.722,1.233,8.783,59.49,0.003,0,Left,120.28,-1,-1,UNKNOWN,None
42.721,1.775,29.997,1.228,8.778,59.42,0.003,0,Left,120.0,-1,-1,UNKNOWN,None
42.729,1.791,30.272,1.224,8.774,59.37,0.003,0,Left,119.73,-1,-1,UNKNOWN,Right_Broken
42.754,1.808,30.547,1.22,8.77,59.34,0.003,0,Left,119.45,-1,-1,UNKNOWN,None
42.763,1.824,30.821,1.216,8.766,59.33,0.003,0,Left,119.18,-1,-1,UNKNOWN,None
42.779,1.84,31.096,1.212,8.762,59.34,0.003,0,Left,118.9,-1,-1,UNKNOWN,None
42.788,1.856,31.234,1.211,8.761,59.35,0.003,0,Left,118.77,-1,-1,UNKNOWN,None
42.804,1.872,31.509,1.207,8.757,59.4,0.003,0,Left,118.49,-1,-1,UNKNOWN,None
42.821,1.888,31.784,1.203,8.753,59.47,0.003,0,Left,118.22,-1,-1,UNKNOWN,None
42.846,1.904,32.06,1.2,8.75,59.56,0.003,0,Left,117.94,-1,-1,UNKNOWN,None
42.863,1.92,32.336,1.196,8.746,59.66,0.003,0,Left,117.66,-1,-1,UNKNOWN,None
42.871,1.936,32.612,1.193,8.743,59.78,0.003,0,Left,117.39,-1,-1,UNKNOWN,None
42.879,1.952,32.751,1.191,8.741,59.84,0.003,0,Left,117.25,-1,-1,UNKNOWN,None
42.913,1.968,33.173,1.186,8.736,60.06,0.003,0,Left,116.83,-1,-1,UNKNOWN,None
42.933,1.992,33.505,1.182,8.732,60.23,0.003,0,Left,116.49,-1,-1,UNKNOWN,None
42.949,2.005,33.785,1.179,8.729,60.38,0.003,0,Left,116.22,-1,-1,UNKNOWN,None
42.949,2.022,33.925,1.178,8.728,60.45,0.003,0,Left,116.08,-1,-1,UNKNOWN,None
42.974,2.038,34.345,1.173,8.723,60.63,0.003,0,Left,115.65,-1,-1,UNKNOWN,Right_Broken
43.0,2.054,34.64,1.17,8.72,60.72,0.003,0,Left,115.36,-1,-1,UNKNOWN,None
43.009,2.07,34.921,1.167,8.717,60.79,0.003,0,Left,115.08,-1,-1,UNKNOWN,None
43.017,2.086,35.072,1.166,8.716,60.81,0.003,0,Left,114.93,-1,-1,UNKNOWN,None
43.034,2.102,35.354,1.163,8.713,60.84,0.003,0,Left,114.65,-1,-1,UNKNOWN,None
43.059,2.118,35.636,1.161,8.711,60.85,0.003,0,Left,114.36,-1,-1,UNKNOWN,None
43.076,2.134,35.918,1.158,8.708,60.83,0.003,0,Left,114.08,-1,-1,UNKNOWN,None
43.093,2.15,36.199,1.156,8.706,60.8,0.003,0,Left,113.8,-1,-1,UNKNOWN,None
43.109,2.166,36.48,1.154,8.704,60.76,0.003,0,Left,113.52,-1,-1,UNKNOWN,None
43.126,2.182,36.762,1.151,8.701,60.7,0.003,0,Left,113.24,-1,-1,UNKNOWN,None
43.134,2.198,37.042,1.149,8.699,60.64,0.003,0,Left,112.96,-1,-1,UNKNOWN,None
43.151,2.214,37.323,1.147,8.697,60.57,0.003,0,Left,112.68,-1,-1,UNKNOWN,None
43.17,2.23,37.639,1.145,8.695,60.48,0.003,0,Left,112.36,-1,-1,UNKNOWN,None
43.178,2.246,37.779,1.144,8.694,60.44,0.003,0,Left,112.22,-1,-1,UNKNOWN,None
43.195,2.262,38.058,1.142,8.692,60.36,0.003,0,Left,111.94,-1,-1,UNKNOWN,None
43.22,2.278,38.338,1.141,8.691,60.28,0.003,0,Left,111.66,-1,-1,UNKNOWN,None
43.236,2.294,38.616,1.139,8.689,60.2,0.003,0,Left,111.38,-1,-1,UNKNOWN,None
43.253,2.31,38.895,1.137,8.687,60.12,0.003,0,Left,111.11,-1,-1,UNKNOWN,None
43.261,2.326,39.173,1.136,8.686,60.03,0.003,0,Left,110.83,-1,-1,UNKNOWN,None
43.286,2.341,39.45,1.135,8.685,59.94,0.003,0,Left,110.55,-1,-1,UNKNOWN,None
43.303,2.357,39.728,1.133,8.683,59.84,0.003,0,Left,110.27,-1,-1,UNKNOWN,None
43.311,2.373,40.004,1.132,8.682,59.75,0.003,0,Left,110.0,-1,-1,UNKNOWN,None
43.328,2.389,40.281,1.131,8.681,59.66,0.003,0,Left,109.72,-1,-1,UNKNOWN,None
43.345,2.405,40.557,1.13,8.68,59.58,0.0033,0,Left,109.44,-1,-1,UNKNOWN,None
43.353,2.421,40.695,1.13,8.68,59.54,0.0033,0,Left,109.31,-1,-1,UNKNOWN,None
43.37,2.437,40.97,1.129,8.679,59.48,0.0033,0,Left,109.03,-1,-1,UNKNOWN,None
43.395,2.453,41.245,1.128,8.678,59.43,0.0033,0,Left,108.75,-1,-1,UNKNOWN,None
43.412,2.469,41.523,1.127,8.677,59.4,0.0033,0,Left,108.48,-1,-1,UNKNOWN,None
43.428,2.485,41.798,1.127,8.677,59.39,0.0033,0,Left,108.2,-1,-1,UNKNOWN,None
43.428,2.501,41.936,1.126,8.676,59.4,0.0033,0,Left,108.06,-1,-1,UNKNOWN,None
43.462,2.517,42.361,1.126,8.676,59.44,0.0033,0,Left,107.64,-1,-1,UNKNOWN,None
43.479,2.535,42.636,1.125,8.675,59.5,0.0033,0,Left,107.36,-1,-1,UNKNOWN,None
43.479,2.549,42.774,1.125,8.675,59.54,0.0033,0,Left,107.23,-1,-1,UNKNOWN,None
43.505,2.565,43.075,1.125,8.675,59.64,0.0033,0,Left,106.93,-1,-1,UNKNOWN,None
43.524,2.581,43.38,1.125,8.675,59.76,0.0033,0,Left,106.62,-1,-1,UNKNOWN,None
43.537,2.597,43.595,1.125,8.675,59.85,0.0033,0,Left,106.41,-1,-1,UNKNOWN,None
43.546,2.615,43.887,1.125,8.675,59.99,0.0033,0,Left,106.11,-1,-1,UNKNOWN,None
43.571,2.629,44.165,1.125,8.675,60.13,0.0034,0,Left,105.83,-1,-1,UNKNOWN,None
43.588,2.645,44.444,1.126,8.676,60.28,0.0034,0,Left,105.56,-1,-1,UNKNOWN,None
43.605,2.661,44.733,1.126,8.676,60.43,0.0034,0,Left,105.27,-1,-1,UNKNOWN,None
43.613,2.677,45.017,1.126,8.676,60.57,0.0034,0,Left,104.98,-1,-1,UNKNOWN,None
43.631,2.693,45.32,1.127,8.677,60.7,0.0034,0,Left,104.68,-1,-1,UNKNOWN,None
43.657,2.709,45.606,1.128,8.678,60.79,0.0034,0,Left,104.39,-1,-1,UNKNOWN,None
43.665,2.725,45.888,1.128,8.678,60.86,0.0034,0,Left,104.11,-1,-1,UNKNOWN,None
43.673,2.741,46.029,1.129,8.679,60.88,0.0034,0,Left,103.97,-1,-1,UNKNOWN,None
43.698,2.757,46.312,1.13,8.68,60.9,0.0034,0,Left,103.69,-1,-1,UNKNOWN,None
43.715,2.773,46.597,1.131,8.681,60.89,0.0034,0,Left,103.4,-1,-1,UNKNOWN,None
43.715,2.789,46.738,1.131,8.681,60.89,0.0034,0,Left,103.26,-1,-1,UNKNOWN,None
43.749,2.806,47.16,1.133,8.683,60.84,0.0034,0,Left,102.84,-1,-1,UNKNOWN,None
43.749,2.822,47.318,1.134,8.684,60.81,0.0034,0,Left,102.68,-1,-1,UNKNOWN,None
43.778,2.838,47.795,1.136,8.686,60.71,0.0034,0,Left,102.2,-1,-1,UNKNOWN,None
43.795,2.854,47.942,1.137,8.687,60.67,0.0034,0,Left,102.06,-1,-1,UNKNOWN,None
43.812,2.87,48.232,1.139,8.689,60.59,0.0034,0,Left,101.77,-1,-1,UNKNOWN,None
43.829,2.886,48.517,1.14,8.69,60.51,0.0042,0,Left,101.48,-1,-1,UNKNOWN,None
43.839,2.902,48.835,1.142,8.692,60.41,0.0042,0,Left,101.16,-1,-1,UNKNOWN,None
43.857,2.918,49.126,1.144,8.694,60.32,0.0042,0,Left,100.87,-1,-1,UNKNOWN,None
43.865,2.934,49.266,1.145,8.695,60.27,0.0042,0,Left,100.73,-1,-1,UNKNOWN,None
43.882,2.95,49.552,1.147,8.697,60.17,0.0042,0,Left,100.45,-1,-1,UNKNOWN,None
43.908,2.966,49.83,1.15,8.7,60.07,0.0042,0,Left,100.17,-1,-1,UNKNOWN,None
43.916,2.982,50.108,1.152,8.702,59.97,0.0042,0,Left,99.89,-1,-1,UNKNOWN,None
43.941,2.999,50.385,1.154,8.704,59.87,0.0042,0,Left,99.61,-1,-1,UNKNOWN,None
43.958,3.014,50.662,1.157,8.707,59.77,0.0042,0,Left,99.34,-1,-1,UNKNOWN,None
43.958,3.03,50.8,1.158,8.708,59.72,0.0042,0,Left,99.2,-1,-1,UNKNOWN,None
43.974,3.046,51.076,1.161,8.711,59.63,0.0042,0,Left,98.92,-1,-1,UNKNOWN,None
43.993,3.06,51.457,1.164,8.714,59.53,0.0042,0,Left,98.54,-1,-1,UNKNOWN,None
44.006,3.078,51.595,1.166,8.716,59.49,0.0042,0,Left,98.4,-1,-1,UNKNOWN,None
44.039,3.094,52.008,1.17,8.72,59.42,0.0042,0,Left,97.99,-1,-1,UNKNOWN,None
44.056,3.11,52.283,1.173,8.723,59.4,0.0042,0,Left,97.72,-1,-1,UNKNOWN,Right_Broken
44.072,3.126,52.56,1.177,8.727,59.39,0.0042,0,Left,97.44,-1,-1,UNKNOWN,None
44.081,3.142,52.841,1.18,8.73,59.41,0.0042,0,Left,97.16,-1,-1,UNKNOWN,None
44.106,3.158,53.116,1.184,8.734,59.46,0.0042,0,Left,96.88,-1,-1,UNKNOWN,None
44.114,3.174,53.254,1.185,8.735,59.49,0.0042,0,Left,96.75,-1,-1,UNKNOWN,None
44.123,3.19,53.534,1.189,8.739,59.56,0.004,0,Left,96.47,-1,-1,UNKNOWN,None
44.148,3.206,53.81,1.193,8.743,59.66,0.0037,0,Left,96.19,-1,-1,UNKNOWN,None
44.148,3.222,53.948,1.195,8.745,59.71,0.0037,0,Left,96.05,-1,-1,UNKNOWN,None
44.181,3.238,54.364,1.201,8.751,59.89,0.0033,0,Left,95.64,-1,-1,UNKNOWN,None
44.19,3.254,54.642,1.205,8.755,60.02,0.003,0,Left,95.36,-1,-1,UNKNOWN,None
44.215,3.268,54.92,1.209,8.759,60.17,0.003,0,Left,95.08,-1,-1,UNKNOWN,None
44.231,3.286,55.199,1.213,8.763,60.31,0.003,0,Left,94.8,-1,-1,UNKNOWN,None
44.248,3.302,55.479,1.218,8.768,60.45,0.0023,0,Left,94.52,-1,-1,UNKNOWN,None
44.256,3.316,55.759,1.222,8.772,60.58,0.0023,0,Left,94.24,-1,-1,UNKNOWN,None
44.265,3.333,55.917,1.225,8.775,60.65,0.0023,0,Left,94.08,-1,-1,UNKNOWN,None
44.282,3.349,56.2,1.23,8.78,60.76,0.0018,0,Left,93.8,-1,-1,UNKNOWN,None
44.307,3.365,56.481,1.234,8.784,60.86,0.0018,0,Left,93.52,-1,-1,UNKNOWN,None
44.307,3.381,56.622,1.237,8.787,60.91,0.0018,0,Left,93.38,-1,-1,UNKNOWN,None
44.325,3.397,56.983,1.243,8.793,61.02,0.0018,0,Left,93.02,-1,-1,UNKNOWN,Right_Broken
44.355,3.413,57.287,1.248,8.798,61.1,0.0018,0,Left,92.71,-1,-1,UNKNOWN,None
44.372,3.429,57.573,1.253,8.803,61.15,0.0018,0,Left,92.43,-1,-1,UNKNOWN,None
44.389,3.445,57.856,1.258,8.808,61.19,0.0018,0,Left,92.14,-1,-1,UNKNOWN,None
44.405,3.461,58.14,1.264,8.814,61.2,0.0018,0,Left,91.86,-1,-1,UNKNOWN,None
44.405,3.477,58.285,1.266,8.816,61.2,0.0018,0,Left,91.71,-1,-1,UNKNOWN,None
44.43,3.493,58.71,1.274,8.824,61.18,0.0017,0,Left,91.29,-1,-1,UNKNOWN,None
44.447,3.509,59.019,1.28,8.83,61.15,0.0014,0,Left,90.98,-1,-1,UNKNOWN,None
44.465,3.525,59.302,1.286,8.836,61.12,0.0014,0,Left,90.7,-1,-1,UNKNOWN,None
44.482,3.541,59.443,1.289,8.839,61.1,0.0014,0,Left,90.56,-1,-1,UNKNOWN,None
44.499,3.555,59.726,1.294,8.844,61.06,0.0014,0,Left,90.27,-1,-1,UNKNOWN,None
44.507,3.575,60.047,1.301,8.851,61.01,0.0014,0,Left,89.95,-1,-1,UNKNOWN,None
44.529,3.589,60.374,1.307,8.857,60.94,0.0014,0,Left,89.63,-1,-1,UNKNOWN,None
44.545,3.605,60.656,1.313,8.863,60.88,0.0014,0,Left,89.34,-1,-1,UNKNOWN,None
44.562,3.621,60.796,1.316,8.866,60.84,0.0007,0,Left,89.2,-1,-1,UNKNOWN,None
44.579,3.637,61.078,1.322,8.872,60.76,0.0007,0,Left,88.92,-1,-1,UNKNOWN,None
44.587,3.651,61.218,1.324,8.874,60.72,0.0007,0,Left,88.78,-1,-1,UNKNOWN,None
44.603,3.669,61.629,1.333,8.883,60.59,0.0007,0,Left,88.37,-1,-1,UNKNOWN,None
44.628,3.685,61.909,1.339,8.889,60.5,0.0007,0,Left,88.09,-1,-1,UNKNOWN,None
44.645,3.701,62.189,1.345,8.895,60.4,0.0007,0,Left,87.81,-1,-1,UNKNOWN,None
44.661,3.717,62.468,1.351,8.901,60.3,0.0007,0,Left,87.53,-1,-1,UNKNOWN,None
44.678,3.733,62.748,1.357,8.907,60.2,0.0007,0,Left,87.25,-1,-1,UNKNOWN,None
44.686,3.749,63.027,1.363,8.913,60.09,0.0007,0,Left,86.97,-1,-1,UNKNOWN,None
44.705,3.765,63.194,1.366,8.916,60.03,0.0007,0,Left,86.81,-1,-1,UNKNOWN,None
44.713,3.781,63.503,1.373,8.923,59.91,0.0007,0,Left,86.5,-1,-1,UNKNOWN,None
44.743,3.797,63.83,1.38,8.93,59.79,0.0005,0,Left,86.17,-1,-1,UNKNOWN,None
44.753,3.814,64.135,1.387,8.937,59.67,0.0005,0,Left,85.87,-1,-1,UNKNOWN,None
44.761,3.83,64.272,1.39,8.94,59.62,0.0005,0,Left,85.73,-1,-1,UNKNOWN,None
44.789,3.846,64.587,1.397,8.947,59.52,0.0005,0,Left,85.41,-1,-1,UNKNOWN,None
44.799,3.862,64.888,1.404,8.954,59.44,0.0002,0,Left,85.11,-1,-1,UNKNOWN,None
44.815,3.878,65.163,1.41,8.96,59.38,0.0002,0,Left,84.84,-1,-1,UNKNOWN,None
44.832,3.894,65.438,1.416,8.966,59.34,0.0002,0,Left,84.56,-1,-1,UNKNOWN,None
44.849,3.91,65.712,1.422,8.972,59.31,0.0002,0,Left,84.29,-1,-1,UNKNOWN,None
44.857,3.926,65.876,1.426,8.976,59.31,0.0002,0,Left,84.12,-1,-1,UNKNOWN,None
44.884,3.942,66.151,1.432,8.982,59.32,0.0002,0,Left,83.85,-1,-1,UNKNOWN,None
44.9,3.958,66.426,1.438,8.988,59.36,0.0002,0,Left,83.57,-1,-1,UNKNOWN,None
44.917,3.974,66.701,1.444,8.994,59.42,0.0002,0,Left,83.3,-1,-1,UNKNOWN,None
44.934,3.99,66.976,1.451,9.001,59.49,0.0002,0,Left,83.02,-1,-1,UNKNOWN,None
44.934,4.006,67.114,1.454,9.004,59.54,0.0002,0,Left,82.89,-1,-1,UNKNOWN,None
44.959,4.022,67.528,1.463,9.013,59.7,-0.0001,0,Left,82.47,-1,-1,UNKNOWN,None
44.984,4.038,67.805,1.47,9.02,59.83,-0.0001,0,Left,82.2,-1,-1,UNKNOWN,None
44.992,4.054,68.082,1.476,9.026,59.96,-0.0001,0,Left,81.92,-1,-1,UNKNOWN,None
45.009,4.07,68.36,1.482,9.032,60.11,-0.0001,0,Left,81.64,-1,-1,UNKNOWN,None
45.025,4.084,68.499,1.486,9.036,60.19,-0.0001,0,Left,81.5,-1,-1,UNKNOWN,None
45.034,4.102,68.779,1.492,9.042,60.34,-0.0001,0,Left,81.22,-1,-1,UNKNOWN,None
45.05,4.118,69.058,1.498,9.048,60.49,-0.0001,0,Left,80.94,-1,-1,UNKNOWN,None
45.077,4.134,69.371,1.505,9.055,60.63,-0.0001,0,Left,80.63,-1,-1,UNKNOWN,None
45.095,4.15,69.667,1.512,9.062,60.75,-0.0001,0,Left,80.33,-1,-1,UNKNOWN,None
45.105,4.166,69.98,1.519,9.069,60.86,-0.0001,0,Left,80.02,-1,-1,UNKNOWN,None
45.113,4.182,70.126,1.523,9.073,60.9,-0.0001,0,Left,79.87,-1,-1,UNKNOWN,None
45.14,4.198,70.429,1.53,9.08,60.97,-0.0001,0,Left,79.57,-1,-1,UNKNOWN,None
45.156,4.214,70.712,1.536,9.086,61.03,-0.0001,0,Left,79.29,-1,-1,UNKNOWN,None
45.173,4.23,70.994,1.543,9.093,61.06,-0.0001,0,Left,79.01,-1,-1,UNKNOWN,None
45.191,4.246,71.294,1.55,9.1,61.06,-0.0001,0,Left,78.71,-1,-1,UNKNOWN,None
45.209,4.262,71.595,1.557,9.107,61.05,-0.0001,0,Left,78.41,-1,-1,UNKNOWN,None
45.217,4.278,71.877,1.563,9.113,61.02,-0.0001,0,Left,78.12,-1,-1,UNKNOWN,None
45.225,4.297,72.029,1.567,9.117,60.99,-0.0001,0,Left,77.97,-1,-1,UNKNOWN,None
45.243,4.31,72.311,1.573,9.123,60.94,-0.0001,0,Left,77.69,-1,-1,UNKNOWN,None
45.268,4.326,72.593,1.58,9.13,60.88,-0.0001,0,Left,77.41,-1,-1,UNKNOWN,None
45.284,4.341,72.875,1.586,9.136,60.8,-0.0001,0,Left,77.13,-1,-1,UNKNOWN,None
45.301,4.357,73.156,1.593,9.143,60.73,-0.0001,0,Left,76.84,-1,-1,UNKNOWN,None
45.318,4.373,73.437,1.599,9.149,60.64,-0.0002,0,Left,76.56,-1,-1,UNKNOWN,None
45.334,4.387,73.717,1.606,9.156,60.56,-0.0005,0,Left,76.28,-1,-1,UNKNOWN,None
45.343,4.405,73.997,1.612,9.162,60.47,-0.0005,0,Left,76.0,-1,-1,UNKNOWN,None
45.359,4.421,74.277,1.618,9.168,60.39,-0.0009,0,Left,75.72,-1,-1,UNKNOWN,None
45.376,4.437,74.556,1.625,9.175,60.3,-0.0014,0,Left,75.44,-1,-1,UNKNOWN,None
45.393,4.453,74.835,1.631,9.181,60.22,-0.0017,0,Left,75.17,-1,-1,UNKNOWN,None
45.401,4.469,74.977,1.634,9.184,60.19,-0.0021,0,Left,75.02,-1,-1,UNKNOWN,None
45.426,4.485,75.256,1.641,9.191,60.12,-0.0021,0,Left,74.74,-1,-1,UNKNOWN,None
45.443,4.501,75.534,1.647,9.197,60.06,-0.0027,0,Left,74.47,-1,-1,UNKNOWN,None
45.451,4.517,75.812,1.653,9.203,60.01,-0.0027,0,Left,74.19,-1,-1,UNKNOWN,None
45.459,4.533,75.95,1.656,9.206,59.99,-0.0027,0,Left,74.05,-1,-1,UNKNOWN,None
45.484,4.547,76.366,1.665,9.215,59.91,-0.0028,0,Left,73.63,-1,-1,UNKNOWN,None
45.493,4.565,76.505,1.668,9.218,59.88,-0.0028,0,Left,73.49,-1,-1,UNKNOWN,None
45.52,4.584,76.961,1.678,9.228,59.8,-0.0028,0,Left,73.04,-1,-1,UNKNOWN,None
45.539,4.597,77.13,1.682,9.232,59.77,-0.0028,0,Left,72.87,-1,-1,UNKNOWN,None
45.556,4.613,77.41,1.688,9.238,59.74,-0.0028,0,Left,72.59,-1,-1,UNKNOWN,None
45.572,4.629,77.686,1.694,9.244,59.71,-0.0028,0,Left,72.31,-1,-1,UNKNOWN,None
45.581,4.645,77.97,1.699,9.249,59.71,-0.0028,0,Left,72.03,-1,-1,UNKNOWN,None
45.606,4.661,78.246,1.705,9.255,59.72,-0.0028,0,Left,71.75,-1,-1,UNKNOWN,None
45.614,4.677,78.523,1.711,9.261,59.76,-0.0028,0,Left,71.48,-1,-1,UNKNOWN,None
45.631,4.693,78.8,1.716,9.266,59.82,-0.0028,0,Left,71.2,-1,-1,UNKNOWN,None
45.648,4.709,79.077,1.722,9.272,59.9,-0.0028,0,Left,70.92,-1,-1,UNKNOWN,None
45.664,4.725,79.216,1.725,9.275,59.94,-0.0028,0,Left,70.78,-1,-1,UNKNOWN,None
45.686,4.741,79.58,1.732,9.282,60.08,-0.0028,0,Left,70.42,-1,-1,UNKNOWN,None
45.695,4.757,79.881,1.738,9.288,60.21,-0.0028,0,Left,70.12,-1,-1,UNKNOWN,None
45.712,4.773,80.163,1.743,9.293,60.34,-0.0028,0,Left,69.84,-1,-1,UNKNOWN,None
45.721,4.789,80.303,1.746,9.296,60.4,-0.0028,0,Left,69.7,-1,-1,UNKNOWN,None
45.738,4.806,80.589,1.751,9.301,60.51,-0.0028,0,Left,69.41,-1,-1,UNKNOWN,None
45.755,4.822,80.874,1.756,9.306,60.6,-0.0028,0,Left,69.13,-1,-1,UNKNOWN,None
45.78,4.838,81.154,1.761,9.311,60.66,-0.0028,0,Left,68.85,-1,-1,UNKNOWN,None
45.797,4.854,81.435,1.767,9.317,60.7,-0.0028,0,Left,68.56,-1,-1,UNKNOWN,None
45.813,4.87,81.716,1.772,9.322,60.71,-0.0028,0,Left,68.28,-1,-1,UNKNOWN,None
45.822,4.886,81.997,1.776,9.326,60.7,-0.0028,0,Left,68.0,-1,-1,UNKNOWN,None
45.838,4.902,82.278,1.781,9.331,60.68,-0.0028,0,Left,67.72,-1,-1,UNKNOWN,None
45.855,4.918,82.559,1.786,9.336,60.64,-0.0028,0,Left,67.44,-1,-1,UNKNOWN,None
45.872,4.934,82.839,1.791,9.341,60.58,-0.0028,0,Left,67.16,-1,-1,UNKNOWN,None
45.897,4.95,83.12,1.795,9.345,60.52,-0.0028,0,Left,66.88,-1,-1,UNKNOWN,None
45.905,4.966,83.4,1.8,9.35,60.45,-0.0028,0,Left,66.6,-1,-1,UNKNOWN,None
45.93,4.982,83.679,1.804,9.354,60.38,-0.0028,0,Left,66.32,-1,-1,UNKNOWN,None
45.93,4.998,83.819,1.806,9.356,60.34,-0.0028,0,Left,66.18,-1,-1,UNKNOWN,None
45.955,5.014,84.098,1.811,9.361,60.25,-0.0028,0,Left,65.9,-1,-1,UNKNOWN,None
45.972,5.03,84.377,1.815,9.365,60.17,-0.0028,0,Left,65.62,-1,-1,UNKNOWN,None
45.988,5.046,84.655,1.819,9.369,60.07,-0.0028,0,Left,65.35,-1,-1,UNKNOWN,None
45.997,5.062,84.933,1.823,9.373,59.98,-0.0028,0,Left,65.07,-1,-1,UNKNOWN,None
46.022,5.078,85.21,1.827,9.377,59.88,-0.0028,0,Left,64.79,-1,-1,UNKNOWN,None
46.022,5.094,85.349,1.829,9.379,59.84,-0.0028,0,Left,64.65,-1,-1,UNKNOWN,None
46.047,5.11,85.764,1.835,9.385,59.72,-0.0028,0,Left,64.24,-1,-1,UNKNOWN,None
46.065,5.126,86.06,1.839,9.389,59.64,-0.0028,0,Left,63.94,-1,-1,UNKNOWN,None
46.073,5.142,86.208,1.841,9.391,59.61,-0.0028,0,Left,63.79,-1,-1,UNKNOWN,None
46.101,5.158,86.52,1.845,9.395,59.56,-0.0028,0,Left,63.48,-1,-1,UNKNOWN,None
46.111,5.174,86.825,1.849,9.399,59.53,-0.0028,0,Left,63.18,-1,-1,UNKNOWN,None
46.127,5.19,87.1,1.852,9.402,59.53,-0.0028,0,Left,62.9,-1,-1,UNKNOWN,None
46.144,5.206,87.238,1.854,9.404,59.54,-0.0028,0,Left,62.76,-1,-1,UNKNOWN,None
46.161,5.223,87.518,1.857,9.407,59.57,-0.0028,0,Left,62.48,-1,-1,UNKNOWN,None
46.181,5.238,87.846,1.861,9.411,59.64,-0.0028,0,Left,62.15,-1,-1,UNKNOWN,None
46.191,5.254,88.16,1.864,9.414,59.73,-0.0028,0,Left,61.84,-1,-1,UNKNOWN,None
46.209,5.27,88.318,1.866,9.416,59.79,-0.0028,0,Left,61.68,-1,-1,UNKNOWN,None
46.218,5.286,88.616,1.869,9.419,59.9,-0.0028,0,Left,61.38,-1,-1,UNKNOWN,None
46.244,5.302,88.897,1.872,9.422,60.03,-0.0028,0,Left,61.1,-1,-1,UNKNOWN,None
46.261,5.318,89.176,1.875,9.425,60.16,-0.0028,0,Left,60.82,-1,-1,UNKNOWN,None
46.277,5.333,89.455,1.878,9.428,60.3,-0.0028,0,Left,60.55,-1,-1,UNKNOWN,None
46.286,5.349,89.735,1.881,9.431,60.42,-0.0028,0,Left,60.27,-1,-1,UNKNOWN,None
46.302,5.365,90.015,1.883,9.433,60.53,-0.0018,0,Left,59.99,-1,-1,UNKNOWN,None
46.32,5.381,90.315,1.886,9.436,60.65,-0.0017,0,Left,59.69,-1,-1,UNKNOWN,None
46.329,5.397,90.468,1.887,9.437,60.7,-0.0017,0,Left,59.53,-1,-1,UNKNOWN,None
46.346,5.413,90.749,1.89,9.44,60.8,-0.0012,0,Left,59.25,-1,-1,UNKNOWN,None
46.371,5.429,91.033,1.892,9.442,60.89,-0.0012,0,Left,58.97,-1,-1,UNKNOWN,None
46.379,5.445,91.337,1.895,9.445,60.97,-0.0012,0,Left,58.66,-1,-1,UNKNOWN,None
46.389,5.461,91.534,1.897,9.447,61.01,-0.0012,0,Left,58.47,-1,-1,UNKNOWN,None
46.409,5.477,91.822,1.899,9.449,61.05,-0.0012,0,Left,58.18,-1,-1,UNKNOWN,None
46.435,5.493,92.116,1.901,9.451,61.06,-0.0002,0,Left,57.88,-1,-1,UNKNOWN,None
46.452,5.509,92.404,1.904,9.454,61.05,-0.0002,0,Left,57.6,-1,-1,UNKNOWN,None
46.469,5.525,92.687,1.906,9.456,61.02,-0.0002,0,Left,57.31,-1,-1,UNKNOWN,None
46.469,5.541,92.829,1.907,9.457,61.0,-0.0002,0,Left,57.17,-1,-1,UNKNOWN,None
46.494,5.557,93.252,1.91,9.46,60.93,-0.0002,0,Left,56.75,-1,-1,UNKNOWN,None
46.51,5.573,93.534,1.912,9.462,60.86,-0.0002,0,Left,56.47,-1,-1,UNKNOWN,None
46.527,5.589,93.815,1.914,9.464,60.79,-0.0002,0,Left,56.18,-1,-1,UNKNOWN,None
46.544,5.605,94.1,1.916,9.466,60.71,-0.0002,0,Left,55.9,-1,-1,UNKNOWN,None
46.561,5.621,94.381,1.918,9.468,60.62,-0.0002,0,Left,55.62,-1,-1,UNKNOWN,None
46.586,5.637,94.661,1.92,9.47,60.53,-0.0002,0,Left,55.34,-1,-1,UNKNOWN,None
46.586,5.653,94.801,1.921,9.471,60.49,-0.0002,0,Left,55.2,-1,-1,UNKNOWN,None
46.611,5.669,95.081,1.923,9.473,60.39,-0.0002,0,Left,54.92,-1,-1,UNKNOWN,None
46.627,5.685,95.36,1.925,9.475,60.29,-0.0002,0,Left,54.64,-1,-1,UNKNOWN,None
46.644,5.701,95.639,1.927,9.477,60.19,0.0005,0,Left,54.36,-1,-1,UNKNOWN,None
46.654,5.717,95.801,1.928,9.478,60.13,0.0005,0,Left,54.2,-1,-1,UNKNOWN,None
46.669,5.733,96.192,1.93,9.48,59.99,0.0005,0,Left,53.81,-1,-1,UNKNOWN,None
46.677,5.749,96.331,1.931,9.481,59.94,0.0005,0,Left,53.67,-1,-1,UNKNOWN,None
46.71,5.765,96.747,1.934,9.484,59.8,0.0005,0,Left,53.25,-1,-1,UNKNOWN,None
46.719,5.781,97.039,1.936,9.486,59.7,0.0005,0,Left,52.96,-1,-1,UNKNOWN,None
46.728,5.797,97.192,1.937,9.487,59.65,0.0005,0,Left,52.81,-1,-1,UNKNOWN,None
46.746,5.814,97.473,1.939,9.489,59.58,0.0005,0,Left,52.53,-1,-1,UNKNOWN,None
46.763,5.83,97.749,1.941,9.491,59.51,0.0005,0,Left,52.25,-1,-1,UNKNOWN,None
46.788,5.846,98.037,1.943,9.493,59.47,0.0005,0,Left,51.96,-1,-1,UNKNOWN,None
46.805,5.86,98.315,1.944,9.494,59.44,0.0005,0,Left,51.69,-1,-1,UNKNOWN,None
46.805,5.878,98.452,1.945,9.495,59.43,0.0005,0,Left,51.55,-1,-1,UNKNOWN,None
46.831,5.894,98.886,1.948,9.498,59.45,0.0005,0,Left,51.11,-1,-1,UNKNOWN,None
46.857,5.91,99.163,1.95,9.5,59.49,0.0005,0,Left,50.84,-1,-1,UNKNOWN,None
46.866,5.926,99.45,1.952,9.502,59.56,0.0005,0,Left,50.55,-1,-1,UNKNOWN,None
46.882,5.942,99.588,1.953,9.503,59.6,0.0005,0,Left,50.41,-1,-1,UNKNOWN,None
46.891,5.958,99.868,1.955,9.505,59.69,0.0005,0,Left,50.13,-1,-1,UNKNOWN,None
46.916,5.974,100.15,1.957,9.507,59.8,0.0005,0,Left,49.85,-1,-1,UNKNOWN,None
46.924,5.99,100.427,1.958,9.508,59.92,0.0005,0,Left,49.57,-1,-1,UNKNOWN,None
46.933,6.006,100.566,1.959,9.509,59.99,0.0005,0,Left,49.43,-1,-1,UNKNOWN,None
46.958,6.022,100.984,1.962,9.512,60.2,0.0005,0,Left,49.02,-1,-1,UNKNOWN,None
46.975,6.038,101.288,1.964,9.514,60.37,0.0005,0,Left,48.71,-1,-1,UNKNOWN,None
46.993,6.054,101.568,1.966,9.516,60.52,0.0005,0,Left,48.43,-1,-1,UNKNOWN,None
47.001,6.07,101.725,1.967,9.517,60.6,0.0005,0,Left,48.28,-1,-1,UNKNOWN,None
47.027,6.086,102.006,1.969,9.519,60.75,0.0005,0,Left,47.99,-1,-1,UNKNOWN,None
47.045,6.102,102.303,1.971,9.521,60.91,0.0005,0,Left,47.7,-1,-1,UNKNOWN,None
47.045,6.118,102.445,1.972,9.522,60.98,0.0005,0,Left,47.56,-1,-1,UNKNOWN,None
47.073,6.134,102.93,1.976,9.526,61.2,0.0005,0,Left,47.07,-1,-1,UNKNOWN,None
47.09,6.15,103.214,1.978,9.528,61.31,0.0005,0,Left,46.79,-1,-1,UNKNOWN,None
47.106,6.166,103.356,1.979,9.529,61.35,0.0005,0,Left,46.64,-1,-1,UNKNOWN,None
47.124,6.182,103.663,1.981,9.531,61.42,0.0005,0,Left,46.34,-1,-1,UNKNOWN,None
47.143,6.198,103.987,1.983,9.533,61.47,0.0005,0,Left,46.01,-1,-1,UNKNOWN,None
47.152,6.214,104.272,1.985,9.535,61.48,-0.0001,0,Left,45.73,-1,-1,UNKNOWN,None
47.168,6.228,104.556,1.987,9.537,61.49,-0.0001,0,Left,45.44,-1,-1,UNKNOWN,None
47.177,6.246,104.699,1.988,9.538,61.48,-0.0001,0,Left,45.3,-1,-1,UNKNOWN,None
47.202,6.262,105.126,1.991,9.541,61.46,-0.0001,0,Left,44.87,-1,-1,UNKNOWN,None
47.21,6.278,105.268,1.992,9.542,61.44,-0.0001,0,Left,44.73,-1,-1,UNKNOWN,None
47.218,6.294,105.433,1.994,9.544,61.42,-0.0001,0,Left,44.57,-1,-1,UNKNOWN,None
47.218,6.312,105.433,1.994,9.544,61.42,-0.0001,0,Left,44.57,-1,-1,UNKNOWN,None
47.262,6.324,106.151,1.999,9.549,61.26,-0.0017,0,Left,43.85,-1,-1,UNKNOWN,None
47.287,6.341,106.435,2.001,9.551,61.19,-0.0017,0,Left,43.57,-1,-1,UNKNOWN,None
47.296,6.357,106.728,2.003,9.553,61.12,-0.0017,0,Left,43.27,-1,-1,UNKNOWN,None
47.304,6.373,106.869,2.004,9.554,61.08,-0.0017,0,Left,43.13,-1,-1,UNKNOWN,None
47.321,6.389,107.16,2.006,9.556,61.0,-0.0017,0,Left,42.84,-1,-1,UNKNOWN,None
47.347,6.405,107.452,2.008,9.558,60.91,-0.0017,0,Left,42.55,-1,-1,UNKNOWN,None
47.366,6.421,107.777,2.01,9.56,60.8,-0.0017,0,Left,42.22,-1,-1,UNKNOWN,None
47.376,6.437,108.095,2.012,9.562,60.69,-0.0017,0,Left,41.91,-1,-1,UNKNOWN,None
47.395,6.453,108.256,2.013,9.563,60.64,-0.0017,0,Left,41.74,-1,-1,UNKNOWN,None
47.414,6.469,108.577,2.015,9.565,60.52,-0.0017,0,Left,41.42,-1,-1,UNKNOWN,None
47.433,6.492,108.892,2.017,9.567,60.4,-0.0017,0,Left,41.11,-1,-1,UNKNOWN,None
47.441,6.499,109.036,2.018,9.568,60.35,-0.0017,0,Left,40.96,-1,-1,UNKNOWN,None
47.45,6.517,109.321,2.02,9.57,60.24,-0.0017,0,Left,40.68,-1,-1,UNKNOWN,None
47.475,6.533,109.599,2.022,9.572,60.13,-0.0017,0,Left,40.4,-1,-1,UNKNOWN,None
47.491,6.549,109.878,2.023,9.573,60.03,-0.0017,0,Left,40.12,-1,-1,UNKNOWN,None
47.508,6.565,110.157,2.025,9.575,59.92,-0.0018,0,Left,39.84,-1,-1,UNKNOWN,None
47.525,6.581,110.434,2.027,9.577,59.81,-0.0018,0,Left,39.57,-1,-1,UNKNOWN,None
47.542,6.597,110.711,2.028,9.578,59.71,-0.0018,0,Left,39.29,-1,-1,UNKNOWN,None
47.55,6.613,110.987,2.03,9.58,59.61,-0.0018,0,Left,39.01,-1,-1,UNKNOWN,None
47.574,6.629,111.249,2.031,9.581,59.53,-0.0018,0,Left,38.75,-1,-1,UNKNOWN,None
47.582,6.645,111.524,2.032,9.582,59.47,-0.0018,0,Left,38.48,-1,-1,UNKNOWN,None
47.599,6.661,111.799,2.034,9.584,59.41,-0.0018,0,Left,38.2,-1,-1,UNKNOWN,None
47.616,6.677,111.937,2.034,9.584,59.39,-0.0018,0,Left,38.06,-1,-1,UNKNOWN,None
47.635,6.693,112.255,2.036,9.586,59.36,-0.0018,0,Left,37.74,-1,-1,UNKNOWN,None
47.652,6.709,112.53,2.037,9.587,59.36,-0.0018,0,Left,37.47,-1,-1,UNKNOWN,None
47.66,6.725,112.805,2.038,9.588,59.39,-0.0018,0,Left,37.19,-1,-1,UNKNOWN,None
47.668,6.741,112.943,2.039,9.589,59.41,-0.0021,0,Left,37.06,-1,-1,UNKNOWN,None
47.685,6.757,113.218,2.04,9.59,59.46,-0.0021,0,Left,36.78,-1,-1,UNKNOWN,None
47.718,6.773,113.632,2.042,9.592,59.59,-0.0021,0,Left,36.37,-1,-1,UNKNOWN,None
47.735,6.789,113.909,2.043,9.593,59.69,-0.0021,0,Left,36.09,-1,-1,UNKNOWN,None
47.752,6.806,114.186,2.044,9.594,59.81,-0.0021,0,Left,35.81,-1,-1,UNKNOWN,None
47.768,6.822,114.463,2.044,9.594,59.94,-0.0021,0,Left,35.54,-1,-1,UNKNOWN,None
47.777,6.838,114.741,2.045,9.595,60.08,-0.0021,0,Left,35.26,-1,-1,UNKNOWN,None
47.802,6.854,115.02,2.046,9.596,60.23,-0.0021,0,Left,34.98,-1,-1,UNKNOWN,None
47.818,6.87,115.299,2.047,9.597,60.38,-0.0021,0,Left,34.7,-1,-1,UNKNOWN,None
47.827,6.886,115.439,2.047,9.597,60.45,-0.0021,0,Left,34.56,-1,-1,UNKNOWN,None
47.835,6.902,115.72,2.048,9.598,60.59,-0.0021,0,Left,34.28,-1,-1,UNKNOWN,None
47.86,6.918,116.001,2.048,9.598,60.71,-0.0021,0,Left,34.0,-1,-1,UNKNOWN,None
47.86,6.934,116.141,2.049,9.599,60.76,-0.0021,0,Left,33.86,-1,-1,UNKNOWN,None
47.877,6.95,116.427,2.049,9.599,60.86,-0.0021,0,Left,33.57,-1,-1,UNKNOWN,None
47.902,6.966,116.851,2.05,9.6,60.97,-0.0021,0,Left,33.15,-1,-1,UNKNOWN,None
47.919,6.982,117.134,2.05,9.6,61.01,-0.0021,0,Left,32.87,-1,-1,UNKNOWN,None
47.937,6.998,117.436,2.051,9.601,61.04,-0.0021,0,Left,32.56,-1,-1,UNKNOWN,None
47.945,7.012,117.583,2.051,9.601,61.05,-0.0021,0,Left,32.42,-1,-1,UNKNOWN,None
47.97,7.03,117.866,2.051,9.601,61.04,-0.0021,0,Left,32.13,-1,-1,UNKNOWN,None
47.988,7.046,118.168,2.051,9.601,61.02,-0.0021,0,Left,31.83,-1,-1,UNKNOWN,None
47.997,7.062,118.452,2.051,9.601,60.98,-0.0021,0,Left,31.55,-1,-1,UNKNOWN,None
48.03,7.085,118.877,2.051,9.601,60.9,-0.0021,0,Left,31.12,-1,-1,UNKNOWN,None
48.03,7.092,119.033,2.051,9.601,60.86,-0.0021,0,Left,30.97,-1,-1,UNKNOWN,None
48.039,7.11,119.183,2.051,9.601,60.83,-0.0021,0,Left,30.82,-1,-1,UNKNOWN,None
48.056,7.124,119.465,2.051,9.601,60.76,-0.0021,0,Left,30.54,-1,-1,UNKNOWN,None
48.09,7.142,119.886,2.051,9.601,60.64,-0.0021,0,Left,30.11,-1,-1,UNKNOWN,None
48.09,7.158,120.026,2.051,9.601,60.6,-0.0021,0,Left,29.97,-1,-1,UNKNOWN,None
48.106,7.174,120.307,2.05,9.6,60.51,-0.0021,0,Left,29.69,-1,-1,UNKNOWN,None
48.123,7.19,120.621,2.05,9.6,60.41,-0.0021,0,Left,29.38,-1,-1,UNKNOWN,None
48.152,7.204,120.936,2.05,9.6,60.31,-0.0021,0,Left,29.06,-1,-1,UNKNOWN,None
48.152,7.222,121.096,2.049,9.599,60.25,-0.0021,0,Left,28.9,-1,-1,UNKNOWN,None
48.162,7.238,121.244,2.049,9.599,60.2,-0.0021,0,Left,28.76,-1,-1,UNKNOWN,None
48.199,7.257,121.716,2.048,9.598,60.03,-0.0021,0,Left,28.28,-1,-1,UNKNOWN,None
48.207,7.27,121.993,2.047,9.597,59.93,-0.0021,0,Left,28.01,-1,-1,UNKNOWN,None
48.232,7.284,122.27,2.047,9.597,59.83,-0.0021,0,Left,27.73,-1,-1,UNKNOWN,None
48.232,7.302,122.409,2.046,9.596,59.78,-0.0021,0,Left,27.59,-1,-1,UNKNOWN,None
48.257,7.318,122.823,2.045,9.595,59.63,-0.0021,0,Left,27.18,-1,-1,UNKNOWN,None
48.266,7.333,122.961,2.045,9.595,59.59,-0.0021,0,Left,27.04,-1,-1,UNKNOWN,None
48.291,7.349,123.237,2.044,9.594,59.51,-0.0021,0,Left,26.76,-1,-1,UNKNOWN,None
48.302,7.365,123.568,2.043,9.593,59.43,-0.0021,0,Left,26.43,-1,-1,UNKNOWN,None
48.319,7.379,123.843,2.041,9.591,59.38,-0.0021,0,Left,26.16,-1,-1,UNKNOWN,None
48.336,7.397,124.118,2.04,9.59,59.35,-0.0021,0,Left,25.88,-1,-1,UNKNOWN,None
48.344,7.413,124.256,2.04,9.59,59.35,-0.0021,0,Left,25.74,-1,-1,UNKNOWN,None
48.37,7.429,124.54,2.039,9.589,59.35,-0.0021,0,Left,25.46,-1,-1,UNKNOWN,None
48.387,7.445,124.83,2.037,9.587,59.38,-0.0021,0,Left,25.17,-1,-1,UNKNOWN,None
48.404,7.461,125.11,2.036,9.586,59.43,-0.0021,0,Left,24.89,-1,-1,UNKNOWN,None
48.421,7.477,125.388,2.034,9.584,59.51,-0.0021,0,Left,24.61,-1,-1,UNKNOWN,None
48.439,7.493,125.69,2.033,9.583,59.61,-0.0021,0,Left,24.31,-1,-1,UNKNOWN,None
48.448,7.509,125.83,2.032,9.582,59.66,-0.0021,0,Left,24.17,-1,-1,UNKNOWN,None
48.467,7.525,126.151,2.03,9.58,59.8,-0.0021,0,Left,23.85,-1,-1,UNKNOWN,None
48.484,7.541,126.428,2.029,9.579,59.93,-0.0021,0,Left,23.57,-1,-1,UNKNOWN,None
48.5,7.557,126.706,2.027,9.577,60.07,-0.0021,0,Left,23.29,-1,-1,UNKNOWN,None
48.509,7.571,126.845,2.026,9.576,60.15,-0.0021,0,Left,23.15,-1,-1,UNKNOWN,None
48.523,7.589,127.223,2.024,9.574,60.35,-0.0021,0,Left,22.78,-1,-1,UNKNOWN,None
48.542,7.605,127.594,2.021,9.571,60.53,-0.0021,0,Left,22.41,-1,-1,UNKNOWN,None
48.562,7.621,127.735,2.02,9.57,60.59,-0.0021,0,Left,22.27,-1,-1,UNKNOWN,None
48.57,7.637,128.016,2.018,9.568,60.7,-0.0021,0,Left,21.98,-1,-1,UNKNOWN,None
48.595,7.653,128.297,2.016,9.566,60.77,-0.0021,0,Left,21.7,-1,-1,UNKNOWN,None
48.612,7.669,128.578,2.014,9.564,60.82,-0.0021,0,Left,21.42,-1,-1,UNKNOWN,None
48.622,7.685,128.889,2.012,9.562,60.85,-0.0021,0,Left,21.11,-1,-1,UNKNOWN,None
48.647,7.699,129.175,2.009,9.559,60.85,-0.0021,0,Left,20.83,-1,-1,UNKNOWN,None
48.664,7.717,129.457,2.007,9.557,60.84,-0.0021,0,Left,20.54,-1,-1,UNKNOWN,None
48.672,7.733,129.743,2.005,9.555,60.81,-0.0021,0,Left,20.26,-1,-1,UNKNOWN,None
48.681,7.749,129.886,2.004,9.554,60.8,-0.0021,0,Left,20.11,-1,-1,UNKNOWN,None
48.706,7.765,130.168,2.001,9.551,60.75,-0.0021,0,Left,19.83,-1,-1,UNKNOWN,None
48.723,7.781,130.451,1.999,9.549,60.7,-0.0021,0,Left,19.55,-1,-1,UNKNOWN,None
48.731,7.797,130.743,1.996,9.546,60.63,-0.0021,0,Left,19.26,-1,-1,UNKNOWN,None
48.74,7.814,130.898,1.994,9.544,60.59,-0.0021,0,Left,19.1,-1,-1,UNKNOWN,None
48.766,7.83,131.319,1.99,9.54,60.48,-0.0021,0,Left,18.68,-1,-1,UNKNOWN,None
48.785,7.846,131.635,1.987,9.537,60.38,-0.0021,0,Left,18.36,-1,-1,UNKNOWN,None
48.801,7.862,131.916,1.984,9.534,60.29,-0.0021,0,Left,18.08,-1,-1,UNKNOWN,None
48.81,7.878,132.056,1.983,9.533,60.24,-0.0021,0,Left,17.94,-1,-1,UNKNOWN,None
48.827,7.894,132.335,1.98,9.53,60.14,-0.0021,0,Left,17.67,-1,-1,UNKNOWN,None
48.852,7.91,132.613,1.977,9.527,60.04,-0.0021,0,Left,17.39,-1,-1,UNKNOWN,None
48.868,7.926,132.89,1.974,9.524,59.94,-0.0021,0,Left,17.11,-1,-1,UNKNOWN,None
48.877,7.942,133.171,1.971,9.521,59.84,-0.0021,0,Left,16.83,-1,-1,UNKNOWN,None
48.885,7.958,133.309,1.97,9.52,59.79,-0.0018,0,Left,16.69,-1,-1,UNKNOWN,None
48.902,7.974,133.586,1.966,9.516,59.69,-0.0018,0,Left,16.41,-1,-1,UNKNOWN,None
48.927,7.99,134.0,1.962,9.512,59.56,-0.0017,0,Left,16.0,-1,-1,UNKNOWN,None
48.952,8.006,134.284,1.958,9.508,59.48,-0.0017,0,Left,15.72,-1,-1,UNKNOWN,None
48.961,8.033,134.578,1.955,9.505,59.42,-0.0014,0,Left,15.42,-1,-1,UNKNOWN,None
48.978,8.036,134.715,1.953,9.503,59.4,-0.0014,0,Left,15.28,-1,-1,UNKNOWN,None
48.987,8.052,134.99,1.95,9.5,59.37,-0.0009,0,Left,15.01,-1,-1,UNKNOWN,None
49.013,8.07,135.285,1.946,9.496,59.36,-0.0008,0,Left,14.71,-1,-1,UNKNOWN,None
49.013,8.086,135.424,1.944,9.494,59.37,-0.0005,0,Left,14.58,-1,-1,UNKNOWN,None
49.038,8.102,135.836,1.939,9.489,59.42,-0.0005,0,Left,14.16,-1,-1,UNKNOWN,None
49.063,8.118,136.112,1.936,9.486,59.48,-0.0001,0,Left,13.89,-1,-1,UNKNOWN,None
49.063,8.134,136.256,1.934,9.484,59.52,-0.0001,0,Left,13.74,-1,-1,UNKNOWN,None
49.089,8.15,136.673,1.928,9.478,59.66,-0.0001,0,Left,13.33,-1,-1,UNKNOWN,None
49.097,8.166,136.82,1.926,9.476,59.72,0.0002,0,Left,13.18,-1,-1,UNKNOWN,None
49.114,8.182,137.097,1.923,9.473,59.84,0.0002,0,Left,12.9,-1,-1,UNKNOWN,None
49.141,8.198,137.401,1.919,9.469,59.99,0.0002,0,Left,12.6,-1,-1,UNKNOWN,None
49.141,8.214,137.548,1.917,9.467,60.06,0.0002,0,Left,12.45,-1,-1,UNKNOWN,None
49.158,8.23,137.829,1.913,9.463,60.21,0.0002,0,Left,12.17,-1,-1,UNKNOWN,None
49.191,8.246,138.248,1.908,9.458,60.44,0.0002,0,Left,11.75,-1,-1,UNKNOWN,None
49.2,8.262,138.552,1.904,9.454,60.59,0.0002,0,Left,11.45,-1,-1,UNKNOWN,None
49.226,8.281,138.833,1.9,9.45,60.71,0.0002,0,Left,11.17,-1,-1,UNKNOWN,None
49.226,8.294,138.979,1.898,9.448,60.76,0.0002,0,Left,11.02,-1,-1,UNKNOWN,None
49.251,8.31,139.26,1.894,9.444,60.84,0.0002,0,Left,10.74,-1,-1,UNKNOWN,None
49.26,8.326,139.542,1.89,9.44,60.89,0.0002,0,Left,10.46,-1,-1,UNKNOWN,None
49.285,8.341,139.831,1.886,9.436,60.91,0.0002,0,Left,10.17,-1,-1,UNKNOWN,None
49.303,8.357,140.128,1.882,9.432,60.91,0.0002,0,Left,9.87,-1,-1,UNKNOWN,None
49.312,8.373,140.426,1.878,9.428,60.89,0.0002,0,Left,9.57,-1,-1,UNKNOWN,None
49.32,8.389,140.588,1.876,9.426,60.87,0.0002,0,Left,9.41,-1,-1,UNKNOWN,None
49.347,8.405,140.87,1.872,9.422,60.82,0.0002,0,Left,9.13,-1,-1,UNKNOWN,None
49.355,8.422,141.171,1.868,9.418,60.76,0.0002,0,Left,8.83,-1,-1,UNKNOWN,None
49.364,8.44,141.311,1.866,9.416,60.73,0.0002,0,Left,8.69,-1,-1,UNKNOWN,None
49.381,8.454,141.592,1.862,9.412,60.66,0.0002,0,Left,8.41,-1,-1,UNKNOWN,None
49.406,8.469,142.018,1.857,9.407,60.53,0.0002,0,Left,7.98,-1,-1,UNKNOWN,None
49.432,8.485,142.3,1.853,9.403,60.45,0.0002,0,Left,7.7,-1,-1,UNKNOWN,None
49.44,8.501,142.58,1.849,9.399,60.35,0.0002,0,Left,7.42,-1,-1,UNKNOWN,None
49.457,8.517,142.859,1.845,9.395,60.26,0.0002,0,Left,7.14,-1,-1,UNKNOWN,None
49.473,8.533,143.001,1.843,9.393,60.21,0.0002,0,Left,7.0,-1,-1,UNKNOWN,None
49.482,8.549,143.279,1.839,9.389,60.12,0.0002,0,Left,6.72,-1,-1,UNKNOWN,None
49.498,8.565,143.557,1.836,9.386,60.02,0.0002,0,Left,6.44,-1,-1,UNKNOWN,None
49.523,8.581,143.835,1.832,9.382,59.92,0.0002,0,Left,6.17,-1,-1,UNKNOWN,None
49.54,8.597,144.115,1.828,9.378,59.82,0.0002,0,Left,5.88,-1,-1,UNKNOWN,None
49.549,8.613,144.41,1.824,9.374,59.71,0.0002,0,Left,5.59,-1,-1,UNKNOWN,None
49.567,8.629,144.708,1.82,9.37,59.62,0.0002,0,Left,5.29,-1,-1,UNKNOWN,None
49.585,8.645,144.862,1.818,9.368,59.57,0.0002,0,Left,5.14,-1,-1,UNKNOWN,None
49.602,8.661,145.137,1.814,9.364,59.49,-0.0001,0,Left,4.86,-1,-1,UNKNOWN,None
49.61,8.677,145.412,1.811,9.361,59.43,-0.0001,0,Left,4.59,-1,-1,UNKNOWN,None
49.635,8.693,145.687,1.807,9.357,59.39,-0.0001,0,Left,4.31,-1,-1,UNKNOWN,None
49.644,8.709,145.962,1.803,9.353,59.36,-0.0001,0,Left,4.04,-1,-1,UNKNOWN,None
49.66,8.725,146.277,1.799,9.349,59.35,-0.0001,0,Left,3.72,-1,-1,UNKNOWN,None
49.671,8.741,146.449,1.797,9.347,59.36,-0.0001,0,Left,3.55,-1,-1,UNKNOWN,None
49.69,8.757,146.724,1.793,9.343,59.39,-0.0001,0,Left,3.28,-1,-1,UNKNOWN,None
49.698,8.773,146.861,1.791,9.341,59.42,-0.0001,0,Left,3.14,-1,-1,UNKNOWN,None
49.723,8.789,147.277,1.785,9.335,59.53,-0.0001,0,Left,2.72,-1,-1,UNKNOWN,None
49.74,8.806,147.561,1.782,9.332,59.63,-0.0001,0,Left,2.44,-1,-1,UNKNOWN,None
49.757,8.822,147.837,1.778,9.328,59.74,-0.0001,0,Left,2.16,-1,-1,UNKNOWN,None
49.783,8.838,148.126,1.774,9.324,59.87,-0.0001,0,Left,1.87,-1,-1,UNKNOWN,None
49.801,8.856,148.428,1.77,9.32,60.02,-0.0001,0,Left,1.57,-1,-1,UNKNOWN,None
49.801,8.87,148.586,1.768,9.318,60.1,-0.0001,0,Left,1.41,-1,-1,UNKNOWN,None
49.819,8.886,148.864,1.764,9.314,60.25,-0.0001,0,Left,1.14,-1,-1,UNKNOWN,None
49.835,8.902,149.144,1.76,9.31,60.39,-0.0001,0,Left,0.86,-1,-1,UNKNOWN,None
49.86,8.918,149.424,1.756,9.306,60.51,-0.0001,0,Left,0.58,-1,-1,UNKNOWN,None
49.877,8.934,149.704,1.753,9.303,60.62,-0.0001,0,Left,0.3,-1,-1,UNKNOWN,None
49.885,8.95,149.985,1.749,9.299,60.69,-0.0001,0,Left,0.01,-1,-1,UNKNOWN,None
49.902,8.966,150.266,1.745,9.295,60.74,-0.0001,1,Middle,149.73,-1,-1,UNKNOWN,None
49.921,8.982,150.579,1.741,9.291,60.77,-0.0001,1,Middle,149.42,-1,-1,UNKNOWN,None
49.939,8.998,150.755,1.738,9.288,60.77,-0.0001,1,Middle,149.25,-1,-1,UNKNOWN,None
49.95,9.014,151.077,1.734,9.284,60.75,-0.0001,1,Middle,148.92,-1,-1,UNKNOWN,None
49.967,9.03,151.358,1.73,9.28,60.71,-0.0001,1,Middle,148.64,-1,-1,UNKNOWN,None
49.992,9.046,151.639,1.726,9.276,60.67,-0.0001,1,Middle,148.36,-1,-1,UNKNOWN,None
50.001,9.062,151.939,1.722,9.272,60.6,-0.0001,1,Middle,148.06,-1,-1,UNKNOWN,None
50.019,9.078,152.1,1.72,9.27,60.56,-0.0001,1,Middle,147.9,-1,-1,UNKNOWN,None
50.036,9.094,152.389,1.716,9.266,60.49,-0.0001,1,Middle,147.61,-1,-1,UNKNOWN,None
50.055,9.11,152.701,1.712,9.262,60.4,-0.0001,1,Middle,147.3,-1,-1,UNKNOWN,None
50.055,9.126,152.977,1.708,9.258,60.32,-0.0001,1,Middle,147.02,-1,-1,UNKNOWN,None
50.08,9.14,153.256,1.705,9.255,60.23,-0.0001,1,Middle,146.74,-1,-1,UNKNOWN,None
50.097,9.158,153.54,1.701,9.251,60.13,-0.0001,1,Middle,146.46,-1,-1,UNKNOWN,None
50.113,9.174,153.818,1.697,9.247,60.04,-0.0001,1,Middle,146.18,-1,-1,UNKNOWN,None
50.122,9.19,153.957,1.695,9.245,59.99,-0.0001,1,Middle,146.04,-1,-1,UNKNOWN,None
50.138,9.206,154.234,1.691,9.241,59.89,-0.0001,1,Middle,145.77,-1,-1,UNKNOWN,None
50.164,9.222,154.514,1.688,9.238,59.79,-0.0001,1,Middle,145.49,-1,-1,UNKNOWN,None
50.172,9.238,154.8,1.684,9.234,59.69,0.0002,1,Middle,145.2,-1,-1,UNKNOWN,None
50.197,9.254,155.076,1.68,9.23,59.6,0.0005,1,Middle,144.92,-1,-1,UNKNOWN,None
50.197,9.27,155.214,1.678,9.228,59.56,0.0007,1,Middle,144.79,-1,-1,UNKNOWN,None
50.231,9.286,155.634,1.672,9.222,59.46,0.0009,1,Middle,144.37,-1,-1,UNKNOWN,None
50.249,9.302,155.919,1.669,9.219,59.41,0.0011,1,Middle,144.08,-1,-1,UNKNOWN,None
50.257,9.318,156.194,1.665,9.215,59.38,0.0014,1,Middle,143.81,-1,-1,UNKNOWN,None
50.265,9.336,156.331,1.663,9.213,59.37,0.0014,1,Middle,143.67,-1,-1,UNKNOWN,None
50.291,9.349,156.615,1.659,9.209,59.37,0.0017,1,Middle,143.39,-1,-1,UNKNOWN,None
50.291,9.365,156.765,1.657,9.207,59.38,0.0018,1,Middle,143.24,-1,-1,UNKNOWN,None
50.319,9.381,157.213,1.652,9.202,59.46,0.0018,1,Middle,142.79,-1,-1,UNKNOWN,None
50.344,9.397,157.489,1.648,9.198,59.53,0.0021,1,Middle,142.51,-1,-1,UNKNOWN,None
50.352,9.413,157.765,1.645,9.195,59.63,0.0021,1,Middle,142.24,-1,-1,UNKNOWN,None
50.369,9.429,158.041,1.641,9.191,59.73,0.0021,1,Middle,141.96,-1,-1,UNKNOWN,None
50.385,9.445,158.182,1.639,9.189,59.8,0.0021,1,Middle,141.82,-1,-1,UNKNOWN,None
50.402,9.461,158.463,1.636,9.186,59.93,0.0021,1,Middle,141.54,-1,-1,UNKNOWN,None
50.419,9.477,158.74,1.632,9.182,60.06,0.0021,1,Middle,141.26,-1,-1,UNKNOWN,None
50.427,9.493,159.027,1.629,9.179,60.22,0.0021,1,Middle,140.97,-1,-1,UNKNOWN,None
50.453,9.509,159.311,1.626,9.176,60.36,0.0021,1,Middle,140.69,-1,-1,UNKNOWN,None
50.461,9.525,159.594,1.622,9.172,60.5,0.0023,1,Middle,140.41,-1,-1,UNKNOWN,None
50.487,9.541,159.874,1.619,9.169,60.64,0.0023,1,Middle,140.13,-1,-1,UNKNOWN,None
50.495,9.557,160.156,1.616,9.166,60.77,0.0023,1,Middle,139.84,-1,-1,UNKNOWN,None
50.512,9.573,160.437,1.613,9.163,60.9,0.0023,1,Middle,139.56,-1,-1,UNKNOWN,None
50.528,9.589,160.72,1.609,9.159,61.02,0.0023,1,Middle,139.28,-1,-1,UNKNOWN,None
50.545,9.605,160.866,1.608,9.158,61.07,0.0023,1,Middle,139.13,-1,-1,UNKNOWN,None
50.554,9.621,161.149,1.605,9.155,61.15,0.0023,1,Middle,138.85,-1,-1,UNKNOWN,None
50.579,9.637,161.432,1.602,9.152,61.2,0.0023,1,Middle,138.57,-1,-1,UNKNOWN,None
50.595,9.653,161.715,1.599,9.149,61.22,0.0023,1,Middle,138.28,-1,-1,UNKNOWN,None
50.612,9.669,162.002,1.596,9.146,61.22,0.0025,1,Middle,138.0,-1,-1,UNKNOWN,None
50.629,9.685,162.286,1.593,9.143,61.21,0.0025,1,Middle,137.71,-1,-1,UNKNOWN,None
50.645,9.701,162.57,1.59,9.14,61.17,0.0025,1,Middle,137.43,-1,-1,UNKNOWN,None
50.662,9.717,162.853,1.588,9.138,61.13,0.0025,1,Middle,137.15,-1,-1,UNKNOWN,None
50.679,9.733,163.14,1.585,9.135,61.07,0.0025,1,Middle,136.86,-1,-1,UNKNOWN,None
50.687,9.749,163.434,1.582,9.132,61.0,0.0025,1,Middle,136.57,-1,-1,UNKNOWN,None
50.707,9.765,163.608,1.581,9.131,60.96,0.0025,1,Middle,136.39,-1,-1,UNKNOWN,None
50.707,9.781,163.767,1.579,9.129,60.92,0.0025,1,Middle,136.23,-1,-1,UNKNOWN,None
50.733,9.797,164.19,1.576,9.126,60.79,0.0025,1,Middle,135.81,-1,-1,UNKNOWN,None
50.749,9.814,164.471,1.574,9.124,60.7,0.0025,1,Middle,135.53,-1,-1,UNKNOWN,None
50.766,9.83,164.751,1.571,9.121,60.61,0.0025,1,Middle,135.25,-1,-1,UNKNOWN,None
50.791,9.846,165.032,1.569,9.119,60.51,0.0025,1,Middle,134.97,-1,-1,UNKNOWN,None
50.8,9.862,165.321,1.567,9.117,60.41,0.0021,1,Middle,134.68,-1,-1,UNKNOWN,None
50.817,9.878,165.604,1.565,9.115,60.31,0.0021,1,Middle,134.4,-1,-1,UNKNOWN,None
50.834,9.894,165.883,1.563,9.113,60.2,0.0021,1,Middle,134.12,-1,-1,UNKNOWN,None
50.842,9.91,166.034,1.562,9.112,60.15,0.0021,1,Middle,133.97,-1,-1,UNKNOWN,None
50.851,9.926,166.173,1.561,9.111,60.1,0.0021,1,Middle,133.83,-1,-1,UNKNOWN,None
50.868,9.942,166.451,1.559,9.109,59.99,0.0017,1,Middle,133.55,-1,-1,UNKNOWN,None
50.901,9.958,166.867,1.556,9.106,59.84,0.0014,1,Middle,133.13,-1,-1,UNKNOWN,None
50.918,9.974,167.143,1.555,9.105,59.74,0.0014,1,Middle,132.86,-1,-1,UNKNOWN,None
50.926,9.99,167.419,1.553,9.103,59.65,0.0011,1,Middle,132.58,-1,-1,UNKNOWN,None
50.943,10.006,167.695,1.551,9.101,59.58,0.0009,1,Middle,132.3,-1,-1,UNKNOWN,None
50.96,10.022,167.994,1.55,9.1,59.52,0.0009,1,Middle,132.01,-1,-1,UNKNOWN,None
50.979,10.038,168.154,1.549,9.099,59.49,0.0007,1,Middle,131.85,-1,-1,UNKNOWN,None
50.988,10.054,168.448,1.547,9.097,59.46,0.0005,1,Middle,131.55,-1,-1,UNKNOWN,None
51.005,10.07,168.731,1.546,9.096,59.45,0.0005,1,Middle,131.27,-1,-1,UNKNOWN,None
51.031,10.086,169.011,1.544,9.094,59.47,0.0005,1,Middle,130.99,-1,-1,UNKNOWN,None
51.039,10.1,169.288,1.543,9.093,59.51,0.0002,1,Middle,130.71,-1,-1,UNKNOWN,None
51.057,10.118,169.591,1.542,9.092,59.58,0.0002,1,Middle,130.41,-1,-1,UNKNOWN,None
51.075,10.134,169.754,1.541,9.091,59.63,-0.0001,1,Middle,130.25,-1,-1,UNKNOWN,None
51.092,10.15,170.03,1.539,9.089,59.72,-0.0001,1,Middle,129.97,-1,-1,UNKNOWN,None
51.109,10.166,170.307,1.538,9.088,59.83,-0.0001,1,Middle,129.69,-1,-1,UNKNOWN,None
51.109,10.182,170.446,1.537,9.087,59.89,-0.0001,1,Middle,129.55,-1,-1,UNKNOWN,None
51.142,10.198,170.863,1.536,9.086,60.09,-0.0002,1,Middle,129.14,-1,-1,UNKNOWN,None
51.15,10.214,171.141,1.534,9.084,60.23,-0.0002,1,Middle,128.86,-1,-1,UNKNOWN,None
51.175,10.23,171.421,1.533,9.083,60.38,-0.0002,1,Middle,128.58,-1,-1,UNKNOWN,None
51.184,10.246,171.701,1.532,9.082,60.51,-0.0002,1,Middle,128.3,-1,-1,UNKNOWN,None
51.201,10.262,171.987,1.531,9.081,60.63,-0.0002,1,Middle,128.01,-1,-1,UNKNOWN,None
51.209,10.278,172.147,1.53,9.08,60.68,-0.0002,1,Middle,127.85,-1,-1,UNKNOWN,None
51.236,10.294,172.434,1.529,9.079,60.76,-0.0002,1,Middle,127.57,-1,-1,UNKNOWN,None
51.244,10.31,172.765,1.527,9.077,60.84,-0.0002,1,Middle,127.24,-1,-1,UNKNOWN,None
51.265,10.326,173.08,1.526,9.076,60.89,-0.0002,1,Middle,126.92,-1,-1,UNKNOWN,None
51.274,10.341,173.23,1.525,9.075,60.9,-0.0002,1,Middle,126.77,-1,-1,UNKNOWN,None
51.283,10.357,173.496,1.524,9.074,60.91,-0.0002,1,Middle,126.5,-1,-1,UNKNOWN,None
51.315,10.373,173.781,1.523,9.073,60.9,-0.0002,1,Middle,126.22,-1,-1,UNKNOWN,None
51.332,10.389,174.062,1.522,9.072,60.87,-0.0002,1,Middle,125.94,-1,-1,UNKNOWN,None
51.349,10.405,174.35,1.521,9.071,60.83,-0.0002,1,Middle,125.65,-1,-1,UNKNOWN,None
51.366,10.421,174.639,1.519,9.069,60.78,-0.0002,1,Middle,125.36,-1,-1,UNKNOWN,None
51.376,10.437,174.803,1.519,9.069,60.75,-0.0002,1,Middle,125.2,-1,-1,UNKNOWN,None
51.396,10.453,175.148,1.517,9.067,60.69,-0.0002,1,Middle,124.85,-1,-1,UNKNOWN,None
51.414,10.469,175.445,1.516,9.066,60.63,-0.0002,1,Middle,124.55,-1,-1,UNKNOWN,None
51.414,10.485,175.591,1.515,9.065,60.59,-0.0002,1,Middle,124.41,-1,-1,UNKNOWN,None
51.448,10.502,176.011,1.514,9.064,60.48,-0.0002,1,Middle,123.99,-1,-1,UNKNOWN,None
51.456,10.517,176.294,1.512,9.062,60.4,-0.0002,1,Middle,123.71,-1,-1,UNKNOWN,None
51.464,10.533,176.446,1.512,9.062,60.35,-0.0002,1,Middle,123.55,-1,-1,UNKNOWN,None
51.482,10.549,176.725,1.511,9.061,60.26,-0.0002,1,Middle,123.28,-1,-1,UNKNOWN,None
51.498,10.565,177.004,1.509,9.059,60.17,-0.0002,1,Middle,123.0,-1,-1,UNKNOWN,None
51.523,10.581,177.283,1.508,9.058,60.07,-0.0002,1,Middle,122.72,-1,-1,UNKNOWN,None
51.532,10.597,177.594,1.507,9.057,59.96,-0.0002,1,Middle,122.41,-1,-1,UNKNOWN,None
51.559,10.613,177.871,1.506,9.056,59.86,-0.0002,1,Middle,122.13,-1,-1,UNKNOWN,None
51.567,10.629,178.148,1.505,9.055,59.76,-0.0002,1,Middle,121.85,-1,-1,UNKNOWN,None
51.592,10.645,178.426,1.503,9.053,59.67,-0.0002,1,Middle,121.57,-1,-1,UNKNOWN,None
51.601,10.661,178.704,1.502,9.052,59.58,-0.0002,1,Middle,121.3,-1,-1,UNKNOWN,None
51.617,10.677,178.842,1.502,9.052,59.55,-0.0002,1,Middle,121.16,-1,-1,UNKNOWN,None
51.635,10.693,179.141,1.5,9.05,59.48,-0.0002,1,Middle,120.86,-1,-1,UNKNOWN,None
51.652,10.709,179.416,1.499,9.049,59.43,-0.0002,1,Middle,120.58,-1,-1,UNKNOWN,None
51.66,10.725,179.691,1.498,9.048,59.4,-0.0002,1,Middle,120.31,-1,-1,UNKNOWN,None
51.677,10.741,179.966,1.497,9.047,59.39,-0.0002,1,Middle,120.03,-1,-1,UNKNOWN,None
51.694,10.755,180.25,1.495,9.045,59.4,-0.0002,1,Middle,119.75,-1,-1,UNKNOWN,None
51.711,10.773,180.526,1.494,9.044,59.44,-0.0002,1,Middle,119.47,-1,-1,UNKNOWN,None
51.728,10.789,180.806,1.493,9.043,59.5,-0.0002,1,Middle,119.19,-1,-1,UNKNOWN,None
51.745,10.806,181.082,1.492,9.042,59.58,-0.0002,1,Middle,118.92,-1,-1,UNKNOWN,None
51.77,10.822,181.362,1.49,9.04,59.68,-0.0002,1,Middle,118.64,-1,-1,UNKNOWN,None
51.77,10.838,181.5,1.49,9.04,59.74,-0.0002,1,Middle,118.5,-1,-1,UNKNOWN,None
51.787,10.852,181.639,1.489,9.039,59.8,-0.0002,1,Middle,118.36,-1,-1,UNKNOWN,None
51.795,10.87,181.92,1.488,9.038,59.93,-0.0002,1,Middle,118.08,-1,-1,UNKNOWN,None
51.82,10.886,182.341,1.486,9.036,60.14,-0.0002,1,Middle,117.66,-1,-1,UNKNOWN,None
51.837,10.902,182.62,1.485,9.035,60.29,-0.0002,1,Middle,117.38,-1,-1,UNKNOWN,None
51.845,10.918,182.759,1.484,9.034,60.36,-0.0002,1,Middle,117.24,-1,-1,UNKNOWN,None
51.87,10.934,183.18,1.482,9.032,60.58,-0.0002,1,Middle,116.82,-1,-1,UNKNOWN,None
51.896,10.95,183.468,1.481,9.031,60.72,-0.0002,1,Middle,116.53,-1,-1,UNKNOWN,None
51.904,10.966,183.749,1.479,9.029,60.84,-0.0002,1,Middle,116.25,-1,-1,UNKNOWN,None
51.921,10.982,184.035,1.478,9.028,60.96,-0.0002,1,Middle,115.97,-1,-1,UNKNOWN,None
51.938,10.998,184.318,1.477,9.027,61.07,-0.0002,1,Middle,115.68,-1,-1,UNKNOWN,None
51.954,11.014,184.459,1.476,9.026,61.11,-0.0002,1,Middle,115.54,-1,-1,UNKNOWN,None
51.963,11.03,184.742,1.475,9.025,61.19,-0.0002,1,Middle,115.26,-1,-1,UNKNOWN,None
51.979,11.046,185.026,1.473,9.023,61.23,-0.0001,1,Middle,114.97,-1,-1,UNKNOWN,None
52.004,11.062,185.309,1.472,9.022,61.26,-0.0001,1,Middle,114.69,-1,-1,UNKNOWN,None
52.021,11.076,185.598,1.471,9.021,61.27,-0.0001,1,Middle,114.4,-1,-1,UNKNOWN,None
52.038,11.094,185.882,1.469,9.019,61.26,-0.0001,1,Middle,114.12,-1,-1,UNKNOWN,None
52.057,11.11,186.2,1.468,9.018,61.22,-0.0001,1,Middle,113.8,-1,-1,UNKNOWN,None
52.065,11.126,186.349,1.467,9.017,61.2,-0.0001,1,Middle,113.65,-1,-1,UNKNOWN,None
52.076,11.142,186.678,1.466,9.016,61.14,-0.0001,1,Middle,113.32,-1,-1,UNKNOWN,None
52.102,11.158,186.963,1.464,9.014,61.07,-0.0001,1,Middle,113.04,-1,-1,UNKNOWN,None
52.11,11.174,187.105,1.463,9.013,61.03,-0.0001,1,Middle,112.9,-1,-1,UNKNOWN,None
52.127,11.188,187.535,1.461,9.011,60.91,-0.0001,1,Middle,112.47,-1,-1,UNKNOWN,None
52.144,11.206,187.816,1.46,9.01,60.83,-0.0001,1,Middle,112.18,-1,-1,UNKNOWN,None
52.161,11.222,188.1,1.459,9.009,60.75,-0.0001,1,Middle,111.9,-1,-1,UNKNOWN,None
52.186,11.24,188.384,1.457,9.007,60.68,-0.0001,1,Middle,111.62,-1,-1,UNKNOWN,None
52.195,11.254,188.543,1.456,9.006,60.64,-0.0001,1,Middle,111.46,-1,-1,UNKNOWN,None
52.212,11.27,188.824,1.455,9.005,60.56,-0.0001,1,Middle,111.18,-1,-1,UNKNOWN,None
52.228,11.286,189.104,1.454,9.004,60.48,-0.0001,1,Middle,110.9,-1,-1,UNKNOWN,None
52.245,11.302,189.384,1.452,9.002,60.4,-0.0001,1,Middle,110.62,-1,-1,UNKNOWN,None
52.253,11.318,189.663,1.451,9.001,60.31,-0.0001,1,Middle,110.34,-1,-1,UNKNOWN,None
52.27,11.333,189.942,1.45,9.0,60.22,-0.0001,1,Middle,110.06,-1,-1,UNKNOWN,None
52.287,11.349,190.22,1.448,8.998,60.12,-0.0001,1,Middle,109.78,-1,-1,UNKNOWN,None
52.304,11.365,190.501,1.447,8.997,60.02,-0.0001,1,Middle,109.5,-1,-1,UNKNOWN,None
52.312,11.381,190.64,1.446,8.996,59.97,-0.0001,1,Middle,109.36,-1,-1,UNKNOWN,None
52.329,11.397,190.927,1.445,8.995,59.87,-0.0001,1,Middle,109.07,-1,-1,UNKNOWN,None
52.355,11.413,191.211,1.443,8.993,59.76,-0.0001,1,Middle,108.79,-1,-1,UNKNOWN,None
52.371,11.429,191.488,1.442,8.992,59.67,-0.0001,1,Middle,108.51,-1,-1,UNKNOWN,None
52.388,11.445,191.763,1.44,8.99,59.58,-0.0001,1,Middle,108.24,-1,-1,UNKNOWN,None
52.396,11.461,192.039,1.439,8.989,59.5,-0.0001,1,Middle,107.96,-1,-1,UNKNOWN,None
52.405,11.477,192.177,1.438,8.988,59.47,-0.0001,1,Middle,107.82,-1,-1,UNKNOWN,None
52.43,11.493,192.589,1.436,8.986,59.39,-0.0001,1,Middle,107.41,-1,-1,UNKNOWN,None
52.446,11.509,192.864,1.435,8.985,59.36,-0.0001,1,Middle,107.14,-1,-1,UNKNOWN,None
52.463,11.525,193.139,1.434,8.984,59.35,-0.0001,1,Middle,106.86,-1,-1,UNKNOWN,None
52.48,11.541,193.414,1.432,8.982,59.36,-0.0001,1,Middle,106.59,-1,-1,UNKNOWN,None
52.488,11.557,193.551,1.431,8.981,59.37,-0.0001,1,Middle,106.45,-1,-1,UNKNOWN,None
52.505,11.573,193.833,1.43,8.98,59.42,-0.0001,1,Middle,106.17,-1,-1,UNKNOWN,None
52.535,11.589,194.187,1.428,8.978,59.52,-0.0001,1,Middle,105.81,-1,-1,UNKNOWN,None
52.543,11.605,194.463,1.427,8.977,59.61,-0.0001,1,Middle,105.54,-1,-1,UNKNOWN,None
52.56,11.621,194.747,1.425,8.975,59.72,-0.0001,1,Middle,105.25,-1,-1,UNKNOWN,None
52.569,11.637,194.892,1.425,8.975,59.78,-0.0001,1,Middle,105.11,-1,-1,UNKNOWN,None
52.594,11.653,195.172,1.423,8.973,59.92,-0.0001,1,Middle,104.83,-1,-1,UNKNOWN,None
52.603,11.669,195.461,1.422,8.972,60.06,-0.0001,1,Middle,104.54,-1,-1,UNKNOWN,None
52.62,11.685,195.748,1.42,8.97,60.21,-0.0001,1,Middle,104.25,-1,-1,UNKNOWN,None
52.637,11.701,196.027,1.419,8.969,60.36,-0.0001,1,Middle,103.97,-1,-1,UNKNOWN,None
52.662,11.717,196.312,1.417,8.967,60.5,-0.0001,1,Middle,103.69,-1,-1,UNKNOWN,None
52.672,11.733,196.62,1.416,8.966,60.63,-0.0001,1,Middle,103.38,-1,-1,UNKNOWN,None
52.689,11.749,196.765,1.415,8.965,60.69,-0.0001,1,Middle,103.24,-1,-1,UNKNOWN,None
52.708,11.765,197.075,1.413,8.963,60.8,-0.0001,1,Middle,102.93,-1,-1,UNKNOWN,None
52.724,11.782,197.36,1.412,8.962,60.88,-0.0001,1,Middle,102.64,-1,-1,UNKNOWN,None
52.743,11.797,197.676,1.41,8.96,60.96,-0.0001,1,Middle,102.32,-1,-1,UNKNOWN,None
52.76,11.814,197.958,1.409,8.959,61.01,-0.0001,1,Middle,102.04,-1,-1,UNKNOWN,None
52.768,11.83,198.241,1.407,8.957,61.03,-0.0001,1,Middle,101.76,-1,-1,UNKNOWN,None
52.786,11.846,198.539,1.406,8.956,61.03,-0.0001,1,Middle,101.46,-1,-1,UNKNOWN,None
52.794,11.862,198.686,1.405,8.955,61.02,-0.0001,1,Middle,101.31,-1,-1,UNKNOWN,None
52.82,11.878,198.984,1.404,8.954,60.99,-0.0001,1,Middle,101.02,-1,-1,UNKNOWN,None
52.83,11.894,199.287,1.402,8.952,60.94,-0.0001,1,Middle,100.71,-1,-1,UNKNOWN,None
52.847,11.91,199.569,1.401,8.951,60.88,-0.0001,1,Middle,100.43,-1,-1,UNKNOWN,None
52.872,11.926,199.851,1.399,8.949,60.82,-0.0001,1,Middle,100.15,-1,-1,UNKNOWN,None
52.88,11.942,200.132,1.398,8.948,60.74,-0.0001,1,Middle,99.87,-1,-1,UNKNOWN,None
52.897,11.958,200.413,1.396,8.946,60.67,-0.0001,1,Middle,99.59,-1,-1,UNKNOWN,None
52.913,11.974,200.698,1.395,8.945,60.59,-0.0001,1,Middle,99.3,-1,-1,UNKNOWN,None
52.922,11.99,200.843,1.394,8.944,60.56,-0.0001,1,Middle,99.16,-1,-1,UNKNOWN,None
52.939,12.006,201.123,1.392,8.942,60.49,-0.0001,1,Middle,98.88,-1,-1,UNKNOWN,None
52.947,12.022,201.263,1.392,8.942,60.45,-0.0001,1,Middle,98.74,-1,-1,UNKNOWN,None
52.98,12.038,201.683,1.389,8.939,60.33,-0.0001,1,Middle,98.32,-1,-1,UNKNOWN,None
52.998,12.054,201.971,1.388,8.938,60.24,-0.0001,1,Middle,98.03,-1,-1,UNKNOWN,None
53.007,12.07,202.26,1.386,8.936,60.15,-0.0001,1,Middle,97.74,-1,-1,UNKNOWN,None
53.024,12.086,202.543,1.385,8.935,60.05,-0.0001,1,Middle,97.46,-1,-1,UNKNOWN,None
53.049,12.102,202.821,1.383,8.933,59.96,-0.0001,1,Middle,97.18,-1,-1,UNKNOWN,None
53.057,12.118,203.098,1.382,8.932,59.86,-0.0001,1,Middle,96.9,-1,-1,UNKNOWN,None
53.082,12.134,203.375,1.38,8.93,59.76,-0.0001,1,Middle,96.62,-1,-1,UNKNOWN,None
53.082,12.15,203.513,1.38,8.93,59.71,-0.0001,1,Middle,96.49,-1,-1,UNKNOWN,None
53.099,12.166,203.789,1.378,8.928,59.63,-0.0001,1,Middle,96.21,-1,-1,UNKNOWN,None
53.107,12.182,203.927,1.378,8.928,59.59,-0.0001,1,Middle,96.07,-1,-1,UNKNOWN,None
53.125,12.198,204.238,1.376,8.926,59.51,-0.0001,1,Middle,95.76,-1,-1,UNKNOWN,None
53.161,12.214,204.675,1.374,8.924,59.43,-0.0001,1,Middle,95.33,-1,-1,UNKNOWN,None
53.169,12.23,204.95,1.372,8.922,59.4,-0.0001,1,Middle,95.05,-1,-1,UNKNOWN,None
53.194,12.246,205.229,1.371,8.921,59.4,-0.0001,1,Middle,94.77,-1,-1,UNKNOWN,None
53.203,12.262,205.383,1.37,8.92,59.4,-0.0001,1,Middle,94.62,-1,-1,UNKNOWN,None
53.212,12.278,205.66,1.368,8.918,59.44,-0.0001,1,Middle,94.34,-1,-1,UNKNOWN,None
53.229,12.294,205.936,1.367,8.917,59.49,-0.0001,1,Middle,94.06,-1,-1,UNKNOWN,None
53.237,12.31,206.073,1.366,8.916,59.52,-0.0001,1,Middle,93.93,-1,-1,UNKNOWN,None
53.254,12.326,206.353,1.365,8.915,59.61,-0.0001,1,Middle,93.65,-1,-1,UNKNOWN,None
53.279,12.341,206.768,1.362,8.912,59.77,-0.0001,1,Middle,93.23,-1,-1,UNKNOWN,None
53.296,12.357,207.045,1.361,8.911,59.89,-0.0001,1,Middle,92.95,-1,-1,UNKNOWN,None
53.312,12.371,207.184,1.36,8.91,59.95,-0.0001,1,Middle,92.82,-1,-1,UNKNOWN,None
53.337,12.389,207.601,1.358,8.908,60.17,-0.0001,1,Middle,92.4,-1,-1,UNKNOWN,None
53.337,12.405,207.741,1.357,8.907,60.24,-0.0001,1,Middle,92.26,-1,-1,UNKNOWN,None
53.354,12.421,208.02,1.356,8.906,60.39,-0.0001,1,Middle,91.98,-1,-1,UNKNOWN,None
53.379,12.437,208.3,1.354,8.904,60.54,-0.0001,1,Middle,91.7,-1,-1,UNKNOWN,None
53.387,12.453,208.581,1.353,8.903,60.69,-0.0001,1,Middle,91.42,-1,-1,UNKNOWN,None
53.412,12.469,208.863,1.351,8.901,60.84,-0.0001,1,Middle,91.14,-1,-1,UNKNOWN,None
53.421,12.485,209.145,1.349,8.899,60.99,-0.0001,1,Middle,90.86,-1,-1,UNKNOWN,None
53.446,12.501,209.428,1.348,8.898,61.12,-0.0001,1,Middle,90.57,-1,-1,UNKNOWN,None
53.454,12.517,209.711,1.346,8.896,61.24,-0.0001,1,Middle,90.29,-1,-1,UNKNOWN,None
53.479,12.533,210.004,1.345,8.895,61.33,-0.0001,1,Middle,90.0,-1,-1,UNKNOWN,None
53.488,12.549,210.295,1.343,8.893,61.39,-0.0001,1,Middle,89.7,-1,-1,UNKNOWN,None
53.505,12.565,210.441,1.342,8.892,61.41,-0.0001,1,Middle,89.56,-1,-1,UNKNOWN,None
53.513,12.581,210.739,1.341,8.891,61.45,-0.0001,1,Middle,89.26,-1,-1,UNKNOWN,None
53.531,12.597,210.881,1.34,8.89,61.46,-0.0001,1,Middle,89.12,-1,-1,UNKNOWN,None
53.547,12.613,211.308,1.338,8.888,61.47,-0.0001,1,Middle,88.69,-1,-1,UNKNOWN,None
53.564,12.629,211.592,1.336,8.886,61.45,-0.0001,1,Middle,88.41,-1,-1,UNKNOWN,None
53.581,12.645,211.877,1.334,8.884,61.41,-0.0001,1,Middle,88.12,-1,-1,UNKNOWN,None
53.606,12.661,212.161,1.333,8.883,61.36,-0.0001,1,Middle,87.84,-1,-1,UNKNOWN,None
53.614,12.677,212.472,1.331,8.881,61.29,-0.0001,1,Middle,87.53,-1,-1,UNKNOWN,None
53.632,12.693,212.755,1.33,8.88,61.22,-0.0001,1,Middle,87.24,-1,-1,UNKNOWN,None
53.641,12.709,212.897,1.329,8.879,61.18,-0.0001,1,Middle,87.1,-1,-1,UNKNOWN,None
53.666,12.725,213.18,1.327,8.877,61.1,-0.0001,1,Middle,86.82,-1,-1,UNKNOWN,None
53.674,12.741,213.462,1.326,8.876,61.02,-0.0001,1,Middle,86.54,-1,-1,UNKNOWN,None
53.699,12.757,213.745,1.324,8.874,60.92,-0.0001,1,Middle,86.26,-1,-1,UNKNOWN,None
53.716,12.773,214.026,1.323,8.873,60.83,-0.0001,1,Middle,85.97,-1,-1,UNKNOWN,None
53.724,12.789,214.308,1.321,8.871,60.73,-0.0001,1,Middle,85.69,-1,-1,UNKNOWN,None
53.741,12.806,214.588,1.319,8.869,60.63,-0.0001,1,Middle,85.41,-1,-1,UNKNOWN,None
53.757,12.822,214.869,1.318,8.868,60.53,-0.0001,1,Middle,85.13,-1,-1,UNKNOWN,None
53.782,12.838,215.149,1.316,8.866,60.43,-0.0001,1,Middle,84.85,-1,-1,UNKNOWN,None
53.799,12.854,215.428,1.315,8.865,60.33,-0.0001,1,Middle,84.57,-1,-1,UNKNOWN,None
53.816,12.868,215.711,1.313,8.863,60.22,-0.0001,1,Middle,84.29,-1,-1,UNKNOWN,None
53.816,12.886,215.863,1.312,8.862,60.16,-0.0001,1,Middle,84.14,-1,-1,UNKNOWN,None
53.851,12.906,216.291,1.31,8.86,59.99,-0.0001,1,Middle,83.71,-1,-1,UNKNOWN,None
53.851,12.918,216.431,1.309,8.859,59.94,-0.0001,1,Middle,83.57,-1,-1,UNKNOWN,None
53.876,12.934,216.708,1.308,8.858,59.83,-0.0001,1,Middle,83.29,-1,-1,UNKNOWN,None
53.892,12.95,216.985,1.306,8.856,59.73,-0.0001,1,Middle,83.02,-1,-1,UNKNOWN,None
53.901,12.966,217.261,1.304,8.854,59.64,-0.0001,1,Middle,82.74,-1,-1,UNKNOWN,None
53.909,12.982,217.399,1.304,8.854,59.59,-0.0001,1,Middle,82.6,-1,-1,UNKNOWN,None
53.934,12.998,217.812,1.301,8.851,59.49,-0.0001,1,Middle,82.19,-1,-1,UNKNOWN,None
53.959,13.014,218.087,1.3,8.85,59.43,-0.0001,1,Middle,81.91,-1,-1,UNKNOWN,None
53.976,13.03,218.362,1.298,8.848,59.4,-0.0001,1,Middle,81.64,-1,-1,UNKNOWN,None
53.984,13.046,218.637,1.297,8.847,59.38,-0.0001,1,Middle,81.36,-1,-1,UNKNOWN,None
53.992,13.062,218.792,1.296,8.846,59.39,-0.0001,1,Middle,81.21,-1,-1,UNKNOWN,None
54.021,13.078,219.111,1.294,8.844,59.41,-0.0001,1,Middle,80.89,-1,-1,UNKNOWN,None
54.039,13.094,219.413,1.292,8.842,59.47,-0.0001,1,Middle,80.59,-1,-1,UNKNOWN,None
54.048,13.11,219.561,1.291,8.841,59.51,-0.0001,1,Middle,80.44,-1,-1,UNKNOWN,None
54.057,13.126,219.968,1.289,8.839,59.63,-0.0001,1,Middle,80.03,-1,-1,UNKNOWN,None
54.081,13.142,220.244,1.287,8.837,59.74,-0.0001,1,Middle,79.76,-1,-1,UNKNOWN,None
54.09,13.158,220.383,1.287,8.837,59.8,-0.0001,1,Middle,79.62,-1,-1,UNKNOWN,None
54.115,13.174,220.663,1.285,8.835,59.93,-0.0001,1,Middle,79.34,-1,-1,UNKNOWN,None
54.133,13.19,220.96,1.283,8.833,60.08,-0.0001,1,Middle,79.04,-1,-1,UNKNOWN,None
54.133,13.206,221.111,1.282,8.832,60.16,-0.0001,1,Middle,78.89,-1,-1,UNKNOWN,None
54.168,13.222,221.551,1.28,8.83,60.39,-0.0001,1,Middle,78.45,-1,-1,UNKNOWN,None
54.168,13.238,221.718,1.279,8.829,60.47,-0.0001,1,Middle,78.28,-1,-1,UNKNOWN,None
54.186,13.254,222.003,1.277,8.827,60.6,-0.0001,1,Middle,78.0,-1,-1,UNKNOWN,None
54.203,13.27,222.283,1.276,8.826,60.7,-0.0001,1,Middle,77.72,-1,-1,UNKNOWN,None
54.228,13.286,222.569,1.274,8.824,60.77,-0.0001,1,Middle,77.43,-1,-1,UNKNOWN,None
54.228,13.302,222.715,1.273,8.823,60.8,-0.0001,1,Middle,77.29,-1,-1,UNKNOWN,None
54.254,13.318,223.142,1.271,8.821,60.84,-0.0001,1,Middle,76.86,-1,-1,UNKNOWN,None
54.271,13.333,223.438,1.269,8.819,60.83,-0.0001,1,Middle,76.56,-1,-1,UNKNOWN,None
54.289,13.349,223.727,1.267,8.817,60.8,-0.0001,1,Middle,76.27,-1,-1,UNKNOWN,None
54.307,13.366,223.889,1.266,8.816,60.78,-0.0001,1,Middle,76.11,-1,-1,UNKNOWN,None
54.319,13.381,224.25,1.264,8.814,60.72,-0.0001,1,Middle,75.75,-1,-1,UNKNOWN,None
54.345,13.397,224.535,1.263,8.813,60.66,-0.0001,1,Middle,75.46,-1,-1,UNKNOWN,None
54.354,13.413,224.684,1.262,8.812,60.62,-0.0001,1,Middle,75.32,-1,-1,UNKNOWN,None
54.362,13.429,224.965,1.26,8.81,60.54,-0.0001,1,Middle,75.04,-1,-1,UNKNOWN,None
54.37,13.445,225.105,1.259,8.809,60.5,-0.0001,1,Middle,74.9,-1,-1,UNKNOWN,None
54.395,13.461,225.527,1.257,8.807,60.38,-0.0001,1,Middle,74.47,-1,-1,UNKNOWN,None
54.404,13.477,225.667,1.256,8.806,60.33,-0.0001,1,Middle,74.33,-1,-1,UNKNOWN,None
54.429,13.493,226.095,1.254,8.804,60.19,-0.0001,1,Middle,73.9,-1,-1,UNKNOWN,None
54.455,13.509,226.383,1.252,8.802,60.08,-0.0001,1,Middle,73.62,-1,-1,UNKNOWN,None
54.463,13.525,226.661,1.25,8.8,59.99,-0.0001,1,Middle,73.34,-1,-1,UNKNOWN,None
54.48,13.541,226.939,1.249,8.799,59.89,-0.0001,1,Middle,73.06,-1,-1,UNKNOWN,None
54.497,13.557,227.216,1.247,8.797,59.79,-0.0001,1,Middle,72.78,-1,-1,UNKNOWN,None
54.505,13.573,227.354,1.246,8.796,59.74,-0.0001,1,Middle,72.65,-1,-1,UNKNOWN,None
54.522,13.589,227.63,1.244,8.794,59.66,-0.0001,1,Middle,72.37,-1,-1,UNKNOWN,None
54.548,13.605,227.919,1.243,8.793,59.58,-0.0001,1,Middle,72.08,-1,-1,UNKNOWN,None
54.556,13.621,228.194,1.241,8.791,59.51,0.0005,1,Middle,71.81,-1,-1,UNKNOWN,None
54.573,13.637,228.514,1.239,8.789,59.46,0.0007,1,Middle,71.49,-1,-1,UNKNOWN,None
54.592,13.653,228.799,1.238,8.788,59.43,0.0011,1,Middle,71.2,-1,-1,UNKNOWN,None
54.601,13.669,228.941,1.237,8.787,59.42,0.0014,1,Middle,71.06,-1,-1,UNKNOWN,None
54.628,13.685,229.242,1.235,8.785,59.43,0.0017,1,Middle,70.76,-1,-1,UNKNOWN,None
54.646,13.701,229.544,1.233,8.783,59.47,0.0018,1,Middle,70.46,-1,-1,UNKNOWN,None
54.655,13.717,229.698,1.233,8.783,59.5,0.0023,1,Middle,70.3,-1,-1,UNKNOWN,None
54.664,13.733,229.994,1.231,8.781,59.57,0.0023,1,Middle,70.01,-1,-1,UNKNOWN,None
54.681,13.749,230.27,1.23,8.78,59.66,0.0028,1,Middle,69.73,-1,-1,UNKNOWN,None
54.707,13.765,230.548,1.228,8.778,59.77,0.003,1,Middle,69.45,-1,-1,UNKNOWN,None
54.715,13.781,230.825,1.227,8.777,59.89,0.0033,1,Middle,69.18,-1,-1,UNKNOWN,None
54.74,13.797,231.102,1.226,8.776,60.02,0.0037,1,Middle,68.9,-1,-1,UNKNOWN,None
54.748,13.814,231.381,1.224,8.774,60.16,0.0037,1,Middle,68.62,-1,-1,UNKNOWN,None
54.773,13.83,231.66,1.223,8.773,60.3,0.0037,1,Middle,68.34,-1,-1,UNKNOWN,None
54.79,13.846,231.939,1.222,8.772,60.43,0.0037,1,Middle,68.06,-1,-1,UNKNOWN,None
54.798,13.86,232.22,1.221,8.771,60.54,0.0037,1,Middle,67.78,-1,-1,UNKNOWN,None
54.807,13.878,232.401,1.221,8.771,60.61,0.0058,1,Middle,67.6,-1,-1,UNKNOWN,None
54.826,13.894,232.682,1.22,8.77,60.69,0.0058,1,Middle,67.32,-1,-1,UNKNOWN,None
54.842,13.913,232.965,1.219,8.769,60.76,0.0058,1,Middle,67.03,-1,-1,UNKNOWN,None
54.868,13.926,233.249,1.218,8.768,60.81,0.0058,1,Middle,66.75,-1,-1,UNKNOWN,None
54.884,13.942,233.531,1.218,8.768,60.83,0.0058,1,Middle,66.47,-1,-1,UNKNOWN,None
54.901,13.958,233.812,1.217,8.767,60.82,0.0058,1,Middle,66.19,-1,-1,UNKNOWN,None
54.901,13.974,233.953,1.217,8.767,60.82,0.0058,1,Middle,66.05,-1,-1,UNKNOWN,None
54.934,13.99,234.375,1.217,8.767,60.76,0.0058,1,Middle,65.62,-1,-1,UNKNOWN,None
54.943,14.006,234.657,1.217,8.767,60.72,0.0072,1,Middle,65.34,-1,-1,UNKNOWN,None
54.968,14.022,234.946,1.217,8.767,60.66,0.0072,1,Middle,65.05,-1,-1,UNKNOWN,None
54.977,14.038,235.231,1.217,8.767,60.59,0.0072,1,Middle,64.77,-1,-1,UNKNOWN,None
54.994,14.054,235.516,1.218,8.768,60.51,0.0072,1,Middle,64.48,-1,-1,UNKNOWN,None
55.002,14.07,235.672,1.218,8.768,60.47,0.0072,1,Middle,64.33,-1,-1,UNKNOWN,None
55.028,14.086,235.951,1.219,8.769,60.38,0.0072,1,Middle,64.05,-1,-1,UNKNOWN,None
55.036,14.102,236.231,1.22,8.77,60.29,0.0072,1,Middle,63.77,-1,-1,UNKNOWN,None
55.045,14.118,236.37,1.22,8.77,60.24,0.0072,1,Middle,63.63,-1,-1,UNKNOWN,None
55.07,14.134,236.788,1.222,8.772,60.1,0.0072,1,Middle,63.21,-1,-1,UNKNOWN,None
55.095,14.15,237.066,1.223,8.773,60.01,0.0072,1,Middle,62.93,-1,-1,UNKNOWN,None
55.111,14.166,237.343,1.225,8.775,59.91,0.0072,1,Middle,62.66,-1,-1,UNKNOWN,None
55.12,14.18,237.62,1.226,8.776,59.8,0.0072,1,Middle,62.38,-1,-1,UNKNOWN,None
55.137,14.198,237.907,1.228,8.778,59.7,0.0072,1,Middle,62.09,-1,-1,UNKNOWN,None
55.145,14.214,238.059,1.229,8.779,59.65,0.0072,1,Middle,61.94,-1,-1,UNKNOWN,None
55.171,14.23,238.335,1.231,8.781,59.56,0.0072,1,Middle,61.67,-1,-1,UNKNOWN,None
55.188,14.246,238.614,1.234,8.784,59.48,0.0072,1,Middle,61.39,-1,-1,UNKNOWN,None
55.188,14.262,238.769,1.235,8.785,59.45,0.0072,1,Middle,61.23,-1,-1,UNKNOWN,None
55.221,14.279,239.166,1.239,8.789,59.37,0.0072,1,Middle,60.83,-1,-1,UNKNOWN,None
55.221,14.294,239.338,1.241,8.791,59.35,0.0069,1,Middle,60.66,-1,-1,UNKNOWN,None
55.248,14.31,239.75,1.245,8.795,59.33,0.0069,1,Middle,60.25,-1,-1,UNKNOWN,None
55.265,14.326,240.025,1.248,8.798,59.35,0.0068,1,Middle,59.98,-1,-1,UNKNOWN,None
55.273,14.341,240.162,1.25,8.8,59.36,0.0068,1,Middle,59.84,-1,-1,UNKNOWN,None
55.299,14.357,240.44,1.254,8.804,59.41,0.0065,1,Middle,59.56,-1,-1,UNKNOWN,None
55.307,14.373,240.716,1.257,8.807,59.49,0.0065,1,Middle,59.28,-1,-1,UNKNOWN,None
55.332,14.389,240.993,1.261,8.811,59.58,0.0065,1,Middle,59.01,-1,-1,UNKNOWN,None
55.332,14.405,241.131,1.263,8.813,59.63,0.0065,1,Middle,58.87,-1,-1,UNKNOWN,None
55.366,14.421,241.553,1.27,8.82,59.81,0.0062,1,Middle,58.45,-1,-1,UNKNOWN,None
55.383,14.437,241.831,1.274,8.824,59.94,0.0062,1,Middle,58.17,-1,-1,UNKNOWN,None
55.391,14.453,242.114,1.279,8.829,60.09,0.0062,1,Middle,57.89,-1,-1,UNKNOWN,None
55.408,14.469,242.396,1.284,8.834,60.24,0.0062,1,Middle,57.6,-1,-1,UNKNOWN,None
55.416,14.485,242.54,1.287,8.837,60.32,0.0062,1,Middle,57.46,-1,-1,UNKNOWN,None
55.433,14.501,242.82,1.292,8.842,60.46,0.0062,1,Middle,57.18,-1,-1,UNKNOWN,None
55.45,14.517,243.1,1.297,8.847,60.6,0.0062,1,Middle,56.9,-1,-1,UNKNOWN,None
55.467,14.533,243.381,1.303,8.853,60.73,0.0062,1,Middle,56.62,-1,-1,UNKNOWN,None
55.492,14.549,243.663,1.308,8.858,60.85,0.0062,1,Middle,56.34,-1,-1,UNKNOWN,None
55.492,14.565,243.804,1.311,8.861,60.9,0.0062,1,Middle,56.2,-1,-1,UNKNOWN,None
55.519,14.581,244.126,1.318,8.868,60.98,0.0062,1,Middle,55.87,-1,-1,UNKNOWN,None
55.539,14.597,244.466,1.326,8.876,61.04,0.0062,1,Middle,55.53,-1,-1,UNKNOWN,None
55.547,14.613,244.748,1.332,8.882,61.05,0.0062,1,Middle,55.25,-1,-1,UNKNOWN,None
55.564,14.629,245.031,1.339,8.889,61.04,0.0062,1,Middle,54.97,-1,-1,UNKNOWN,None
55.581,14.645,245.324,1.346,8.896,61.02,0.0062,1,Middle,54.68,-1,-1,UNKNOWN,None
55.598,14.661,245.606,1.353,8.903,60.98,0.0062,1,Middle,54.39,-1,-1,UNKNOWN,None
55.623,14.677,245.888,1.36,8.91,60.92,0.0062,1,Middle,54.11,-1,-1,UNKNOWN,None
55.631,14.693,246.029,1.364,8.914,60.89,0.0062,1,Middle,53.97,-1,-1,UNKNOWN,None
55.653,14.709,246.394,1.374,8.924,60.8,0.0062,1,Middle,53.61,-1,-1,UNKNOWN,None
55.67,14.725,246.68,1.382,8.932,60.72,0.0062,1,Middle,53.32,-1,-1,UNKNOWN,None
55.687,14.741,246.969,1.39,8.94,60.64,0.0033,1,Middle,53.03,-1,-1,UNKNOWN,None
55.696,14.757,247.124,1.394,8.944,60.59,0.0033,1,Middle,52.88,-1,-1,UNKNOWN,None
55.715,14.773,247.446,1.403,8.953,60.49,0.0033,1,Middle,52.55,-1,-1,UNKNOWN,None
55.734,14.789,247.753,1.412,8.962,60.38,0.0033,1,Middle,52.25,-1,-1,UNKNOWN,None
55.751,14.806,248.039,1.421,8.971,60.28,0.0033,1,Middle,51.96,-1,-1,UNKNOWN,None
55.759,14.822,248.319,1.429,8.979,60.18,0.0033,1,Middle,51.68,-1,-1,UNKNOWN,None
55.776,14.838,248.597,1.438,8.988,60.08,0.0033,1,Middle,51.4,-1,-1,UNKNOWN,None
55.793,14.854,248.878,1.446,8.996,59.99,0.003,1,Middle,51.12,-1,-1,UNKNOWN,None
55.81,14.87,249.156,1.455,9.005,59.91,0.003,1,Middle,50.84,-1,-1,UNKNOWN,None
55.818,14.886,249.299,1.46,9.01,59.87,0.0028,1,Middle,50.7,-1,-1,UNKNOWN,None
55.835,14.902,249.576,1.469,9.019,59.81,0.0028,1,Middle,50.42,-1,-1,UNKNOWN,None
55.86,14.918,249.852,1.478,9.028,59.76,0.0025,1,Middle,50.15,-1,-1,UNKNOWN,None
55.878,14.934,250.158,1.488,9.038,59.73,0.0025,1,Middle,49.84,-1,-1,UNKNOWN,None
55.895,14.95,250.437,1.497,9.047,59.72,0.0025,1,Middle,49.56,-1,-1,UNKNOWN,None
55.904,14.966,250.719,1.507,9.057,59.73,0.0025,1,Middle,49.28,-1,-1,UNKNOWN,None
55.921,14.982,251.006,1.517,9.067,59.77,0.0025,1,Middle,48.99,-1,-1,UNKNOWN,None
55.938,14.998,251.144,1.521,9.071,59.8,0.0025,1,Middle,48.86,-1,-1,UNKNOWN,None
55.955,15.014,251.433,1.531,9.081,59.88,0.0025,1,Middle,48.57,-1,-1,UNKNOWN,None
55.972,15.03,251.713,1.541,9.091,59.97,0.0025,1,Middle,48.29,-1,-1,UNKNOWN,None
55.98,15.046,251.995,1.551,9.101,60.08,0.0025,1,Middle,48.0,-1,-1,UNKNOWN,None
55.997,15.062,252.274,1.561,9.111,60.2,0.0025,1,Middle,47.73,-1,-1,UNKNOWN,None
56.023,15.078,252.562,1.572,9.122,60.33,0.0025,1,Middle,47.44,-1,-1,UNKNOWN,None
56.032,15.094,252.85,1.582,9.132,60.45,0.0025,1,Middle,47.15,-1,-1,UNKNOWN,None
56.057,15.11,253.13,1.592,9.142,60.55,0.0025,1,Middle,46.87,-1,-1,UNKNOWN,None
56.065,15.126,253.41,1.603,9.153,60.63,0.0025,1,Middle,46.59,-1,-1,UNKNOWN,None
56.082,15.142,253.691,1.613,9.163,60.68,0.0025,1,Middle,46.31,-1,-1,UNKNOWN,None
56.098,15.158,253.831,1.619,9.169,60.7,0.0025,1,Middle,46.17,-1,-1,UNKNOWN,None
56.107,15.174,254.112,1.629,9.179,60.74,0.0025,1,Middle,45.89,-1,-1,UNKNOWN,None
56.115,15.19,254.253,1.635,9.185,60.75,0.0025,1,Middle,45.75,-1,-1,UNKNOWN,None
56.148,15.206,254.674,1.651,9.201,60.77,0.0025,1,Middle,45.33,-1,-1,UNKNOWN,None
56.148,15.222,254.815,1.656,9.206,60.76,0.0025,1,Middle,45.19,-1,-1,UNKNOWN,None
56.173,15.238,255.236,1.673,9.223,60.72,0.0025,1,Middle,44.76,-1,-1,UNKNOWN,None
56.19,15.254,255.517,1.684,9.234,60.67,0.0025,1,Middle,44.48,-1,-1,UNKNOWN,None
56.207,15.27,255.798,1.695,9.245,60.61,0.0025,1,Middle,44.2,-1,-1,UNKNOWN,None
56.232,15.286,256.078,1.706,9.256,60.54,0.0025,1,Middle,43.92,-1,-1,UNKNOWN,None
56.24,15.302,256.363,1.717,9.267,60.47,0.0025,1,Middle,43.64,-1,-1,UNKNOWN,None
56.257,15.318,256.643,1.729,9.279,60.38,0.0025,1,Middle,43.36,-1,-1,UNKNOWN,None
56.274,15.333,256.783,1.734,9.284,60.34,0.0025,1,Middle,43.22,-1,-1,UNKNOWN,None
56.274,15.349,256.922,1.74,9.29,60.3,0.0025,1,Middle,43.08,-1,-1,UNKNOWN,None
56.307,15.365,257.342,1.757,9.307,60.16,0.0025,1,Middle,42.66,-1,-1,UNKNOWN,None
56.324,15.381,257.621,1.768,9.318,60.06,-0.0009,1,Middle,42.38,-1,-1,UNKNOWN,None
56.341,15.397,257.905,1.78,9.33,59.96,-0.0009,1,Middle,42.09,-1,-1,UNKNOWN,None
56.349,15.413,258.182,1.792,9.342,59.86,-0.0024,1,Middle,41.82,-1,-1,UNKNOWN,None
56.366,15.429,258.459,1.803,9.353,59.77,-0.0031,1,Middle,41.54,-1,-1,UNKNOWN,None
56.391,15.445,258.735,1.814,9.364,59.68,-0.0037,1,Middle,41.27,-1,-1,UNKNOWN,None
56.407,15.461,259.011,1.825,9.375,59.59,-0.0044,1,Middle,40.99,-1,-1,UNKNOWN,None
56.407,15.477,259.148,1.831,9.381,59.56,-0.0049,1,Middle,40.85,-1,-1,UNKNOWN,None
56.424,15.493,259.424,1.842,9.392,59.49,-0.0053,1,Middle,40.58,-1,-1,UNKNOWN,None
56.457,15.511,259.836,1.859,9.409,59.43,-0.0056,1,Middle,40.16,-1,-1,UNKNOWN,None
56.466,15.525,259.974,1.864,9.414,59.41,-0.006,1,Middle,40.03,-1,-1,UNKNOWN,None
56.483,15.541,260.253,1.875,9.425,59.4,-0.006,1,Middle,39.75,-1,-1,UNKNOWN,None
56.5,15.557,260.531,1.886,9.436,59.41,-0.0063,1,Middle,39.47,-1,-1,UNKNOWN,None
56.5,15.573,260.669,1.892,9.442,59.43,-0.0065,1,Middle,39.33,-1,-1,UNKNOWN,None
56.533,15.589,261.082,1.908,9.458,59.51,-0.0068,1,Middle,38.92,-1,-1,UNKNOWN,None
56.55,15.605,261.357,1.918,9.468,59.59,-0.0069,1,Middle,38.64,-1,-1,UNKNOWN,None
56.558,15.621,261.634,1.929,9.479,59.68,-0.0072,1,Middle,38.37,-1,-1,UNKNOWN,None
56.583,15.637,261.911,1.939,9.489,59.8,-0.0075,1,Middle,38.09,-1,-1,UNKNOWN,None
56.592,15.653,262.192,1.95,9.5,59.92,-0.0079,1,Middle,37.81,-1,-1,UNKNOWN,None
56.608,15.669,262.47,1.96,9.51,60.06,-0.0082,1,Middle,37.53,-1,-1,UNKNOWN,None
56.626,15.685,262.631,1.966,9.516,60.14,-0.0082,1,Middle,37.37,-1,-1,UNKNOWN,None
56.643,15.701,262.91,1.976,9.526,60.29,-0.0082,1,Middle,37.09,-1,-1,UNKNOWN,None
56.651,15.717,263.189,1.986,9.536,60.43,-0.0082,1,Middle,36.81,-1,-1,UNKNOWN,None
56.676,15.733,263.469,1.995,9.545,60.55,-0.0082,1,Middle,36.53,-1,-1,UNKNOWN,None
56.693,15.749,263.75,2.005,9.555,60.66,-0.0082,1,Middle,36.25,-1,-1,UNKNOWN,None
56.71,15.765,264.031,2.014,9.564,60.73,-0.0082,1,Middle,35.97,-1,-1,UNKNOWN,None
56.726,15.781,264.312,2.023,9.573,60.78,-0.0082,1,Middle,35.69,-1,-1,UNKNOWN,None
56.735,15.797,264.594,2.032,9.582,60.8,-0.0082,1,Middle,35.41,-1,-1,UNKNOWN,None
56.751,15.814,264.876,2.041,9.591,60.8,-0.0082,1,Middle,35.12,-1,-1,UNKNOWN,None
56.769,15.83,265.169,2.05,9.6,60.78,-0.0088,1,Middle,34.83,-1,-1,UNKNOWN,None
56.785,15.846,265.45,2.059,9.609,60.75,-0.0088,1,Middle,34.55,-1,-1,UNKNOWN,None
56.802,15.862,265.591,2.063,9.613,60.73,-0.0088,1,Middle,34.41,-1,-1,UNKNOWN,None
56.819,15.878,265.872,2.071,9.621,60.69,-0.0088,1,Middle,34.13,-1,-1,UNKNOWN,None
56.827,15.894,266.171,2.079,9.629,60.63,-0.0088,1,Middle,33.83,-1,-1,UNKNOWN,None
56.854,15.91,266.458,2.087,9.637,60.56,-0.0088,1,Middle,33.54,-1,-1,UNKNOWN,None
56.862,15.926,266.738,2.094,9.644,60.48,-0.0088,1,Middle,33.26,-1,-1,UNKNOWN,None
56.879,15.94,267.018,2.101,9.651,60.4,-0.0088,1,Middle,32.98,-1,-1,UNKNOWN,None
56.895,15.956,267.297,2.108,9.658,60.32,-0.0088,1,Middle,32.7,-1,-1,UNKNOWN,None
56.912,15.974,267.577,2.115,9.665,60.23,-0.0088,1,Middle,32.42,-1,-1,UNKNOWN,None
56.929,15.99,267.865,2.121,9.671,60.13,-0.0088,1,Middle,32.13,-1,-1,UNKNOWN,None
56.938,16.006,268.018,2.125,9.675,60.07,-0.0088,1,Middle,31.98,-1,-1,UNKNOWN,None
56.964,16.022,268.3,2.131,9.681,59.97,-0.0088,1,Middle,31.7,-1,-1,UNKNOWN,None
56.972,16.038,268.577,2.137,9.687,59.87,-0.0088,1,Middle,31.42,-1,-1,UNKNOWN,None
56.989,16.054,268.715,2.14,9.69,59.82,-0.0088,1,Middle,31.28,-1,-1,UNKNOWN,None
57.015,16.07,269.16,2.148,9.698,59.67,-0.0088,1,Middle,30.84,-1,-1,UNKNOWN,None
57.024,16.086,269.444,2.153,9.703,59.59,-0.0088,1,Middle,30.56,-1,-1,UNKNOWN,None
57.05,16.102,269.734,2.158,9.708,59.51,-0.0088,1,Middle,30.27,-1,-1,UNKNOWN,None
57.058,16.118,269.872,2.161,9.711,59.48,-0.0088,1,Middle,30.13,-1,-1,UNKNOWN,None
57.076,16.134,270.153,2.165,9.715,59.44,-0.0086,1,Middle,29.85,-1,-1,UNKNOWN,None
57.092,16.15,270.428,2.169,9.719,59.41,-0.0084,1,Middle,29.57,-1,-1,UNKNOWN,None
57.109,16.166,270.703,2.173,9.723,59.4,-0.0082,1,Middle,29.3,-1,-1,UNKNOWN,None
57.126,16.182,270.981,2.177,9.727,59.42,-0.0079,1,Middle,29.02,-1,-1,UNKNOWN,None
57.137,16.198,271.298,2.181,9.731,59.46,-0.0078,1,Middle,28.7,-1,-1,UNKNOWN,None
57.154,16.214,271.585,2.184,9.734,59.53,-0.0075,1,Middle,28.41,-1,-1,UNKNOWN,None
57.162,16.23,271.729,2.185,9.735,59.57,-0.0069,1,Middle,28.27,-1,-1,UNKNOWN,None
57.188,16.246,272.014,2.188,9.738,59.67,-0.0068,1,Middle,27.99,-1,-1,UNKNOWN,None
57.205,16.262,272.296,2.191,9.741,59.78,-0.0065,1,Middle,27.7,-1,-1,UNKNOWN,None
57.213,16.278,272.573,2.194,9.744,59.91,-0.0063,1,Middle,27.43,-1,-1,UNKNOWN,None
57.238,16.294,272.851,2.196,9.746,60.04,-0.006,1,Middle,27.15,-1,-1,UNKNOWN,None
57.255,16.31,273.129,2.198,9.748,60.19,-0.006,1,Middle,26.87,-1,-1,UNKNOWN,None
57.264,16.326,273.412,2.2,9.75,60.33,-0.006,1,Middle,26.59,-1,-1,UNKNOWN,None
57.28,16.341,273.693,2.201,9.751,60.47,-0.006,1,Middle,26.31,-1,-1,UNKNOWN,None
57.299,16.357,273.869,2.202,9.752,60.54,-0.006,1,Middle,26.13,-1,-1,UNKNOWN,None
57.299,16.374,274.009,2.203,9.753,60.6,-0.006,1,Middle,25.99,-1,-1,UNKNOWN,None
57.325,16.389,274.452,2.205,9.755,60.73,-0.006,1,Middle,25.55,-1,-1,UNKNOWN,None
57.334,16.405,274.615,2.205,9.755,60.76,-0.006,1,Middle,25.39,-1,-1,UNKNOWN,None
57.352,16.421,274.904,2.206,9.756,60.78,-0.006,1,Middle,25.1,-1,-1,UNKNOWN,None
57.369,16.437,275.185,2.207,9.757,60.79,-0.006,1,Middle,24.81,-1,-1,UNKNOWN,None
57.403,16.457,275.616,2.207,9.757,60.76,-0.006,1,Middle,24.38,-1,-1,UNKNOWN,None
57.413,16.469,275.792,2.208,9.758,60.73,-0.006,1,Middle,24.21,-1,-1,UNKNOWN,None
57.423,16.485,276.096,2.208,9.758,60.68,-0.006,1,Middle,23.9,-1,-1,UNKNOWN,None
57.44,16.501,276.381,2.207,9.757,60.62,-0.006,1,Middle,23.62,-1,-1,UNKNOWN,None
57.456,16.517,276.661,2.207,9.757,60.55,-0.0196,1,Middle,23.34,-1,-1,UNKNOWN,None
57.473,16.533,276.941,2.206,9.756,60.47,-0.0196,1,Middle,23.06,-1,-1,UNKNOWN,None
57.49,16.549,277.081,2.205,9.755,60.43,-0.0196,1,Middle,22.92,-1,-1,UNKNOWN,None
57.507,16.565,277.366,2.204,9.754,60.35,-0.0196,1,Middle,22.63,-1,-1,UNKNOWN,None
57.515,16.579,277.645,2.202,9.752,60.26,-0.0196,1,Middle,22.36,-1,-1,UNKNOWN,None
57.532,16.597,277.94,2.199,9.749,60.16,-0.0196,1,Middle,22.06,-1,-1,UNKNOWN,None
57.558,16.613,278.218,2.196,9.746,60.06,-0.0196,1,Middle,21.78,-1,-1,UNKNOWN,None
57.574,16.628,278.496,2.193,9.743,59.96,-0.0196,1,Middle,21.5,-1,-1,UNKNOWN,None
57.591,16.645,278.773,2.189,9.739,59.85,-0.0516,1,Middle,21.23,-1,-1,UNKNOWN,None
57.591,16.661,278.912,2.187,9.737,59.8,-0.0548,1,Middle,21.09,-1,-1,UNKNOWN,None
57.608,16.677,279.188,2.182,9.732,59.69,-0.0571,1,Middle,20.81,-1,-1,UNKNOWN,None
57.633,16.693,279.602,2.172,9.722,59.55,-0.0587,1,Middle,20.4,-1,-1,UNKNOWN,None
57.649,16.709,279.739,2.168,9.718,59.5,-0.0599,1,Middle,20.26,-1,-1,UNKNOWN,None
57.666,16.725,280.015,2.16,9.71,59.43,-0.0602,1,Middle,19.99,-1,-1,UNKNOWN,None
57.674,16.741,280.289,2.15,9.7,59.37,-0.0602,1,Middle,19.71,-1,-1,UNKNOWN,None
57.691,16.757,280.564,2.14,9.69,59.33,-0.0602,1,Middle,19.44,-1,-1,UNKNOWN,None
57.708,16.773,280.838,2.129,9.679,59.31,-0.0599,1,Middle,19.16,-1,-1,UNKNOWN,None
57.733,16.789,281.113,2.116,9.666,59.31,-0.0599,1,Middle,18.89,-1,-1,UNKNOWN,None
57.733,16.806,281.25,2.109,9.659,59.32,-0.0599,1,Middle,18.75,-1,-1,UNKNOWN,None
57.758,16.822,281.661,2.088,9.638,59.39,-0.0599,1,Middle,18.34,-1,-1,UNKNOWN,None
57.774,16.838,281.936,2.071,9.621,59.46,-0.0599,1,Middle,18.06,-1,-1,UNKNOWN,None
57.792,16.854,282.082,2.062,9.612,59.5,-0.0599,1,Middle,17.92,-1,-1,UNKNOWN,None
57.813,16.87,282.44,2.039,9.589,59.63,-0.0599,1,Middle,17.56,-1,-1,UNKNOWN,None
57.83,16.886,282.716,2.019,9.569,59.74,-0.0599,1,Middle,17.28,-1,-1,UNKNOWN,None
57.847,16.902,282.992,1.998,9.548,59.86,-0.0599,1,Middle,17.01,-1,-1,UNKNOWN,None
57.865,16.918,283.292,1.974,9.524,60.01,-0.0599,1,Middle,16.71,-1,-1,UNKNOWN,None
57.873,16.934,283.573,1.95,9.5,60.15,-0.0599,1,Middle,16.43,-1,-1,UNKNOWN,None
57.891,16.95,283.736,1.935,9.485,60.24,-0.0599,1,Middle,16.26,-1,-1,UNKNOWN,None
57.9,16.966,284.014,1.909,9.459,60.37,-0.0599,1,Middle,15.99,-1,-1,UNKNOWN,None
57.925,16.982,284.292,1.881,9.431,60.51,-0.0599,1,Middle,15.71,-1,-1,UNKNOWN,None
57.933,16.998,284.575,1.851,9.401,60.63,-0.0599,1,Middle,15.42,-1,-1,UNKNOWN,None
57.953,17.014,284.907,1.815,9.365,60.76,-0.0599,1,Middle,15.09,-1,-1,UNKNOWN,None
57.961,17.03,285.059,1.797,9.347,60.81,-0.0599,1,Middle,14.94,-1,-1,UNKNOWN,None
57.979,17.046,285.339,1.764,9.314,60.9,-0.0599,1,Middle,14.66,-1,-1,UNKNOWN,None
57.995,17.062,285.619,1.729,9.279,60.97,-0.0599,1,Middle,14.38,-1,-1,UNKNOWN,None
58.014,17.078,285.925,1.689,9.239,61.02,-0.0599,1,Middle,14.08,-1,-1,UNKNOWN,None
58.032,17.094,286.25,1.644,9.194,61.03,-0.0599,1,Middle,13.75,-1,-1,UNKNOWN,None
58.041,17.11,286.412,1.621,9.171,61.03,-0.0599,1,Middle,13.59,-1,-1,UNKNOWN,None
58.068,17.126,286.698,1.579,9.129,61.0,-0.0599,1,Middle,13.3,-1,-1,UNKNOWN,None
58.076,17.142,286.979,1.536,9.086,60.96,-0.0599,1,Middle,13.02,-1,-1,UNKNOWN,None
58.085,17.161,287.119,1.514,9.064,60.93,-0.0599,1,Middle,12.88,-1,-1,UNKNOWN,None
58.111,17.174,287.585,1.438,8.988,60.82,-0.0599,1,Middle,12.41,-1,-1,UNKNOWN,Right_Broken
58.13,17.19,287.867,1.389,8.939,60.74,-0.058,1,Middle,12.13,-1,-1,UNKNOWN,None
58.148,17.206,288.033,1.36,8.91,60.69,-0.058,1,Middle,11.97,-1,-1,UNKNOWN,None
58.165,17.222,288.309,1.31,8.86,60.6,-0.058,1,Middle,11.69,-1,-1,UNKNOWN,None
58.181,17.238,288.584,1.258,8.808,60.5,-0.058,1,Middle,11.42,-1,-1,UNKNOWN,None
58.181,17.254,288.722,1.232,8.782,60.45,-0.058,1,Middle,11.28,-1,-1,UNKNOWN,None
58.211,17.27,289.073,1.163,8.713,60.32,-0.0522,1,Middle,10.93,-1,-1,UNKNOWN,None
58.229,17.284,289.366,1.104,8.654,60.21,-0.0522,1,Middle,10.63,-1,-1,UNKNOWN,None
58.237,17.302,289.648,1.045,8.595,60.1,-0.0497,1,Middle,10.35,-1,-1,UNKNOWN,None
58.255,17.318,289.953,0.979,8.529,59.98,-0.0497,1,Middle,10.05,-1,-1,UNKNOWN,None
58.274,17.333,290.096,0.948,8.498,59.92,-0.0466,1,Middle,9.9,-1,-1,UNKNOWN,None
58.293,17.349,290.405,0.878,8.428,59.79,-0.0455,1,Middle,9.6,-1,-1,UNKNOWN,None
58.301,17.365,290.674,0.816,8.366,59.69,-0.0442,1,Middle,9.33,-1,-1,UNKNOWN,None
58.318,17.381,290.948,0.752,8.302,59.6,-0.0424,1,Middle,9.05,-1,-1,UNKNOWN,None
58.335,17.397,291.221,0.686,8.236,59.51,-0.0411,1,Middle,8.78,-1,-1,UNKNOWN,None
58.352,17.413,291.498,0.618,8.168,59.44,-0.0397,1,Middle,8.5,-1,-1,UNKNOWN,None
58.361,17.429,291.637,0.583,8.133,59.41,-0.0381,1,Middle,8.36,-1,-1,UNKNOWN,Right_Broken
58.387,17.445,291.911,0.513,8.063,59.37,-0.0366,1,Middle,8.09,-1,-1,UNKNOWN,None
58.404,17.461,292.183,0.443,7.993,59.34,-0.0353,1,Middle,7.82,-1,-1,UNKNOWN,None
58.42,17.478,292.453,0.371,7.921,59.34,-0.0341,1,Middle,7.55,-1,-1,UNKNOWN,None
58.42,17.493,292.585,0.336,7.886,59.35,-0.0327,1,Middle,7.41,-1,-1,UNKNOWN,None
58.454,17.509,292.983,0.227,7.777,59.42,-0.0311,1,Middle,7.02,-1,-1,UNKNOWN,None
58.47,17.525,293.249,0.154,7.704,59.48,-0.0297,1,Middle,6.75,-1,-1,UNKNOWN,None
58.479,17.541,293.533,0.073,7.623,59.58,-0.0286,1,Middle,6.47,-1,-1,UNKNOWN,None
58.498,17.557,293.685,0.03,7.58,59.64,-0.0272,1,Middle,6.32,-1,-1,UNKNOWN,None
58.515,17.573,293.961,-0.05,7.5,59.76,-0.0258,1,Middle,6.04,-1,-1,UNKNOWN,None
58.515,17.589,294.094,-0.089,7.461,59.82,-0.0241,1,Middle,5.91,-1,-1,UNKNOWN,None
58.54,17.605,294.36,-0.168,7.382,59.95,-0.0223,1,Middle,5.64,-1,-1,UNKNOWN,Right_Broken
58.557,17.621,294.76,-0.288,7.262,60.17,-0.0202,1,Middle,5.24,-1,-1,UNKNOWN,None
58.583,17.637,295.049,-0.376,7.174,60.33,-0.0202,1,Middle,4.95,-1,-1,UNKNOWN,None
58.592,17.653,295.328,-0.462,7.088,60.49,-0.0202,1,Middle,4.67,-1,-1,UNKNOWN,None
58.601,17.669,295.462,-0.504,7.046,60.56,-0.0202,1,Middle,4.54,-1,-1,UNKNOWN,None
58.626,17.685,295.73,-0.588,6.962,60.69,-0.0202,1,Middle,4.27,-1,-1,UNKNOWN,None
58.634,17.701,296.006,-0.675,6.875,60.8,-0.0202,1,Middle,3.99,-1,-1,UNKNOWN,None
58.659,17.717,296.275,-0.761,6.789,60.88,-0.0037,1,Middle,3.73,-1,-1,UNKNOWN,None
58.659,17.733,296.409,-0.804,6.746,60.92,0.0005,1,Middle,3.59,-1,-1,UNKNOWN,None
58.694,17.749,296.836,-0.941,6.609,61.01,0.0005,1,Middle,3.16,-1,-1,UNKNOWN,None
58.703,17.765,297.112,-1.031,6.519,61.05,0.0005,1,Middle,2.89,-1,-1,UNKNOWN,None
58.721,17.781,297.268,-1.082,6.468,61.06,0.0005,1,Middle,2.73,-1,-1,UNKNOWN,None
58.73,17.797,297.551,-1.174,6.376,61.06,0.0005,1,Middle,2.45,-1,-1,UNKNOWN,None
58.747,17.814,297.819,-1.262,6.288,61.04,0.0005,1,Middle,2.18,-1,-1,UNKNOWN,None
58.772,17.83,298.087,-1.351,6.199,61.0,0.0005,1,Middle,1.91,-1,-1,UNKNOWN,None
58.772,17.846,298.221,-1.396,6.154,60.98,0.0005,1,Middle,1.78,-1,-1,UNKNOWN,None
58.805,17.862,298.623,-1.529,6.021,60.89,0.0005,1,Middle,1.38,-1,-1,UNKNOWN,Right_Broken
58.805,17.878,298.756,-1.574,5.976,60.86,0.0005,1,Middle,1.24,-1,-1,UNKNOWN,None
58.839,17.894,299.157,-1.708,5.842,60.74,0.0005,1,Middle,0.84,-1,-1,UNKNOWN,None
58.855,17.91,299.423,-1.798,5.752,60.66,0.0392,1,Middle,0.58,-1,-1,UNKNOWN,None
58.864,17.926,299.69,-1.887,5.663,60.57,0.0392,1,Middle,0.31,-1,-1,UNKNOWN,None
58.881,17.942,299.966,-1.978,5.572,60.47,0.0392,1,Middle,0.03,-1,-1,UNKNOWN,None
58.898,17.958,300.099,-2.022,5.528,60.42,0.0392,2,Right,149.9,-1,-1,UNKNOWN,None
58.906,17.974,300.364,-2.109,5.441,60.32,0.0392,2,Right,149.64,-1,-1,UNKNOWN,Left_Broken
58.923,17.99,300.733,-2.23,5.32,60.18,0.0392,2,Right,149.27,-1,-1,UNKNOWN,None
58.946,18.006,300.866,-2.273,5.277,60.13,0.0392,2,Right,149.13,-1,-1,UNKNOWN,None
58.954,18.022,301.134,-2.36,5.19,60.02,0.0392,2,Right,148.87,-1,-1,UNKNOWN,None
58.98,18.038,301.407,-2.448,5.102,59.91,0.0392,2,Right,148.59,-1,-1,UNKNOWN,None
58.989,18.054,301.552,-2.495,5.055,59.85,0.0385,2,Right,148.45,-1,-1,UNKNOWN,None
58.998,18.077,301.817,-2.579,4.971,59.74,0.0381,2,Right,148.18,-1,-1,UNKNOWN,None
59.031,18.086,302.212,-2.704,4.846,59.59,0.0375,2,Right,147.79,-1,-1,UNKNOWN,None
59.048,18.103,302.488,-2.79,4.76,59.5,0.0373,2,Right,147.51,-1,-1,UNKNOWN,None
59.057,18.118,302.751,-2.872,4.678,59.43,0.0371,2,Right,147.25,-1,-1,UNKNOWN,None
59.073,18.134,303.013,-2.952,4.598,59.37,0.0369,2,Right,146.99,-1,-1,UNKNOWN,None
59.082,18.15,303.145,-2.993,4.557,59.34,0.0363,2,Right,146.86,-1,-1,UNKNOWN,None
59.098,18.166,303.408,-3.072,4.478,59.31,0.0362,2,Right,146.59,-1,-1,UNKNOWN,None
59.115,18.18,303.672,-3.152,4.398,59.29,0.0359,2,Right,146.33,-1,-1,UNKNOWN,None
59.132,18.198,303.935,-3.23,4.32,59.3,0.0359,2,Right,146.06,-1,-1,UNKNOWN,None
59.157,18.214,304.207,-3.309,4.241,59.33,0.0359,2,Right,145.79,-1,-1,UNKNOWN,Left_Broken
59.174,18.23,304.471,-3.386,4.164,59.39,0.0359,2,Right,145.53,-1,-1,UNKNOWN,None
59.174,18.246,304.603,-3.424,4.126,59.43,0.0359,2,Right,145.4,-1,-1,UNKNOWN,None
59.207,18.262,305.002,-3.538,4.012,59.56,0.0363,2,Right,145.0,-1,-1,UNKNOWN,None
59.22,18.278,305.195,-3.592,3.958,59.64,0.0371,2,Right,144.81,-1,-1,UNKNOWN,None
59.228,18.294,305.461,-3.666,3.884,59.75,0.0381,2,Right,144.54,-1,-1,UNKNOWN,None
59.261,18.315,305.862,-3.775,3.775,59.95,0.0392,2,Right,144.14,-1,-1,UNKNOWN,None
59.261,18.326,306.045,-3.825,3.725,60.05,0.0413,2,Right,143.95,-1,-1,UNKNOWN,None
59.281,18.341,306.314,-3.896,3.654,60.19,0.0413,2,Right,143.69,-1,-1,UNKNOWN,None
59.289,18.357,306.449,-3.932,3.618,60.27,0.0413,2,Right,143.55,-1,-1,UNKNOWN,None
59.314,18.373,306.72,-4.002,3.548,60.41,0.0413,2,Right,143.28,-1,-1,UNKNOWN,None
59.331,18.389,306.991,-4.071,3.479,60.53,0.0413,2,Right,143.01,-1,-1,UNKNOWN,None
59.348,18.403,307.27,-4.142,3.408,60.64,0.0413,2,Right,142.73,-1,-1,UNKNOWN,None
59.366,18.421,307.569,-4.216,3.334,60.72,0.0413,2,Right,142.43,-1,-1,UNKNOWN,Left_Broken
59.376,18.437,307.861,-4.287,3.263,60.77,0.0413,2,Right,142.14,-1,-1,UNKNOWN,None
59.392,18.453,308.135,-4.352,3.198,60.78,0.0525,2,Right,141.87,-1,-1,UNKNOWN,None
59.409,18.469,308.409,-4.416,3.134,60.78,0.0525,2,Right,141.59,-1,-1,UNKNOWN,None
59.426,18.485,308.546,-4.448,3.102,60.76,0.0525,2,Right,141.45,-1,-1,UNKNOWN,None
59.434,18.501,308.82,-4.51,3.04,60.73,0.0525,2,Right,141.18,-1,-1,UNKNOWN,None
59.459,18.517,309.094,-4.571,2.979,60.68,0.0525,2,Right,140.91,-1,-1,UNKNOWN,None
59.469,18.533,309.391,-4.635,2.915,60.61,0.0525,2,Right,140.61,-1,-1,UNKNOWN,None
59.477,18.549,309.528,-4.665,2.885,60.58,0.0525,2,Right,140.47,-1,-1,UNKNOWN,None
59.51,18.565,309.939,-4.751,2.799,60.46,0.0525,2,Right,140.06,-1,-1,UNKNOWN,None
59.519,18.581,310.213,-4.806,2.744,60.37,0.0525,2,Right,139.79,-1,-1,UNKNOWN,None
59.527,18.598,310.352,-4.834,2.716,60.32,0.0525,2,Right,139.65,-1,-1,UNKNOWN,None
59.544,18.613,310.656,-4.894,2.656,60.22,0.0459,2,Right,139.34,-1,-1,UNKNOWN,None
59.572,18.629,310.951,-4.95,2.6,60.11,0.0459,2,Right,139.05,-1,-1,UNKNOWN,None
59.59,18.645,311.247,-5.005,2.545,60.0,0.0459,2,Right,138.75,-1,-1,UNKNOWN,Left_Broken
59.598,18.661,311.521,-5.055,2.495,59.89,0.044,2,Right,138.48,-1,-1,UNKNOWN,None
59.615,18.677,311.793,-5.103,2.447,59.79,0.0439,2,Right,138.21,-1,-1,UNKNOWN,None
59.632,18.694,312.066,-5.15,2.4,59.69,0.0431,2,Right,137.93,-1,-1,UNKNOWN,None
59.64,18.709,312.202,-5.173,2.377,59.65,0.0427,2,Right,137.8,-1,-1,UNKNOWN,None
59.657,18.725,312.482,-5.219,2.331,59.56,0.0423,2,Right,137.52,-1,-1,UNKNOWN,None
59.683,18.741,312.762,-5.264,2.286,59.49,0.0417,2,Right,137.24,-1,-1,UNKNOWN,None
59.699,18.757,313.034,-5.306,2.244,59.44,0.0413,2,Right,136.97,-1,-1,UNKNOWN,None
59.708,18.773,313.306,-5.348,2.202,59.4,0.041,2,Right,136.69,-1,-1,UNKNOWN,None
59.733,18.789,313.578,-5.388,2.162,59.39,0.041,2,Right,136.42,-1,-1,UNKNOWN,None
59.733,18.806,313.714,-5.407,2.143,59.38,0.041,2,Right,136.29,-1,-1,UNKNOWN,None
59.758,18.822,314.123,-5.464,2.086,59.42,0.041,2,Right,135.88,-1,-1,UNKNOWN,None
59.774,18.836,314.396,-5.501,2.049,59.47,0.041,2,Right,135.6,-1,-1,UNKNOWN,None
59.8,18.852,314.675,-5.537,2.013,59.54,0.041,2,Right,135.33,-1,-1,UNKNOWN,None
59.8,18.87,314.822,-5.555,1.995,59.59,0.041,2,Right,135.18,-1,-1,UNKNOWN,None
59.825,18.886,315.234,-5.605,1.945,59.75,0.041,2,Right,134.77,-1,-1,UNKNOWN,None
59.834,18.902,315.392,-5.623,1.927,59.81,0.041,2,Right,134.61,-1,-1,UNKNOWN,None
59.852,18.918,315.53,-5.639,1.911,59.87,0.041,2,Right,134.47,-1,-1,UNKNOWN,None
59.86,18.934,315.806,-5.67,1.88,60.01,0.0413,2,Right,134.19,-1,-1,UNKNOWN,None
59.877,18.95,316.082,-5.699,1.851,60.15,0.0413,2,Right,133.92,-1,-1,UNKNOWN,None
59.91,18.971,316.638,-5.755,1.795,60.43,0.0413,2,Right,133.36,-1,-1,UNKNOWN,None
59.918,18.982,316.792,-5.77,1.78,60.5,0.0413,2,Right,133.21,-1,-1,UNKNOWN,None
59.936,18.996,317.071,-5.795,1.755,60.61,0.0413,2,Right,132.93,-1,-1,UNKNOWN,None
59.961,19.014,317.351,-5.82,1.73,60.7,0.0413,2,Right,132.65,-1,-1,UNKNOWN,None
59.969,19.031,317.631,-5.843,1.707,60.76,0.0413,2,Right,132.37,-1,-1,UNKNOWN,None
59.978,19.046,317.798,-5.856,1.694,60.78,0.0413,2,Right,132.2,-1,-1,UNKNOWN,None
60.004,19.062,318.079,-5.878,1.672,60.8,0.0413,2,Right,131.92,-1,-1,UNKNOWN,None
60.021,19.078,318.36,-5.898,1.652,60.79,0.0413,2,Right,131.64,-1,-1,UNKNOWN,None
60.038,19.094,318.642,-5.917,1.633,60.76,0.0413,2,Right,131.36,-1,-1,UNKNOWN,None
60.046,19.11,318.923,-5.935,1.615,60.72,0.0413,2,Right,131.08,-1,-1,UNKNOWN,None
60.071,19.126,319.203,-5.952,1.598,60.66,0.0413,2,Right,130.8,-1,-1,UNKNOWN,None
60.088,19.142,319.484,-5.967,1.583,60.59,0.0413,2,Right,130.52,-1,-1,UNKNOWN,None
60.096,19.158,319.764,-5.982,1.568,60.52,0.0413,2,Right,130.24,-1,-1,UNKNOWN,None
60.113,19.174,320.043,-5.995,1.555,60.43,0.0413,2,Right,129.96,-1,-1,UNKNOWN,None
60.129,19.19,320.322,-6.007,1.543,60.34,0.0413,2,Right,129.68,-1,-1,UNKNOWN,None
60.146,19.206,320.463,-6.013,1.537,60.3,0.0413,2,Right,129.54,-1,-1,UNKNOWN,None
60.154,19.222,320.76,-6.023,1.527,60.19,0.0413,2,Right,129.24,-1,-1,UNKNOWN,None
60.164,19.238,320.912,-6.028,1.522,60.14,0.0413,2,Right,129.09,-1,-1,UNKNOWN,None
60.194,19.254,321.271,-6.039,1.511,60.01,0.0413,2,Right,128.73,-1,-1,UNKNOWN,None
60.208,19.27,321.644,-6.048,1.502,59.86,0.0413,2,Right,128.36,-1,-1,UNKNOWN,None
60.226,19.286,321.928,-6.053,1.497,59.75,0.0413,2,Right,128.07,-1,-1,UNKNOWN,None
60.245,19.302,322.106,-6.056,1.494,59.68,0.0406,2,Right,127.89,-1,-1,UNKNOWN,None
60.253,19.318,322.397,-6.059,1.491,59.57,0.0397,2,Right,127.6,-1,-1,UNKNOWN,None
60.279,19.333,322.682,-6.062,1.488,59.48,0.0388,2,Right,127.32,-1,-1,UNKNOWN,None
60.291,19.349,322.869,-6.063,1.487,59.42,0.0381,2,Right,127.13,-1,-1,UNKNOWN,None
60.299,19.363,323.144,-6.063,1.487,59.35,0.0366,2,Right,126.86,-1,-1,UNKNOWN,None
60.324,19.381,323.42,-6.062,1.488,59.29,0.0357,2,Right,126.58,-1,-1,UNKNOWN,None
60.335,19.397,323.749,-6.06,1.49,59.25,0.0343,2,Right,126.25,-1,-1,UNKNOWN,None
60.344,19.413,323.896,-6.058,1.492,59.24,0.033,2,Right,126.1,-1,-1,UNKNOWN,None
60.361,19.427,324.177,-6.054,1.496,59.24,0.0318,2,Right,125.82,-1,-1,UNKNOWN,None
60.387,19.445,324.451,-6.05,1.5,59.26,0.0306,2,Right,125.55,-1,-1,UNKNOWN,None
60.404,19.461,324.726,-6.044,1.506,59.3,0.0287,2,Right,125.27,-1,-1,UNKNOWN,None
60.412,19.478,325.003,-6.037,1.513,59.37,0.0273,2,Right,125.0,-1,-1,UNKNOWN,None
60.429,19.493,325.284,-6.03,1.52,59.46,0.0255,2,Right,124.72,-1,-1,UNKNOWN,None
60.454,19.509,325.56,-6.021,1.529,59.57,0.0241,2,Right,124.44,-1,-1,UNKNOWN,None
60.463,19.525,325.853,-6.011,1.539,59.69,0.0225,2,Right,124.15,-1,-1,UNKNOWN,None
60.48,19.541,326.13,-6.001,1.549,59.82,0.0212,2,Right,123.87,-1,-1,UNKNOWN,None
60.488,19.557,326.269,-5.996,1.554,59.89,0.0194,2,Right,123.73,-1,-1,UNKNOWN,None
60.513,19.573,326.546,-5.985,1.565,60.04,0.0177,2,Right,123.45,-1,-1,UNKNOWN,None
60.53,19.589,326.824,-5.972,1.578,60.19,0.016,2,Right,123.18,-1,-1,UNKNOWN,None
60.549,19.605,327.144,-5.958,1.592,60.38,0.016,2,Right,122.86,-1,-1,UNKNOWN,None
60.558,19.621,327.425,-5.944,1.606,60.53,0.016,2,Right,122.57,-1,-1,UNKNOWN,None
60.574,19.637,327.706,-5.929,1.621,60.68,0.016,2,Right,122.29,-1,-1,UNKNOWN,None
60.591,19.651,327.987,-5.914,1.636,60.8,0.0097,2,Right,122.01,-1,-1,UNKNOWN,None
60.599,19.669,328.128,-5.907,1.643,60.86,0.0097,2,Right,121.87,-1,-1,UNKNOWN,None
60.625,19.685,328.42,-5.89,1.66,60.97,0.0097,2,Right,121.58,-1,-1,UNKNOWN,None
60.633,19.701,328.704,-5.873,1.677,61.05,0.0097,2,Right,121.3,-1,-1,UNKNOWN,None
60.658,19.717,328.986,-5.856,1.694,61.11,0.0097,2,Right,121.01,-1,-1,UNKNOWN,None
60.675,19.733,329.269,-5.839,1.711,61.13,0.0097,2,Right,120.73,-1,-1,UNKNOWN,None
60.683,19.749,329.551,-5.82,1.73,61.13,0.0097,2,Right,120.45,-1,-1,UNKNOWN,None
60.7,19.765,329.834,-5.802,1.748,61.12,0.0097,2,Right,120.17,-1,-1,UNKNOWN,None
60.726,19.781,330.134,-5.781,1.769,61.08,0.0097,2,Right,119.87,-1,-1,UNKNOWN,None
60.734,19.797,330.415,-5.762,1.788,61.03,0.0097,2,Right,119.58,-1,-1,UNKNOWN,None
60.751,19.814,330.697,-5.742,1.808,60.97,0.0005,2,Right,119.3,-1,-1,UNKNOWN,None
60.768,19.83,330.979,-5.721,1.829,60.91,0.0005,2,Right,119.02,-1,-1,UNKNOWN,None
60.784,19.846,331.259,-5.701,1.849,60.84,-0.0014,2,Right,118.74,-1,-1,UNKNOWN,None
60.801,19.862,331.543,-5.68,1.87,60.76,-0.0014,2,Right,118.46,-1,-1,UNKNOWN,None
60.818,19.878,331.824,-5.659,1.891,60.67,-0.0014,2,Right,118.18,-1,-1,UNKNOWN,None
60.835,19.895,331.964,-5.649,1.901,60.63,-0.0014,2,Right,118.04,-1,-1,UNKNOWN,None
60.851,19.91,332.243,-5.627,1.923,60.54,-0.0014,2,Right,117.76,-1,-1,UNKNOWN,None
60.868,19.926,332.522,-5.606,1.944,60.44,-0.0031,2,Right,117.48,-1,-1,UNKNOWN,None
60.885,19.942,332.801,-5.585,1.965,60.35,-0.0031,2,Right,117.2,-1,-1,UNKNOWN,None
60.893,19.958,333.079,-5.563,1.987,60.25,-0.0031,2,Right,116.92,-1,-1,UNKNOWN,None
60.91,19.972,333.357,-5.542,2.008,60.15,-0.0031,2,Right,116.64,-1,-1,UNKNOWN,None
60.926,19.99,333.634,-5.52,2.03,60.05,-0.0031,2,Right,116.37,-1,-1,UNKNOWN,None
60.943,20.006,333.914,-5.498,2.052,59.94,-0.0031,2,Right,116.09,-1,-1,UNKNOWN,None
60.96,20.022,334.191,-5.476,2.074,59.84,-0.0031,2,Right,115.81,-1,-1,UNKNOWN,None
60.977,20.038,334.467,-5.455,2.095,59.73,-0.0031,2,Right,115.53,-1,-1,UNKNOWN,None
60.993,20.054,334.742,-5.433,2.117,59.64,-0.0031,2,Right,115.26,-1,-1,UNKNOWN,None
61.01,20.07,335.017,-5.411,2.139,59.55,-0.0033,2,Right,114.98,-1,-1,UNKNOWN,None
61.018,20.086,335.154,-5.4,2.15,59.51,-0.0033,2,Right,114.85,-1,-1,UNKNOWN,None
61.043,20.102,335.429,-5.378,2.172,59.45,-0.0037,2,Right,114.57,-1,-1,UNKNOWN,None
61.06,20.118,335.703,-5.357,2.193,59.4,-0.0043,2,Right,114.3,-1,-1,UNKNOWN,None
61.077,20.134,335.977,-5.335,2.215,59.36,-0.0049,2,Right,114.02,-1,-1,UNKNOWN,None
61.093,20.15,336.251,-5.313,2.237,59.35,-0.0053,2,Right,113.75,-1,-1,UNKNOWN,None
61.11,20.166,336.525,-5.292,2.258,59.36,-0.006,2,Right,113.48,-1,-1,UNKNOWN,None
61.118,20.182,336.799,-5.27,2.28,59.39,-0.0069,2,Right,113.2,-1,-1,UNKNOWN,None
61.143,20.198,337.073,-5.249,2.301,59.45,-0.0079,2,Right,112.93,-1,-1,UNKNOWN,None
61.152,20.214,337.348,-5.228,2.322,59.53,-0.0091,2,Right,112.65,-1,-1,UNKNOWN,None
61.168,20.23,337.485,-5.217,2.333,59.57,-0.0102,2,Right,112.51,-1,-1,UNKNOWN,None
61.179,20.246,337.661,-5.204,2.346,59.63,-0.0111,2,Right,112.34,-1,-1,UNKNOWN,None
61.203,20.262,338.054,-5.174,2.376,59.8,-0.0121,2,Right,111.95,-1,-1,UNKNOWN,None
61.22,20.278,338.339,-5.152,2.398,59.93,-0.013,2,Right,111.66,-1,-1,UNKNOWN,None
61.238,20.294,338.647,-5.129,2.421,60.09,-0.0137,2,Right,111.35,-1,-1,UNKNOWN,None
61.247,20.308,338.935,-5.108,2.442,60.24,-0.0137,2,Right,111.06,-1,-1,UNKNOWN,None
61.264,20.326,339.214,-5.088,2.462,60.39,-0.0137,2,Right,110.79,-1,-1,UNKNOWN,None
61.272,20.341,339.354,-5.078,2.472,60.46,-0.0137,2,Right,110.65,-1,-1,UNKNOWN,None
61.289,20.357,339.633,-5.058,2.492,60.59,-0.0137,2,Right,110.37,-1,-1,UNKNOWN,None
61.306,20.373,339.915,-5.038,2.512,60.7,-0.0177,2,Right,110.08,-1,-1,UNKNOWN,None
61.331,20.389,340.196,-5.019,2.531,60.79,-0.0177,2,Right,109.8,-1,-1,UNKNOWN,None
61.339,20.405,340.477,-5.0,2.55,60.85,-0.0197,2,Right,109.52,-1,-1,UNKNOWN,None
61.364,20.422,340.758,-4.982,2.568,60.9,-0.0197,2,Right,109.24,-1,-1,UNKNOWN,None
61.381,20.437,341.04,-4.963,2.587,60.93,-0.0197,2,Right,108.96,-1,-1,UNKNOWN,None
61.39,20.453,341.33,-4.945,2.605,60.94,-0.0197,2,Right,108.67,-1,-1,UNKNOWN,None
61.415,20.469,341.611,-4.928,2.622,60.92,-0.0197,2,Right,108.39,-1,-1,UNKNOWN,None
61.431,20.485,341.892,-4.911,2.639,60.89,-0.0239,2,Right,108.11,-1,-1,UNKNOWN,None
61.44,20.501,342.174,-4.895,2.655,60.85,-0.0241,2,Right,107.83,-1,-1,UNKNOWN,None
61.456,20.517,342.455,-4.879,2.671,60.81,-0.0241,2,Right,107.55,-1,-1,UNKNOWN,None
61.465,20.533,342.595,-4.871,2.679,60.79,-0.0241,2,Right,107.4,-1,-1,UNKNOWN,None
61.481,20.549,342.878,-4.856,2.694,60.75,-0.0241,2,Right,107.12,-1,-1,UNKNOWN,None
61.507,20.565,343.17,-4.841,2.709,60.71,-0.0241,2,Right,106.83,-1,-1,UNKNOWN,None
61.515,20.581,343.45,-4.827,2.723,60.66,-0.0241,2,Right,106.55,-1,-1,UNKNOWN,None
61.524,20.597,343.59,-4.82,2.73,60.63,-0.0241,2,Right,106.41,-1,-1,UNKNOWN,None
61.557,20.613,344.011,-4.801,2.749,60.53,-0.0241,2,Right,105.99,-1,-1,UNKNOWN,None
61.567,20.629,344.311,-4.788,2.762,60.45,-0.0241,2,Right,105.69,-1,-1,UNKNOWN,None
61.583,20.645,344.595,-4.776,2.774,60.36,-0.0241,2,Right,105.41,-1,-1,UNKNOWN,None
61.601,20.661,344.743,-4.77,2.78,60.32,-0.0241,2,Right,105.26,-1,-1,UNKNOWN,None
61.609,20.677,345.023,-4.759,2.791,60.23,-0.0241,2,Right,104.98,-1,-1,UNKNOWN,None
61.634,20.693,345.302,-4.749,2.801,60.13,-0.0241,2,Right,104.7,-1,-1,UNKNOWN,None
61.651,20.709,345.58,-4.74,2.81,60.03,-0.0241,2,Right,104.42,-1,-1,UNKNOWN,None
61.667,20.725,345.857,-4.731,2.819,59.93,-0.013,2,Right,104.14,-1,-1,UNKNOWN,None
61.676,20.741,346.134,-4.722,2.828,59.83,-0.0127,2,Right,103.87,-1,-1,UNKNOWN,None
61.701,20.757,346.41,-4.714,2.836,59.74,-0.0127,2,Right,103.59,-1,-1,UNKNOWN,None
61.701,20.773,346.549,-4.71,2.84,59.7,-0.0127,2,Right,103.45,-1,-1,UNKNOWN,None
61.726,20.79,346.963,-4.699,2.851,59.59,-0.0127,2,Right,103.04,-1,-1,UNKNOWN,None
61.751,20.806,347.238,-4.693,2.857,59.53,-0.0127,2,Right,102.76,-1,-1,UNKNOWN,None
61.759,20.822,347.514,-4.687,2.863,59.49,-0.013,2,Right,102.49,-1,-1,UNKNOWN,None
61.784,20.838,347.789,-4.681,2.869,59.47,-0.0137,2,Right,102.21,-1,-1,UNKNOWN,None
61.792,20.854,348.064,-4.676,2.874,59.47,-0.0142,2,Right,101.94,-1,-1,UNKNOWN,None
61.818,20.87,348.344,-4.671,2.879,59.49,-0.0149,2,Right,101.66,-1,-1,UNKNOWN,Left_Broken
61.818,20.893,348.482,-4.669,2.881,59.51,-0.0155,2,Right,101.52,-1,-1,UNKNOWN,None
61.818,20.9,348.482,-4.669,2.881,59.51,-0.0155,2,Right,101.52,-1,-1,UNKNOWN,None
61.843,20.918,348.898,-4.663,2.887,59.6,-0.0172,2,Right,101.1,-1,-1,UNKNOWN,None
61.876,20.934,349.312,-4.658,2.892,59.74,-0.0181,2,Right,100.69,-1,-1,UNKNOWN,None
61.876,20.95,349.451,-4.657,2.893,59.79,-0.0188,2,Right,100.55,-1,-1,UNKNOWN,None
61.91,20.966,349.867,-4.654,2.896,59.97,-0.0193,2,Right,100.13,-1,-1,UNKNOWN,None
61.918,20.982,350.145,-4.653,2.897,60.11,-0.02,2,Right,99.85,-1,-1,UNKNOWN,Left_Broken
61.943,20.998,350.424,-4.652,2.898,60.25,-0.0202,2,Right,99.58,-1,-1,UNKNOWN,None
61.951,21.014,350.703,-4.652,2.898,60.4,-0.0204,2,Right,99.3,-1,-1,UNKNOWN,None
61.976,21.03,350.987,-4.652,2.898,60.56,-0.0204,2,Right,99.01,-1,-1,UNKNOWN,Left_Broken
61.985,21.046,351.276,-4.653,2.897,60.72,-0.0204,2,Right,98.72,-1,-1,UNKNOWN,None
62.002,21.062,351.558,-4.654,2.896,60.87,-0.0204,2,Right,98.44,-1,-1,UNKNOWN,None
62.01,21.078,351.739,-4.655,2.895,60.95,-0.0204,2,Right,98.26,-1,-1,UNKNOWN,None
62.021,21.094,351.968,-4.657,2.893,61.04,-0.02,2,Right,98.03,-1,-1,UNKNOWN,None
62.052,21.11,352.264,-4.66,2.89,61.15,-0.02,2,Right,97.74,-1,-1,UNKNOWN,None
62.06,21.126,352.547,-4.663,2.887,61.23,-0.02,2,Right,97.45,-1,-1,UNKNOWN,None
62.077,21.142,352.836,-4.667,2.883,61.29,-0.02,2,Right,97.16,-1,-1,UNKNOWN,None
62.102,21.158,353.12,-4.671,2.879,61.33,-0.02,2,Right,96.88,-1,-1,UNKNOWN,None
62.11,21.174,353.404,-4.676,2.874,61.34,-0.02,2,Right,96.6,-1,-1,UNKNOWN,None
62.127,21.19,353.688,-4.681,2.869,61.33,-0.02,2,Right,96.31,-1,-1,UNKNOWN,None
62.146,21.206,353.868,-4.685,2.865,61.31,-0.02,2,Right,96.13,-1,-1,UNKNOWN,None
62.163,21.222,354.152,-4.691,2.859,61.27,-0.02,2,Right,95.85,-1,-1,UNKNOWN,None
62.171,21.238,354.435,-4.698,2.852,61.22,-0.02,2,Right,95.56,-1,-1,UNKNOWN,None
62.197,21.254,354.735,-4.706,2.844,61.15,-0.02,2,Right,95.27,-1,-1,UNKNOWN,None
62.205,21.27,355.018,-4.714,2.836,61.08,-0.02,2,Right,94.98,-1,-1,UNKNOWN,None
62.224,21.286,355.189,-4.719,2.831,61.03,-0.02,2,Right,94.81,-1,-1,UNKNOWN,Left_Broken
62.24,21.303,355.612,-4.732,2.818,60.9,-0.02,2,Right,94.39,-1,-1,UNKNOWN,None
62.258,21.318,355.767,-4.738,2.812,60.85,-0.02,2,Right,94.23,-1,-1,UNKNOWN,None
62.275,21.333,356.061,-4.748,2.802,60.75,-0.02,2,Right,93.94,-1,-1,UNKNOWN,None
62.284,21.349,356.341,-4.759,2.791,60.66,-0.02,2,Right,93.66,-1,-1,UNKNOWN,None
62.309,21.365,356.622,-4.77,2.78,60.55,-0.02,2,Right,93.38,-1,-1,UNKNOWN,None
62.309,21.381,356.762,-4.775,2.775,60.5,-0.02,2,Right,93.24,-1,-1,UNKNOWN,None
62.334,21.397,357.181,-4.793,2.757,60.35,-0.02,2,Right,92.82,-1,-1,UNKNOWN,None
62.35,21.413,357.459,-4.806,2.744,60.24,-0.02,2,Right,92.54,-1,-1,UNKNOWN,None
62.368,21.429,357.614,-4.813,2.737,60.18,-0.02,2,Right,92.39,-1,-1,UNKNOWN,None
62.376,21.445,357.95,-4.83,2.72,60.05,-0.02,2,Right,92.05,-1,-1,UNKNOWN,None
62.397,21.461,358.234,-4.845,2.705,59.93,-0.02,2,Right,91.77,-1,-1,UNKNOWN,None
62.422,21.477,358.511,-4.859,2.691,59.82,-0.006,2,Right,91.49,-1,-1,UNKNOWN,None
62.439,21.493,358.787,-4.874,2.676,59.72,-0.0053,2,Right,91.21,-1,-1,UNKNOWN,None
62.447,21.509,359.063,-4.889,2.661,59.62,-0.0049,2,Right,90.94,-1,-1,UNKNOWN,None
62.472,21.525,359.344,-4.905,2.645,59.53,-0.0043,2,Right,90.66,-1,-1,UNKNOWN,None
62.481,21.541,359.619,-4.921,2.629,59.46,-0.0035,2,Right,90.38,-1,-1,UNKNOWN,None
62.489,21.557,359.761,-4.929,2.621,59.42,-0.0027,2,Right,90.24,-1,-1,UNKNOWN,None
62.515,21.577,360.177,-4.953,2.597,59.35,-0.0018,2,Right,89.82,-1,-1,UNKNOWN,None
62.523,21.589,360.317,-4.962,2.588,59.34,-0.0008,2,Right,89.68,-1,-1,UNKNOWN,None
62.546,21.605,360.554,-4.976,2.574,59.32,0.0002,2,Right,89.45,-1,-1,UNKNOWN,None
62.563,21.621,360.837,-4.994,2.556,59.33,0.0014,2,Right,89.16,-1,-1,UNKNOWN,None
62.563,21.637,360.975,-5.002,2.548,59.34,0.0025,2,Right,89.03,-1,-1,UNKNOWN,None
62.58,21.653,361.249,-5.019,2.531,59.39,0.0037,2,Right,88.75,-1,-1,UNKNOWN,None
62.596,21.669,361.524,-5.037,2.513,59.45,0.0049,2,Right,88.48,-1,-1,UNKNOWN,None
62.63,21.685,361.938,-5.063,2.487,59.59,0.0062,2,Right,88.06,-1,-1,UNKNOWN,None
62.642,21.701,362.135,-5.075,2.475,59.66,0.0076,2,Right,87.87,-1,-1,UNKNOWN,None
62.659,21.717,362.421,-5.094,2.456,59.79,0.0088,2,Right,87.58,-1,-1,UNKNOWN,None
62.659,21.733,362.559,-5.103,2.447,59.85,0.0101,2,Right,87.44,-1,-1,UNKNOWN,None
62.678,21.749,362.916,-5.125,2.425,60.03,0.0111,2,Right,87.08,-1,-1,UNKNOWN,None
62.706,21.77,363.349,-5.153,2.397,60.26,0.0111,2,Right,86.65,-1,-1,UNKNOWN,None
62.723,21.781,363.492,-5.162,2.388,60.34,0.0111,2,Right,86.51,-1,-1,UNKNOWN,None
62.723,21.797,363.636,-5.171,2.379,60.42,0.0127,2,Right,86.36,-1,-1,UNKNOWN,None
62.757,21.814,364.056,-5.197,2.353,60.63,0.0127,2,Right,85.94,-1,-1,UNKNOWN,None
62.776,21.83,364.372,-5.217,2.333,60.79,0.0127,2,Right,85.63,-1,-1,UNKNOWN,None
62.785,21.847,364.663,-5.234,2.316,60.91,0.0127,2,Right,85.34,-1,-1,UNKNOWN,None
62.793,21.862,364.807,-5.243,2.307,60.96,0.0127,2,Right,85.19,-1,-1,UNKNOWN,None
62.81,21.878,365.089,-5.26,2.29,61.03,0.0127,2,Right,84.91,-1,-1,UNKNOWN,None
62.835,21.894,365.372,-5.277,2.273,61.08,0.0109,2,Right,84.63,-1,-1,UNKNOWN,None
62.851,21.91,365.654,-5.294,2.256,61.1,0.01,2,Right,84.35,-1,-1,UNKNOWN,None
62.86,21.926,365.937,-5.31,2.24,61.11,0.01,2,Right,84.06,-1,-1,UNKNOWN,None
62.885,21.942,366.219,-5.327,2.223,61.09,0.01,2,Right,83.78,-1,-1,UNKNOWN,None
62.893,21.958,366.501,-5.343,2.207,61.06,0.0069,2,Right,83.5,-1,-1,UNKNOWN,None
62.921,21.974,366.83,-5.361,2.189,61.01,0.0069,2,Right,83.17,-1,-1,UNKNOWN,None
62.921,21.99,366.984,-5.37,2.18,60.98,0.0069,2,Right,83.02,-1,-1,UNKNOWN,None
62.938,22.006,367.269,-5.386,2.164,60.92,0.0069,2,Right,82.73,-1,-1,UNKNOWN,None
62.955,22.022,367.59,-5.403,2.147,60.84,0.0069,2,Right,82.41,-1,-1,UNKNOWN,None
62.974,22.038,367.871,-5.419,2.131,60.76,0.0069,2,Right,82.13,-1,-1,UNKNOWN,None
62.999,22.054,368.152,-5.434,2.116,60.67,0.0069,2,Right,81.85,-1,-1,UNKNOWN,None
63.016,22.07,368.432,-5.448,2.102,60.58,0.0069,2,Right,81.57,-1,-1,UNKNOWN,None
63.024,22.086,368.712,-5.463,2.087,60.49,0.0069,2,Right,81.29,-1,-1,UNKNOWN,None
63.041,22.102,368.991,-5.477,2.073,60.39,0.0069,2,Right,81.01,-1,-1,UNKNOWN,None
63.058,22.118,369.27,-5.491,2.059,60.29,0.0069,2,Right,80.73,-1,-1,UNKNOWN,None
63.066,22.134,369.409,-5.498,2.052,60.24,0.0069,2,Right,80.59,-1,-1,UNKNOWN,None
63.092,22.15,369.708,-5.513,2.037,60.13,0.0069,2,Right,80.29,-1,-1,UNKNOWN,None
63.109,22.166,369.986,-5.526,2.024,60.02,0.0069,2,Right,80.01,-1,-1,UNKNOWN,None
63.117,22.182,370.263,-5.539,2.011,59.92,0.0069,2,Right,79.74,-1,-1,UNKNOWN,None
63.142,22.198,370.54,-5.552,1.998,59.81,0.0017,2,Right,79.46,-1,-1,UNKNOWN,None
63.159,22.212,370.816,-5.565,1.985,59.71,0.0017,2,Right,79.18,-1,-1,UNKNOWN,None
63.175,22.23,371.092,-5.578,1.972,59.61,0.0018,2,Right,78.91,-1,-1,UNKNOWN,None
63.192,22.246,371.367,-5.59,1.96,59.52,0.0018,2,Right,78.63,-1,-1,UNKNOWN,None
63.209,22.262,371.642,-5.603,1.947,59.45,0.0018,2,Right,78.36,-1,-1,UNKNOWN,None
63.217,22.278,371.917,-5.615,1.935,59.39,0.0018,2,Right,78.08,-1,-1,UNKNOWN,None
63.225,22.294,372.054,-5.621,1.929,59.36,0.0018,2,Right,77.95,-1,-1,UNKNOWN,None
63.242,22.31,372.329,-5.633,1.917,59.33,0.0018,2,Right,77.67,-1,-1,UNKNOWN,None
63.261,22.326,372.633,-5.646,1.904,59.32,0.0018,2,Right,77.37,-1,-1,UNKNOWN,None
63.269,22.341,372.77,-5.652,1.898,59.32,0.0018,2,Right,77.23,-1,-1,UNKNOWN,None
63.286,22.355,373.044,-5.664,1.886,59.34,0.0018,2,Right,76.96,-1,-1,UNKNOWN,None
63.302,22.373,373.352,-5.677,1.873,59.4,0.0018,2,Right,76.65,-1,-1,UNKNOWN,None
63.321,22.389,373.627,-5.689,1.861,59.47,0.0018,2,Right,76.37,-1,-1,UNKNOWN,None
63.347,22.403,373.924,-5.701,1.849,59.56,0.0018,2,Right,76.08,-1,-1,UNKNOWN,None
63.347,22.421,374.061,-5.707,1.843,59.62,0.0018,2,Right,75.94,-1,-1,UNKNOWN,None
63.372,22.437,374.476,-5.724,1.826,59.79,0.0018,2,Right,75.52,-1,-1,UNKNOWN,None
63.397,22.453,374.753,-5.735,1.815,59.93,0.0021,2,Right,75.25,-1,-1,UNKNOWN,None
63.414,22.469,375.031,-5.746,1.804,60.07,0.0023,2,Right,74.97,-1,-1,UNKNOWN,None
63.422,22.485,375.309,-5.758,1.792,60.22,0.0023,2,Right,74.69,-1,-1,UNKNOWN,None
63.431,22.501,375.501,-5.765,1.785,60.32,0.0023,2,Right,74.5,-1,-1,UNKNOWN,None
63.459,22.517,375.789,-5.777,1.773,60.47,0.0023,2,Right,74.21,-1,-1,UNKNOWN,None
63.476,22.533,376.07,-5.788,1.762,60.6,0.0023,2,Right,73.93,-1,-1,UNKNOWN,None
63.476,22.549,376.21,-5.793,1.757,60.65,0.0023,2,Right,73.79,-1,-1,UNKNOWN,None
63.492,22.565,376.491,-5.804,1.746,60.74,0.0023,2,Right,73.51,-1,-1,UNKNOWN,None
63.518,22.581,376.923,-5.821,1.729,60.83,0.0023,2,Right,73.08,-1,-1,UNKNOWN,None
63.544,22.598,377.224,-5.832,1.718,60.85,0.0042,2,Right,72.78,-1,-1,UNKNOWN,None
63.544,22.613,377.365,-5.837,1.713,60.85,0.0042,2,Right,72.64,-1,-1,UNKNOWN,None
63.569,22.629,377.646,-5.848,1.702,60.84,0.0042,2,Right,72.35,-1,-1,UNKNOWN,None
63.578,22.645,377.928,-5.858,1.692,60.81,0.0042,2,Right,72.07,-1,-1,UNKNOWN,None
63.603,22.661,378.209,-5.869,1.681,60.77,0.0042,2,Right,71.79,-1,-1,UNKNOWN,None
63.611,22.677,378.526,-5.88,1.67,60.7,0.005,2,Right,71.47,-1,-1,UNKNOWN,None
63.638,22.693,378.806,-5.89,1.66,60.64,0.005,2,Right,71.19,-1,-1,UNKNOWN,None
63.646,22.709,379.087,-5.9,1.65,60.57,0.005,2,Right,70.91,-1,-1,UNKNOWN,None
63.671,22.725,379.367,-5.91,1.64,60.49,0.005,2,Right,70.63,-1,-1,UNKNOWN,None
63.68,22.741,379.646,-5.92,1.63,60.41,0.005,2,Right,70.35,-1,-1,UNKNOWN,None
63.696,22.757,379.786,-5.924,1.626,60.37,0.005,2,Right,70.21,-1,-1,UNKNOWN,None
63.715,22.773,380.098,-5.935,1.615,60.26,0.005,2,Right,69.9,-1,-1,UNKNOWN,None
63.732,22.789,380.377,-5.944,1.606,60.17,0.005,2,Right,69.62,-1,-1,UNKNOWN,None
63.732,22.806,380.516,-5.949,1.601,60.12,0.005,2,Right,69.48,-1,-1,UNKNOWN,None
63.748,22.822,380.794,-5.958,1.592,60.02,0.005,2,Right,69.21,-1,-1,UNKNOWN,None
63.782,22.838,381.21,-5.972,1.578,59.86,0.005,2,Right,68.79,-1,-1,UNKNOWN,None
63.79,22.854,381.492,-5.981,1.569,59.76,0.005,2,Right,68.51,-1,-1,UNKNOWN,None
63.816,22.87,381.78,-5.99,1.56,59.65,0.005,2,Right,68.22,-1,-1,UNKNOWN,None
63.824,22.886,381.918,-5.994,1.556,59.61,0.005,2,Right,68.08,-1,-1,UNKNOWN,None
63.833,22.902,382.193,-6.002,1.548,59.52,0.005,2,Right,67.81,-1,-1,UNKNOWN,None
63.849,22.918,382.478,-6.011,1.539,59.43,0.005,2,Right,67.52,-1,-1,UNKNOWN,None
63.876,22.934,382.775,-6.02,1.53,59.37,0.005,2,Right,67.23,-1,-1,UNKNOWN,None
63.885,22.95,383.051,-6.028,1.522,59.32,0.005,2,Right,66.95,-1,-1,UNKNOWN,None
63.893,22.966,383.189,-6.032,1.518,59.3,0.0053,2,Right,66.81,-1,-1,UNKNOWN,None
63.918,22.982,383.463,-6.04,1.51,59.28,0.0053,2,Right,66.54,-1,-1,UNKNOWN,None
63.931,22.998,383.808,-6.049,1.501,59.29,0.0058,2,Right,66.19,-1,-1,UNKNOWN,None
63.956,23.014,384.082,-6.057,1.493,59.32,0.006,2,Right,65.92,-1,-1,UNKNOWN,None
63.973,23.03,384.374,-6.064,1.486,59.38,0.0068,2,Right,65.63,-1,-1,UNKNOWN,None
63.982,23.046,384.649,-6.072,1.478,59.46,0.0072,2,Right,65.35,-1,-1,UNKNOWN,None
64.007,23.062,384.93,-6.079,1.471,59.55,0.0079,2,Right,65.07,-1,-1,UNKNOWN,None
64.024,23.078,385.206,-6.086,1.464,59.66,0.0084,2,Right,64.79,-1,-1,UNKNOWN,None
64.034,23.094,385.368,-6.089,1.461,59.74,0.0088,2,Right,64.63,-1,-1,UNKNOWN,None
64.042,23.111,385.696,-6.097,1.453,59.89,0.0092,2,Right,64.3,-1,-1,UNKNOWN,None
64.062,23.126,385.974,-6.103,1.447,60.04,0.0095,2,Right,64.03,-1,-1,UNKNOWN,None
64.078,23.142,386.252,-6.109,1.441,60.19,0.0095,2,Right,63.75,-1,-1,UNKNOWN,None
64.095,23.158,386.532,-6.115,1.435,60.33,0.0095,2,Right,63.47,-1,-1,UNKNOWN,None
64.112,23.174,386.812,-6.121,1.429,60.47,0.0095,2,Right,63.19,-1,-1,UNKNOWN,None
64.128,23.19,387.092,-6.126,1.424,60.59,0.0095,2,Right,62.91,-1,-1,UNKNOWN,None
64.145,23.206,387.373,-6.132,1.418,60.69,0.0095,2,Right,62.63,-1,-1,UNKNOWN,None
64.162,23.222,387.654,-6.137,1.413,60.76,0.0095,2,Right,62.35,-1,-1,UNKNOWN,None
64.17,23.238,387.795,-6.139,1.411,60.78,0.0095,2,Right,62.21,-1,-1,UNKNOWN,None
64.187,23.254,388.077,-6.144,1.406,60.81,0.0095,2,Right,61.92,-1,-1,UNKNOWN,None
64.212,23.27,388.358,-6.148,1.402,60.81,0.0095,2,Right,61.64,-1,-1,UNKNOWN,None
64.228,23.286,388.64,-6.153,1.397,60.79,0.0095,2,Right,61.36,-1,-1,UNKNOWN,None
64.245,23.302,388.921,-6.157,1.393,60.75,0.0095,2,Right,61.08,-1,-1,UNKNOWN,None
64.262,23.319,389.202,-6.16,1.39,60.7,0.0095,2,Right,60.8,-1,-1,UNKNOWN,None
64.27,23.333,389.483,-6.164,1.386,60.65,0.0095,2,Right,60.52,-1,-1,UNKNOWN,None
64.295,23.349,389.763,-6.167,1.383,60.58,0.0085,2,Right,60.24,-1,-1,UNKNOWN,None
64.303,23.365,390.044,-6.17,1.38,60.5,0.0085,2,Right,59.96,-1,-1,UNKNOWN,None
64.312,23.381,390.198,-6.172,1.378,60.46,0.0085,2,Right,59.8,-1,-1,UNKNOWN,None
64.339,23.397,390.499,-6.175,1.375,60.37,0.0085,2,Right,59.5,-1,-1,UNKNOWN,None
64.355,23.413,390.778,-6.177,1.373,60.28,0.0085,2,Right,59.22,-1,-1,UNKNOWN,None
64.364,23.429,391.06,-6.179,1.371,60.19,0.0085,2,Right,58.94,-1,-1,UNKNOWN,None
64.381,23.445,391.346,-6.181,1.369,60.09,0.0085,2,Right,58.65,-1,-1,UNKNOWN,None
64.398,23.461,391.624,-6.183,1.367,59.99,0.0085,2,Right,58.38,-1,-1,UNKNOWN,None
64.415,23.477,391.906,-6.184,1.366,59.89,0.0075,2,Right,58.09,-1,-1,UNKNOWN,None
64.433,23.493,392.063,-6.185,1.365,59.83,0.0075,2,Right,57.94,-1,-1,UNKNOWN,None
64.45,23.509,392.356,-6.186,1.364,59.73,0.0075,2,Right,57.64,-1,-1,UNKNOWN,None
64.467,23.526,392.632,-6.187,1.363,59.64,0.0075,2,Right,57.37,-1,-1,UNKNOWN,None
64.467,23.541,392.77,-6.187,1.363,59.6,0.0075,2,Right,57.23,-1,-1,UNKNOWN,None
64.501,23.557,393.202,-6.188,1.362,59.5,0.0075,2,Right,56.8,-1,-1,UNKNOWN,None
64.511,23.573,393.497,-6.188,1.362,59.45,0.0075,2,Right,56.5,-1,-1,UNKNOWN,None
64.528,23.589,393.779,-6.188,1.362,59.43,0.0075,2,Right,56.22,-1,-1,UNKNOWN,None
64.536,23.605,393.938,-6.188,1.362,59.42,0.0075,2,Right,56.06,-1,-1,UNKNOWN,None
64.563,23.624,394.359,-6.187,1.363,59.44,0.0075,2,Right,55.64,-1,-1,UNKNOWN,None
64.58,23.637,394.497,-6.186,1.364,59.46,0.0075,2,Right,55.5,-1,-1,UNKNOWN,None
64.588,23.653,394.635,-6.186,1.364,59.49,0.0075,2,Right,55.37,-1,-1,UNKNOWN,None
64.605,23.667,395.048,-6.184,1.366,59.59,0.0075,2,Right,54.95,-1,-1,UNKNOWN,None
64.621,23.683,395.325,-6.183,1.367,59.69,0.0075,2,Right,54.68,-1,-1,UNKNOWN,None
64.638,23.701,395.601,-6.181,1.369,59.8,0.0075,2,Right,54.4,-1,-1,UNKNOWN,None
64.663,23.717,395.879,-6.179,1.371,59.92,0.0075,2,Right,54.12,-1,-1,UNKNOWN,None
64.672,23.733,396.164,-6.177,1.373,60.06,0.0075,2,Right,53.84,-1,-1,UNKNOWN,None
64.68,23.749,396.304,-6.176,1.374,60.13,0.0075,2,Right,53.7,-1,-1,UNKNOWN,None
64.689,23.765,396.443,-6.175,1.375,60.2,0.0075,2,Right,53.56,-1,-1,UNKNOWN,None
64.714,23.781,396.872,-6.171,1.379,60.42,0.0075,2,Right,53.13,-1,-1,UNKNOWN,None
64.739,23.797,397.152,-6.168,1.382,60.56,0.0075,2,Right,52.85,-1,-1,UNKNOWN,None
64.756,23.814,397.433,-6.165,1.385,60.71,0.0075,2,Right,52.57,-1,-1,UNKNOWN,None
64.772,23.83,397.715,-6.162,1.388,60.86,0.0075,2,Right,52.29,-1,-1,UNKNOWN,None
64.781,23.848,397.997,-6.158,1.392,61.0,0.0075,2,Right,52.0,-1,-1,UNKNOWN,None
64.797,23.862,398.28,-6.155,1.395,61.14,0.0075,2,Right,51.72,-1,-1,UNKNOWN,None
64.814,23.877,398.563,-6.151,1.399,61.27,0.0075,2,Right,51.44,-1,-1,UNKNOWN,None
64.839,23.894,398.847,-6.147,1.403,61.37,0.0075,2,Right,51.15,-1,-1,UNKNOWN,None
64.856,23.91,399.132,-6.142,1.408,61.45,0.0075,2,Right,50.87,-1,-1,UNKNOWN,None
64.864,23.926,399.416,-6.138,1.412,61.49,0.0065,2,Right,50.58,-1,-1,UNKNOWN,None
64.881,23.942,399.701,-6.133,1.417,61.52,0.0062,2,Right,50.3,-1,-1,UNKNOWN,None
64.897,23.958,399.986,-6.128,1.422,61.54,0.0062,2,Right,50.01,-1,-1,UNKNOWN,None
64.922,23.974,400.271,-6.123,1.427,61.53,0.0062,2,Right,49.73,-1,-1,UNKNOWN,None
64.922,23.99,400.413,-6.12,1.43,61.52,0.0062,2,Right,49.59,-1,-1,UNKNOWN,None
64.947,24.006,400.698,-6.114,1.436,61.49,0.006,2,Right,49.3,-1,-1,UNKNOWN,None
64.964,24.022,400.986,-6.109,1.441,61.45,0.006,2,Right,49.01,-1,-1,UNKNOWN,None
64.964,24.038,401.128,-6.106,1.444,61.43,0.006,2,Right,48.87,-1,-1,UNKNOWN,None
64.997,24.054,401.537,-6.097,1.453,61.35,0.006,2,Right,48.46,-1,-1,UNKNOWN,None
65.005,24.07,401.821,-6.091,1.459,61.29,0.006,2,Right,48.18,-1,-1,UNKNOWN,None
65.022,24.086,402.104,-6.084,1.466,61.21,0.0058,2,Right,47.9,-1,-1,UNKNOWN,None
65.047,24.102,402.39,-6.078,1.472,61.14,0.0058,2,Right,47.61,-1,-1,UNKNOWN,None
65.064,24.118,402.676,-6.071,1.479,61.05,0.0058,2,Right,47.32,-1,-1,UNKNOWN,None
65.08,24.134,402.96,-6.064,1.486,60.96,0.0058,2,Right,47.04,-1,-1,UNKNOWN,None
65.091,24.15,403.134,-6.059,1.491,60.9,0.0058,2,Right,46.87,-1,-1,UNKNOWN,None
65.1,24.166,403.434,-6.052,1.498,60.8,0.0058,2,Right,46.57,-1,-1,UNKNOWN,None
65.109,24.182,403.574,-6.048,1.502,60.75,0.0053,2,Right,46.43,-1,-1,UNKNOWN,None
65.142,24.198,403.995,-6.037,1.513,60.6,0.0053,2,Right,46.0,-1,-1,UNKNOWN,None
65.153,24.214,404.316,-6.028,1.522,60.49,0.0053,2,Right,45.68,-1,-1,UNKNOWN,None
65.169,24.23,404.596,-6.02,1.53,60.38,0.0053,2,Right,45.4,-1,-1,UNKNOWN,None
65.178,24.246,404.751,-6.015,1.535,60.32,0.005,2,Right,45.25,-1,-1,UNKNOWN,None
65.204,24.262,405.038,-6.007,1.543,60.22,0.005,2,Right,44.96,-1,-1,UNKNOWN,None
65.221,24.278,405.324,-5.998,1.552,60.11,0.005,2,Right,44.68,-1,-1,UNKNOWN,None
65.229,24.294,405.603,-5.99,1.56,60.0,0.005,2,Right,44.4,-1,-1,UNKNOWN,None
65.238,24.31,405.742,-5.986,1.564,59.94,0.0042,2,Right,44.26,-1,-1,UNKNOWN,None
65.263,24.326,406.159,-5.972,1.578,59.79,0.0037,2,Right,43.84,-1,-1,UNKNOWN,None
65.28,24.341,406.435,-5.964,1.586,59.69,0.003,2,Right,43.57,-1,-1,UNKNOWN,None
65.297,24.357,406.717,-5.954,1.596,59.6,0.0025,2,Right,43.28,-1,-1,UNKNOWN,None
65.305,24.374,406.855,-5.95,1.6,59.56,0.0018,2,Right,43.14,-1,-1,UNKNOWN,None
65.33,24.389,407.136,-5.941,1.609,59.49,0.0014,2,Right,42.86,-1,-1,UNKNOWN,None
65.339,24.405,407.411,-5.932,1.618,59.44,0.0009,2,Right,42.59,-1,-1,UNKNOWN,None
65.364,24.421,407.686,-5.922,1.628,59.41,0.0005,2,Right,42.31,-1,-1,UNKNOWN,None
65.372,24.437,407.96,-5.913,1.637,59.39,-0.0001,2,Right,42.04,-1,-1,UNKNOWN,None
65.397,24.453,408.235,-5.904,1.646,59.4,-0.0002,2,Right,41.76,-1,-1,UNKNOWN,None
65.414,24.469,408.51,-5.894,1.656,59.44,-0.0005,2,Right,41.49,-1,-1,UNKNOWN,None
65.425,24.485,408.689,-5.888,1.662,59.47,-0.0009,2,Right,41.31,-1,-1,UNKNOWN,None
65.444,24.501,409.003,-5.877,1.673,59.55,-0.0014,2,Right,41.0,-1,-1,UNKNOWN,None
65.46,24.517,409.279,-5.868,1.682,59.64,-0.0017,2,Right,40.72,-1,-1,UNKNOWN,None
65.477,24.533,409.556,-5.858,1.692,59.75,-0.0024,2,Right,40.44,-1,-1,UNKNOWN,None
65.477,24.549,409.694,-5.853,1.697,59.81,-0.0028,2,Right,40.31,-1,-1,UNKNOWN,None
65.51,24.565,410.11,-5.839,1.711,60.01,-0.0033,2,Right,39.89,-1,-1,UNKNOWN,None
65.51,24.581,410.289,-5.832,1.718,60.1,-0.0033,2,Right,39.71,-1,-1,UNKNOWN,None
65.529,24.597,410.569,-5.823,1.727,60.24,-0.004,2,Right,39.43,-1,-1,UNKNOWN,None
65.557,24.613,410.888,-5.812,1.738,60.41,-0.004,2,Right,39.11,-1,-1,UNKNOWN,None
65.565,24.629,411.168,-5.802,1.748,60.55,-0.004,2,Right,38.83,-1,-1,UNKNOWN,None
65.59,24.645,411.449,-5.792,1.758,60.69,-0.0043,2,Right,38.55,-1,-1,UNKNOWN,None
65.599,24.661,411.731,-5.783,1.767,60.82,-0.0043,2,Right,38.27,-1,-1,UNKNOWN,None
65.624,24.678,412.013,-5.773,1.777,60.93,-0.0043,2,Right,37.99,-1,-1,UNKNOWN,None
65.632,24.693,412.296,-5.763,1.787,61.05,-0.0043,2,Right,37.7,-1,-1,UNKNOWN,None
65.649,24.709,412.585,-5.754,1.796,61.16,-0.0043,2,Right,37.41,-1,-1,UNKNOWN,None
65.657,24.725,412.731,-5.749,1.801,61.22,-0.0043,2,Right,37.27,-1,-1,UNKNOWN,None
65.683,24.741,413.024,-5.739,1.811,61.32,-0.0043,2,Right,36.98,-1,-1,UNKNOWN,None
65.691,24.757,413.308,-5.73,1.82,61.39,-0.0043,2,Right,36.69,-1,-1,UNKNOWN,None
65.708,24.772,413.592,-5.72,1.83,61.45,-0.0043,2,Right,36.41,-1,-1,UNKNOWN,None
65.725,24.789,413.891,-5.711,1.839,61.47,-0.0043,2,Right,36.11,-1,-1,UNKNOWN,None
65.751,24.806,414.18,-5.702,1.848,61.47,-0.0043,2,Right,35.82,-1,-1,UNKNOWN,None
65.767,24.822,414.464,-5.692,1.858,61.46,-0.0043,2,Right,35.54,-1,-1,UNKNOWN,None
65.776,24.838,414.748,-5.684,1.866,61.42,-0.0043,2,Right,35.25,-1,-1,UNKNOWN,None
65.792,24.854,415.032,-5.675,1.875,61.38,-0.0043,2,Right,34.97,-1,-1,UNKNOWN,None
65.801,24.87,415.19,-5.67,1.88,61.35,-0.0043,2,Right,34.81,-1,-1,UNKNOWN,None
65.81,24.886,415.468,-5.661,1.889,61.29,-0.0043,2,Right,34.53,-1,-1,UNKNOWN,None
65.847,24.902,415.813,-5.651,1.899,61.2,-0.0043,2,Right,34.19,-1,-1,UNKNOWN,None
65.863,24.918,416.098,-5.642,1.908,61.12,-0.0043,2,Right,33.9,-1,-1,UNKNOWN,None
65.874,24.934,416.277,-5.637,1.913,61.07,-0.0043,2,Right,33.72,-1,-1,UNKNOWN,None
65.882,24.95,416.56,-5.629,1.921,60.98,-0.0043,2,Right,33.44,-1,-1,UNKNOWN,None
65.899,24.966,416.842,-5.621,1.929,60.89,-0.0043,2,Right,33.16,-1,-1,UNKNOWN,None
65.924,24.982,417.127,-5.613,1.937,60.79,-0.0043,2,Right,32.87,-1,-1,UNKNOWN,None
65.933,24.998,417.408,-5.605,1.945,60.69,-0.0043,2,Right,32.59,-1,-1,UNKNOWN,None
65.958,25.015,417.689,-5.597,1.953,60.59,-0.0043,2,Right,32.31,-1,-1,UNKNOWN,None
65.974,25.03,417.969,-5.59,1.96,60.49,-0.0043,2,Right,32.03,-1,-1,UNKNOWN,None
65.983,25.045,418.248,-5.582,1.968,60.39,-0.0043,2,Right,31.75,-1,-1,UNKNOWN,None
65.999,25.062,418.527,-5.575,1.975,60.28,-0.0043,2,Right,31.47,-1,-1,UNKNOWN,None
66.024,25.078,418.806,-5.568,1.982,60.18,-0.0043,2,Right,31.19,-1,-1,UNKNOWN,None
66.033,25.094,419.084,-5.561,1.989,60.07,-0.0043,2,Right,30.92,-1,-1,UNKNOWN,None
66.049,25.11,419.362,-5.554,1.996,59.96,-0.0043,2,Right,30.64,-1,-1,UNKNOWN,None
66.066,25.126,419.5,-5.55,2.0,59.9,-0.0043,2,Right,30.5,-1,-1,UNKNOWN,None
66.075,25.142,419.788,-5.543,2.007,59.79,-0.0043,2,Right,30.21,-1,-1,UNKNOWN,None
66.1,25.158,420.066,-5.537,2.013,59.69,-0.0043,2,Right,29.93,-1,-1,UNKNOWN,None
66.117,25.174,420.342,-5.53,2.02,59.6,-0.0043,2,Right,29.66,-1,-1,UNKNOWN,None
66.133,25.19,420.618,-5.524,2.026,59.51,-0.0043,2,Right,29.38,-1,-1,UNKNOWN,None
66.133,25.206,420.756,-5.521,2.029,59.48,-0.0043,2,Right,29.24,-1,-1,UNKNOWN,None
66.167,25.222,421.168,-5.512,2.038,59.39,-0.0043,2,Right,28.83,-1,-1,UNKNOWN,None
66.176,25.238,421.454,-5.505,2.045,59.36,-0.0043,2,Right,28.55,-1,-1,UNKNOWN,None
66.193,25.254,421.734,-5.499,2.051,59.35,-0.004,2,Right,28.27,-1,-1,UNKNOWN,None
66.211,25.271,421.892,-5.496,2.054,59.35,-0.0033,2,Right,28.11,-1,-1,UNKNOWN,None
66.219,25.286,422.167,-5.49,2.06,59.38,-0.0021,2,Right,27.83,-1,-1,UNKNOWN,None
66.236,25.302,422.479,-5.484,2.066,59.43,-0.0008,2,Right,27.52,-1,-1,UNKNOWN,None
66.258,25.318,422.681,-5.48,2.07,59.48,0.0011,2,Right,27.32,-1,-1,UNKNOWN,None
66.275,25.333,422.961,-5.474,2.076,59.57,0.0033,2,Right,27.04,-1,-1,UNKNOWN,None
66.286,25.349,423.138,-5.471,2.079,59.64,0.0056,2,Right,26.86,-1,-1,UNKNOWN,None
66.307,25.365,423.482,-5.463,2.087,59.78,0.0084,2,Right,26.52,-1,-1,UNKNOWN,None
66.307,25.381,423.621,-5.461,2.089,59.84,0.0111,2,Right,26.38,-1,-1,UNKNOWN,None
66.332,25.397,424.037,-5.451,2.099,60.05,0.0143,2,Right,25.96,-1,-1,UNKNOWN,None
66.357,25.413,424.322,-5.445,2.105,60.2,0.0143,2,Right,25.68,-1,-1,UNKNOWN,None
66.374,25.429,424.601,-5.439,2.111,60.34,0.0143,2,Right,25.4,-1,-1,UNKNOWN,None
66.382,25.445,424.896,-5.432,2.118,60.48,0.0143,2,Right,25.1,-1,-1,UNKNOWN,None
66.401,25.461,425.059,-5.428,2.122,60.55,0.0143,2,Right,24.94,-1,-1,UNKNOWN,None
66.418,25.477,425.346,-5.42,2.13,60.66,0.0143,2,Right,24.65,-1,-1,UNKNOWN,None
66.435,25.493,425.627,-5.413,2.137,60.74,0.0143,2,Right,24.37,-1,-1,UNKNOWN,None
66.452,25.509,425.908,-5.406,2.144,60.78,0.0143,2,Right,24.09,-1,-1,UNKNOWN,None
66.46,25.525,426.189,-5.398,2.152,60.8,0.0143,2,Right,23.81,-1,-1,UNKNOWN,None
66.485,25.542,426.471,-5.39,2.16,60.8,0.0143,2,Right,23.53,-1,-1,UNKNOWN,None
66.493,25.557,426.752,-5.382,2.168,60.77,0.0143,2,Right,23.25,-1,-1,UNKNOWN,None
66.518,25.573,427.034,-5.374,2.176,60.74,0.0143,2,Right,22.97,-1,-1,UNKNOWN,None
66.527,25.589,427.315,-5.365,2.185,60.68,0.0234,2,Right,22.68,-1,-1,UNKNOWN,None
66.544,25.605,427.602,-5.355,2.195,60.62,0.0234,2,Right,22.4,-1,-1,UNKNOWN,None
66.552,25.621,427.755,-5.35,2.2,60.59,0.0234,2,Right,22.25,-1,-1,UNKNOWN,None
66.578,25.637,428.035,-5.34,2.21,60.51,0.0234,2,Right,21.97,-1,-1,UNKNOWN,None
66.594,25.653,428.314,-5.33,2.22,60.43,0.0234,2,Right,21.69,-1,-1,UNKNOWN,None
66.603,25.669,428.594,-5.319,2.231,60.35,0.0234,2,Right,21.41,-1,-1,UNKNOWN,None
66.619,25.685,428.872,-5.308,2.242,60.26,0.0234,2,Right,21.13,-1,-1,UNKNOWN,None
66.628,25.702,429.012,-5.302,2.248,60.21,0.0234,2,Right,20.99,-1,-1,UNKNOWN,None
66.661,25.717,429.429,-5.284,2.266,60.06,0.0234,2,Right,20.57,-1,-1,UNKNOWN,None
66.669,25.731,429.706,-5.271,2.279,59.96,0.0234,2,Right,20.29,-1,-1,UNKNOWN,None
66.686,25.748,429.983,-5.258,2.292,59.86,0.0232,2,Right,20.02,-1,-1,UNKNOWN,None
66.711,25.773,430.397,-5.237,2.313,59.71,0.0229,2,Right,19.6,-1,-1,UNKNOWN,None
66.719,25.781,430.535,-5.23,2.32,59.66,0.0222,2,Right,19.46,-1,-1,UNKNOWN,None
66.736,25.797,430.813,-5.215,2.335,59.58,0.022,2,Right,19.19,-1,-1,UNKNOWN,None
66.744,25.814,430.962,-5.207,2.343,59.54,0.0213,2,Right,19.04,-1,-1,UNKNOWN,None
66.762,25.83,431.236,-5.192,2.358,59.47,0.0209,2,Right,18.76,-1,-1,UNKNOWN,None
66.788,25.846,431.525,-5.175,2.375,59.42,0.0197,2,Right,18.48,-1,-1,UNKNOWN,None
66.805,25.863,431.807,-5.158,2.392,59.39,0.0186,2,Right,18.19,-1,-1,UNKNOWN,None
66.813,25.878,432.088,-5.14,2.41,59.38,0.0171,2,Right,17.91,-1,-1,UNKNOWN,None
66.822,25.894,432.225,-5.132,2.418,59.38,0.0158,2,Right,17.77,-1,-1,UNKNOWN,None
66.847,25.91,432.65,-5.104,2.446,59.43,0.0143,2,Right,17.35,-1,-1,UNKNOWN,None
66.865,25.926,432.93,-5.085,2.465,59.49,0.0132,2,Right,17.07,-1,-1,UNKNOWN,None
66.882,25.942,433.08,-5.075,2.475,59.54,0.012,2,Right,16.92,-1,-1,UNKNOWN,None
66.899,25.958,433.356,-5.056,2.494,59.63,0.0111,2,Right,16.64,-1,-1,UNKNOWN,None
66.907,25.974,433.631,-5.036,2.514,59.73,0.0104,2,Right,16.37,-1,-1,UNKNOWN,None
66.932,25.99,433.908,-5.016,2.534,59.85,0.0097,2,Right,16.09,-1,-1,UNKNOWN,None
66.942,26.006,434.213,-4.994,2.556,60.0,0.0095,2,Right,15.79,-1,-1,UNKNOWN,None
66.967,26.022,434.491,-4.973,2.577,60.14,0.0095,2,Right,15.51,-1,-1,UNKNOWN,None
66.976,26.038,434.632,-4.962,2.588,60.22,0.0095,2,Right,15.37,-1,-1,UNKNOWN,None
66.999,26.054,435.028,-4.931,2.619,60.41,0.0095,2,Right,14.97,-1,-1,UNKNOWN,None
67.009,26.07,435.328,-4.907,2.643,60.53,0.0095,2,Right,14.67,-1,-1,UNKNOWN,None
67.017,26.086,435.49,-4.894,2.656,60.59,0.0095,2,Right,14.51,-1,-1,UNKNOWN,None
67.027,26.102,435.631,-4.883,2.667,60.63,0.0095,2,Right,14.37,-1,-1,UNKNOWN,None
67.06,26.118,436.04,-4.849,2.701,60.71,0.0095,2,Right,13.96,-1,-1,UNKNOWN,None
67.06,26.134,436.18,-4.837,2.713,60.73,0.0095,2,Right,13.82,-1,-1,UNKNOWN,None
67.076,26.15,436.46,-4.813,2.737,60.74,0.0095,2,Right,13.54,-1,-1,UNKNOWN,Left_Broken
67.101,26.166,436.88,-4.777,2.773,60.71,0.0095,2,Right,13.12,-1,-1,UNKNOWN,None
67.126,26.182,437.16,-4.752,2.798,60.67,0.0095,2,Right,12.84,-1,-1,UNKNOWN,None
67.135,26.198,437.442,-4.727,2.823,60.62,0.0095,2,Right,12.56,-1,-1,UNKNOWN,None
67.16,26.214,437.733,-4.701,2.849,60.56,0.0088,2,Right,12.27,-1,-1,UNKNOWN,None
67.169,26.23,438.012,-4.675,2.875,60.49,0.0088,2,Right,11.99,-1,-1,UNKNOWN,None
67.194,26.246,438.292,-4.649,2.901,60.42,0.0088,2,Right,11.71,-1,-1,UNKNOWN,None
67.194,26.262,438.439,-4.635,2.915,60.38,0.0088,2,Right,11.56,-1,-1,UNKNOWN,None
67.22,26.278,438.735,-4.607,2.943,60.29,0.0088,2,Right,11.27,-1,-1,UNKNOWN,None
67.239,26.294,439.043,-4.578,2.972,60.19,0.0088,2,Right,10.96,-1,-1,UNKNOWN,None
67.256,26.31,439.324,-4.551,2.999,60.09,0.0088,2,Right,10.68,-1,-1,UNKNOWN,None
67.264,26.326,439.6,-4.524,3.026,59.99,0.0088,2,Right,10.4,-1,-1,UNKNOWN,None
67.281,26.341,439.745,-4.51,3.04,59.94,0.0062,2,Right,10.26,-1,-1,UNKNOWN,None
67.299,26.357,440.044,-4.48,3.07,59.84,0.0062,2,Right,9.96,-1,-1,UNKNOWN,None
67.317,26.373,440.338,-4.451,3.099,59.74,0.0062,2,Right,9.66,-1,-1,UNKNOWN,None
67.317,26.389,440.475,-4.437,3.113,59.69,0.0062,2,Right,9.52,-1,-1,UNKNOWN,None
67.35,26.406,440.887,-4.395,3.155,59.58,0.0062,2,Right,9.11,-1,-1,UNKNOWN,Left_Broken
67.359,26.42,441.161,-4.367,3.183,59.51,0.0062,2,Right,8.84,-1,-1,UNKNOWN,None
67.384,26.437,441.435,-4.339,3.211,59.47,0.0062,2,Right,8.56,-1,-1,UNKNOWN,None
67.392,26.453,441.709,-4.31,3.24,59.44,0.0062,2,Right,8.29,-1,-1,UNKNOWN,None
67.409,26.469,441.846,-4.296,3.254,59.43,0.0062,2,Right,8.15,-1,-1,UNKNOWN,None
67.417,26.485,442.119,-4.267,3.283,59.44,0.0062,2,Right,7.88,-1,-1,UNKNOWN,None
67.434,26.501,442.393,-4.238,3.312,59.46,0.0062,2,Right,7.61,-1,-1,UNKNOWN,None
67.459,26.517,442.667,-4.209,3.341,59.51,0.0062,2,Right,7.33,-1,-1,UNKNOWN,None
67.467,26.531,442.942,-4.179,3.371,59.59,0.0062,2,Right,7.06,-1,-1,UNKNOWN,None
67.475,26.549,443.079,-4.164,3.386,59.63,0.0062,2,Right,6.92,-1,-1,UNKNOWN,None
67.501,26.565,443.497,-4.119,3.431,59.79,0.0062,2,Right,6.5,-1,-1,UNKNOWN,None
67.527,26.581,443.785,-4.087,3.463,59.91,0.006,2,Right,6.21,-1,-1,UNKNOWN,None
67.535,26.597,444.064,-4.056,3.494,60.05,0.006,2,Right,5.94,-1,-1,UNKNOWN,None
67.553,26.612,444.219,-4.039,3.511,60.13,0.006,2,Right,5.78,-1,-1,UNKNOWN,None
67.561,26.629,444.496,-4.008,3.542,60.27,0.0058,2,Right,5.5,-1,-1,UNKNOWN,None
67.587,26.645,444.784,-3.975,3.575,60.43,0.0058,2,Right,5.22,-1,-1,UNKNOWN,None
67.595,26.661,445.067,-3.943,3.607,60.59,0.0058,2,Right,4.93,-1,-1,UNKNOWN,None
67.612,26.677,445.346,-3.912,3.638,60.73,0.0058,2,Right,4.65,-1,-1,UNKNOWN,None
67.638,26.693,445.639,-3.878,3.672,60.87,0.0058,2,Right,4.36,-1,-1,UNKNOWN,None
67.65,26.709,445.84,-3.855,3.695,60.95,0.0058,2,Right,4.16,-1,-1,UNKNOWN,None
67.667,26.725,446.141,-3.82,3.73,61.05,0.0058,2,Right,3.86,-1,-1,UNKNOWN,None
67.684,26.742,446.422,-3.788,3.762,61.11,0.0058,2,Right,3.58,-1,-1,UNKNOWN,None
67.692,26.757,446.703,-3.755,3.795,61.14,0.0058,2,Right,3.3,-1,-1,UNKNOWN,None
67.701,26.773,446.844,-3.738,3.812,61.14,0.0058,2,Right,3.16,-1,-1,UNKNOWN,None
67.726,26.789,447.265,-3.688,3.862,61.13,0.0058,2,Right,2.73,-1,-1,UNKNOWN,None
67.742,26.806,447.546,-3.655,3.895,61.1,0.0058,2,Right,2.45,-1,-1,UNKNOWN,None
67.767,26.822,447.827,-3.622,3.928,61.05,0.0058,2,Right,2.17,-1,-1,UNKNOWN,None
67.776,26.836,448.107,-3.588,3.962,60.99,0.0058,2,Right,1.89,-1,-1,UNKNOWN,None
67.792,26.854,448.387,-3.554,3.996,60.92,0.0058,2,Right,1.61,-1,-1,UNKNOWN,None
67.811,26.87,448.556,-3.534,4.016,60.88,0.0058,2,Right,1.44,-1,-1,UNKNOWN,None
67.821,26.886,448.87,-3.495,4.055,60.79,0.0058,2,Right,1.13,-1,-1,UNKNOWN,None
67.839,26.902,449.167,-3.459,4.091,60.7,0.0058,2,Right,0.83,-1,-1,UNKNOWN,None
67.864,26.918,449.445,-3.425,4.125,60.61,0.0058,2,Right,0.55,-1,-1,UNKNOWN,None
67.872,26.934,449.725,-3.39,4.16,60.51,0.0058,2,Right,0.28,-1,-1,UNKNOWN,None
67.889,26.95,450.002,-3.356,4.194,60.41,0.0058,3,Left,150.0,-1,-1,UNKNOWN,None
67.906,26.966,450.279,-3.321,4.229,60.31,0.0058,3,Left,149.72,-1,-1,UNKNOWN,None
67.914,26.982,450.418,-3.304,4.246,60.26,0.0058,3,Left,149.58,-1,-1,UNKNOWN,None
67.94,26.998,450.713,-3.267,4.283,60.15,0.0058,3,Left,149.29,-1,-1,UNKNOWN,None
67.94,27.014,450.851,-3.249,4.301,60.1,0.0058,3,Left,149.15,-1,-1,UNKNOWN,None
67.957,27.03,451.126,-3.214,4.336,59.99,0.0058,3,Left,148.87,-1,-1,UNKNOWN,None
67.985,27.045,451.453,-3.173,4.377,59.86,-0.0082,3,Left,148.55,-1,-1,UNKNOWN,None
68.01,27.062,451.864,-3.121,4.429,59.71,-0.0084,3,Left,148.14,-1,-1,UNKNOWN,None
68.018,27.078,452.003,-3.103,4.447,59.66,-0.0088,3,Left,148.0,-1,-1,UNKNOWN,None
68.035,27.094,452.283,-3.068,4.482,59.56,-0.0094,3,Left,147.72,-1,-1,UNKNOWN,None
68.035,27.11,452.436,-3.048,4.502,59.52,-0.0098,3,Left,147.56,-1,-1,UNKNOWN,None
68.062,27.126,452.891,-2.991,4.559,59.41,-0.0102,3,Left,147.11,-1,-1,UNKNOWN,None
68.084,27.142,453.082,-2.967,4.583,59.37,-0.0107,3,Left,146.92,-1,-1,UNKNOWN,None
68.101,27.158,453.355,-2.933,4.617,59.34,-0.011,3,Left,146.65,-1,-1,UNKNOWN,None
68.109,27.174,453.491,-2.916,4.634,59.33,-0.0114,3,Left,146.51,-1,-1,UNKNOWN,Left_Broken
68.134,27.19,453.9,-2.865,4.685,59.33,-0.0119,3,Left,146.1,-1,-1,UNKNOWN,None
68.151,27.206,454.177,-2.831,4.719,59.37,-0.0126,3,Left,145.82,-1,-1,UNKNOWN,None
68.168,27.222,454.455,-2.797,4.753,59.43,-0.013,3,Left,145.55,-1,-1,UNKNOWN,None
68.177,27.238,454.734,-2.763,4.787,59.51,-0.0137,3,Left,145.27,-1,-1,UNKNOWN,None
68.185,27.254,454.874,-2.746,4.804,59.56,-0.0145,3,Left,145.13,-1,-1,UNKNOWN,None
68.21,27.27,455.148,-2.713,4.837,59.66,-0.0149,3,Left,144.85,-1,-1,UNKNOWN,None
68.219,27.286,455.423,-2.68,4.87,59.78,-0.0155,3,Left,144.58,-1,-1,UNKNOWN,None
68.244,27.302,455.698,-2.647,4.903,59.91,-0.0162,3,Left,144.3,-1,-1,UNKNOWN,None
68.244,27.318,455.836,-2.63,4.92,59.98,-0.017,3,Left,144.16,-1,-1,UNKNOWN,None
68.269,27.333,456.251,-2.582,4.968,60.2,-0.0177,3,Left,143.75,-1,-1,UNKNOWN,None
68.294,27.349,456.528,-2.55,5.0,60.36,-0.0177,3,Left,143.47,-1,-1,UNKNOWN,None
68.31,27.365,456.807,-2.518,5.032,60.51,-0.0177,3,Left,143.19,-1,-1,UNKNOWN,None
68.327,27.381,457.09,-2.486,5.064,60.65,-0.0177,3,Left,142.91,-1,-1,UNKNOWN,None
68.327,27.397,457.25,-2.468,5.082,60.73,-0.0177,3,Left,142.75,-1,-1,UNKNOWN,None
68.346,27.413,457.544,-2.435,5.115,60.84,-0.0177,3,Left,142.46,-1,-1,UNKNOWN,None
68.372,27.429,457.836,-2.403,5.147,60.93,-0.0216,3,Left,142.16,-1,-1,UNKNOWN,Left_Broken
68.388,27.446,458.117,-2.373,5.177,60.99,-0.0223,3,Left,141.88,-1,-1,UNKNOWN,None
68.405,27.461,458.398,-2.343,5.207,61.05,-0.0223,3,Left,141.6,-1,-1,UNKNOWN,None
68.413,27.476,458.679,-2.314,5.236,61.09,-0.0223,3,Left,141.32,-1,-1,UNKNOWN,None
68.438,27.493,458.961,-2.285,5.265,61.1,-0.0223,3,Left,141.04,-1,-1,UNKNOWN,None
68.455,27.509,459.242,-2.257,5.293,61.1,-0.0223,3,Left,140.76,-1,-1,UNKNOWN,None
68.455,27.525,459.412,-2.24,5.31,61.08,-0.0223,3,Left,140.59,-1,-1,UNKNOWN,None
68.483,27.541,459.711,-2.211,5.339,61.05,-0.0223,3,Left,140.29,-1,-1,UNKNOWN,None
68.5,27.557,460.0,-2.183,5.367,61.0,-0.0223,3,Left,140.0,-1,-1,UNKNOWN,None
68.517,27.574,460.281,-2.157,5.393,60.93,-0.0279,3,Left,139.72,-1,-1,UNKNOWN,None
68.517,27.589,460.421,-2.144,5.406,60.9,-0.0279,3,Left,139.58,-1,-1,UNKNOWN,None
68.542,27.604,460.842,-2.106,5.444,60.79,-0.0279,3,Left,139.16,-1,-1,UNKNOWN,None
68.561,27.621,461.023,-2.091,5.459,60.74,-0.0279,3,Left,138.98,-1,-1,UNKNOWN,None
68.582,27.637,461.375,-2.061,5.489,60.64,-0.0279,3,Left,138.63,-1,-1,UNKNOWN,None
68.59,27.653,461.654,-2.038,5.512,60.55,-0.0279,3,Left,138.35,-1,-1,UNKNOWN,None
68.608,27.669,461.816,-2.025,5.525,60.51,-0.0279,3,Left,138.18,-1,-1,UNKNOWN,None
68.619,27.685,462.144,-1.999,5.551,60.41,-0.0279,3,Left,137.86,-1,-1,UNKNOWN,None
68.636,27.701,462.422,-1.978,5.572,60.32,-0.0279,3,Left,137.58,-1,-1,UNKNOWN,None
68.661,27.717,462.7,-1.958,5.592,60.23,-0.0274,3,Left,137.3,-1,-1,UNKNOWN,None
68.669,27.733,462.978,-1.938,5.612,60.13,-0.0274,3,Left,137.02,-1,-1,UNKNOWN,None
68.694,27.749,463.256,-1.919,5.631,60.04,-0.0274,3,Left,136.74,-1,-1,UNKNOWN,None
68.711,27.766,463.533,-1.901,5.649,59.94,-0.0274,3,Left,136.47,-1,-1,UNKNOWN,None
68.719,27.781,463.809,-1.883,5.667,59.84,-0.026,3,Left,136.19,-1,-1,UNKNOWN,None
68.728,27.797,463.974,-1.873,5.677,59.78,-0.0254,3,Left,136.03,-1,-1,UNKNOWN,None
68.746,27.817,464.256,-1.856,5.694,59.68,-0.0247,3,Left,135.74,-1,-1,UNKNOWN,None
68.771,27.83,464.531,-1.841,5.709,59.59,-0.0237,3,Left,135.47,-1,-1,UNKNOWN,None
68.788,27.846,464.806,-1.826,5.724,59.51,-0.0232,3,Left,135.19,-1,-1,UNKNOWN,None
68.806,27.862,465.1,-1.81,5.74,59.44,-0.0225,3,Left,134.9,-1,-1,UNKNOWN,None
68.814,27.878,465.374,-1.797,5.753,59.4,-0.0219,3,Left,134.63,-1,-1,UNKNOWN,None
68.839,27.894,465.649,-1.784,5.766,59.37,-0.0213,3,Left,134.35,-1,-1,UNKNOWN,None
68.851,27.91,465.842,-1.775,5.775,59.36,-0.0209,3,Left,134.16,-1,-1,UNKNOWN,None
68.851,27.926,466.02,-1.767,5.783,59.36,-0.0209,3,Left,133.98,-1,-1,UNKNOWN,None
68.885,27.942,466.412,-1.751,5.799,59.39,-0.0209,3,Left,133.59,-1,-1,UNKNOWN,None
68.902,27.958,466.687,-1.741,5.809,59.45,-0.0209,3,Left,133.31,-1,-1,UNKNOWN,None
68.902,27.974,466.825,-1.735,5.815,59.48,-0.0209,3,Left,133.18,-1,-1,UNKNOWN,None
68.923,27.99,467.176,-1.723,5.827,59.59,-0.0209,3,Left,132.82,-1,-1,UNKNOWN,None
68.94,28.006,467.452,-1.714,5.836,59.7,-0.0209,3,Left,132.55,-1,-1,UNKNOWN,None
68.957,28.022,467.737,-1.706,5.844,59.82,-0.0209,3,Left,132.26,-1,-1,UNKNOWN,None
68.974,28.038,468.014,-1.698,5.852,59.95,-0.0209,3,Left,131.99,-1,-1,UNKNOWN,None
68.999,28.054,468.292,-1.691,5.859,60.1,-0.0206,3,Left,131.71,-1,-1,UNKNOWN,None
69.007,28.07,468.577,-1.685,5.865,60.25,-0.0202,3,Left,131.42,-1,-1,UNKNOWN,None
69.024,28.086,468.878,-1.679,5.871,60.42,-0.0202,3,Left,131.12,-1,-1,UNKNOWN,None
69.034,28.102,469.018,-1.676,5.874,60.5,-0.0202,3,Left,130.98,-1,-1,UNKNOWN,None
69.06,28.118,469.316,-1.671,5.879,60.65,-0.0202,3,Left,130.68,-1,-1,UNKNOWN,None
69.076,28.134,469.597,-1.667,5.883,60.79,-0.0174,3,Left,130.4,-1,-1,UNKNOWN,None
69.094,28.15,469.904,-1.663,5.887,60.92,-0.0168,3,Left,130.1,-1,-1,UNKNOWN,None
69.108,28.166,470.13,-1.66,5.89,61.02,-0.0168,3,Left,129.87,-1,-1,UNKNOWN,None
69.124,28.182,470.413,-1.657,5.893,61.14,-0.0146,3,Left,129.59,-1,-1,UNKNOWN,None
69.133,28.198,470.696,-1.655,5.895,61.26,-0.0146,3,Left,129.3,-1,-1,UNKNOWN,None
69.141,28.214,470.838,-1.654,5.896,61.31,-0.0146,3,Left,129.16,-1,-1,UNKNOWN,None
69.158,28.23,471.122,-1.653,5.897,61.41,-0.0146,3,Left,128.88,-1,-1,UNKNOWN,None
69.191,28.246,471.549,-1.651,5.899,61.51,-0.0146,3,Left,128.45,-1,-1,UNKNOWN,None
69.199,28.262,471.834,-1.651,5.899,61.55,-0.0146,3,Left,128.17,-1,-1,UNKNOWN,None
69.216,28.278,472.119,-1.652,5.898,61.56,-0.0146,3,Left,127.88,-1,-1,UNKNOWN,None
69.233,28.294,472.404,-1.652,5.898,61.55,-0.0094,3,Left,127.6,-1,-1,UNKNOWN,None
69.25,28.31,472.696,-1.654,5.896,61.52,-0.0088,3,Left,127.3,-1,-1,UNKNOWN,None
69.267,28.326,472.84,-1.654,5.896,61.51,-0.0088,3,Left,127.16,-1,-1,UNKNOWN,None
69.275,28.341,473.141,-1.656,5.894,61.47,-0.0084,3,Left,126.86,-1,-1,UNKNOWN,None
69.293,28.357,473.433,-1.659,5.891,61.42,-0.0084,3,Left,126.57,-1,-1,UNKNOWN,None
69.318,28.373,473.722,-1.661,5.889,61.36,-0.0084,3,Left,126.28,-1,-1,UNKNOWN,None
69.327,28.389,474.005,-1.664,5.886,61.29,-0.0084,3,Left,125.99,-1,-1,UNKNOWN,None
69.335,28.405,474.153,-1.666,5.884,61.25,-0.0084,3,Left,125.85,-1,-1,UNKNOWN,None
69.36,28.421,474.583,-1.671,5.879,61.12,-0.0084,3,Left,125.42,-1,-1,UNKNOWN,None
69.378,28.437,474.738,-1.674,5.876,61.07,-0.0084,3,Left,125.26,-1,-1,UNKNOWN,None
69.387,28.453,475.022,-1.678,5.872,60.98,-0.0084,3,Left,124.98,-1,-1,UNKNOWN,None
69.412,28.469,475.317,-1.683,5.867,60.88,-0.0084,3,Left,124.68,-1,-1,UNKNOWN,None
69.422,28.486,475.616,-1.688,5.862,60.77,-0.0084,3,Left,124.38,-1,-1,UNKNOWN,None
69.439,28.502,475.905,-1.693,5.857,60.67,-0.0084,3,Left,124.09,-1,-1,UNKNOWN,None
69.456,28.517,476.192,-1.699,5.851,60.56,-0.0069,3,Left,123.81,-1,-1,UNKNOWN,None
69.473,28.533,476.472,-1.705,5.845,60.46,-0.0069,3,Left,123.53,-1,-1,UNKNOWN,None
69.481,28.549,476.611,-1.708,5.842,60.41,-0.0069,3,Left,123.39,-1,-1,UNKNOWN,None
69.498,28.565,476.892,-1.714,5.836,60.3,-0.0069,3,Left,123.11,-1,-1,UNKNOWN,None
69.523,28.581,477.176,-1.721,5.829,60.19,-0.0069,3,Left,122.82,-1,-1,UNKNOWN,None
69.531,28.597,477.461,-1.728,5.822,60.08,-0.0069,3,Left,122.54,-1,-1,UNKNOWN,None
69.548,28.613,477.739,-1.735,5.815,59.97,-0.0069,3,Left,122.26,-1,-1,UNKNOWN,None
69.557,28.629,477.877,-1.738,5.812,59.92,0.0025,3,Left,122.12,-1,-1,UNKNOWN,None
69.59,28.645,478.292,-1.749,5.801,59.76,0.0033,3,Left,121.71,-1,-1,UNKNOWN,None
69.607,28.661,478.569,-1.756,5.794,59.66,0.004,3,Left,121.43,-1,-1,UNKNOWN,None
69.615,28.678,478.844,-1.764,5.786,59.57,0.0042,3,Left,121.16,-1,-1,UNKNOWN,None
69.623,28.693,479.008,-1.768,5.782,59.53,0.0042,3,Left,120.99,-1,-1,UNKNOWN,None
69.651,28.709,479.308,-1.776,5.774,59.45,0.0042,3,Left,120.69,-1,-1,UNKNOWN,None
69.66,28.725,479.583,-1.783,5.767,59.41,0.0042,3,Left,120.42,-1,-1,UNKNOWN,None
69.676,28.741,479.858,-1.791,5.759,59.37,0.0042,3,Left,120.14,-1,-1,UNKNOWN,None
69.685,28.757,479.995,-1.795,5.755,59.37,0.0042,3,Left,120.01,-1,-1,UNKNOWN,None
69.718,28.773,480.412,-1.806,5.744,59.38,0.0042,3,Left,119.59,-1,-1,UNKNOWN,None
69.727,28.789,480.687,-1.814,5.736,59.41,0.0042,3,Left,119.31,-1,-1,UNKNOWN,None
69.754,28.806,480.998,-1.822,5.728,59.48,0.0042,3,Left,119.0,-1,-1,UNKNOWN,None
69.754,28.822,481.135,-1.826,5.724,59.52,0.0042,3,Left,118.86,-1,-1,UNKNOWN,None
69.771,28.838,481.411,-1.834,5.716,59.61,0.0042,3,Left,118.59,-1,-1,UNKNOWN,None
69.787,28.854,481.688,-1.841,5.709,59.72,0.0042,3,Left,118.31,-1,-1,UNKNOWN,None
69.812,28.87,481.964,-1.849,5.701,59.84,0.0042,3,Left,118.04,-1,-1,UNKNOWN,None
69.829,28.886,482.251,-1.857,5.693,59.98,0.0042,3,Left,117.75,-1,-1,UNKNOWN,None
69.838,28.902,482.536,-1.865,5.685,60.13,0.0042,3,Left,117.46,-1,-1,UNKNOWN,None
69.855,28.918,482.814,-1.872,5.678,60.28,0.0042,3,Left,117.19,-1,-1,UNKNOWN,None
69.88,28.933,483.094,-1.88,5.67,60.43,0.0042,3,Left,116.91,-1,-1,UNKNOWN,None
69.889,28.95,483.382,-1.887,5.663,60.57,0.0042,3,Left,116.62,-1,-1,UNKNOWN,None
69.905,28.967,483.664,-1.895,5.655,60.69,0.0042,3,Left,116.34,-1,-1,UNKNOWN,None
69.922,28.982,483.945,-1.902,5.648,60.79,0.0042,3,Left,116.06,-1,-1,UNKNOWN,None
69.93,28.998,484.093,-1.906,5.644,60.83,0.0042,3,Left,115.91,-1,-1,UNKNOWN,None
69.956,29.014,484.374,-1.913,5.637,60.88,0.0028,3,Left,115.63,-1,-1,UNKNOWN,None
69.973,29.03,484.664,-1.92,5.63,60.91,0.0028,3,Left,115.34,-1,-1,UNKNOWN,None
69.99,29.048,484.946,-1.927,5.623,60.92,0.0028,3,Left,115.05,-1,-1,UNKNOWN,None
69.998,29.062,485.228,-1.934,5.616,60.91,0.0025,3,Left,114.77,-1,-1,UNKNOWN,None
70.015,29.078,485.512,-1.941,5.609,60.88,0.0025,3,Left,114.49,-1,-1,UNKNOWN,None
70.031,29.094,485.796,-1.948,5.602,60.84,0.0025,3,Left,114.2,-1,-1,UNKNOWN,None
70.056,29.11,486.078,-1.955,5.595,60.79,0.0025,3,Left,113.92,-1,-1,UNKNOWN,None
70.065,29.126,486.362,-1.962,5.588,60.74,0.0025,3,Left,113.64,-1,-1,UNKNOWN,None
70.073,29.142,486.502,-1.965,5.585,60.72,0.0025,3,Left,113.5,-1,-1,UNKNOWN,None
70.099,29.158,486.793,-1.972,5.578,60.66,0.0025,3,Left,113.21,-1,-1,UNKNOWN,None
70.117,29.175,487.092,-1.979,5.571,60.6,0.0025,3,Left,112.91,-1,-1,UNKNOWN,None
70.133,29.19,487.372,-1.985,5.565,60.52,0.0025,3,Left,112.63,-1,-1,UNKNOWN,None
70.15,29.207,487.652,-1.992,5.558,60.45,0.0025,3,Left,112.35,-1,-1,UNKNOWN,None
70.158,29.222,487.932,-1.998,5.552,60.36,0.0025,3,Left,112.07,-1,-1,UNKNOWN,None
70.175,29.238,488.211,-2.004,5.546,60.27,0.0034,3,Left,111.79,-1,-1,UNKNOWN,None
70.2,29.254,488.489,-2.01,5.54,60.18,0.0034,3,Left,111.51,-1,-1,UNKNOWN,None
70.217,29.27,488.767,-2.016,5.534,60.09,0.0034,3,Left,111.23,-1,-1,UNKNOWN,None
70.225,29.286,489.045,-2.022,5.528,59.99,0.0046,3,Left,110.95,-1,-1,UNKNOWN,None
70.233,29.302,489.184,-2.025,5.525,59.95,0.005,3,Left,110.82,-1,-1,UNKNOWN,None
70.25,29.318,489.465,-2.03,5.52,59.85,0.0056,3,Left,110.53,-1,-1,UNKNOWN,None
70.267,29.334,489.755,-2.036,5.514,59.76,0.006,3,Left,110.24,-1,-1,UNKNOWN,None
70.295,29.349,490.063,-2.042,5.508,59.68,0.0062,3,Left,109.94,-1,-1,UNKNOWN,None
70.304,29.365,490.349,-2.047,5.503,59.62,0.0065,3,Left,109.65,-1,-1,UNKNOWN,None
70.321,29.381,490.498,-2.05,5.5,59.59,0.0068,3,Left,109.5,-1,-1,UNKNOWN,None
70.34,29.398,490.813,-2.056,5.494,59.56,0.0068,3,Left,109.19,-1,-1,UNKNOWN,None
70.359,29.413,491.129,-2.061,5.489,59.54,0.0068,3,Left,108.87,-1,-1,UNKNOWN,None
70.368,29.429,491.424,-2.066,5.484,59.56,0.0068,3,Left,108.58,-1,-1,UNKNOWN,None
70.377,29.445,491.573,-2.068,5.482,59.57,0.0068,3,Left,108.43,-1,-1,UNKNOWN,None
70.404,29.461,491.88,-2.073,5.477,59.63,0.0068,3,Left,108.12,-1,-1,UNKNOWN,None
70.423,29.477,492.189,-2.078,5.472,59.71,0.0068,3,Left,107.81,-1,-1,UNKNOWN,None
70.441,29.493,492.489,-2.082,5.468,59.82,0.0068,3,Left,107.51,-1,-1,UNKNOWN,None
70.452,29.509,492.671,-2.085,5.465,59.89,0.0068,3,Left,107.33,-1,-1,UNKNOWN,None
70.461,29.525,492.827,-2.087,5.463,59.95,0.0068,3,Left,107.17,-1,-1,UNKNOWN,None
70.472,29.541,493.178,-2.091,5.459,60.12,0.0068,3,Left,106.82,-1,-1,UNKNOWN,None
70.491,29.557,493.457,-2.095,5.455,60.26,0.0068,3,Left,106.54,-1,-1,UNKNOWN,None
70.508,29.573,493.737,-2.098,5.452,60.4,0.0062,3,Left,106.26,-1,-1,UNKNOWN,None
70.524,29.589,494.018,-2.101,5.449,60.54,0.0062,3,Left,105.98,-1,-1,UNKNOWN,None
70.542,29.605,494.317,-2.105,5.445,60.69,0.0062,3,Left,105.68,-1,-1,UNKNOWN,None
70.559,29.621,494.598,-2.107,5.443,60.82,0.0062,3,Left,105.4,-1,-1,UNKNOWN,None
70.576,29.637,494.884,-2.11,5.44,60.93,0.0062,3,Left,105.12,-1,-1,UNKNOWN,None
70.592,29.653,495.166,-2.113,5.437,61.01,0.0044,3,Left,104.83,-1,-1,UNKNOWN,None
70.611,29.669,495.336,-2.114,5.436,61.05,0.0044,3,Left,104.66,-1,-1,UNKNOWN,None
70.619,29.685,495.618,-2.117,5.433,61.1,0.0044,3,Left,104.38,-1,-1,UNKNOWN,None
70.644,29.701,495.901,-2.119,5.431,61.13,0.0044,3,Left,104.1,-1,-1,UNKNOWN,None
70.644,29.717,496.043,-2.12,5.43,61.14,0.0044,3,Left,103.96,-1,-1,UNKNOWN,None
70.669,29.733,496.467,-2.123,5.427,61.12,0.0044,3,Left,103.53,-1,-1,UNKNOWN,None
70.694,29.752,496.75,-2.124,5.426,61.09,0.0044,3,Left,103.25,-1,-1,UNKNOWN,None
70.702,29.765,496.892,-2.125,5.425,61.06,0.0044,3,Left,103.11,-1,-1,UNKNOWN,None
70.724,29.781,497.256,-2.127,5.423,61.0,0.0037,3,Left,102.74,-1,-1,UNKNOWN,None
70.74,29.798,497.538,-2.128,5.422,60.93,0.0037,3,Left,102.46,-1,-1,UNKNOWN,None
70.757,29.814,497.82,-2.13,5.42,60.86,0.0037,3,Left,102.18,-1,-1,UNKNOWN,None
70.774,29.83,498.102,-2.131,5.419,60.79,0.0037,3,Left,101.9,-1,-1,UNKNOWN,None
70.774,29.846,498.242,-2.131,5.419,60.75,0.0037,3,Left,101.76,-1,-1,UNKNOWN,None
70.808,29.862,498.684,-2.133,5.417,60.61,0.0037,3,Left,101.32,-1,-1,UNKNOWN,None
70.818,29.879,498.985,-2.133,5.417,60.51,0.0037,3,Left,101.02,-1,-1,UNKNOWN,None
70.835,29.894,499.131,-2.134,5.416,60.46,0.0037,3,Left,100.87,-1,-1,UNKNOWN,None
70.852,29.91,499.414,-2.134,5.416,60.36,0.0037,3,Left,100.59,-1,-1,UNKNOWN,None
70.869,29.926,499.708,-2.134,5.416,60.25,0.0037,3,Left,100.29,-1,-1,UNKNOWN,None
70.888,29.943,500.028,-2.135,5.415,60.13,0.0037,3,Left,99.97,-1,-1,UNKNOWN,None
70.897,29.958,500.179,-2.135,5.415,60.07,0.0037,3,Left,99.82,-1,-1,UNKNOWN,None
70.917,29.974,500.499,-2.135,5.415,59.95,0.0037,3,Left,99.5,-1,-1,UNKNOWN,None
70.925,29.99,500.776,-2.134,5.416,59.85,0.0037,3,Left,99.22,-1,-1,UNKNOWN,None
70.933,30.006,500.915,-2.134,5.416,59.79,0.0037,3,Left,99.09,-1,-1,UNKNOWN,None
70.967,30.022,501.332,-2.134,5.416,59.65,0.0034,3,Left,98.67,-1,-1,UNKNOWN,None
70.984,30.042,501.608,-2.133,5.417,59.56,0.0034,3,Left,98.39,-1,-1,UNKNOWN,None
70.992,30.052,501.746,-2.133,5.417,59.52,0.0033,3,Left,98.25,-1,-1,UNKNOWN,None
71.005,30.07,502.133,-2.132,5.418,59.43,0.0033,3,Left,97.87,-1,-1,UNKNOWN,None
71.032,30.086,502.408,-2.131,5.419,59.38,0.0028,3,Left,97.59,-1,-1,UNKNOWN,None
71.04,30.102,502.683,-2.131,5.419,59.36,0.0025,3,Left,97.32,-1,-1,UNKNOWN,None
71.057,30.118,502.82,-2.13,5.42,59.35,0.0021,3,Left,97.18,-1,-1,UNKNOWN,None
71.068,30.134,503.132,-2.129,5.421,59.36,0.0017,3,Left,96.87,-1,-1,UNKNOWN,None
71.093,30.15,503.407,-2.128,5.422,59.39,0.0014,3,Left,96.59,-1,-1,UNKNOWN,None
71.11,30.166,503.696,-2.127,5.423,59.45,0.0009,3,Left,96.3,-1,-1,UNKNOWN,None
71.127,30.183,503.972,-2.126,5.424,59.53,0.0007,3,Left,96.03,-1,-1,UNKNOWN,None
71.143,30.198,504.248,-2.124,5.426,59.63,0.0005,3,Left,95.75,-1,-1,UNKNOWN,None
71.16,30.216,504.524,-2.123,5.427,59.74,0.0002,3,Left,95.48,-1,-1,UNKNOWN,None
71.177,30.23,504.801,-2.122,5.428,59.87,0.0002,3,Left,95.2,-1,-1,UNKNOWN,None
71.185,30.246,505.079,-2.12,5.43,60.0,0.0002,3,Left,94.92,-1,-1,UNKNOWN,None
71.205,30.262,505.267,-2.119,5.431,60.1,0.0002,3,Left,94.73,-1,-1,UNKNOWN,None
71.217,30.278,505.618,-2.117,5.433,60.28,0.0002,3,Left,94.38,-1,-1,UNKNOWN,None
71.235,30.294,505.78,-2.116,5.434,60.36,0.0002,3,Left,94.22,-1,-1,UNKNOWN,None
71.252,30.31,506.059,-2.115,5.435,60.49,0.0002,3,Left,93.94,-1,-1,UNKNOWN,None
71.26,30.326,506.34,-2.113,5.437,60.6,0.0002,3,Left,93.66,-1,-1,UNKNOWN,None
71.269,30.341,506.48,-2.112,5.438,60.64,0.0002,3,Left,93.52,-1,-1,UNKNOWN,None
71.294,30.358,506.905,-2.11,5.44,60.73,0.0002,3,Left,93.09,-1,-1,UNKNOWN,None
71.311,30.373,507.189,-2.108,5.442,60.75,0.0002,3,Left,92.81,-1,-1,UNKNOWN,None
71.328,30.389,507.479,-2.106,5.444,60.75,0.0002,3,Left,92.52,-1,-1,UNKNOWN,None
71.344,30.405,507.76,-2.105,5.445,60.73,0.0002,3,Left,92.24,-1,-1,UNKNOWN,None
71.361,30.421,507.901,-2.104,5.446,60.71,0.0002,3,Left,92.1,-1,-1,UNKNOWN,None
71.378,30.437,508.182,-2.102,5.448,60.67,0.0002,3,Left,91.82,-1,-1,UNKNOWN,None
71.386,30.453,508.322,-2.101,5.449,60.64,0.0002,3,Left,91.68,-1,-1,UNKNOWN,None
71.395,30.469,508.603,-2.099,5.451,60.58,0.0002,3,Left,91.4,-1,-1,UNKNOWN,None
71.428,30.486,509.023,-2.096,5.454,60.48,-0.0001,3,Left,90.98,-1,-1,UNKNOWN,None
71.436,30.501,509.303,-2.095,5.455,60.4,-0.0001,3,Left,90.7,-1,-1,UNKNOWN,None
71.461,30.517,509.582,-2.093,5.457,60.32,-0.0001,3,Left,90.42,-1,-1,UNKNOWN,None
71.478,30.533,509.865,-2.091,5.459,60.23,-0.0001,3,Left,90.14,-1,-1,UNKNOWN,None
71.495,30.55,510.143,-2.089,5.461,60.13,-0.0001,3,Left,89.86,-1,-1,UNKNOWN,None
71.511,30.565,510.421,-2.087,5.463,60.04,-0.0001,3,Left,89.58,-1,-1,UNKNOWN,None
71.52,30.581,510.699,-2.085,5.465,59.94,-0.0037,3,Left,89.3,-1,-1,UNKNOWN,None
71.528,30.597,510.848,-2.084,5.466,59.89,-0.0047,3,Left,89.15,-1,-1,UNKNOWN,None
71.545,30.613,511.138,-2.082,5.468,59.79,-0.0053,3,Left,88.86,-1,-1,UNKNOWN,None
71.571,30.629,511.416,-2.081,5.469,59.7,-0.0059,3,Left,88.58,-1,-1,UNKNOWN,None
71.571,30.645,511.554,-2.08,5.47,59.66,-0.0063,3,Left,88.45,-1,-1,UNKNOWN,None
71.58,30.661,511.692,-2.079,5.471,59.63,-0.0063,3,Left,88.31,-1,-1,UNKNOWN,None
71.621,30.676,512.244,-2.076,5.474,59.52,-0.0063,3,Left,87.76,-1,-1,UNKNOWN,None
71.638,30.693,512.52,-2.075,5.475,59.49,-0.0063,3,Left,87.48,-1,-1,UNKNOWN,None
71.646,30.709,512.795,-2.074,5.476,59.48,-0.0063,3,Left,87.2,-1,-1,UNKNOWN,None
71.663,30.726,513.079,-2.073,5.477,59.5,-0.0063,3,Left,86.92,-1,-1,UNKNOWN,None
71.68,30.743,513.36,-2.072,5.478,59.53,-0.0063,3,Left,86.64,-1,-1,UNKNOWN,None
71.697,30.755,513.498,-2.072,5.478,59.56,-0.0063,3,Left,86.5,-1,-1,UNKNOWN,None
71.714,30.773,513.776,-2.071,5.479,59.63,-0.0063,3,Left,86.22,-1,-1,UNKNOWN,None
71.731,30.789,514.053,-2.07,5.48,59.72,-0.0063,3,Left,85.95,-1,-1,UNKNOWN,None
71.748,30.806,514.344,-2.07,5.48,59.84,-0.0063,3,Left,85.66,-1,-1,UNKNOWN,None
71.757,30.822,514.629,-2.069,5.481,59.96,-0.0063,3,Left,85.37,-1,-1,UNKNOWN,None
71.774,30.838,514.907,-2.069,5.481,60.09,-0.0063,3,Left,85.09,-1,-1,UNKNOWN,None
71.799,30.855,515.193,-2.069,5.481,60.24,-0.0063,3,Left,84.81,-1,-1,UNKNOWN,None
71.808,30.87,515.484,-2.069,5.481,60.39,-0.0063,3,Left,84.52,-1,-1,UNKNOWN,None
71.825,30.886,515.775,-2.069,5.481,60.54,-0.0063,3,Left,84.22,-1,-1,UNKNOWN,None
71.842,30.902,515.923,-2.069,5.481,60.62,-0.0063,3,Left,84.08,-1,-1,UNKNOWN,None
71.861,30.918,516.227,-2.069,5.481,60.76,-0.0063,3,Left,83.77,-1,-1,UNKNOWN,None
71.869,30.934,516.513,-2.07,5.48,60.88,-0.0063,3,Left,83.49,-1,-1,UNKNOWN,None
71.886,30.95,516.798,-2.071,5.479,60.97,-0.0063,3,Left,83.2,-1,-1,UNKNOWN,None
71.911,30.966,517.08,-2.072,5.478,61.04,-0.0063,3,Left,82.92,-1,-1,UNKNOWN,None
71.928,30.983,517.363,-2.073,5.477,61.07,-0.0063,3,Left,82.64,-1,-1,UNKNOWN,None
71.936,30.998,517.646,-2.074,5.476,61.08,-0.0063,3,Left,82.35,-1,-1,UNKNOWN,None
71.953,31.015,517.93,-2.075,5.475,61.07,-0.0063,3,Left,82.07,-1,-1,UNKNOWN,None
71.97,31.03,518.216,-2.077,5.473,61.05,-0.0063,3,Left,81.78,-1,-1,UNKNOWN,None
71.986,31.046,518.361,-2.078,5.472,61.03,-0.0063,3,Left,81.64,-1,-1,UNKNOWN,None
71.995,31.062,518.643,-2.08,5.47,60.99,-0.0063,3,Left,81.36,-1,-1,UNKNOWN,None
72.02,31.078,518.933,-2.082,5.468,60.95,-0.0063,3,Left,81.07,-1,-1,UNKNOWN,None
72.029,31.094,519.221,-2.084,5.466,60.89,-0.0063,3,Left,80.78,-1,-1,UNKNOWN,None
72.054,31.11,519.512,-2.086,5.464,60.83,-0.0063,3,Left,80.49,-1,-1,UNKNOWN,None
72.071,31.126,519.795,-2.089,5.461,60.76,-0.0063,3,Left,80.21,-1,-1,UNKNOWN,None
72.088,31.142,520.076,-2.091,5.459,60.68,-0.0063,3,Left,79.92,-1,-1,UNKNOWN,None
72.105,31.158,520.356,-2.094,5.456,60.6,-0.0063,3,Left,79.64,-1,-1,UNKNOWN,None
72.113,31.174,520.636,-2.097,5.453,60.51,-0.0063,3,Left,79.36,-1,-1,UNKNOWN,None
72.13,31.19,520.916,-2.1,5.45,60.43,-0.0063,3,Left,79.08,-1,-1,UNKNOWN,None
72.138,31.206,521.056,-2.102,5.448,60.39,-0.0063,3,Left,78.94,-1,-1,UNKNOWN,None
72.155,31.222,521.339,-2.106,5.444,60.3,-0.0063,3,Left,78.66,-1,-1,UNKNOWN,None
72.18,31.238,521.618,-2.109,5.441,60.2,-0.0063,3,Left,78.38,-1,-1,UNKNOWN,None
72.196,31.253,521.896,-2.113,5.437,60.11,-0.006,3,Left,78.1,-1,-1,UNKNOWN,None
72.213,31.271,522.174,-2.117,5.433,60.01,-0.006,3,Left,77.83,-1,-1,UNKNOWN,None
72.23,31.286,522.452,-2.121,5.429,59.91,-0.006,3,Left,77.55,-1,-1,UNKNOWN,None
72.23,31.302,522.59,-2.123,5.427,59.86,-0.0059,3,Left,77.41,-1,-1,UNKNOWN,None
72.255,31.317,523.005,-2.13,5.42,59.71,-0.0053,3,Left,76.99,-1,-1,UNKNOWN,None
72.272,31.333,523.286,-2.135,5.415,59.62,-0.0052,3,Left,76.71,-1,-1,UNKNOWN,None
72.289,31.349,523.569,-2.139,5.411,59.54,-0.0047,3,Left,76.43,-1,-1,UNKNOWN,None
72.297,31.365,523.707,-2.142,5.408,59.5,-0.0043,3,Left,76.29,-1,-1,UNKNOWN,None
72.314,31.381,523.984,-2.147,5.403,59.43,-0.004,3,Left,76.02,-1,-1,UNKNOWN,None
72.339,31.397,524.267,-2.152,5.398,59.39,-0.0037,3,Left,75.73,-1,-1,UNKNOWN,None
72.348,31.413,524.548,-2.157,5.393,59.36,-0.0037,3,Left,75.45,-1,-1,UNKNOWN,None
72.365,31.429,524.836,-2.163,5.387,59.35,-0.0037,3,Left,75.16,-1,-1,UNKNOWN,None
72.382,31.445,525.138,-2.169,5.381,59.36,-0.0037,3,Left,74.86,-1,-1,UNKNOWN,None
72.401,31.461,525.276,-2.172,5.378,59.38,-0.0037,3,Left,74.72,-1,-1,UNKNOWN,None
72.413,31.477,525.477,-2.176,5.374,59.42,-0.0037,3,Left,74.52,-1,-1,UNKNOWN,None
72.437,31.493,525.881,-2.185,5.365,59.52,-0.0037,3,Left,74.12,-1,-1,UNKNOWN,None
72.454,31.51,526.156,-2.191,5.359,59.62,-0.0037,3,Left,73.84,-1,-1,UNKNOWN,None
72.471,31.525,526.44,-2.197,5.353,59.73,-0.0037,3,Left,73.56,-1,-1,UNKNOWN,None
72.479,31.541,526.72,-2.203,5.347,59.86,-0.0037,3,Left,73.28,-1,-1,UNKNOWN,None
72.496,31.557,526.997,-2.21,5.34,59.99,-0.0037,3,Left,73.0,-1,-1,UNKNOWN,None
72.505,31.573,527.136,-2.213,5.337,60.06,-0.0037,3,Left,72.86,-1,-1,UNKNOWN,None
72.521,31.589,527.422,-2.22,5.33,60.22,-0.0037,3,Left,72.58,-1,-1,UNKNOWN,None
72.538,31.605,527.73,-2.228,5.322,60.39,-0.0037,3,Left,72.27,-1,-1,UNKNOWN,None
72.557,31.621,528.016,-2.235,5.315,60.53,-0.0037,3,Left,71.98,-1,-1,UNKNOWN,None
72.582,31.637,528.297,-2.242,5.308,60.66,-0.0037,3,Left,71.7,-1,-1,UNKNOWN,None
72.59,31.653,528.578,-2.249,5.301,60.77,-0.0037,3,Left,71.42,-1,-1,UNKNOWN,None
72.615,31.669,528.86,-2.256,5.294,60.87,-0.0037,3,Left,71.14,-1,-1,UNKNOWN,None
72.624,31.685,529.142,-2.264,5.286,60.94,-0.0037,3,Left,70.86,-1,-1,UNKNOWN,None
72.643,31.701,529.324,-2.269,5.281,60.98,-0.0037,3,Left,70.68,-1,-1,UNKNOWN,None
72.659,31.717,529.606,-2.276,5.274,61.01,-0.0037,3,Left,70.39,-1,-1,UNKNOWN,None
72.676,31.733,529.889,-2.284,5.266,61.02,-0.0037,3,Left,70.11,-1,-1,UNKNOWN,None
72.693,31.751,530.171,-2.292,5.258,61.01,-0.0024,3,Left,69.83,-1,-1,UNKNOWN,None
72.701,31.765,530.454,-2.3,5.25,60.98,-0.0024,3,Left,69.55,-1,-1,UNKNOWN,None
72.719,31.781,530.753,-2.309,5.241,60.94,-0.0024,3,Left,69.25,-1,-1,UNKNOWN,None
72.736,31.797,531.045,-2.317,5.233,60.88,-0.0008,3,Left,68.96,-1,-1,UNKNOWN,None
72.761,31.814,531.326,-2.325,5.225,60.82,-0.0008,3,Left,68.67,-1,-1,UNKNOWN,None
72.761,31.83,531.48,-2.33,5.22,60.78,-0.0008,3,Left,68.52,-1,-1,UNKNOWN,None
72.779,31.846,531.761,-2.338,5.212,60.71,-0.0008,3,Left,68.24,-1,-1,UNKNOWN,None
72.804,31.862,532.042,-2.346,5.204,60.63,-0.0008,3,Left,67.96,-1,-1,UNKNOWN,None
72.82,31.878,532.322,-2.355,5.195,60.54,-0.0008,3,Left,67.68,-1,-1,UNKNOWN,None
72.837,31.894,532.602,-2.363,5.187,60.45,-0.0008,3,Left,67.4,-1,-1,UNKNOWN,None
72.837,31.91,532.741,-2.367,5.183,60.4,-0.0008,3,Left,67.26,-1,-1,UNKNOWN,None
72.862,31.926,533.169,-2.38,5.17,60.25,-0.0008,3,Left,66.83,-1,-1,UNKNOWN,None
72.888,31.941,533.45,-2.389,5.161,60.15,0.0002,3,Left,66.55,-1,-1,UNKNOWN,None
72.888,31.958,533.592,-2.393,5.157,60.1,0.0002,3,Left,66.41,-1,-1,UNKNOWN,None
72.915,31.974,533.901,-2.403,5.147,59.99,0.0002,3,Left,66.1,-1,-1,UNKNOWN,None
72.931,31.99,534.178,-2.411,5.139,59.88,0.0002,3,Left,65.82,-1,-1,UNKNOWN,None
72.931,32.006,534.317,-2.416,5.134,59.83,0.0002,3,Left,65.68,-1,-1,UNKNOWN,None
72.965,32.022,534.731,-2.428,5.122,59.68,0.0002,3,Left,65.27,-1,-1,UNKNOWN,None
72.973,32.038,535.007,-2.437,5.113,59.59,0.0002,3,Left,64.99,-1,-1,UNKNOWN,None
72.981,32.054,535.145,-2.441,5.109,59.55,0.0002,3,Left,64.86,-1,-1,UNKNOWN,None
73.015,32.069,535.558,-2.454,5.096,59.45,0.0002,3,Left,64.44,-1,-1,UNKNOWN,None
73.024,32.086,535.843,-2.463,5.087,59.4,0.0002,3,Left,64.16,-1,-1,UNKNOWN,None
73.041,32.102,536.127,-2.472,5.078,59.36,0.0002,3,Left,63.87,-1,-1,UNKNOWN,None
73.058,32.118,536.402,-2.481,5.069,59.35,0.0002,3,Left,63.6,-1,-1,UNKNOWN,None
73.075,32.134,536.545,-2.485,5.065,59.36,0.0002,3,Left,63.45,-1,-1,UNKNOWN,None
73.091,32.15,536.822,-2.494,5.056,59.38,0.0002,3,Left,63.18,-1,-1,UNKNOWN,None
73.109,32.166,537.112,-2.503,5.047,59.43,0.0002,3,Left,62.89,-1,-1,UNKNOWN,None
73.109,32.182,537.261,-2.508,5.042,59.47,0.0002,3,Left,62.74,-1,-1,UNKNOWN,None
73.144,32.197,537.697,-2.522,5.028,59.6,0.0002,3,Left,62.3,-1,-1,UNKNOWN,None
73.153,32.215,537.978,-2.531,5.019,59.71,0.0002,3,Left,62.02,-1,-1,UNKNOWN,None
73.17,32.23,538.13,-2.536,5.014,59.78,0.0002,3,Left,61.87,-1,-1,UNKNOWN,None
73.19,32.246,538.463,-2.546,5.004,59.93,0.0002,3,Left,61.54,-1,-1,UNKNOWN,None
73.202,32.262,538.8,-2.557,4.993,60.11,0.0002,3,Left,61.2,-1,-1,UNKNOWN,None
73.22,32.278,538.956,-2.562,4.988,60.19,0.0002,3,Left,61.04,-1,-1,UNKNOWN,None
73.238,32.294,539.253,-2.571,4.979,60.35,0.0002,3,Left,60.75,-1,-1,UNKNOWN,None
73.246,32.31,539.533,-2.58,4.97,60.51,0.0002,3,Left,60.47,-1,-1,UNKNOWN,None
73.263,32.326,539.813,-2.589,4.961,60.68,0.0002,3,Left,60.19,-1,-1,UNKNOWN,None
73.271,32.341,539.954,-2.594,4.956,60.76,0.0002,3,Left,60.05,-1,-1,UNKNOWN,Left_Broken
73.297,32.357,540.389,-2.608,4.942,61.01,0.0002,3,Left,59.61,-1,-1,UNKNOWN,None
73.305,32.373,540.53,-2.612,4.938,61.09,0.0002,3,Left,59.47,-1,-1,UNKNOWN,None
73.33,32.39,540.813,-2.621,4.929,61.24,0.0002,3,Left,59.19,-1,-1,UNKNOWN,None
73.338,32.405,541.097,-2.63,4.92,61.37,0.0002,3,Left,58.9,-1,-1,UNKNOWN,None
73.363,32.421,541.382,-2.639,4.911,61.48,0.0002,3,Left,58.62,-1,-1,UNKNOWN,None
73.363,32.437,541.524,-2.644,4.906,61.52,0.0002,3,Left,58.48,-1,-1,UNKNOWN,None
73.38,32.453,541.813,-2.653,4.897,61.58,0.0002,3,Left,58.19,-1,-1,UNKNOWN,None
73.407,32.469,542.266,-2.667,4.883,61.62,0.0002,3,Left,57.73,-1,-1,UNKNOWN,None
73.423,32.484,542.551,-2.676,4.874,61.61,0.0002,3,Left,57.45,-1,-1,UNKNOWN,None
73.44,32.502,542.836,-2.685,4.865,61.58,0.0002,3,Left,57.16,-1,-1,UNKNOWN,None
73.465,32.517,543.121,-2.694,4.856,61.54,0.0002,3,Left,56.88,-1,-1,UNKNOWN,None
73.465,32.533,543.263,-2.699,4.851,61.52,0.003,3,Left,56.74,-1,-1,UNKNOWN,None
73.482,32.549,543.548,-2.708,4.842,61.46,0.003,3,Left,56.45,-1,-1,UNKNOWN,None
73.507,32.565,543.832,-2.717,4.833,61.4,0.0049,3,Left,56.17,-1,-1,UNKNOWN,None
73.515,32.585,543.974,-2.721,4.829,61.36,0.0049,3,Left,56.03,-1,-1,UNKNOWN,None
73.532,32.597,544.399,-2.734,4.816,61.26,0.0049,3,Left,55.6,-1,-1,UNKNOWN,Left_Broken
73.548,32.613,544.691,-2.743,4.807,61.17,0.0049,3,Left,55.31,-1,-1,UNKNOWN,None
73.574,32.629,544.975,-2.751,4.799,61.09,0.0049,3,Left,55.02,-1,-1,UNKNOWN,None
73.582,32.645,545.258,-2.76,4.79,61.0,0.0097,3,Left,54.74,-1,-1,UNKNOWN,None
73.599,32.661,545.54,-2.768,4.782,60.91,0.0104,3,Left,54.46,-1,-1,UNKNOWN,None
73.616,32.677,545.824,-2.776,4.774,60.82,0.0104,3,Left,54.18,-1,-1,UNKNOWN,None
73.624,32.693,545.982,-2.78,4.77,60.77,0.0116,3,Left,54.02,-1,-1,UNKNOWN,None
73.651,32.709,546.271,-2.788,4.762,60.68,0.0116,3,Left,53.73,-1,-1,UNKNOWN,None
73.667,32.725,546.552,-2.796,4.754,60.58,0.0116,3,Left,53.45,-1,-1,UNKNOWN,None
73.676,32.741,546.831,-2.803,4.747,60.49,0.0116,3,Left,53.17,-1,-1,UNKNOWN,None
73.684,32.757,546.971,-2.806,4.744,60.44,0.0116,3,Left,53.03,-1,-1,UNKNOWN,None
73.709,32.773,547.39,-2.816,4.734,60.29,0.0116,3,Left,52.61,-1,-1,UNKNOWN,None
73.734,32.79,547.67,-2.823,4.727,60.18,0.0116,3,Left,52.33,-1,-1,UNKNOWN,None
73.751,32.806,547.953,-2.829,4.721,60.07,0.0116,3,Left,52.05,-1,-1,UNKNOWN,None
73.768,32.822,548.231,-2.835,4.715,59.97,0.0116,3,Left,51.77,-1,-1,UNKNOWN,None
73.776,32.838,548.525,-2.842,4.708,59.85,0.012,3,Left,51.47,-1,-1,UNKNOWN,None
73.785,32.855,548.681,-2.845,4.705,59.8,0.012,3,Left,51.32,-1,-1,UNKNOWN,None
73.813,32.87,548.988,-2.851,4.699,59.69,0.012,3,Left,51.01,-1,-1,UNKNOWN,None
73.832,32.886,549.293,-2.856,4.694,59.59,0.012,3,Left,50.71,-1,-1,UNKNOWN,None
73.832,32.902,549.466,-2.859,4.691,59.54,0.0123,3,Left,50.53,-1,-1,UNKNOWN,None
73.851,32.918,549.744,-2.864,4.686,59.47,0.0123,3,Left,50.26,-1,-1,UNKNOWN,None
73.876,32.934,550.019,-2.868,4.682,59.42,0.0126,3,Left,49.98,-1,-1,UNKNOWN,None
73.884,32.95,550.294,-2.872,4.678,59.38,0.0127,3,Left,49.71,-1,-1,UNKNOWN,None
73.902,32.966,550.645,-2.876,4.674,59.37,0.013,3,Left,49.36,-1,-1,UNKNOWN,None
73.914,32.982,550.784,-2.878,4.672,59.37,0.013,3,Left,49.22,-1,-1,UNKNOWN,None
73.939,32.998,551.066,-2.881,4.669,59.4,0.013,3,Left,48.93,-1,-1,UNKNOWN,None
73.956,33.014,551.341,-2.884,4.666,59.45,0.0132,3,Left,48.66,-1,-1,UNKNOWN,None
73.973,33.03,551.618,-2.886,4.664,59.52,0.0132,3,Left,48.38,-1,-1,UNKNOWN,None
73.981,33.046,551.894,-2.888,4.662,59.61,0.0132,3,Left,48.11,-1,-1,UNKNOWN,None
74.006,33.062,552.17,-2.89,4.66,59.72,0.0132,3,Left,47.83,-1,-1,UNKNOWN,None
74.023,33.078,552.447,-2.892,4.658,59.84,0.0132,3,Left,47.55,-1,-1,UNKNOWN,None
74.039,33.095,552.728,-2.893,4.657,59.97,0.0132,3,Left,47.27,-1,-1,UNKNOWN,None
74.048,33.11,553.006,-2.894,4.656,60.11,0.0132,3,Left,46.99,-1,-1,UNKNOWN,None
74.064,33.126,553.285,-2.894,4.656,60.26,0.0132,3,Left,46.72,-1,-1,UNKNOWN,None
74.081,33.142,553.568,-2.894,4.656,60.41,0.0132,3,Left,46.43,-1,-1,UNKNOWN,None
74.106,33.159,553.848,-2.894,4.656,60.55,0.0132,3,Left,46.15,-1,-1,UNKNOWN,None
74.106,33.174,553.993,-2.893,4.657,60.61,0.0132,3,Left,46.01,-1,-1,UNKNOWN,None
74.124,33.19,554.152,-2.893,4.657,60.68,0.0132,3,Left,45.85,-1,-1,UNKNOWN,None
74.148,33.206,554.542,-2.892,4.658,60.82,0.0132,3,Left,45.46,-1,-1,UNKNOWN,None
74.156,33.223,554.824,-2.89,4.66,60.9,0.0132,3,Left,45.18,-1,-1,UNKNOWN,None
74.181,33.238,555.106,-2.888,4.662,60.95,0.0132,3,Left,44.89,-1,-1,UNKNOWN,None
74.189,33.254,555.388,-2.886,4.664,60.98,0.0132,3,Left,44.61,-1,-1,UNKNOWN,None
74.206,33.271,555.533,-2.885,4.665,60.98,0.0132,3,Left,44.47,-1,-1,UNKNOWN,None
74.223,33.286,555.959,-2.88,4.67,60.96,0.0132,3,Left,44.04,-1,-1,UNKNOWN,None
74.24,33.301,556.241,-2.877,4.673,60.93,0.0132,3,Left,43.76,-1,-1,UNKNOWN,None
74.256,33.318,556.523,-2.873,4.677,60.88,0.0132,3,Left,43.48,-1,-1,UNKNOWN,None
74.274,33.333,556.675,-2.871,4.679,60.85,0.0132,3,Left,43.32,-1,-1,UNKNOWN,None
74.291,33.35,556.964,-2.866,4.684,60.78,0.0132,3,Left,43.04,-1,-1,UNKNOWN,None
74.308,33.365,557.249,-2.862,4.688,60.71,0.0132,3,Left,42.75,-1,-1,UNKNOWN,None
74.316,33.381,557.529,-2.857,4.693,60.63,0.0132,3,Left,42.47,-1,-1,UNKNOWN,None
74.333,33.397,557.81,-2.851,4.699,60.55,0.0132,3,Left,42.19,-1,-1,UNKNOWN,None
74.358,33.413,558.09,-2.845,4.705,60.46,0.0132,3,Left,41.91,-1,-1,UNKNOWN,None
74.375,33.429,558.385,-2.839,4.711,60.36,0.0132,3,Left,41.62,-1,-1,UNKNOWN,None
74.384,33.445,558.675,-2.832,4.718,60.26,0.0132,3,Left,41.33,-1,-1,UNKNOWN,None
74.392,33.461,558.816,-2.829,4.721,60.21,0.0132,3,Left,41.18,-1,-1,UNKNOWN,None
74.409,33.478,559.094,-2.822,4.728,60.11,0.0132,3,Left,40.91,-1,-1,UNKNOWN,None
74.426,33.493,559.372,-2.814,4.736,60.01,0.0132,3,Left,40.63,-1,-1,UNKNOWN,None
74.451,33.509,559.649,-2.806,4.744,59.9,0.0132,3,Left,40.35,-1,-1,UNKNOWN,None
74.468,33.525,559.926,-2.798,4.752,59.8,0.0097,3,Left,40.07,-1,-1,UNKNOWN,None
74.484,33.542,560.202,-2.79,4.76,59.69,0.0088,3,Left,39.8,-1,-1,UNKNOWN,None
74.501,33.557,560.478,-2.781,4.769,59.6,0.0081,3,Left,39.52,-1,-1,UNKNOWN,None
74.509,33.573,560.754,-2.772,4.778,59.51,0.0075,3,Left,39.25,-1,-1,UNKNOWN,None
74.526,33.59,561.029,-2.763,4.787,59.44,0.0068,3,Left,38.97,-1,-1,UNKNOWN,None
74.551,33.604,561.304,-2.754,4.796,59.38,0.0062,3,Left,38.7,-1,-1,UNKNOWN,None
74.559,33.621,561.578,-2.744,4.806,59.33,0.006,3,Left,38.42,-1,-1,UNKNOWN,None
74.576,33.637,561.853,-2.734,4.816,59.31,0.006,3,Left,38.15,-1,-1,UNKNOWN,None
74.601,33.654,562.127,-2.724,4.826,59.31,0.006,3,Left,37.87,-1,-1,UNKNOWN,Left_Broken
74.61,33.669,562.272,-2.718,4.832,59.32,0.006,3,Left,37.73,-1,-1,UNKNOWN,None
74.618,33.685,562.55,-2.707,4.843,59.35,0.006,3,Left,37.45,-1,-1,UNKNOWN,None
74.635,33.701,562.824,-2.697,4.853,59.41,0.006,3,Left,37.18,-1,-1,UNKNOWN,None
74.66,33.717,563.1,-2.685,4.865,59.49,0.006,3,Left,36.9,-1,-1,UNKNOWN,None
74.66,33.733,563.237,-2.68,4.87,59.53,0.006,3,Left,36.76,-1,-1,UNKNOWN,None
74.677,33.75,563.513,-2.668,4.882,59.63,0.006,3,Left,36.49,-1,-1,UNKNOWN,None
74.71,33.765,563.928,-2.65,4.9,59.82,0.006,3,Left,36.07,-1,-1,UNKNOWN,None
74.727,33.782,564.205,-2.638,4.912,59.95,0.006,3,Left,35.8,-1,-1,UNKNOWN,None
74.735,33.796,564.483,-2.626,4.924,60.1,0.006,3,Left,35.52,-1,-1,UNKNOWN,None
74.743,33.814,564.625,-2.619,4.931,60.18,0.006,3,Left,35.37,-1,-1,UNKNOWN,None
74.771,33.83,564.949,-2.605,4.945,60.35,0.006,3,Left,35.05,-1,-1,UNKNOWN,None
74.788,33.846,565.238,-2.591,4.959,60.5,0.006,3,Left,34.76,-1,-1,UNKNOWN,None
74.805,33.862,565.523,-2.578,4.972,60.63,0.006,3,Left,34.48,-1,-1,UNKNOWN,None
74.814,33.878,565.804,-2.564,4.986,60.75,0.006,3,Left,34.2,-1,-1,UNKNOWN,None
74.822,33.894,565.945,-2.557,4.993,60.81,0.006,3,Left,34.06,-1,-1,UNKNOWN,None
74.839,33.91,566.262,-2.542,5.008,60.91,0.006,3,Left,33.74,-1,-1,UNKNOWN,None
74.862,33.926,566.649,-2.523,5.027,61.0,0.006,3,Left,33.35,-1,-1,UNKNOWN,Left_Broken
74.88,33.942,566.931,-2.508,5.042,61.03,0.006,3,Left,33.07,-1,-1,UNKNOWN,None
74.897,33.958,567.216,-2.494,5.056,61.03,0.006,3,Left,32.78,-1,-1,UNKNOWN,None
74.914,33.974,567.498,-2.479,5.071,61.02,0.006,3,Left,32.5,-1,-1,UNKNOWN,None
74.922,33.99,567.696,-2.468,5.082,61.0,0.006,3,Left,32.3,-1,-1,UNKNOWN,None
74.934,34.006,567.9,-2.458,5.092,60.97,0.006,3,Left,32.1,-1,-1,UNKNOWN,None
74.954,34.022,568.181,-2.442,5.108,60.91,0.006,3,Left,31.82,-1,-1,UNKNOWN,None
74.972,34.038,568.476,-2.426,5.124,60.85,0.006,3,Left,31.52,-1,-1,UNKNOWN,None
74.988,34.055,568.757,-2.411,5.139,60.78,0.006,3,Left,31.24,-1,-1,UNKNOWN,None
75.013,34.071,569.039,-2.395,5.155,60.7,0.006,3,Left,30.96,-1,-1,UNKNOWN,None
75.032,34.086,569.355,-2.377,5.173,60.6,0.006,3,Left,30.65,-1,-1,UNKNOWN,None
75.041,34.102,569.644,-2.361,5.189,60.51,-0.0009,3,Left,30.36,-1,-1,UNKNOWN,None
75.049,34.118,569.793,-2.353,5.197,60.46,-0.0009,3,Left,30.21,-1,-1,UNKNOWN,None
75.067,34.134,570.072,-2.337,5.213,60.37,-0.0009,3,Left,29.93,-1,-1,UNKNOWN,None
75.083,34.151,570.35,-2.321,5.229,60.27,-0.0009,3,Left,29.65,-1,-1,UNKNOWN,None
75.108,34.166,570.629,-2.305,5.245,60.17,-0.0009,3,Left,29.37,-1,-1,UNKNOWN,None
75.125,34.183,570.906,-2.289,5.261,60.07,-0.0009,3,Left,29.09,-1,-1,UNKNOWN,None
75.142,34.198,571.184,-2.273,5.277,59.97,-0.0009,3,Left,28.82,-1,-1,UNKNOWN,None
75.151,34.214,571.479,-2.256,5.294,59.85,-0.0056,3,Left,28.52,-1,-1,UNKNOWN,None
75.168,34.229,571.756,-2.24,5.31,59.75,-0.006,3,Left,28.24,-1,-1,UNKNOWN,None
75.184,34.246,572.032,-2.224,5.326,59.66,-0.006,3,Left,27.97,-1,-1,UNKNOWN,None
75.201,34.262,572.307,-2.208,5.342,59.57,-0.0065,3,Left,27.69,-1,-1,UNKNOWN,None
75.209,34.278,572.445,-2.2,5.35,59.54,-0.0069,3,Left,27.55,-1,-1,UNKNOWN,None
75.234,34.295,572.72,-2.184,5.366,59.47,-0.0072,3,Left,27.28,-1,-1,UNKNOWN,None
75.251,34.31,572.998,-2.168,5.382,59.42,-0.0075,3,Left,27.0,-1,-1,UNKNOWN,None
75.26,34.326,573.297,-2.152,5.398,59.39,-0.0079,3,Left,26.7,-1,-1,UNKNOWN,None
75.287,34.341,573.584,-2.135,5.415,59.38,-0.0082,3,Left,26.42,-1,-1,UNKNOWN,None
75.296,34.357,573.87,-2.119,5.431,59.39,-0.0086,3,Left,26.13,-1,-1,UNKNOWN,None
75.313,34.373,574.145,-2.104,5.446,59.43,-0.0091,3,Left,25.86,-1,-1,UNKNOWN,None
75.321,34.389,574.282,-2.097,5.453,59.46,-0.0094,3,Left,25.72,-1,-1,UNKNOWN,None
75.346,34.405,574.558,-2.082,5.468,59.53,-0.0098,3,Left,25.44,-1,-1,UNKNOWN,None
75.354,34.421,574.833,-2.067,5.483,59.62,-0.01,3,Left,25.17,-1,-1,UNKNOWN,None
75.371,34.437,575.109,-2.052,5.498,59.73,-0.0102,3,Left,24.89,-1,-1,UNKNOWN,None
75.396,34.454,575.386,-2.037,5.513,59.85,-0.0104,3,Left,24.61,-1,-1,UNKNOWN,None
75.413,34.469,575.663,-2.023,5.527,59.98,-0.0107,3,Left,24.34,-1,-1,UNKNOWN,None
75.422,34.485,575.971,-2.007,5.543,60.14,-0.0107,3,Left,24.03,-1,-1,UNKNOWN,None
75.431,34.501,576.134,-1.999,5.551,60.23,-0.0107,3,Left,23.87,-1,-1,UNKNOWN,None
75.459,34.517,576.442,-1.983,5.567,60.4,-0.0107,3,Left,23.56,-1,-1,UNKNOWN,None
75.469,34.533,576.748,-1.968,5.582,60.56,-0.0107,3,Left,23.25,-1,-1,UNKNOWN,None
75.494,34.548,577.029,-1.955,5.595,60.7,-0.0107,3,Left,22.97,-1,-1,UNKNOWN,None
75.503,34.565,577.314,-1.941,5.609,60.83,-0.0107,3,Left,22.69,-1,-1,UNKNOWN,None
75.521,34.581,577.49,-1.933,5.617,60.91,-0.0107,3,Left,22.51,-1,-1,UNKNOWN,None
75.54,34.597,577.806,-1.918,5.632,61.02,-0.0107,3,Left,22.19,-1,-1,UNKNOWN,None
75.548,34.613,578.088,-1.905,5.645,61.1,-0.0107,3,Left,21.91,-1,-1,UNKNOWN,None
75.567,34.629,578.255,-1.898,5.652,61.13,-0.0107,3,Left,21.75,-1,-1,UNKNOWN,None
75.578,34.645,578.586,-1.884,5.666,61.18,-0.0107,3,Left,21.41,-1,-1,UNKNOWN,None
75.604,34.66,578.885,-1.871,5.679,61.19,-0.0107,3,Left,21.12,-1,-1,UNKNOWN,None
75.604,34.677,579.044,-1.864,5.686,61.19,-0.0107,3,Left,20.96,-1,-1,UNKNOWN,None
75.632,34.693,579.507,-1.845,5.705,61.16,-0.0107,3,Left,20.49,-1,-1,UNKNOWN,None
75.65,34.709,579.665,-1.839,5.711,61.14,-0.0107,3,Left,20.34,-1,-1,UNKNOWN,None
75.667,34.725,579.956,-1.828,5.722,61.1,-0.0107,3,Left,20.04,-1,-1,UNKNOWN,None
75.675,34.741,580.277,-1.816,5.734,61.05,-0.0107,3,Left,19.72,-1,-1,UNKNOWN,None
75.686,34.761,580.521,-1.807,5.743,61.02,-0.0107,3,Left,19.48,-1,-1,UNKNOWN,None
75.7,34.773,580.712,-1.8,5.75,61.0,-0.0107,3,Left,19.29,-1,-1,UNKNOWN,None
75.732,34.789,581.063,-1.788,5.762,60.94,-0.0107,3,Left,18.94,-1,-1,UNKNOWN,None
75.742,34.807,581.38,-1.777,5.773,60.87,-0.0107,3,Left,18.62,-1,-1,UNKNOWN,None
75.768,34.822,581.675,-1.768,5.782,60.79,-0.0107,3,Left,18.33,-1,-1,UNKNOWN,None
75.777,34.838,581.96,-1.759,5.791,60.71,-0.0107,3,Left,18.04,-1,-1,UNKNOWN,None
75.785,34.854,582.112,-1.754,5.796,60.67,-0.0107,3,Left,17.89,-1,-1,UNKNOWN,None
75.803,34.87,582.393,-1.746,5.804,60.58,-0.0107,3,Left,17.61,-1,-1,UNKNOWN,None
75.819,34.885,582.673,-1.738,5.812,60.49,-0.0107,3,Left,17.33,-1,-1,UNKNOWN,None
75.839,34.903,582.862,-1.733,5.817,60.43,-0.0107,3,Left,17.14,-1,-1,UNKNOWN,None
75.851,34.919,583.199,-1.724,5.826,60.31,-0.0107,3,Left,16.8,-1,-1,UNKNOWN,None
75.867,34.934,583.481,-1.716,5.834,60.21,-0.0107,3,Left,16.52,-1,-1,UNKNOWN,None
75.894,34.951,583.775,-1.709,5.841,60.1,-0.0107,3,Left,16.22,-1,-1,UNKNOWN,None
75.911,34.967,584.062,-1.702,5.848,59.99,-0.0107,3,Left,15.94,-1,-1,UNKNOWN,None
75.92,34.983,584.354,-1.696,5.854,59.88,-0.0107,3,Left,15.65,-1,-1,UNKNOWN,None
75.946,34.998,584.646,-1.69,5.86,59.77,-0.0107,3,Left,15.35,-1,-1,UNKNOWN,None
75.946,35.014,584.784,-1.687,5.863,59.72,-0.0107,3,Left,15.22,-1,-1,UNKNOWN,None
75.963,35.03,585.125,-1.681,5.869,59.61,-0.0107,3,Left,14.87,-1,-1,UNKNOWN,None
75.986,35.046,585.446,-1.675,5.875,59.52,-0.0107,3,Left,14.55,-1,-1,UNKNOWN,None
75.994,35.062,585.584,-1.672,5.878,59.49,-0.0107,3,Left,14.42,-1,-1,UNKNOWN,None
76.011,35.078,585.859,-1.668,5.882,59.44,-0.0107,3,Left,14.14,-1,-1,UNKNOWN,None
76.028,35.094,586.134,-1.664,5.886,59.41,-0.0107,3,Left,13.87,-1,-1,UNKNOWN,None
76.053,35.11,586.409,-1.66,5.89,59.39,-0.0107,3,Left,13.59,-1,-1,UNKNOWN,None
76.061,35.127,586.688,-1.656,5.894,59.4,-0.0107,3,Left,13.31,-1,-1,UNKNOWN,None
76.078,35.142,586.963,-1.653,5.897,59.43,-0.0107,3,Left,13.04,-1,-1,UNKNOWN,None
76.104,35.157,587.256,-1.65,5.9,59.5,-0.0107,3,Left,12.74,-1,-1,UNKNOWN,None
76.104,35.174,587.394,-1.649,5.901,59.53,-0.0107,3,Left,12.61,-1,-1,UNKNOWN,None
76.129,35.19,587.813,-1.645,5.905,59.67,-0.0102,3,Left,12.19,-1,-1,UNKNOWN,None
76.138,35.206,587.951,-1.644,5.906,59.73,-0.01,3,Left,12.05,-1,-1,UNKNOWN,None
76.154,35.222,588.228,-1.642,5.908,59.84,-0.0098,3,Left,11.77,-1,-1,UNKNOWN,None
76.171,35.238,588.506,-1.641,5.909,59.97,-0.0095,3,Left,11.49,-1,-1,UNKNOWN,None
76.199,35.254,588.833,-1.639,5.911,60.14,-0.0094,3,Left,11.17,-1,-1,UNKNOWN,None
76.21,35.27,589.162,-1.638,5.912,60.32,-0.0094,3,Left,10.84,-1,-1,UNKNOWN,None
76.227,35.286,589.306,-1.638,5.912,60.4,-0.0094,3,Left,10.69,-1,-1,UNKNOWN,None
76.244,35.302,589.587,-1.637,5.913,60.54,-0.0094,3,Left,10.41,-1,-1,UNKNOWN,None
76.252,35.318,589.873,-1.637,5.913,60.69,-0.0094,3,Left,10.13,-1,-1,UNKNOWN,None
76.277,35.333,590.155,-1.637,5.913,60.82,-0.0094,3,Left,9.85,-1,-1,UNKNOWN,None
76.286,35.349,590.437,-1.637,5.913,60.93,-0.0094,3,Left,9.56,-1,-1,UNKNOWN,None
76.311,35.365,590.719,-1.638,5.912,61.02,-0.0094,3,Left,9.28,-1,-1,UNKNOWN,None
76.319,35.382,591.002,-1.638,5.912,61.08,-0.0094,3,Left,9.0,-1,-1,UNKNOWN,None
76.336,35.397,591.287,-1.64,5.91,61.11,-0.0094,3,Left,8.71,-1,-1,UNKNOWN,None
76.344,35.413,591.435,-1.64,5.91,61.12,-0.0094,3,Left,8.56,-1,-1,UNKNOWN,None
76.37,35.429,591.729,-1.642,5.908,61.12,-0.0094,3,Left,8.27,-1,-1,UNKNOWN,None
76.387,35.445,592.012,-1.644,5.906,61.09,-0.0094,3,Left,7.99,-1,-1,UNKNOWN,None
76.404,35.462,592.298,-1.646,5.904,61.05,-0.0094,3,Left,7.7,-1,-1,UNKNOWN,None
76.412,35.477,592.581,-1.649,5.901,61.01,-0.0094,3,Left,7.42,-1,-1,UNKNOWN,None
76.429,35.493,592.863,-1.651,5.899,60.95,-0.0094,3,Left,7.14,-1,-1,UNKNOWN,None
76.454,35.509,593.145,-1.654,5.896,60.88,-0.0094,3,Left,6.86,-1,-1,UNKNOWN,None
76.462,35.525,593.427,-1.657,5.893,60.8,-0.0094,3,Left,6.57,-1,-1,UNKNOWN,None
76.487,35.542,593.708,-1.661,5.889,60.72,-0.0094,3,Left,6.29,-1,-1,UNKNOWN,None
76.495,35.557,593.989,-1.665,5.885,60.64,-0.0094,3,Left,6.01,-1,-1,UNKNOWN,None
76.512,35.573,594.269,-1.669,5.881,60.55,-0.0094,3,Left,5.73,-1,-1,UNKNOWN,None
76.52,35.589,594.409,-1.671,5.879,60.5,-0.0094,3,Left,5.59,-1,-1,UNKNOWN,None
76.537,35.605,594.689,-1.675,5.875,60.41,-0.0094,3,Left,5.31,-1,-1,UNKNOWN,None
76.537,35.621,594.689,-1.675,5.875,60.41,-0.0094,3,Left,5.31,-1,-1,UNKNOWN,None
76.579,35.637,595.251,-1.685,5.865,60.21,-0.0094,3,Left,4.75,-1,-1,UNKNOWN,None
76.588,35.654,595.543,-1.691,5.859,60.1,-0.0094,3,Left,4.46,-1,-1,UNKNOWN,None
76.613,35.67,595.821,-1.696,5.854,60.0,-0.0094,3,Left,4.18,-1,-1,UNKNOWN,None
76.63,35.686,596.098,-1.702,5.848,59.9,-0.0088,3,Left,3.9,-1,-1,UNKNOWN,None
76.638,35.702,596.375,-1.708,5.842,59.8,-0.0086,3,Left,3.63,-1,-1,UNKNOWN,None
76.663,35.717,596.651,-1.714,5.836,59.71,-0.0084,3,Left,3.35,-1,-1,UNKNOWN,None
76.672,35.733,596.942,-1.721,5.829,59.62,-0.0082,3,Left,3.06,-1,-1,UNKNOWN,None
76.689,35.75,597.217,-1.728,5.822,59.55,-0.0079,3,Left,2.78,-1,-1,UNKNOWN,None
76.697,35.765,597.355,-1.731,5.819,59.52,-0.0078,3,Left,2.65,-1,-1,UNKNOWN,None
76.722,35.781,597.63,-1.738,5.812,59.47,-0.0072,3,Left,2.37,-1,-1,UNKNOWN,None
76.739,35.797,597.905,-1.746,5.804,59.44,-0.0069,3,Left,2.09,-1,-1,UNKNOWN,None
76.756,35.815,598.18,-1.753,5.797,59.43,-0.0065,3,Left,1.82,-1,-1,UNKNOWN,None
76.764,35.83,598.455,-1.761,5.789,59.44,-0.006,3,Left,1.54,-1,-1,UNKNOWN,None
76.789,35.847,598.731,-1.769,5.781,59.47,-0.0053,3,Left,1.27,-1,-1,UNKNOWN,None
76.806,35.862,599.01,-1.777,5.773,59.53,-0.0047,3,Left,0.99,-1,-1,UNKNOWN,None
76.823,35.878,599.286,-1.786,5.764,59.61,-0.0037,3,Left,0.71,-1,-1,UNKNOWN,None
76.84,35.894,599.567,-1.794,5.756,59.71,-0.0028,3,Left,0.43,-1,-1,UNKNOWN,None
76.856,35.911,599.843,-1.803,5.747,59.82,-0.0018,3,Left,0.16,-1,-1,UNKNOWN,None
76.873,35.926,600.12,-1.812,5.738,59.95,-0.0009,4,Right,149.88,-1,-1,UNKNOWN,None
76.881,35.942,600.398,-1.821,5.729,60.08,-0.0001,4,Right,149.6,-1,-1,UNKNOWN,None
76.89,35.958,600.538,-1.825,5.725,60.15,-0.0001,4,Right,149.46,-1,-1,UNKNOWN,None
76.915,35.974,600.816,-1.834,5.716,60.3,-0.0001,4,Right,149.18,-1,-1,UNKNOWN,None
76.923,35.99,601.144,-1.845,5.705,60.46,-0.0001,4,Right,148.86,-1,-1,UNKNOWN,None
76.934,36.006,601.284,-1.85,5.7,60.53,-0.0001,4,Right,148.72,-1,-1,UNKNOWN,None
76.967,36.022,601.705,-1.864,5.686,60.69,0.0028,4,Right,148.3,-1,-1,UNKNOWN,None
76.976,36.038,601.986,-1.873,5.677,60.78,0.0028,4,Right,148.01,-1,-1,UNKNOWN,None
76.993,36.055,602.269,-1.883,5.667,60.85,0.0028,4,Right,147.73,-1,-1,UNKNOWN,None
77.009,36.07,602.553,-1.893,5.657,60.9,0.0028,4,Right,147.45,-1,-1,UNKNOWN,None
77.026,36.087,602.835,-1.902,5.648,60.94,0.0028,4,Right,147.17,-1,-1,UNKNOWN,None
77.034,36.102,602.976,-1.907,5.643,60.95,0.0028,4,Right,147.02,-1,-1,UNKNOWN,None
77.059,36.118,603.258,-1.917,5.633,60.97,0.0028,4,Right,146.74,-1,-1,UNKNOWN,None
77.059,36.134,603.399,-1.922,5.628,60.97,0.0028,4,Right,146.6,-1,-1,UNKNOWN,None
77.09,36.15,603.784,-1.935,5.615,60.95,0.0028,4,Right,146.22,-1,-1,UNKNOWN,None
77.107,36.166,604.066,-1.944,5.606,60.92,0.0028,4,Right,145.93,-1,-1,UNKNOWN,None
77.115,36.182,604.401,-1.956,5.594,60.86,0.0028,4,Right,145.6,-1,-1,UNKNOWN,None
77.136,36.198,604.703,-1.966,5.584,60.79,0.0028,4,Right,145.3,-1,-1,UNKNOWN,None
77.154,36.214,604.995,-1.976,5.574,60.72,0.0028,4,Right,145.01,-1,-1,UNKNOWN,None
77.172,36.23,605.158,-1.982,5.568,60.68,0.0028,4,Right,144.84,-1,-1,UNKNOWN,None
77.18,36.246,605.466,-1.992,5.558,60.59,0.0028,4,Right,144.53,-1,-1,UNKNOWN,None
77.207,36.262,605.746,-2.002,5.548,60.5,0.0028,4,Right,144.25,-1,-1,UNKNOWN,None
77.215,36.279,606.026,-2.011,5.539,60.41,0.0028,4,Right,143.97,-1,-1,UNKNOWN,None
77.24,36.294,606.305,-2.02,5.53,60.31,0.0028,4,Right,143.7,-1,-1,UNKNOWN,None
77.249,36.31,606.591,-2.03,5.52,60.21,0.0028,4,Right,143.41,-1,-1,UNKNOWN,None
77.274,36.331,606.869,-2.039,5.511,60.11,0.0028,4,Right,143.13,-1,-1,UNKNOWN,None
77.282,36.34,607.008,-2.044,5.506,60.05,0.0028,4,Right,142.99,-1,-1,UNKNOWN,None
77.299,36.357,607.286,-2.053,5.497,59.95,0.0028,4,Right,142.71,-1,-1,UNKNOWN,None
77.316,36.373,607.563,-2.062,5.488,59.85,0.0014,4,Right,142.44,-1,-1,UNKNOWN,None
77.332,36.388,607.839,-2.071,5.479,59.74,0.0014,4,Right,142.16,-1,-1,UNKNOWN,None
77.342,36.406,608.133,-2.08,5.47,59.64,0.0014,4,Right,141.87,-1,-1,UNKNOWN,None
77.367,36.421,608.409,-2.089,5.461,59.56,0.0014,4,Right,141.59,-1,-1,UNKNOWN,None
77.376,36.437,608.705,-2.099,5.451,59.48,0.0014,4,Right,141.3,-1,-1,UNKNOWN,None
77.393,36.453,608.98,-2.107,5.443,59.42,0.0014,4,Right,141.02,-1,-1,UNKNOWN,None
77.41,36.469,609.117,-2.112,5.438,59.4,0.0014,4,Right,140.88,-1,-1,UNKNOWN,None
77.426,36.485,609.392,-2.121,5.429,59.37,0.0014,4,Right,140.61,-1,-1,UNKNOWN,None
77.443,36.501,609.667,-2.129,5.421,59.36,0.0014,4,Right,140.33,-1,-1,UNKNOWN,None
77.451,36.518,609.942,-2.138,5.412,59.37,0.0014,4,Right,140.06,-1,-1,UNKNOWN,None
77.476,36.534,610.216,-2.146,5.404,59.41,0.0014,4,Right,139.78,-1,-1,UNKNOWN,None
77.476,36.549,610.354,-2.151,5.399,59.44,0.0014,4,Right,139.65,-1,-1,UNKNOWN,None
77.501,36.565,610.767,-2.163,5.387,59.55,0.0014,4,Right,139.23,-1,-1,UNKNOWN,None
77.518,36.58,611.043,-2.172,5.378,59.65,0.0014,4,Right,138.96,-1,-1,UNKNOWN,None
77.543,36.597,611.319,-2.18,5.37,59.76,0.0014,4,Right,138.68,-1,-1,UNKNOWN,None
77.543,36.613,611.498,-2.186,5.364,59.84,0.0017,4,Right,138.5,-1,-1,UNKNOWN,None
77.57,36.629,611.775,-2.194,5.356,59.97,0.0021,4,Right,138.22,-1,-1,UNKNOWN,None
77.587,36.645,612.053,-2.202,5.348,60.11,0.0023,4,Right,137.95,-1,-1,UNKNOWN,None
77.604,36.661,612.334,-2.211,5.339,60.27,0.0023,4,Right,137.67,-1,-1,UNKNOWN,None
77.612,36.677,612.634,-2.219,5.331,60.43,0.0023,4,Right,137.37,-1,-1,UNKNOWN,None
77.63,36.694,612.914,-2.228,5.322,60.57,0.0037,4,Right,137.09,-1,-1,UNKNOWN,None
77.638,36.708,613.055,-2.232,5.318,60.63,0.0037,4,Right,136.95,-1,-1,UNKNOWN,None
77.672,36.726,613.477,-2.244,5.306,60.82,0.0037,4,Right,136.52,-1,-1,UNKNOWN,None
77.68,36.741,613.758,-2.252,5.298,60.92,0.0056,4,Right,136.24,-1,-1,UNKNOWN,None
77.697,36.757,614.041,-2.26,5.29,61.02,0.006,4,Right,135.96,-1,-1,UNKNOWN,None
77.715,36.774,614.216,-2.264,5.286,61.08,0.0068,4,Right,135.78,-1,-1,UNKNOWN,None
77.732,36.789,614.499,-2.272,5.278,61.17,0.0072,4,Right,135.5,-1,-1,UNKNOWN,None
77.75,36.806,614.801,-2.28,5.27,61.27,0.0076,4,Right,135.2,-1,-1,UNKNOWN,None
77.758,36.822,615.085,-2.287,5.263,61.38,0.0076,4,Right,134.91,-1,-1,UNKNOWN,None
77.783,36.838,615.37,-2.295,5.255,61.48,0.0076,4,Right,134.63,-1,-1,UNKNOWN,None
77.8,36.854,615.656,-2.302,5.248,61.58,0.0076,4,Right,134.34,-1,-1,UNKNOWN,None
77.816,36.87,615.941,-2.309,5.241,61.66,0.0076,4,Right,134.06,-1,-1,UNKNOWN,None
77.825,36.886,616.227,-2.316,5.234,61.71,0.0076,4,Right,133.77,-1,-1,UNKNOWN,None
77.841,36.902,616.513,-2.322,5.228,61.74,0.0076,4,Right,133.49,-1,-1,UNKNOWN,None
77.85,36.918,616.656,-2.325,5.225,61.74,0.0076,4,Right,133.34,-1,-1,UNKNOWN,None
77.866,36.934,616.941,-2.332,5.218,61.74,0.0076,4,Right,133.06,-1,-1,UNKNOWN,None
77.883,36.95,617.227,-2.338,5.212,61.71,0.0076,4,Right,132.77,-1,-1,UNKNOWN,None
77.908,36.966,617.512,-2.344,5.206,61.67,0.0076,4,Right,132.49,-1,-1,UNKNOWN,None
77.925,36.982,617.798,-2.35,5.2,61.62,0.0076,4,Right,132.2,-1,-1,UNKNOWN,None
77.933,36.998,618.083,-2.356,5.194,61.55,0.0076,4,Right,131.92,-1,-1,UNKNOWN,None
77.95,37.014,618.367,-2.361,5.189,61.48,0.0076,4,Right,131.63,-1,-1,UNKNOWN,None
77.966,37.03,618.652,-2.366,5.184,61.4,0.0076,4,Right,131.35,-1,-1,UNKNOWN,None
77.991,37.047,618.936,-2.372,5.178,61.32,0.0076,4,Right,131.06,-1,-1,UNKNOWN,None
78.0,37.062,619.219,-2.376,5.174,61.23,0.0084,4,Right,130.78,-1,-1,UNKNOWN,None
78.016,37.078,619.502,-2.381,5.169,61.14,0.0084,4,Right,130.5,-1,-1,UNKNOWN,None
78.034,37.094,619.793,-2.386,5.164,61.04,0.0084,4,Right,130.21,-1,-1,UNKNOWN,None
78.05,37.11,619.934,-2.388,5.162,60.99,0.0084,4,Right,130.07,-1,-1,UNKNOWN,None
78.067,37.126,620.216,-2.392,5.158,60.89,0.0084,4,Right,129.78,-1,-1,UNKNOWN,None
78.067,37.142,620.357,-2.394,5.156,60.84,0.0084,4,Right,129.64,-1,-1,UNKNOWN,None
78.101,37.158,620.794,-2.399,5.151,60.67,0.0084,4,Right,129.21,-1,-1,UNKNOWN,None
78.118,37.174,621.074,-2.403,5.147,60.57,0.0084,4,Right,128.93,-1,-1,UNKNOWN,None
78.118,37.19,621.214,-2.405,5.145,60.51,0.0084,4,Right,128.79,-1,-1,UNKNOWN,None
78.151,37.206,621.634,-2.409,5.141,60.35,0.0084,4,Right,128.37,-1,-1,UNKNOWN,None
78.168,37.222,621.915,-2.412,5.138,60.25,0.0084,4,Right,128.09,-1,-1,UNKNOWN,None
78.177,37.238,622.197,-2.414,5.136,60.14,0.0084,4,Right,127.8,-1,-1,UNKNOWN,None
78.185,37.254,622.349,-2.416,5.134,60.08,0.0084,4,Right,127.65,-1,-1,UNKNOWN,None
78.211,37.27,622.627,-2.418,5.132,59.97,0.0084,4,Right,127.37,-1,-1,UNKNOWN,None
78.219,37.286,622.766,-2.419,5.131,59.91,0.0084,4,Right,127.23,-1,-1,UNKNOWN,None
78.219,37.302,622.904,-2.42,5.13,59.86,0.0084,4,Right,127.1,-1,-1,UNKNOWN,None
78.244,37.318,623.332,-2.422,5.128,59.7,0.0084,4,Right,126.67,-1,-1,UNKNOWN,None
78.278,37.333,623.746,-2.424,5.126,59.56,0.0081,4,Right,126.25,-1,-1,UNKNOWN,None
78.295,37.35,624.022,-2.425,5.125,59.49,0.0079,4,Right,125.98,-1,-1,UNKNOWN,None
78.303,37.365,624.297,-2.425,5.125,59.43,0.0076,4,Right,125.7,-1,-1,UNKNOWN,None
78.32,37.382,624.572,-2.426,5.124,59.38,0.0075,4,Right,125.43,-1,-1,UNKNOWN,None
78.337,37.397,624.853,-2.426,5.124,59.36,0.0069,4,Right,125.15,-1,-1,UNKNOWN,None
78.354,37.413,625.003,-2.426,5.124,59.35,0.0068,4,Right,125.0,-1,-1,UNKNOWN,None
78.354,37.429,625.14,-2.426,5.124,59.36,0.0065,4,Right,124.86,-1,-1,UNKNOWN,None
78.389,37.445,625.576,-2.426,5.124,59.4,0.006,4,Right,124.42,-1,-1,UNKNOWN,None
78.389,37.461,625.713,-2.426,5.124,59.43,0.006,4,Right,124.29,-1,-1,UNKNOWN,None
78.422,37.477,626.127,-2.425,5.125,59.54,0.0056,4,Right,123.87,-1,-1,UNKNOWN,None
78.431,37.493,626.402,-2.424,5.126,59.64,0.0053,4,Right,123.6,-1,-1,UNKNOWN,None
78.439,37.51,626.541,-2.424,5.126,59.69,0.005,4,Right,123.46,-1,-1,UNKNOWN,None
78.464,37.526,626.956,-2.422,5.128,59.88,0.0049,4,Right,123.04,-1,-1,UNKNOWN,None
78.481,37.541,627.234,-2.421,5.129,60.02,0.0044,4,Right,122.77,-1,-1,UNKNOWN,None
78.497,37.557,627.373,-2.42,5.13,60.09,0.004,4,Right,122.63,-1,-1,UNKNOWN,None
78.506,37.573,627.652,-2.418,5.132,60.24,0.004,4,Right,122.35,-1,-1,UNKNOWN,None
78.531,37.59,627.931,-2.417,5.133,60.39,0.004,4,Right,122.07,-1,-1,UNKNOWN,None
78.548,37.605,628.223,-2.415,5.135,60.54,0.004,4,Right,121.78,-1,-1,UNKNOWN,None
78.548,37.621,628.371,-2.413,5.137,60.62,0.004,4,Right,121.63,-1,-1,UNKNOWN,None
78.582,37.638,628.801,-2.41,5.14,60.79,0.004,4,Right,121.2,-1,-1,UNKNOWN,None
78.6,37.654,629.093,-2.408,5.142,60.87,0.004,4,Right,120.91,-1,-1,UNKNOWN,None
78.608,37.669,629.375,-2.405,5.145,60.93,0.004,4,Right,120.62,-1,-1,UNKNOWN,None
78.616,37.685,629.52,-2.404,5.146,60.94,0.004,4,Right,120.48,-1,-1,UNKNOWN,None
78.633,37.701,629.802,-2.401,5.149,60.95,0.004,4,Right,120.2,-1,-1,UNKNOWN,None
78.658,37.718,630.084,-2.398,5.152,60.94,0.004,4,Right,119.92,-1,-1,UNKNOWN,None
78.675,37.736,630.507,-2.393,5.157,60.89,0.004,4,Right,119.49,-1,-1,UNKNOWN,None
78.692,37.749,630.652,-2.392,5.158,60.87,-0.0002,4,Right,119.35,-1,-1,UNKNOWN,None
78.709,37.766,630.937,-2.389,5.161,60.81,-0.0002,4,Right,119.06,-1,-1,UNKNOWN,None
78.709,37.781,631.078,-2.387,5.163,60.78,-0.0002,4,Right,118.92,-1,-1,UNKNOWN,None
78.726,37.797,631.419,-2.383,5.167,60.71,-0.0002,4,Right,118.58,-1,-1,UNKNOWN,None
78.746,37.814,631.714,-2.379,5.171,60.63,-0.0002,4,Right,118.29,-1,-1,UNKNOWN,None
78.763,37.83,632.001,-2.376,5.174,60.55,-0.0002,4,Right,118.0,-1,-1,UNKNOWN,None
78.772,37.846,632.141,-2.374,5.176,60.51,-0.0002,4,Right,117.86,-1,-1,UNKNOWN,None
78.797,37.862,632.561,-2.369,5.181,60.37,-0.0002,4,Right,117.44,-1,-1,UNKNOWN,None
78.813,37.878,632.845,-2.365,5.185,60.27,-0.0002,4,Right,117.16,-1,-1,UNKNOWN,None
78.83,37.893,632.984,-2.363,5.187,60.23,-0.0002,4,Right,117.02,-1,-1,UNKNOWN,None
78.855,37.91,633.402,-2.358,5.192,60.08,-0.0002,4,Right,116.6,-1,-1,UNKNOWN,None
78.872,37.926,633.679,-2.354,5.196,59.97,-0.0002,4,Right,116.32,-1,-1,UNKNOWN,None
78.881,37.942,633.831,-2.352,5.198,59.92,-0.0002,4,Right,116.17,-1,-1,UNKNOWN,None
78.891,37.958,634.135,-2.348,5.202,59.8,-0.0002,4,Right,115.87,-1,-1,UNKNOWN,None
78.916,37.974,634.411,-2.344,5.206,59.71,-0.0002,4,Right,115.59,-1,-1,UNKNOWN,None
78.924,37.99,634.687,-2.34,5.21,59.62,-0.0002,4,Right,115.31,-1,-1,UNKNOWN,None
78.941,38.006,634.963,-2.336,5.214,59.54,-0.0002,4,Right,115.04,-1,-1,UNKNOWN,None
78.949,38.022,635.101,-2.334,5.216,59.51,-0.0002,4,Right,114.9,-1,-1,UNKNOWN,None
78.975,38.039,635.516,-2.328,5.222,59.43,-0.0002,4,Right,114.48,-1,-1,UNKNOWN,None
79.0,38.053,635.791,-2.325,5.225,59.4,-0.0005,4,Right,114.21,-1,-1,UNKNOWN,None
79.008,38.07,636.065,-2.321,5.229,59.39,-0.0005,4,Right,113.93,-1,-1,UNKNOWN,None
79.025,38.086,636.34,-2.317,5.233,59.4,-0.0005,4,Right,113.66,-1,-1,UNKNOWN,None
79.041,38.102,636.616,-2.313,5.237,59.44,-0.0008,4,Right,113.38,-1,-1,UNKNOWN,None
79.066,38.118,636.891,-2.309,5.241,59.5,-0.0012,4,Right,113.11,-1,-1,UNKNOWN,None
79.075,38.134,637.029,-2.307,5.243,59.54,-0.0017,4,Right,112.97,-1,-1,UNKNOWN,None
79.083,38.15,637.306,-2.303,5.247,59.63,-0.0024,4,Right,112.69,-1,-1,UNKNOWN,None
79.108,38.166,637.583,-2.299,5.251,59.73,-0.0031,4,Right,112.42,-1,-1,UNKNOWN,None
79.125,38.182,637.86,-2.295,5.255,59.85,-0.0037,4,Right,112.14,-1,-1,UNKNOWN,None
79.141,38.198,638.137,-2.291,5.259,59.99,-0.0044,4,Right,111.86,-1,-1,UNKNOWN,None
79.141,38.214,638.276,-2.29,5.26,60.06,-0.0049,4,Right,111.72,-1,-1,UNKNOWN,None
79.158,38.23,638.555,-2.286,5.264,60.2,-0.0049,4,Right,111.45,-1,-1,UNKNOWN,None
79.191,38.247,638.974,-2.281,5.269,60.42,-0.0049,4,Right,111.03,-1,-1,UNKNOWN,None
79.208,38.263,639.254,-2.277,5.273,60.56,-0.0049,4,Right,110.75,-1,-1,UNKNOWN,None
79.216,38.278,639.535,-2.274,5.276,60.68,-0.0049,4,Right,110.46,-1,-1,UNKNOWN,None
79.233,38.294,639.816,-2.27,5.28,60.78,-0.0049,4,Right,110.18,-1,-1,UNKNOWN,None
79.25,38.31,640.098,-2.267,5.283,60.85,-0.0056,4,Right,109.9,-1,-1,UNKNOWN,None
79.258,38.326,640.239,-2.265,5.285,60.88,-0.0056,4,Right,109.76,-1,-1,UNKNOWN,None
79.284,38.341,640.542,-2.262,5.288,60.92,-0.0056,4,Right,109.46,-1,-1,UNKNOWN,None
79.284,38.359,640.756,-2.26,5.29,60.93,-0.0056,4,Right,109.24,-1,-1,UNKNOWN,None
79.316,38.372,641.082,-2.257,5.293,60.92,-0.0056,4,Right,108.92,-1,-1,UNKNOWN,None
79.316,38.39,641.235,-2.255,5.295,60.91,-0.0056,4,Right,108.77,-1,-1,UNKNOWN,None
79.343,38.405,641.674,-2.251,5.299,60.87,-0.0056,4,Right,108.33,-1,-1,UNKNOWN,None
79.36,38.421,641.972,-2.248,5.302,60.83,-0.0053,4,Right,108.03,-1,-1,UNKNOWN,None
79.377,38.437,642.254,-2.246,5.304,60.8,-0.0053,4,Right,107.75,-1,-1,UNKNOWN,None
79.385,38.453,642.394,-2.245,5.305,60.79,-0.0053,4,Right,107.61,-1,-1,UNKNOWN,None
79.41,38.47,642.676,-2.242,5.308,60.74,-0.0053,4,Right,107.32,-1,-1,UNKNOWN,None
79.427,38.485,642.957,-2.24,5.31,60.69,-0.0053,4,Right,107.04,-1,-1,UNKNOWN,None
79.427,38.501,643.097,-2.239,5.311,60.66,-0.0052,4,Right,106.9,-1,-1,UNKNOWN,None
79.46,38.517,643.518,-2.237,5.313,60.56,-0.0052,4,Right,106.48,-1,-1,UNKNOWN,None
79.472,38.533,643.71,-2.235,5.315,60.5,-0.0052,4,Right,106.29,-1,-1,UNKNOWN,None
79.488,38.549,644.12,-2.233,5.317,60.38,-0.0052,4,Right,105.88,-1,-1,UNKNOWN,None
79.513,38.566,644.399,-2.232,5.318,60.3,-0.0052,4,Right,105.6,-1,-1,UNKNOWN,None
79.521,38.581,644.538,-2.231,5.319,60.25,-0.0052,4,Right,105.46,-1,-1,UNKNOWN,None
79.53,38.598,644.817,-2.23,5.32,60.16,-0.0052,4,Right,105.18,-1,-1,UNKNOWN,None
79.555,38.613,645.095,-2.229,5.321,60.07,-0.0052,4,Right,104.9,-1,-1,UNKNOWN,None
79.563,38.629,645.384,-2.228,5.322,59.96,-0.0052,4,Right,104.62,-1,-1,UNKNOWN,None
79.58,38.645,645.681,-2.227,5.323,59.86,-0.0037,4,Right,104.32,-1,-1,UNKNOWN,None
79.599,38.661,645.989,-2.227,5.323,59.75,-0.0033,4,Right,104.01,-1,-1,UNKNOWN,None
79.618,38.677,646.146,-2.226,5.324,59.7,-0.0027,4,Right,103.85,-1,-1,UNKNOWN,None
79.636,38.693,646.452,-2.226,5.324,59.6,-0.0024,4,Right,103.55,-1,-1,UNKNOWN,None
79.645,38.709,646.739,-2.225,5.325,59.53,-0.0017,4,Right,103.26,-1,-1,UNKNOWN,None
79.662,38.725,646.877,-2.225,5.325,59.5,-0.0012,4,Right,103.12,-1,-1,UNKNOWN,None
79.682,38.741,647.213,-2.225,5.325,59.44,-0.0008,4,Right,102.79,-1,-1,UNKNOWN,None
79.682,38.757,647.35,-2.225,5.325,59.42,-0.0002,4,Right,102.65,-1,-1,UNKNOWN,None
79.707,38.774,647.763,-2.225,5.325,59.4,0.0002,4,Right,102.24,-1,-1,UNKNOWN,None
79.732,38.789,648.038,-2.225,5.325,59.41,0.0005,4,Right,101.96,-1,-1,UNKNOWN,None
79.749,38.806,648.313,-2.225,5.325,59.45,0.0009,4,Right,101.69,-1,-1,UNKNOWN,None
79.766,38.822,648.589,-2.225,5.325,59.51,0.0014,4,Right,101.41,-1,-1,UNKNOWN,None
79.774,38.838,648.889,-2.225,5.325,59.6,0.0017,4,Right,101.11,-1,-1,UNKNOWN,None
79.793,38.855,649.188,-2.225,5.325,59.71,0.0018,4,Right,100.81,-1,-1,UNKNOWN,None
79.811,38.87,649.338,-2.225,5.325,59.77,0.0021,4,Right,100.66,-1,-1,UNKNOWN,None
79.829,38.886,649.631,-2.225,5.325,59.9,0.0021,4,Right,100.37,-1,-1,UNKNOWN,None
79.846,38.902,649.926,-2.225,5.325,60.04,0.0021,4,Right,100.07,-1,-1,UNKNOWN,None
79.855,38.917,650.205,-2.225,5.325,60.19,0.0021,4,Right,99.8,-1,-1,UNKNOWN,None
79.871,38.934,650.484,-2.226,5.324,60.33,0.0021,4,Right,99.52,-1,-1,UNKNOWN,None
79.896,38.95,650.764,-2.226,5.324,60.46,0.0021,4,Right,99.24,-1,-1,UNKNOWN,None
79.908,38.967,650.961,-2.226,5.324,60.55,0.0021,4,Right,99.04,-1,-1,UNKNOWN,None
79.916,38.982,651.242,-2.226,5.324,60.65,0.0021,4,Right,98.76,-1,-1,UNKNOWN,None
79.941,38.998,651.523,-2.226,5.324,60.74,0.0021,4,Right,98.48,-1,-1,UNKNOWN,None
79.941,39.014,651.664,-2.226,5.324,60.78,0.0021,4,Right,98.34,-1,-1,UNKNOWN,None
79.975,39.03,652.09,-2.226,5.324,60.86,0.0021,4,Right,97.91,-1,-1,UNKNOWN,None
79.983,39.045,652.373,-2.226,5.324,60.89,0.0021,4,Right,97.63,-1,-1,UNKNOWN,None
80.008,39.062,652.657,-2.226,5.324,60.9,0.0021,4,Right,97.34,-1,-1,UNKNOWN,None
80.025,39.083,652.945,-2.226,5.324,60.89,0.0021,4,Right,97.05,-1,-1,UNKNOWN,None
80.042,39.096,653.227,-2.226,5.324,60.86,0.0021,4,Right,96.77,-1,-1,UNKNOWN,None
80.052,39.11,653.391,-2.226,5.324,60.83,0.0021,4,Right,96.61,-1,-1,UNKNOWN,None
80.061,39.126,653.718,-2.226,5.324,60.77,0.0021,4,Right,96.28,-1,-1,UNKNOWN,None
80.081,39.142,653.876,-2.226,5.324,60.74,0.0021,4,Right,96.12,-1,-1,UNKNOWN,None
80.09,39.158,654.184,-2.226,5.324,60.66,0.0021,4,Right,95.82,-1,-1,UNKNOWN,None
80.115,39.174,654.464,-2.225,5.325,60.59,0.0021,4,Right,95.54,-1,-1,UNKNOWN,None
80.124,39.19,654.744,-2.225,5.325,60.51,0.0021,4,Right,95.26,-1,-1,UNKNOWN,None
80.149,39.207,655.024,-2.225,5.325,60.42,0.0021,4,Right,94.98,-1,-1,UNKNOWN,None
80.166,39.223,655.305,-2.224,5.326,60.33,0.0021,4,Right,94.7,-1,-1,UNKNOWN,None
80.174,39.238,655.588,-2.224,5.326,60.23,0.0021,4,Right,94.41,-1,-1,UNKNOWN,None
80.199,39.255,655.866,-2.223,5.327,60.14,0.0021,4,Right,94.13,-1,-1,UNKNOWN,None
80.216,39.27,656.145,-2.223,5.327,60.04,0.0021,4,Right,93.86,-1,-1,UNKNOWN,None
80.232,39.286,656.423,-2.222,5.328,59.93,0.0021,4,Right,93.58,-1,-1,UNKNOWN,None
80.241,39.302,656.7,-2.222,5.328,59.83,0.0021,4,Right,93.3,-1,-1,UNKNOWN,None
80.258,39.318,656.979,-2.221,5.329,59.73,0.0021,4,Right,93.02,-1,-1,UNKNOWN,None
80.274,39.333,657.118,-2.221,5.329,59.68,0.0021,4,Right,92.88,-1,-1,UNKNOWN,None
80.283,39.349,657.4,-2.22,5.33,59.59,0.0021,4,Right,92.6,-1,-1,UNKNOWN,None
80.3,39.366,657.675,-2.219,5.331,59.51,0.0021,4,Right,92.32,-1,-1,UNKNOWN,None
80.325,39.381,657.95,-2.218,5.332,59.44,0.0021,4,Right,92.05,-1,-1,UNKNOWN,None
80.333,39.397,658.225,-2.217,5.333,59.4,0.0021,4,Right,91.77,-1,-1,UNKNOWN,None
80.358,39.413,658.5,-2.216,5.334,59.36,0.0021,4,Right,91.5,-1,-1,UNKNOWN,None
80.375,39.429,658.775,-2.215,5.335,59.35,0.0021,4,Right,91.22,-1,-1,UNKNOWN,None
80.383,39.445,659.05,-2.214,5.336,59.36,0.0021,4,Right,90.95,-1,-1,UNKNOWN,None
80.4,39.461,659.326,-2.213,5.337,59.4,0.0021,4,Right,90.67,-1,-1,UNKNOWN,None
80.416,39.477,659.602,-2.212,5.338,59.45,0.0021,4,Right,90.4,-1,-1,UNKNOWN,None
80.425,39.493,659.74,-2.211,5.339,59.49,0.0021,4,Right,90.26,-1,-1,UNKNOWN,None
80.45,39.51,660.016,-2.21,5.34,59.58,0.0021,4,Right,89.98,-1,-1,UNKNOWN,None
80.466,39.524,660.292,-2.208,5.342,59.68,0.0021,4,Right,89.71,-1,-1,UNKNOWN,None
80.475,39.541,660.569,-2.207,5.343,59.8,0.0021,4,Right,89.43,-1,-1,UNKNOWN,None
80.483,39.557,660.71,-2.206,5.344,59.87,0.0021,4,Right,89.29,-1,-1,UNKNOWN,None
80.517,39.574,661.13,-2.204,5.346,60.08,0.0021,4,Right,88.87,-1,-1,UNKNOWN,None
80.517,39.589,661.269,-2.203,5.347,60.15,0.0021,4,Right,88.73,-1,-1,UNKNOWN,None
80.542,39.606,661.688,-2.2,5.35,60.37,0.0021,4,Right,88.31,-1,-1,UNKNOWN,None
80.559,39.621,661.97,-2.199,5.351,60.51,0.0021,4,Right,88.03,-1,-1,UNKNOWN,None
80.576,39.637,662.255,-2.197,5.353,60.65,0.0021,4,Right,87.74,-1,-1,UNKNOWN,None
80.593,39.653,662.544,-2.195,5.355,60.79,0.0021,4,Right,87.46,-1,-1,UNKNOWN,None
80.601,39.669,662.69,-2.194,5.356,60.86,0.0021,4,Right,87.31,-1,-1,UNKNOWN,None
80.628,39.685,662.992,-2.192,5.358,60.99,0.0021,4,Right,87.01,-1,-1,UNKNOWN,None
80.636,39.701,663.275,-2.19,5.36,61.1,0.0021,4,Right,86.72,-1,-1,UNKNOWN,None
80.661,39.72,663.558,-2.188,5.362,61.18,0.0021,4,Right,86.44,-1,-1,UNKNOWN,None
80.669,39.733,663.842,-2.185,5.365,61.23,0.0021,4,Right,86.16,-1,-1,UNKNOWN,None
80.687,39.749,664.004,-2.184,5.366,61.24,0.0021,4,Right,86.0,-1,-1,UNKNOWN,None
80.698,39.765,664.386,-2.181,5.369,61.25,0.0021,4,Right,85.61,-1,-1,UNKNOWN,None
80.727,39.786,664.688,-2.179,5.371,61.23,0.0021,4,Right,85.31,-1,-1,UNKNOWN,None
80.736,39.797,664.83,-2.177,5.373,61.21,0.0021,4,Right,85.17,-1,-1,UNKNOWN,None
80.75,39.814,665.219,-2.174,5.376,61.15,0.0021,4,Right,84.78,-1,-1,UNKNOWN,None
80.767,39.831,665.502,-2.172,5.378,61.09,0.0021,4,Right,84.5,-1,-1,UNKNOWN,None
80.792,39.846,665.785,-2.169,5.381,61.02,0.0021,4,Right,84.22,-1,-1,UNKNOWN,None
80.809,39.861,666.067,-2.166,5.384,60.95,0.0021,4,Right,83.93,-1,-1,UNKNOWN,None
80.825,39.878,666.349,-2.164,5.386,60.87,0.0021,4,Right,83.65,-1,-1,UNKNOWN,None
80.834,39.894,666.492,-2.162,5.388,60.82,0.0021,4,Right,83.51,-1,-1,UNKNOWN,None
80.852,39.911,666.793,-2.159,5.391,60.72,0.0021,4,Right,83.21,-1,-1,UNKNOWN,None
80.861,39.927,667.098,-2.156,5.394,60.62,0.0021,4,Right,82.9,-1,-1,UNKNOWN,None
80.886,39.943,667.378,-2.153,5.397,60.52,-0.0009,4,Right,82.62,-1,-1,UNKNOWN,None
80.903,39.958,667.658,-2.151,5.399,60.43,-0.0009,4,Right,82.34,-1,-1,UNKNOWN,None
80.92,39.974,667.938,-2.148,5.402,60.32,-0.0009,4,Right,82.06,-1,-1,UNKNOWN,None
80.928,39.99,668.218,-2.145,5.405,60.22,-0.0009,4,Right,81.78,-1,-1,UNKNOWN,None
80.945,40.006,668.497,-2.142,5.408,60.12,-0.0009,4,Right,81.5,-1,-1,UNKNOWN,None
80.961,40.022,668.775,-2.139,5.411,60.01,-0.0017,4,Right,81.23,-1,-1,UNKNOWN,None
80.979,40.038,668.934,-2.137,5.413,59.95,-0.0017,4,Right,81.07,-1,-1,UNKNOWN,None
80.996,40.054,669.212,-2.135,5.415,59.85,-0.0017,4,Right,80.79,-1,-1,UNKNOWN,None
81.013,40.07,669.489,-2.132,5.418,59.75,-0.0017,4,Right,80.51,-1,-1,UNKNOWN,None
81.021,40.086,669.768,-2.129,5.421,59.65,-0.0017,4,Right,80.23,-1,-1,UNKNOWN,None
81.047,40.102,670.058,-2.126,5.424,59.56,-0.0017,4,Right,79.94,-1,-1,UNKNOWN,None
81.064,40.118,670.34,-2.123,5.427,59.49,-0.0017,4,Right,79.66,-1,-1,UNKNOWN,None
81.073,40.134,670.621,-2.12,5.43,59.43,-0.0017,4,Right,79.38,-1,-1,UNKNOWN,None
81.081,40.15,670.764,-2.119,5.431,59.41,-0.0017,4,Right,79.24,-1,-1,UNKNOWN,None
81.107,40.167,671.042,-2.116,5.434,59.38,-0.0017,4,Right,78.96,-1,-1,UNKNOWN,None
81.124,40.181,671.321,-2.113,5.437,59.37,-0.0017,4,Right,78.68,-1,-1,UNKNOWN,None
81.132,40.199,671.596,-2.11,5.44,59.38,-0.0017,4,Right,78.4,-1,-1,UNKNOWN,None
81.149,40.217,671.876,-2.108,5.442,59.42,-0.0017,4,Right,78.12,-1,-1,UNKNOWN,None
81.166,40.23,672.151,-2.105,5.445,59.48,-0.0017,4,Right,77.85,-1,-1,UNKNOWN,None
81.182,40.246,672.427,-2.102,5.448,59.56,-0.0017,4,Right,77.57,-1,-1,UNKNOWN,None
81.2,40.262,672.587,-2.101,5.449,59.62,-0.0017,4,Right,77.41,-1,-1,UNKNOWN,None
81.217,40.278,673.003,-2.097,5.453,59.79,-0.0017,4,Right,77.0,-1,-1,UNKNOWN,None
81.225,40.294,673.149,-2.095,5.455,59.85,-0.0017,4,Right,76.85,-1,-1,UNKNOWN,None
81.251,40.311,673.438,-2.093,5.457,59.99,-0.0017,4,Right,76.56,-1,-1,UNKNOWN,None
81.268,40.327,673.717,-2.09,5.46,60.14,-0.0017,4,Right,76.28,-1,-1,UNKNOWN,None
81.276,40.342,673.996,-2.088,5.462,60.29,-0.0017,4,Right,76.0,-1,-1,UNKNOWN,None
81.293,40.358,674.275,-2.085,5.465,60.44,-0.0017,4,Right,75.72,-1,-1,UNKNOWN,None
81.319,40.374,674.562,-2.083,5.467,60.58,-0.0017,4,Right,75.44,-1,-1,UNKNOWN,None
81.335,40.39,674.843,-2.08,5.47,60.7,-0.0017,4,Right,75.16,-1,-1,UNKNOWN,None
81.344,40.406,675.125,-2.078,5.472,60.8,-0.0017,4,Right,74.88,-1,-1,UNKNOWN,None
81.361,40.421,675.414,-2.075,5.475,60.87,-0.0017,4,Right,74.59,-1,-1,UNKNOWN,None
81.369,40.437,675.555,-2.074,5.476,60.9,-0.0017,4,Right,74.44,-1,-1,UNKNOWN,None
81.377,40.453,675.715,-2.073,5.477,60.92,-0.0017,4,Right,74.28,-1,-1,UNKNOWN,None
81.412,40.47,676.141,-2.07,5.48,60.95,-0.0017,4,Right,73.86,-1,-1,UNKNOWN,None
81.429,40.485,676.428,-2.067,5.483,60.94,-0.0017,4,Right,73.57,-1,-1,UNKNOWN,None
81.446,40.502,676.71,-2.065,5.485,60.91,-0.0017,4,Right,73.29,-1,-1,UNKNOWN,None
81.455,40.517,677.019,-2.063,5.487,60.87,-0.0017,4,Right,72.98,-1,-1,UNKNOWN,None
81.474,40.533,677.186,-2.062,5.488,60.84,-0.0017,4,Right,72.81,-1,-1,UNKNOWN,None
81.482,40.549,677.467,-2.06,5.49,60.78,-0.0017,4,Right,72.53,-1,-1,UNKNOWN,None
81.507,40.565,677.749,-2.058,5.492,60.71,-0.0017,4,Right,72.25,-1,-1,UNKNOWN,None
81.525,40.581,678.05,-2.056,5.494,60.63,-0.0017,4,Right,71.95,-1,-1,UNKNOWN,None
81.533,40.597,678.33,-2.054,5.496,60.55,-0.0017,4,Right,71.67,-1,-1,UNKNOWN,None
81.542,40.614,678.488,-2.053,5.497,60.5,-0.0017,4,Right,71.51,-1,-1,UNKNOWN,None
81.568,40.629,678.908,-2.05,5.5,60.36,-0.0017,4,Right,71.09,-1,-1,UNKNOWN,None
81.584,40.646,679.188,-2.049,5.501,60.27,-0.0017,4,Right,70.81,-1,-1,UNKNOWN,None
81.601,40.661,679.328,-2.048,5.502,60.22,-0.0017,4,Right,70.67,-1,-1,UNKNOWN,None
81.618,40.677,679.606,-2.046,5.504,60.14,-0.0017,4,Right,70.39,-1,-1,UNKNOWN,None
81.618,40.694,679.745,-2.045,5.505,60.09,-0.0017,4,Right,70.25,-1,-1,UNKNOWN,None
81.651,40.709,680.167,-2.043,5.507,59.94,-0.0017,4,Right,69.83,-1,-1,UNKNOWN,None
81.651,40.726,680.306,-2.042,5.508,59.9,-0.0017,4,Right,69.69,-1,-1,UNKNOWN,None
81.668,40.741,680.583,-2.041,5.509,59.8,-0.0017,4,Right,69.42,-1,-1,UNKNOWN,None
81.701,40.757,680.997,-2.039,5.511,59.68,-0.0017,4,Right,69.0,-1,-1,UNKNOWN,None
81.711,40.773,681.303,-2.037,5.513,59.6,-0.0017,4,Right,68.7,-1,-1,UNKNOWN,None
81.72,40.789,681.449,-2.037,5.513,59.57,-0.0017,4,Right,68.55,-1,-1,UNKNOWN,None
81.737,40.806,681.732,-2.035,5.515,59.53,-0.0017,4,Right,68.27,-1,-1,UNKNOWN,None
81.746,40.823,681.889,-2.035,5.515,59.51,-0.0017,4,Right,68.11,-1,-1,UNKNOWN,None
81.773,40.838,682.323,-2.033,5.517,59.5,-0.0017,4,Right,67.68,-1,-1,UNKNOWN,None
81.799,40.853,682.613,-2.032,5.518,59.52,-0.0017,4,Right,67.39,-1,-1,UNKNOWN,None
81.808,40.871,682.902,-2.031,5.519,59.57,-0.0017,4,Right,67.1,-1,-1,UNKNOWN,None
81.825,40.885,683.04,-2.03,5.52,59.6,-0.0017,4,Right,66.96,-1,-1,UNKNOWN,None
81.833,40.902,683.32,-2.029,5.521,59.67,-0.0017,4,Right,66.68,-1,-1,UNKNOWN,None
81.859,40.918,683.612,-2.028,5.522,59.78,-0.0017,4,Right,66.39,-1,-1,UNKNOWN,None
81.869,40.934,683.919,-2.027,5.523,59.9,-0.0017,4,Right,66.08,-1,-1,UNKNOWN,None
81.895,40.951,684.203,-2.027,5.523,60.03,-0.0017,4,Right,65.8,-1,-1,UNKNOWN,None
81.912,40.967,684.484,-2.026,5.524,60.17,-0.0017,4,Right,65.52,-1,-1,UNKNOWN,None
81.929,40.982,684.769,-2.025,5.525,60.31,-0.0017,4,Right,65.23,-1,-1,UNKNOWN,None
81.937,40.998,685.049,-2.024,5.526,60.43,-0.0017,4,Right,64.95,-1,-1,UNKNOWN,None
81.954,41.014,685.329,-2.024,5.526,60.54,-0.0017,4,Right,64.67,-1,-1,UNKNOWN,None
81.973,41.03,685.519,-2.023,5.527,60.61,-0.0017,4,Right,64.48,-1,-1,UNKNOWN,None
81.987,41.049,685.885,-2.023,5.527,60.71,-0.0017,4,Right,64.11,-1,-1,UNKNOWN,None
82.004,41.062,686.037,-2.023,5.527,60.74,-0.0017,4,Right,63.96,-1,-1,UNKNOWN,None
82.013,41.078,686.334,-2.022,5.528,60.77,-0.0017,4,Right,63.67,-1,-1,UNKNOWN,None
82.039,41.094,686.621,-2.022,5.528,60.78,-0.0017,4,Right,63.38,-1,-1,UNKNOWN,None
82.047,41.11,686.902,-2.021,5.529,60.77,-0.0017,4,Right,63.1,-1,-1,UNKNOWN,None
82.064,41.127,687.184,-2.021,5.529,60.74,-0.0017,4,Right,62.82,-1,-1,UNKNOWN,None
82.08,41.142,687.47,-2.021,5.529,60.69,-0.0017,4,Right,62.53,-1,-1,UNKNOWN,None
82.097,41.158,687.751,-2.021,5.529,60.64,-0.0017,4,Right,62.25,-1,-1,UNKNOWN,None
82.114,41.175,688.035,-2.02,5.53,60.57,-0.0017,4,Right,61.97,-1,-1,UNKNOWN,None
82.122,41.19,688.175,-2.02,5.53,60.54,-0.0017,4,Right,61.83,-1,-1,UNKNOWN,None
82.148,41.207,688.464,-2.02,5.53,60.46,-0.0017,4,Right,61.54,-1,-1,UNKNOWN,None
82.165,41.228,688.883,-2.02,5.53,60.34,-0.0017,4,Right,61.12,-1,-1,UNKNOWN,None
82.181,41.239,689.023,-2.02,5.53,60.3,-0.0017,4,Right,60.98,-1,-1,UNKNOWN,None
82.19,41.259,689.302,-2.02,5.53,60.21,-0.0017,4,Right,60.7,-1,-1,UNKNOWN,None
82.215,41.27,689.58,-2.021,5.529,60.12,-0.0017,4,Right,60.42,-1,-1,UNKNOWN,None
82.231,41.286,689.858,-2.021,5.529,60.02,-0.0017,4,Right,60.14,-1,-1,UNKNOWN,None
82.248,41.302,690.136,-2.021,5.529,59.93,-0.0017,4,Right,59.86,-1,-1,UNKNOWN,None
82.265,41.321,690.421,-2.021,5.529,59.82,-0.0017,4,Right,59.58,-1,-1,UNKNOWN,None
82.274,41.334,690.56,-2.021,5.529,59.78,-0.0017,4,Right,59.44,-1,-1,UNKNOWN,None
82.282,41.349,690.836,-2.022,5.528,59.68,-0.0017,4,Right,59.16,-1,-1,UNKNOWN,None
82.307,41.365,691.112,-2.022,5.528,59.6,-0.0017,4,Right,58.89,-1,-1,UNKNOWN,None
82.324,41.38,691.398,-2.023,5.527,59.52,-0.0017,4,Right,58.6,-1,-1,UNKNOWN,None
82.332,41.396,691.673,-2.023,5.527,59.45,-0.0017,4,Right,58.33,-1,-1,UNKNOWN,None
82.349,41.413,691.948,-2.024,5.526,59.41,-0.0017,4,Right,58.05,-1,-1,UNKNOWN,None
82.375,41.429,692.241,-2.024,5.526,59.38,-0.0017,4,Right,57.76,-1,-1,UNKNOWN,None
82.375,41.445,692.399,-2.025,5.525,59.37,-0.0017,4,Right,57.6,-1,-1,UNKNOWN,None
82.403,41.461,692.697,-2.025,5.525,59.38,-0.0017,4,Right,57.3,-1,-1,UNKNOWN,None
82.412,41.477,693.001,-2.026,5.524,59.41,-0.0017,4,Right,57.0,-1,-1,UNKNOWN,None
82.439,41.493,693.3,-2.027,5.523,59.47,-0.0017,4,Right,56.7,-1,-1,UNKNOWN,None
82.45,41.509,693.469,-2.027,5.523,59.52,-0.0017,4,Right,56.53,-1,-1,UNKNOWN,None
82.468,41.525,693.772,-2.028,5.522,59.62,-0.0017,4,Right,56.23,-1,-1,UNKNOWN,None
82.468,41.541,693.92,-2.029,5.521,59.67,-0.0017,4,Right,56.08,-1,-1,UNKNOWN,None
82.494,41.557,694.339,-2.03,5.52,59.85,-0.0017,4,Right,55.66,-1,-1,UNKNOWN,None
82.51,41.573,694.616,-2.031,5.519,59.99,-0.0014,4,Right,55.38,-1,-1,UNKNOWN,None
82.527,41.589,694.895,-2.032,5.518,60.13,-0.0012,4,Right,55.11,-1,-1,UNKNOWN,None
82.544,41.605,695.174,-2.033,5.517,60.28,-0.0005,4,Right,54.83,-1,-1,UNKNOWN,None
82.56,41.621,695.453,-2.035,5.515,60.44,-0.0005,4,Right,54.55,-1,-1,UNKNOWN,None
82.569,41.638,695.599,-2.035,5.515,60.52,0.0009,4,Right,54.4,-1,-1,UNKNOWN,None
82.586,41.653,695.88,-2.036,5.514,60.68,0.0009,4,Right,54.12,-1,-1,UNKNOWN,None
82.603,41.669,696.167,-2.037,5.513,60.84,0.0009,4,Right,53.83,-1,-1,UNKNOWN,None
82.62,41.685,696.463,-2.039,5.511,60.99,0.0009,4,Right,53.54,-1,-1,UNKNOWN,None
82.638,41.701,696.618,-2.039,5.511,61.06,0.0009,4,Right,53.38,-1,-1,UNKNOWN,None
82.659,41.717,696.987,-2.041,5.509,61.21,0.0037,4,Right,53.01,-1,-1,UNKNOWN,None
82.659,41.733,697.129,-2.041,5.509,61.27,0.0037,4,Right,52.87,-1,-1,UNKNOWN,None
82.676,41.749,697.416,-2.042,5.508,61.36,0.0037,4,Right,52.58,-1,-1,UNKNOWN,None
82.711,41.765,697.858,-2.044,5.506,61.46,0.0037,4,Right,52.14,-1,-1,UNKNOWN,None
82.727,41.781,698.143,-2.045,5.505,61.49,0.004,4,Right,51.86,-1,-1,UNKNOWN,None
82.736,41.798,698.441,-2.046,5.504,61.5,0.004,4,Right,51.56,-1,-1,UNKNOWN,None
82.745,41.814,698.593,-2.046,5.504,61.5,0.004,4,Right,51.41,-1,-1,UNKNOWN,None
82.773,41.83,698.92,-2.047,5.503,61.49,0.004,4,Right,51.08,-1,-1,UNKNOWN,None
82.789,41.847,699.205,-2.048,5.502,61.46,0.004,4,Right,50.8,-1,-1,UNKNOWN,None
82.798,41.862,699.489,-2.049,5.501,61.42,0.004,4,Right,50.51,-1,-1,UNKNOWN,None
82.814,41.878,699.774,-2.049,5.501,61.36,0.004,4,Right,50.23,-1,-1,UNKNOWN,None
82.84,41.895,700.061,-2.05,5.5,61.3,0.004,4,Right,49.94,-1,-1,UNKNOWN,None
82.848,41.911,700.344,-2.05,5.5,61.22,0.004,4,Right,49.66,-1,-1,UNKNOWN,None
82.873,41.935,700.769,-2.051,5.499,61.1,0.004,4,Right,49.23,-1,-1,UNKNOWN,None
82.881,41.941,700.769,-2.051,5.499,61.1,0.004,4,Right,49.23,-1,-1,UNKNOWN,None
82.898,41.964,701.197,-2.051,5.499,60.96,0.004,4,Right,48.8,-1,-1,UNKNOWN,None
82.907,41.973,701.375,-2.051,5.499,60.9,0.0023,4,Right,48.63,-1,-1,UNKNOWN,None
82.926,41.991,701.665,-2.051,5.499,60.8,0.0023,4,Right,48.34,-1,-1,UNKNOWN,None
82.943,42.007,701.948,-2.051,5.499,60.7,0.0021,4,Right,48.05,-1,-1,UNKNOWN,None
82.962,42.022,702.13,-2.051,5.499,60.64,0.0021,4,Right,47.87,-1,-1,UNKNOWN,None
82.975,42.039,702.52,-2.051,5.499,60.5,0.0021,4,Right,47.48,-1,-1,UNKNOWN,None
82.996,42.054,702.699,-2.051,5.499,60.43,0.0021,4,Right,47.3,-1,-1,UNKNOWN,None
82.996,42.071,703.053,-2.051,5.499,60.3,0.0021,4,Right,46.95,-1,-1,UNKNOWN,None
83.027,42.086,703.228,-2.051,5.499,60.24,0.0021,4,Right,46.77,-1,-1,UNKNOWN,None
83.044,42.103,703.507,-2.051,5.499,60.13,0.0021,4,Right,46.49,-1,-1,UNKNOWN,None
83.061,42.118,703.785,-2.05,5.5,60.03,0.0021,4,Right,46.22,-1,-1,UNKNOWN,None
83.077,42.135,704.062,-2.05,5.5,59.93,0.0021,4,Right,45.94,-1,-1,UNKNOWN,None
83.077,42.15,704.201,-2.05,5.5,59.88,0.0021,4,Right,45.8,-1,-1,UNKNOWN,None
83.094,42.166,704.478,-2.049,5.501,59.79,0.0021,4,Right,45.52,-1,-1,UNKNOWN,None
83.127,42.183,704.893,-2.048,5.502,59.68,0.0021,4,Right,45.11,-1,-1,UNKNOWN,None
83.136,42.199,705.169,-2.047,5.503,59.62,0.0021,4,Right,44.83,-1,-1,UNKNOWN,None
83.161,42.215,705.444,-2.046,5.504,59.58,0.0021,4,Right,44.56,-1,-1,UNKNOWN,None
83.17,42.232,705.741,-2.046,5.504,59.55,0.0021,4,Right,44.26,-1,-1,UNKNOWN,None
83.179,42.247,705.888,-2.045,5.505,59.55,0.0021,4,Right,44.11,-1,-1,UNKNOWN,None
83.205,42.263,706.178,-2.044,5.506,59.56,0.0021,4,Right,43.82,-1,-1,UNKNOWN,None
83.222,42.279,706.454,-2.043,5.507,59.6,0.0021,4,Right,43.55,-1,-1,UNKNOWN,None
83.23,42.294,706.73,-2.042,5.508,59.66,0.0018,4,Right,43.27,-1,-1,UNKNOWN,None
83.255,42.31,707.007,-2.041,5.509,59.74,0.0018,4,Right,42.99,-1,-1,UNKNOWN,None
83.272,42.327,707.284,-2.039,5.511,59.84,0.0017,4,Right,42.72,-1,-1,UNKNOWN,None
83.288,42.341,707.561,-2.038,5.512,59.95,0.0014,4,Right,42.44,-1,-1,UNKNOWN,None
83.3,42.357,707.759,-2.037,5.513,60.04,0.0009,4,Right,42.24,-1,-1,UNKNOWN,None
83.317,42.373,708.038,-2.036,5.514,60.17,0.0009,4,Right,41.96,-1,-1,UNKNOWN,None
83.328,42.389,708.221,-2.035,5.515,60.26,0.0009,4,Right,41.78,-1,-1,UNKNOWN,None
83.351,42.405,708.613,-2.033,5.517,60.45,-0.0008,4,Right,41.39,-1,-1,UNKNOWN,None
83.36,42.421,708.898,-2.032,5.518,60.58,-0.0008,4,Right,41.1,-1,-1,UNKNOWN,None
83.368,42.437,709.045,-2.031,5.519,60.65,-0.0008,4,Right,40.96,-1,-1,UNKNOWN,None
83.393,42.453,709.326,-2.029,5.521,60.77,-0.0008,4,Right,40.67,-1,-1,UNKNOWN,None
83.402,42.469,709.608,-2.028,5.522,60.87,-0.0008,4,Right,40.39,-1,-1,UNKNOWN,None
83.42,42.485,709.917,-2.026,5.524,60.96,-0.0047,4,Right,40.08,-1,-1,UNKNOWN,None
83.437,42.501,710.201,-2.025,5.525,61.02,-0.0047,4,Right,39.8,-1,-1,UNKNOWN,None
83.463,42.517,710.509,-2.023,5.527,61.07,-0.0047,4,Right,39.49,-1,-1,UNKNOWN,None
83.463,42.533,710.672,-2.023,5.527,61.08,-0.0053,4,Right,39.33,-1,-1,UNKNOWN,None
83.491,42.55,710.981,-2.021,5.529,61.09,-0.0053,4,Right,39.02,-1,-1,UNKNOWN,None
83.508,42.565,711.267,-2.02,5.53,61.08,-0.0053,4,Right,38.73,-1,-1,UNKNOWN,None
83.508,42.581,711.409,-2.02,5.53,61.07,-0.0053,4,Right,38.59,-1,-1,UNKNOWN,None
83.533,42.597,711.846,-2.018,5.532,61.02,-0.0053,4,Right,38.15,-1,-1,UNKNOWN,None
83.559,42.613,712.129,-2.017,5.533,60.97,-0.0053,4,Right,37.87,-1,-1,UNKNOWN,None
83.567,42.629,712.415,-2.016,5.534,60.9,-0.0053,4,Right,37.59,-1,-1,UNKNOWN,None
83.585,42.645,712.706,-2.016,5.534,60.83,-0.0053,4,Right,37.29,-1,-1,UNKNOWN,None
83.593,42.662,712.851,-2.015,5.535,60.79,-0.0053,4,Right,37.15,-1,-1,UNKNOWN,None
83.618,42.677,713.133,-2.015,5.535,60.71,-0.0053,4,Right,36.87,-1,-1,UNKNOWN,None
83.635,42.694,713.413,-2.014,5.536,60.62,-0.0053,4,Right,36.59,-1,-1,UNKNOWN,None
83.652,42.71,713.694,-2.014,5.536,60.53,-0.0053,4,Right,36.31,-1,-1,UNKNOWN,None
83.668,42.725,713.973,-2.013,5.537,60.43,-0.0053,4,Right,36.03,-1,-1,UNKNOWN,None
83.685,42.742,714.253,-2.013,5.537,60.33,-0.0053,4,Right,35.75,-1,-1,UNKNOWN,None
83.685,42.757,714.392,-2.013,5.537,60.28,-0.0053,4,Right,35.61,-1,-1,UNKNOWN,None
83.71,42.774,714.819,-2.013,5.537,60.12,-0.0053,4,Right,35.18,-1,-1,UNKNOWN,None
83.727,42.789,715.097,-2.013,5.537,60.02,-0.0053,4,Right,34.9,-1,-1,UNKNOWN,None
83.745,42.806,715.392,-2.014,5.536,59.91,-0.0053,4,Right,34.61,-1,-1,UNKNOWN,None
83.762,42.822,715.546,-2.014,5.536,59.85,-0.0053,4,Right,34.45,-1,-1,UNKNOWN,None
83.762,42.838,715.695,-2.014,5.536,59.79,-0.0053,4,Right,34.31,-1,-1,UNKNOWN,None
83.78,42.854,716.002,-2.015,5.535,59.67,-0.0053,4,Right,34.0,-1,-1,UNKNOWN,None
83.807,42.869,716.424,-2.016,5.534,59.53,-0.0053,4,Right,33.58,-1,-1,UNKNOWN,None
83.815,42.887,716.566,-2.017,5.533,59.49,-0.0053,4,Right,33.43,-1,-1,UNKNOWN,None
83.849,42.903,716.979,-2.018,5.532,59.39,-0.0053,4,Right,33.02,-1,-1,UNKNOWN,None
83.849,42.918,717.116,-2.019,5.531,59.37,-0.0053,4,Right,32.88,-1,-1,UNKNOWN,None
83.874,42.935,717.528,-2.021,5.529,59.31,-0.0053,4,Right,32.47,-1,-1,UNKNOWN,None
83.882,42.95,717.665,-2.021,5.529,59.31,-0.0053,4,Right,32.33,-1,-1,UNKNOWN,None
83.899,42.966,717.998,-2.023,5.527,59.31,-0.0053,4,Right,32.0,-1,-1,UNKNOWN,None
83.911,42.982,718.298,-2.025,5.525,59.35,-0.0053,4,Right,31.7,-1,-1,UNKNOWN,None
83.929,42.997,718.521,-2.027,5.523,59.39,-0.0053,4,Right,31.48,-1,-1,UNKNOWN,None
83.959,43.015,718.796,-2.029,5.521,59.47,-0.0056,4,Right,31.2,-1,-1,UNKNOWN,None
83.976,43.031,719.081,-2.031,5.519,59.56,-0.0063,4,Right,30.92,-1,-1,UNKNOWN,None
83.985,43.047,719.357,-2.034,5.516,59.67,-0.0075,4,Right,30.64,-1,-1,UNKNOWN,None
84.001,43.063,719.634,-2.036,5.514,59.79,-0.0091,4,Right,30.37,-1,-1,UNKNOWN,None
84.018,43.079,719.779,-2.038,5.512,59.86,-0.0107,4,Right,30.22,-1,-1,UNKNOWN,None
84.027,43.095,720.057,-2.041,5.509,60.0,-0.0133,4,Right,29.94,-1,-1,UNKNOWN,None
84.052,43.111,720.339,-2.044,5.506,60.15,-0.0133,4,Right,29.66,-1,-1,UNKNOWN,None
84.06,43.126,720.62,-2.048,5.502,60.3,-0.0133,4,Right,29.38,-1,-1,UNKNOWN,None
84.086,43.142,720.9,-2.051,5.499,60.43,-0.0133,4,Right,29.1,-1,-1,UNKNOWN,None
84.102,43.159,721.18,-2.056,5.494,60.55,-0.0133,4,Right,28.82,-1,-1,UNKNOWN,None
84.102,43.175,721.32,-2.058,5.492,60.6,-0.0133,4,Right,28.68,-1,-1,UNKNOWN,None
84.136,43.191,721.743,-2.065,5.485,60.71,-0.0133,4,Right,28.26,-1,-1,UNKNOWN,None
84.152,43.207,722.024,-2.07,5.48,60.74,-0.0388,4,Right,27.98,-1,-1,UNKNOWN,None
84.161,43.223,722.305,-2.076,5.474,60.75,-0.0388,4,Right,27.69,-1,-1,UNKNOWN,None
84.177,43.239,722.589,-2.083,5.467,60.74,-0.0388,4,Right,27.41,-1,-1,UNKNOWN,None
84.186,43.255,722.73,-2.086,5.464,60.73,-0.0388,4,Right,27.27,-1,-1,UNKNOWN,None
84.202,43.271,723.011,-2.094,5.456,60.69,-0.0485,4,Right,26.99,-1,-1,UNKNOWN,None
84.219,43.287,723.292,-2.103,5.447,60.64,-0.0485,4,Right,26.71,-1,-1,UNKNOWN,None
84.227,43.304,723.432,-2.107,5.443,60.61,-0.0485,4,Right,26.57,-1,-1,UNKNOWN,None
84.27,43.325,724.001,-2.129,5.421,60.47,-0.0485,4,Right,26.0,-1,-1,UNKNOWN,None
84.27,43.332,724.001,-2.129,5.421,60.47,-0.0485,4,Right,26.0,-1,-1,UNKNOWN,None
84.291,43.35,724.352,-2.143,5.407,60.36,-0.0485,4,Right,25.65,-1,-1,UNKNOWN,None
84.31,43.366,724.676,-2.158,5.392,60.26,-0.0494,4,Right,25.32,-1,-1,UNKNOWN,None
84.31,43.38,724.955,-2.172,5.378,60.17,-0.0494,4,Right,25.05,-1,-1,UNKNOWN,None
84.335,43.397,725.233,-2.187,5.363,60.09,-0.0494,4,Right,24.77,-1,-1,UNKNOWN,None
84.352,43.413,725.521,-2.203,5.347,59.99,-0.0494,4,Right,24.48,-1,-1,UNKNOWN,None
84.37,43.432,725.822,-2.222,5.328,59.89,-0.0494,4,Right,24.18,-1,-1,UNKNOWN,None
84.388,43.446,725.971,-2.231,5.319,59.84,-0.0494,4,Right,24.03,-1,-1,UNKNOWN,None
84.396,43.461,726.247,-2.25,5.3,59.74,-0.0492,4,Right,23.75,-1,-1,UNKNOWN,None
84.413,43.478,726.53,-2.27,5.28,59.66,-0.0492,4,Right,23.47,-1,-1,UNKNOWN,None
84.43,43.494,726.805,-2.29,5.26,59.58,-0.0492,4,Right,23.19,-1,-1,UNKNOWN,None
84.455,43.51,727.08,-2.312,5.238,59.52,-0.049,4,Right,22.92,-1,-1,UNKNOWN,None
84.455,43.524,727.218,-2.323,5.227,59.49,-0.0487,4,Right,22.78,-1,-1,UNKNOWN,None
84.472,43.542,727.492,-2.347,5.203,59.45,-0.0487,4,Right,22.51,-1,-1,UNKNOWN,None
84.505,43.558,727.903,-2.384,5.166,59.42,-0.0487,4,Right,22.1,-1,-1,UNKNOWN,None
84.514,43.574,728.046,-2.398,5.152,59.42,-0.0487,4,Right,21.95,-1,-1,UNKNOWN,None
84.53,43.59,728.319,-2.425,5.125,59.45,-0.0487,4,Right,21.68,-1,-1,UNKNOWN,None
84.539,43.606,728.456,-2.439,5.111,59.47,-0.0483,4,Right,21.54,-1,-1,UNKNOWN,Left_Broken
84.564,43.622,728.867,-2.482,5.068,59.56,-0.0474,4,Right,21.13,-1,-1,UNKNOWN,None
84.58,43.638,729.142,-2.513,5.037,59.64,-0.0459,4,Right,20.86,-1,-1,UNKNOWN,None
84.597,43.653,729.417,-2.545,5.005,59.74,-0.0442,4,Right,20.58,-1,-1,UNKNOWN,None
84.614,43.669,729.692,-2.578,4.972,59.86,-0.0413,4,Right,20.31,-1,-1,UNKNOWN,None
84.622,43.686,729.967,-2.613,4.937,59.99,-0.0376,4,Right,20.03,-1,-1,UNKNOWN,None
84.639,43.702,730.243,-2.648,4.902,60.13,-0.0337,4,Right,19.76,-1,-1,UNKNOWN,None
84.664,43.718,730.52,-2.685,4.865,60.27,-0.0337,4,Right,19.48,-1,-1,UNKNOWN,None
84.673,43.734,730.815,-2.725,4.825,60.43,-0.0337,4,Right,19.19,-1,-1,UNKNOWN,None
84.691,43.749,730.972,-2.747,4.803,60.5,-0.0337,4,Right,19.03,-1,-1,UNKNOWN,None
84.699,43.766,731.25,-2.787,4.763,60.63,-0.0337,4,Right,18.75,-1,-1,UNKNOWN,None
84.707,43.781,731.389,-2.807,4.743,60.68,-0.0337,4,Right,18.61,-1,-1,UNKNOWN,None
84.732,43.797,731.806,-2.869,4.681,60.8,-0.0337,4,Right,18.19,-1,-1,UNKNOWN,None
84.741,43.814,731.946,-2.891,4.659,60.83,-0.0337,4,Right,18.05,-1,-1,UNKNOWN,None
84.766,43.83,732.363,-2.957,4.593,60.86,-0.0337,4,Right,17.64,-1,-1,UNKNOWN,None
84.782,43.846,732.641,-3.002,4.548,60.86,-0.0337,4,Right,17.36,-1,-1,UNKNOWN,None
84.8,43.862,732.792,-3.027,4.523,60.85,-0.0337,4,Right,17.21,-1,-1,UNKNOWN,None
84.821,43.879,733.14,-3.086,4.464,60.8,-0.0337,4,Right,16.86,-1,-1,UNKNOWN,Left_Broken
84.837,43.894,733.418,-3.134,4.416,60.75,-0.0337,4,Right,16.58,-1,-1,UNKNOWN,None
84.846,43.913,733.694,-3.183,4.367,60.69,-0.0337,4,Right,16.31,-1,-1,UNKNOWN,None
84.871,43.926,733.971,-3.233,4.317,60.61,-0.0337,4,Right,16.03,-1,-1,UNKNOWN,None
84.879,43.942,734.246,-3.284,4.266,60.53,-0.0337,4,Right,15.75,-1,-1,UNKNOWN,None
84.896,43.958,734.521,-3.335,4.215,60.45,0.0148,4,Right,15.48,-1,-1,UNKNOWN,None
84.913,43.974,734.806,-3.388,4.162,60.36,0.0148,4,Right,15.19,-1,-1,UNKNOWN,None
84.93,43.992,735.08,-3.44,4.11,60.27,0.0148,4,Right,14.92,-1,-1,UNKNOWN,None
84.938,44.006,735.225,-3.467,4.083,60.23,0.0148,4,Right,14.77,-1,-1,UNKNOWN,None
84.957,44.021,735.525,-3.524,4.026,60.12,0.0148,4,Right,14.48,-1,-1,UNKNOWN,None
84.973,44.038,735.798,-3.576,3.974,60.03,0.0148,4,Right,14.2,-1,-1,UNKNOWN,None
84.998,44.054,736.07,-3.628,3.922,59.93,0.0148,4,Right,13.93,-1,-1,UNKNOWN,None
85.007,44.07,736.345,-3.681,3.869,59.82,0.0158,4,Right,13.66,-1,-1,UNKNOWN,None
85.024,44.086,736.628,-3.736,3.814,59.72,0.0162,4,Right,13.37,-1,-1,UNKNOWN,None
85.041,44.104,736.77,-3.763,3.787,59.67,0.0171,4,Right,13.23,-1,-1,UNKNOWN,None
85.058,44.118,737.045,-3.817,3.733,59.58,0.0178,4,Right,12.95,-1,-1,UNKNOWN,None
85.075,44.135,737.316,-3.869,3.681,59.51,0.0183,4,Right,12.68,-1,-1,UNKNOWN,None
85.092,44.151,737.586,-3.922,3.628,59.44,0.0187,4,Right,12.41,-1,-1,UNKNOWN,None
85.108,44.166,737.856,-3.974,3.576,59.39,0.019,4,Right,12.14,-1,-1,UNKNOWN,None
85.117,44.183,738.126,-4.026,3.524,59.36,0.0199,4,Right,11.87,-1,-1,UNKNOWN,None
85.142,44.198,738.397,-4.078,3.472,59.35,0.0209,4,Right,11.6,-1,-1,UNKNOWN,None
85.15,44.214,738.667,-4.13,3.42,59.37,0.0228,4,Right,11.33,-1,-1,UNKNOWN,None
85.168,44.23,738.955,-4.186,3.364,59.41,0.0245,4,Right,11.04,-1,-1,UNKNOWN,None
85.185,44.247,739.229,-4.238,3.312,59.47,0.0267,4,Right,10.77,-1,-1,UNKNOWN,None
85.201,44.262,739.5,-4.289,3.261,59.54,0.0287,4,Right,10.5,-1,-1,UNKNOWN,Left_Broken
85.22,44.278,739.667,-4.32,3.23,59.6,0.0306,4,Right,10.33,-1,-1,UNKNOWN,None
85.228,44.295,739.971,-4.376,3.174,59.72,0.032,4,Right,10.03,-1,-1,UNKNOWN,None
85.247,44.311,740.246,-4.427,3.123,59.84,0.0331,4,Right,9.75,-1,-1,UNKNOWN,None
85.264,44.325,740.525,-4.477,3.073,59.98,0.0341,4,Right,9.47,-1,-1,UNKNOWN,None
85.273,44.341,740.662,-4.502,3.048,60.05,0.0346,4,Right,9.34,-1,-1,UNKNOWN,None
85.289,44.357,740.936,-4.551,2.999,60.2,0.0346,4,Right,9.06,-1,-1,UNKNOWN,None
85.315,44.373,741.227,-4.602,2.948,60.35,0.0346,4,Right,8.77,-1,-1,UNKNOWN,None
85.332,44.39,741.507,-4.65,2.9,60.5,0.0346,4,Right,8.49,-1,-1,UNKNOWN,None
85.34,44.405,741.816,-4.703,2.847,60.66,0.0346,4,Right,8.18,-1,-1,UNKNOWN,None
85.361,44.42,741.987,-4.732,2.818,60.75,0.0346,4,Right,8.01,-1,-1,UNKNOWN,None
85.37,44.437,742.139,-4.757,2.793,60.84,0.0346,4,Right,7.86,-1,-1,UNKNOWN,None
85.395,44.454,742.553,-4.825,2.725,61.06,0.0346,4,Right,7.45,-1,-1,UNKNOWN,None
85.412,44.47,742.833,-4.87,2.68,61.19,0.0346,4,Right,7.17,-1,-1,UNKNOWN,None
85.428,44.486,743.113,-4.914,2.636,61.33,0.0346,4,Right,6.89,-1,-1,UNKNOWN,None
85.437,44.502,743.401,-4.958,2.592,61.45,0.0343,4,Right,6.6,-1,-1,UNKNOWN,None
85.455,44.518,743.73,-5.008,2.542,61.59,0.0343,4,Right,6.27,-1,-1,UNKNOWN,Left_Broken
85.475,44.533,743.908,-5.034,2.516,61.65,0.0334,4,Right,6.09,-1,-1,UNKNOWN,None
85.492,44.549,744.201,-5.077,2.473,61.75,0.0322,4,Right,5.8,-1,-1,UNKNOWN,None
85.51,44.565,744.5,-5.12,2.43,61.85,0.0322,4,Right,5.5,-1,-1,UNKNOWN,None
85.527,44.581,744.784,-5.16,2.39,61.93,0.0295,4,Right,5.22,-1,-1,UNKNOWN,None
85.527,44.597,744.975,-5.186,2.364,61.99,0.0295,4,Right,5.03,-1,-1,UNKNOWN,None
85.555,44.613,745.27,-5.226,2.324,62.06,0.0295,4,Right,4.73,-1,-1,UNKNOWN,None
85.572,44.629,745.556,-5.264,2.286,62.11,0.0295,4,Right,4.44,-1,-1,UNKNOWN,None
85.572,44.645,745.699,-5.282,2.268,62.13,0.0295,4,Right,4.3,-1,-1,UNKNOWN,None
85.589,44.661,745.984,-5.318,2.232,62.14,0.0295,4,Right,4.02,-1,-1,UNKNOWN,None
85.615,44.677,746.445,-5.375,2.175,62.12,0.0222,4,Right,3.56,-1,-1,UNKNOWN,None
85.633,44.693,746.742,-5.411,2.139,62.09,0.0222,4,Right,3.26,-1,-1,UNKNOWN,None
85.641,44.71,746.884,-5.428,2.122,62.08,0.0222,4,Right,3.12,-1,-1,UNKNOWN,None
85.666,44.725,747.173,-5.461,2.089,62.03,0.0222,4,Right,2.83,-1,-1,UNKNOWN,None
85.679,44.741,747.527,-5.501,2.049,61.96,0.0222,4,Right,2.47,-1,-1,UNKNOWN,None
85.695,44.757,747.812,-5.532,2.018,61.9,0.0222,4,Right,2.19,-1,-1,UNKNOWN,None
85.704,44.773,747.965,-5.549,2.001,61.86,0.0222,4,Right,2.03,-1,-1,UNKNOWN,None
85.721,44.789,748.25,-5.579,1.971,61.78,0.0222,4,Right,1.75,-1,-1,UNKNOWN,None
85.738,44.806,748.534,-5.608,1.942,61.69,0.0222,4,Right,1.47,-1,-1,UNKNOWN,None
85.754,44.822,748.818,-5.636,1.914,61.6,0.0222,4,Right,1.18,-1,-1,UNKNOWN,None
85.771,44.838,749.101,-5.664,1.886,61.51,0.0264,4,Right,0.9,-1,-1,UNKNOWN,None
85.796,44.855,749.385,-5.69,1.86,61.41,0.0264,4,Right,0.62,-1,-1,UNKNOWN,None
85.804,44.87,749.667,-5.716,1.834,61.31,0.0264,4,Right,0.33,-1,-1,UNKNOWN,None
85.813,44.889,749.812,-5.729,1.821,61.26,0.0285,4,Right,0.19,-1,-1,UNKNOWN,None
85.838,44.903,750.275,-5.769,1.781,61.09,0.0285,5,Middle,149.72,-1,-1,UNKNOWN,None
85.849,44.918,750.447,-5.783,1.767,61.02,0.0285,5,Middle,149.55,-1,-1,UNKNOWN,None
85.868,44.934,750.735,-5.806,1.744,60.91,0.0285,5,Middle,149.27,-1,-1,UNKNOWN,None
85.884,44.951,751.016,-5.828,1.722,60.81,0.0296,5,Middle,148.98,-1,-1,UNKNOWN,None
85.909,44.967,751.296,-5.849,1.701,60.7,0.0296,5,Middle,148.7,-1,-1,UNKNOWN,None
85.926,44.983,751.576,-5.869,1.681,60.6,0.0296,5,Middle,148.42,-1,-1,UNKNOWN,None
85.934,44.999,751.882,-5.89,1.66,60.49,0.0296,5,Middle,148.12,-1,-1,UNKNOWN,None
85.952,45.015,752.161,-5.908,1.642,60.38,0.0296,5,Middle,147.84,-1,-1,UNKNOWN,None
85.97,45.03,752.319,-5.918,1.632,60.32,0.0296,5,Middle,147.68,-1,-1,UNKNOWN,None
85.987,45.046,752.606,-5.936,1.614,60.21,0.0296,5,Middle,147.39,-1,-1,UNKNOWN,None
85.987,45.062,752.78,-5.946,1.604,60.14,0.0296,5,Middle,147.22,-1,-1,UNKNOWN,None
86.014,45.078,753.181,-5.968,1.582,59.98,0.0296,5,Middle,146.82,-1,-1,UNKNOWN,None
86.03,45.095,753.458,-5.983,1.567,59.87,0.0261,5,Middle,146.54,-1,-1,UNKNOWN,None
86.055,45.111,753.737,-5.997,1.553,59.76,0.025,5,Middle,146.26,-1,-1,UNKNOWN,None
86.064,45.127,754.013,-6.009,1.541,59.66,0.0238,5,Middle,145.99,-1,-1,UNKNOWN,None
86.089,45.143,754.288,-6.022,1.528,59.57,0.0225,5,Middle,145.71,-1,-1,UNKNOWN,None
86.097,45.159,754.567,-6.033,1.517,59.49,0.0212,5,Middle,145.43,-1,-1,UNKNOWN,None
86.114,45.175,754.706,-6.039,1.511,59.46,0.0199,5,Middle,145.29,-1,-1,UNKNOWN,None
86.123,45.191,754.999,-6.05,1.5,59.4,0.0183,5,Middle,145.0,-1,-1,UNKNOWN,None
86.149,45.206,755.282,-6.06,1.49,59.37,0.0165,5,Middle,144.72,-1,-1,UNKNOWN,None
86.157,45.222,755.557,-6.069,1.481,59.36,0.0148,5,Middle,144.44,-1,-1,UNKNOWN,None
86.166,45.238,755.694,-6.074,1.476,59.36,0.0132,5,Middle,144.31,-1,-1,UNKNOWN,None
86.191,45.254,756.106,-6.086,1.464,59.4,0.0117,5,Middle,143.89,-1,-1,UNKNOWN,None
86.216,45.27,756.381,-6.094,1.456,59.46,0.0104,5,Middle,143.62,-1,-1,UNKNOWN,None
86.224,45.285,756.657,-6.101,1.449,59.54,0.0095,5,Middle,143.34,-1,-1,UNKNOWN,None
86.249,45.302,756.933,-6.107,1.443,59.63,0.0085,5,Middle,143.07,-1,-1,UNKNOWN,None
86.257,45.318,757.209,-6.114,1.436,59.74,0.0075,5,Middle,142.79,-1,-1,UNKNOWN,None
86.274,45.334,757.348,-6.117,1.433,59.81,0.0068,5,Middle,142.65,-1,-1,UNKNOWN,None
86.291,45.349,757.625,-6.122,1.428,59.94,0.0065,5,Middle,142.38,-1,-1,UNKNOWN,None
86.307,45.366,757.903,-6.127,1.423,60.08,0.0062,5,Middle,142.1,-1,-1,UNKNOWN,None
86.324,45.381,758.182,-6.132,1.418,60.23,0.0062,5,Middle,141.82,-1,-1,UNKNOWN,None
86.341,45.397,758.461,-6.137,1.413,60.37,0.0062,5,Middle,141.54,-1,-1,UNKNOWN,None
86.357,45.413,758.741,-6.141,1.409,60.51,0.0062,5,Middle,141.26,-1,-1,UNKNOWN,None
86.374,45.43,759.021,-6.145,1.405,60.63,0.0062,5,Middle,140.98,-1,-1,UNKNOWN,None
86.382,45.446,759.303,-6.148,1.402,60.74,0.0062,5,Middle,140.7,-1,-1,UNKNOWN,None
86.399,45.461,759.608,-6.152,1.398,60.86,0.0062,5,Middle,140.39,-1,-1,UNKNOWN,None
86.409,45.477,759.751,-6.153,1.397,60.91,0.0062,5,Middle,140.25,-1,-1,UNKNOWN,None
86.434,45.493,760.033,-6.156,1.394,61.0,0.0062,5,Middle,139.97,-1,-1,UNKNOWN,None
86.452,45.509,760.338,-6.158,1.392,61.07,0.0062,5,Middle,139.66,-1,-1,UNKNOWN,None
86.471,45.525,760.66,-6.16,1.39,61.11,0.0062,5,Middle,139.34,-1,-1,UNKNOWN,None
86.481,45.541,760.826,-6.161,1.389,61.12,0.0062,5,Middle,139.17,-1,-1,UNKNOWN,None
86.49,45.557,761.124,-6.163,1.387,61.13,0.0062,5,Middle,138.88,-1,-1,UNKNOWN,None
86.515,45.574,761.416,-6.164,1.386,61.11,0.0062,5,Middle,138.58,-1,-1,UNKNOWN,None
86.524,45.59,761.699,-6.165,1.385,61.08,0.0062,5,Middle,138.3,-1,-1,UNKNOWN,None
86.54,45.605,761.841,-6.166,1.384,61.06,0.0062,5,Middle,138.16,-1,-1,UNKNOWN,None
86.549,45.621,762.137,-6.167,1.383,61.0,0.0062,5,Middle,137.86,-1,-1,UNKNOWN,None
86.583,45.64,762.561,-6.167,1.383,60.91,0.0062,5,Middle,137.44,-1,-1,UNKNOWN,None
86.583,45.653,762.702,-6.167,1.383,60.87,0.0062,5,Middle,137.3,-1,-1,UNKNOWN,None
86.608,45.669,763.134,-6.167,1.383,60.74,0.0062,5,Middle,136.87,-1,-1,UNKNOWN,None
86.617,45.685,763.275,-6.167,1.383,60.7,0.0062,5,Middle,136.73,-1,-1,UNKNOWN,None
86.633,45.702,763.562,-6.166,1.384,60.61,0.0062,5,Middle,136.44,-1,-1,UNKNOWN,None
86.651,45.718,763.847,-6.166,1.384,60.51,0.0062,5,Middle,136.15,-1,-1,UNKNOWN,None
86.676,45.733,764.127,-6.165,1.385,60.41,0.0046,5,Middle,135.87,-1,-1,UNKNOWN,None
86.692,45.748,764.406,-6.164,1.386,60.32,0.0046,5,Middle,135.59,-1,-1,UNKNOWN,None
86.701,45.765,764.685,-6.163,1.387,60.22,0.0042,5,Middle,135.31,-1,-1,UNKNOWN,None
86.726,45.781,764.964,-6.161,1.389,60.12,0.0042,5,Middle,135.04,-1,-1,UNKNOWN,None
86.742,45.798,765.242,-6.16,1.39,60.02,0.0042,5,Middle,134.76,-1,-1,UNKNOWN,None
86.742,45.814,765.436,-6.158,1.392,59.94,0.0042,5,Middle,134.56,-1,-1,UNKNOWN,None
86.754,45.83,765.635,-6.157,1.393,59.87,0.0042,5,Middle,134.36,-1,-1,UNKNOWN,None
86.777,45.846,765.963,-6.155,1.395,59.75,0.0042,5,Middle,134.04,-1,-1,UNKNOWN,None
86.803,45.863,766.24,-6.153,1.397,59.65,0.0042,5,Middle,133.76,-1,-1,UNKNOWN,None
86.811,45.878,766.516,-6.151,1.399,59.57,0.0042,5,Middle,133.48,-1,-1,UNKNOWN,None
86.828,45.894,766.809,-6.148,1.402,59.49,0.0042,5,Middle,133.19,-1,-1,UNKNOWN,None
86.849,45.91,767.149,-6.145,1.405,59.42,0.0042,5,Middle,132.85,-1,-1,UNKNOWN,None
86.858,45.927,767.287,-6.144,1.406,59.39,0.0042,5,Middle,132.71,-1,-1,UNKNOWN,None
86.883,45.942,767.569,-6.141,1.409,59.36,0.0042,5,Middle,132.43,-1,-1,UNKNOWN,None
86.9,45.958,767.844,-6.138,1.412,59.36,0.0042,5,Middle,132.16,-1,-1,UNKNOWN,None
86.916,45.974,768.119,-6.135,1.415,59.37,0.0042,5,Middle,131.88,-1,-1,UNKNOWN,None
86.927,45.99,768.455,-6.131,1.419,59.42,0.0042,5,Middle,131.55,-1,-1,UNKNOWN,None
86.937,46.006,768.617,-6.129,1.421,59.46,0.0042,5,Middle,131.38,-1,-1,UNKNOWN,None
86.947,46.022,768.767,-6.127,1.423,59.5,0.0042,5,Middle,131.23,-1,-1,UNKNOWN,None
86.972,46.038,769.181,-6.122,1.428,59.64,0.0042,5,Middle,130.82,-1,-1,UNKNOWN,None
86.997,46.054,769.457,-6.118,1.432,59.75,0.0042,5,Middle,130.54,-1,-1,UNKNOWN,None
86.997,46.07,769.633,-6.115,1.435,59.83,0.0042,5,Middle,130.37,-1,-1,UNKNOWN,None
87.031,46.086,770.019,-6.11,1.44,60.01,0.0042,5,Middle,129.98,-1,-1,UNKNOWN,None
87.048,46.101,770.297,-6.106,1.444,60.16,0.0042,5,Middle,129.7,-1,-1,UNKNOWN,None
87.057,46.119,770.587,-6.101,1.449,60.31,0.0042,5,Middle,129.41,-1,-1,UNKNOWN,None
87.065,46.134,770.75,-6.099,1.451,60.39,0.0042,5,Middle,129.25,-1,-1,UNKNOWN,None
87.083,46.151,771.03,-6.094,1.456,60.52,0.0042,5,Middle,128.97,-1,-1,UNKNOWN,None
87.108,46.166,771.314,-6.089,1.461,60.65,0.0042,5,Middle,128.69,-1,-1,UNKNOWN,None
87.126,46.183,771.619,-6.084,1.466,60.79,0.0042,5,Middle,128.38,-1,-1,UNKNOWN,None
87.144,46.199,771.925,-6.079,1.471,60.91,0.0042,5,Middle,128.07,-1,-1,UNKNOWN,None
87.155,46.214,772.097,-6.076,1.474,60.97,0.0042,5,Middle,127.9,-1,-1,UNKNOWN,None
87.174,46.229,772.418,-6.07,1.48,61.07,0.0042,5,Middle,127.58,-1,-1,UNKNOWN,None
87.183,46.247,772.571,-6.067,1.483,61.11,0.0042,5,Middle,127.43,-1,-1,UNKNOWN,None
87.192,46.262,772.958,-6.06,1.49,61.21,0.0042,5,Middle,127.04,-1,-1,UNKNOWN,None
87.215,46.278,773.265,-6.054,1.496,61.27,0.0042,5,Middle,126.74,-1,-1,UNKNOWN,None
87.232,46.294,773.548,-6.048,1.502,61.31,0.0042,5,Middle,126.45,-1,-1,UNKNOWN,None
87.248,46.31,773.838,-6.042,1.508,61.32,0.0042,5,Middle,126.16,-1,-1,UNKNOWN,None
87.266,46.326,773.985,-6.039,1.511,61.32,0.0042,5,Middle,126.01,-1,-1,UNKNOWN,None
87.284,46.341,774.294,-6.032,1.518,61.3,0.0042,5,Middle,125.71,-1,-1,UNKNOWN,None
87.293,46.357,774.592,-6.026,1.524,61.26,0.0042,5,Middle,125.41,-1,-1,UNKNOWN,None
87.318,46.373,774.875,-6.02,1.53,61.21,0.0042,5,Middle,125.12,-1,-1,UNKNOWN,None
87.327,46.389,775.163,-6.013,1.537,61.15,0.0042,5,Middle,124.84,-1,-1,UNKNOWN,None
87.343,46.405,775.446,-6.007,1.543,61.08,0.0042,5,Middle,124.55,-1,-1,UNKNOWN,None
87.352,46.421,775.616,-6.003,1.547,61.03,0.0042,5,Middle,124.38,-1,-1,UNKNOWN,None
87.37,46.438,775.898,-5.996,1.554,60.95,0.0042,5,Middle,124.1,-1,-1,UNKNOWN,None
87.395,46.453,776.18,-5.989,1.561,60.86,0.0042,5,Middle,123.82,-1,-1,UNKNOWN,None
87.403,46.469,776.474,-5.982,1.568,60.77,0.0042,5,Middle,123.53,-1,-1,UNKNOWN,None
87.426,46.485,776.698,-5.977,1.573,60.69,0.0042,5,Middle,123.3,-1,-1,UNKNOWN,None
87.436,46.502,777.01,-5.969,1.581,60.58,0.0042,5,Middle,122.99,-1,-1,UNKNOWN,None
87.461,46.518,777.289,-5.961,1.589,60.48,0.0042,5,Middle,122.71,-1,-1,UNKNOWN,None
87.469,46.533,777.569,-5.954,1.596,60.38,0.0042,5,Middle,122.43,-1,-1,UNKNOWN,None
87.494,46.549,777.848,-5.947,1.603,60.27,0.0042,5,Middle,122.15,-1,-1,UNKNOWN,None
87.511,46.565,778.127,-5.939,1.611,60.17,0.0042,5,Middle,121.87,-1,-1,UNKNOWN,None
87.52,46.582,778.416,-5.931,1.619,60.05,0.0042,5,Middle,121.58,-1,-1,UNKNOWN,None
87.541,46.598,778.626,-5.925,1.625,59.97,0.0042,5,Middle,121.37,-1,-1,UNKNOWN,None
87.556,46.613,778.884,-5.918,1.632,59.87,0.0007,5,Middle,121.12,-1,-1,UNKNOWN,None
87.574,46.629,779.17,-5.91,1.64,59.76,0.0007,5,Middle,120.83,-1,-1,UNKNOWN,None
87.584,46.645,779.339,-5.905,1.645,59.7,0.0007,5,Middle,120.66,-1,-1,UNKNOWN,None
87.602,46.661,779.648,-5.896,1.654,59.6,0.0007,5,Middle,120.35,-1,-1,UNKNOWN,None
87.611,46.678,779.952,-5.887,1.663,59.51,0.0007,5,Middle,120.05,-1,-1,UNKNOWN,None
87.621,46.693,780.09,-5.883,1.667,59.48,0.0007,5,Middle,119.91,-1,-1,UNKNOWN,None
87.654,46.71,780.505,-5.871,1.679,59.4,0.0007,5,Middle,119.5,-1,-1,UNKNOWN,None
87.671,46.726,780.78,-5.863,1.687,59.37,0.0007,5,Middle,119.22,-1,-1,UNKNOWN,None
87.679,46.741,780.917,-5.859,1.691,59.36,0.0007,5,Middle,119.08,-1,-1,UNKNOWN,None
87.69,46.757,781.337,-5.846,1.704,59.38,0.0007,5,Middle,118.66,-1,-1,UNKNOWN,None
87.714,46.773,781.488,-5.841,1.709,59.4,0.0007,5,Middle,118.51,-1,-1,UNKNOWN,None
87.722,46.789,781.763,-5.833,1.717,59.45,0.0007,5,Middle,118.24,-1,-1,UNKNOWN,None
87.747,46.806,782.038,-5.825,1.725,59.52,0.0007,5,Middle,117.96,-1,-1,UNKNOWN,None
87.764,46.822,782.315,-5.816,1.734,59.62,0.0007,5,Middle,117.68,-1,-1,UNKNOWN,None
87.781,46.838,782.592,-5.807,1.743,59.73,0.0007,5,Middle,117.41,-1,-1,UNKNOWN,None
87.797,46.855,782.869,-5.799,1.751,59.85,0.0007,5,Middle,117.13,-1,-1,UNKNOWN,None
87.806,46.87,783.146,-5.79,1.76,59.98,0.0007,5,Middle,116.85,-1,-1,UNKNOWN,None
87.831,46.885,783.424,-5.781,1.769,60.13,0.0005,5,Middle,116.58,-1,-1,UNKNOWN,None
87.831,46.903,783.563,-5.777,1.773,60.2,0.0005,5,Middle,116.44,-1,-1,UNKNOWN,None
87.864,46.918,783.983,-5.764,1.786,60.43,0.0005,5,Middle,116.02,-1,-1,UNKNOWN,None
87.872,46.934,784.265,-5.755,1.795,60.57,0.0005,5,Middle,115.74,-1,-1,UNKNOWN,None
87.89,46.95,784.415,-5.75,1.8,60.63,0.0005,5,Middle,115.59,-1,-1,UNKNOWN,None
87.908,46.967,784.721,-5.74,1.81,60.76,0.0002,5,Middle,115.28,-1,-1,UNKNOWN,None
87.926,46.982,785.029,-5.73,1.82,60.88,0.0002,5,Middle,114.97,-1,-1,UNKNOWN,None
87.934,46.998,785.311,-5.721,1.829,60.98,0.0002,5,Middle,114.69,-1,-1,UNKNOWN,None
87.959,47.014,785.594,-5.712,1.838,61.05,-0.0008,5,Middle,114.41,-1,-1,UNKNOWN,None
87.968,47.03,785.877,-5.703,1.847,61.12,-0.0008,5,Middle,114.12,-1,-1,UNKNOWN,None
87.985,47.046,786.166,-5.693,1.857,61.16,-0.0008,5,Middle,113.83,-1,-1,UNKNOWN,None
88.002,47.062,786.449,-5.684,1.866,61.18,-0.0008,5,Middle,113.55,-1,-1,UNKNOWN,None
88.01,47.079,786.591,-5.68,1.87,61.18,-0.0008,5,Middle,113.41,-1,-1,UNKNOWN,None
88.035,47.095,786.875,-5.67,1.88,61.17,-0.0008,5,Middle,113.12,-1,-1,UNKNOWN,None
88.043,47.111,787.158,-5.661,1.889,61.14,-0.0008,5,Middle,112.84,-1,-1,UNKNOWN,None
88.06,47.127,787.441,-5.652,1.898,61.09,-0.0008,5,Middle,112.56,-1,-1,UNKNOWN,None
88.077,47.143,787.724,-5.643,1.907,61.04,-0.0033,5,Middle,112.28,-1,-1,UNKNOWN,None
88.102,47.158,788.006,-5.634,1.916,60.97,-0.0033,5,Middle,111.99,-1,-1,UNKNOWN,None
88.102,47.175,788.147,-5.63,1.92,60.94,-0.0033,5,Middle,111.85,-1,-1,UNKNOWN,None
88.135,47.194,788.575,-5.616,1.934,60.82,-0.0033,5,Middle,111.42,-1,-1,UNKNOWN,None
88.152,47.206,788.856,-5.607,1.943,60.74,-0.0033,5,Middle,111.14,-1,-1,UNKNOWN,None
88.16,47.222,789.137,-5.598,1.952,60.65,-0.0033,5,Middle,110.86,-1,-1,UNKNOWN,None
88.177,47.238,789.418,-5.59,1.96,60.56,-0.0033,5,Middle,110.58,-1,-1,UNKNOWN,None
88.185,47.254,789.559,-5.585,1.965,60.51,-0.0033,5,Middle,110.44,-1,-1,UNKNOWN,None
88.202,47.27,789.846,-5.576,1.974,60.41,-0.0033,5,Middle,110.15,-1,-1,UNKNOWN,None
88.228,47.287,790.129,-5.568,1.982,60.31,-0.0033,5,Middle,109.87,-1,-1,UNKNOWN,None
88.244,47.302,790.407,-5.559,1.991,60.21,-0.0033,5,Middle,109.59,-1,-1,UNKNOWN,None
88.244,47.318,790.547,-5.555,1.995,60.16,-0.0033,5,Middle,109.45,-1,-1,UNKNOWN,None
88.278,47.333,790.963,-5.543,2.007,60.0,-0.0033,5,Middle,109.04,-1,-1,UNKNOWN,None
88.296,47.349,791.263,-5.534,2.016,59.88,-0.0033,5,Middle,108.74,-1,-1,UNKNOWN,None
88.304,47.365,791.546,-5.525,2.025,59.78,-0.0033,5,Middle,108.45,-1,-1,UNKNOWN,None
88.313,47.381,791.692,-5.521,2.029,59.73,-0.0033,5,Middle,108.31,-1,-1,UNKNOWN,None
88.339,47.397,791.982,-5.513,2.037,59.63,-0.0033,5,Middle,108.02,-1,-1,UNKNOWN,None
88.347,47.414,792.26,-5.505,2.045,59.55,-0.0033,5,Middle,107.74,-1,-1,UNKNOWN,None
88.364,47.43,792.535,-5.497,2.053,59.49,-0.0033,5,Middle,107.46,-1,-1,UNKNOWN,None
88.389,47.445,792.811,-5.489,2.061,59.44,-0.0033,5,Middle,107.19,-1,-1,UNKNOWN,None
88.406,47.461,793.086,-5.482,2.068,59.41,-0.0033,5,Middle,106.91,-1,-1,UNKNOWN,None
88.423,47.477,793.36,-5.474,2.076,59.4,-0.0033,5,Middle,106.64,-1,-1,UNKNOWN,None
88.431,47.493,793.635,-5.466,2.084,59.42,-0.0033,5,Middle,106.36,-1,-1,UNKNOWN,None
88.448,47.509,793.91,-5.459,2.091,59.45,-0.0033,5,Middle,106.09,-1,-1,UNKNOWN,None
88.464,47.525,794.186,-5.452,2.098,59.51,-0.0033,5,Middle,105.81,-1,-1,UNKNOWN,None
88.473,47.541,794.324,-5.448,2.102,59.55,-0.0033,5,Middle,105.68,-1,-1,UNKNOWN,None
88.489,47.557,794.648,-5.44,2.11,59.66,-0.0033,5,Middle,105.35,-1,-1,UNKNOWN,None
88.52,47.574,794.965,-5.431,2.119,59.78,-0.0033,5,Middle,105.03,-1,-1,UNKNOWN,None
88.528,47.589,795.242,-5.424,2.126,59.91,-0.0033,5,Middle,104.76,-1,-1,UNKNOWN,None
88.545,47.605,795.52,-5.417,2.133,60.04,-0.0033,5,Middle,104.48,-1,-1,UNKNOWN,None
88.553,47.621,795.659,-5.414,2.136,60.11,-0.0033,5,Middle,104.34,-1,-1,UNKNOWN,None
88.578,47.637,795.943,-5.407,2.143,60.26,-0.0033,5,Middle,104.06,-1,-1,UNKNOWN,None
88.587,47.653,796.222,-5.4,2.15,60.4,-0.0033,5,Middle,103.78,-1,-1,UNKNOWN,None
88.595,47.67,796.379,-5.396,2.154,60.47,-0.0033,5,Middle,103.62,-1,-1,UNKNOWN,None
88.613,47.685,796.659,-5.39,2.16,60.59,-0.0033,5,Middle,103.34,-1,-1,UNKNOWN,None
88.646,47.701,797.08,-5.38,2.17,60.71,-0.0033,5,Middle,102.92,-1,-1,UNKNOWN,None
88.663,47.717,797.361,-5.373,2.177,60.76,-0.0033,5,Middle,102.64,-1,-1,UNKNOWN,None
88.671,47.733,797.643,-5.367,2.183,60.79,-0.0033,5,Middle,102.36,-1,-1,UNKNOWN,None
88.689,47.749,797.803,-5.364,2.186,60.8,-0.0033,5,Middle,102.2,-1,-1,UNKNOWN,None
88.705,47.766,798.084,-5.357,2.193,60.79,-0.0033,5,Middle,101.92,-1,-1,UNKNOWN,None
88.714,47.781,798.411,-5.35,2.2,60.76,-0.0033,5,Middle,101.59,-1,-1,UNKNOWN,None
88.736,47.797,798.609,-5.346,2.204,60.73,-0.0033,5,Middle,101.39,-1,-1,UNKNOWN,None
88.754,47.814,799.04,-5.337,2.213,60.66,-0.0033,5,Middle,100.96,-1,-1,UNKNOWN,None
88.762,47.83,799.18,-5.334,2.216,60.63,-0.0033,5,Middle,100.82,-1,-1,UNKNOWN,None
88.787,47.846,799.461,-5.328,2.222,60.59,-0.0033,5,Middle,100.54,-1,-1,UNKNOWN,None
88.804,47.863,799.742,-5.323,2.227,60.53,-0.0033,5,Middle,100.26,-1,-1,UNKNOWN,None
88.812,47.879,800.028,-5.317,2.233,60.47,-0.0033,5,Middle,99.97,-1,-1,UNKNOWN,None
88.838,47.894,800.326,-5.311,2.239,60.4,-0.0033,5,Middle,99.67,-1,-1,UNKNOWN,None
88.848,47.91,800.643,-5.305,2.245,60.31,-0.004,5,Middle,99.36,-1,-1,UNKNOWN,None
88.866,47.926,800.923,-5.3,2.25,60.23,-0.004,5,Middle,99.08,-1,-1,UNKNOWN,None
88.874,47.942,801.062,-5.297,2.253,60.19,-0.004,5,Middle,98.94,-1,-1,UNKNOWN,None
88.899,47.959,801.341,-5.292,2.258,60.1,-0.004,5,Middle,98.66,-1,-1,UNKNOWN,None
88.908,47.975,801.618,-5.288,2.262,60.01,-0.0049,5,Middle,98.38,-1,-1,UNKNOWN,None
88.933,47.99,801.896,-5.283,2.267,59.92,-0.0049,5,Middle,98.1,-1,-1,UNKNOWN,None
88.949,48.006,802.173,-5.278,2.272,59.82,-0.0056,5,Middle,97.83,-1,-1,UNKNOWN,None
88.958,48.022,802.311,-5.276,2.274,59.78,-0.0063,5,Middle,97.69,-1,-1,UNKNOWN,None
88.971,48.038,802.528,-5.272,2.278,59.71,-0.0063,5,Middle,97.47,-1,-1,UNKNOWN,None
88.995,48.054,802.927,-5.266,2.284,59.58,-0.0078,5,Middle,97.07,-1,-1,UNKNOWN,None
89.003,48.07,803.203,-5.262,2.288,59.51,-0.0088,5,Middle,96.8,-1,-1,UNKNOWN,None
89.028,48.086,803.479,-5.258,2.292,59.45,-0.0098,5,Middle,96.52,-1,-1,UNKNOWN,None
89.045,48.103,803.754,-5.255,2.295,59.41,-0.0107,5,Middle,96.25,-1,-1,UNKNOWN,None
89.053,48.119,804.029,-5.251,2.299,59.38,-0.0114,5,Middle,95.97,-1,-1,UNKNOWN,None
89.053,48.135,804.029,-5.251,2.299,59.38,-0.0114,5,Middle,95.97,-1,-1,UNKNOWN,None
89.095,48.151,804.579,-5.245,2.305,59.39,-0.0119,5,Middle,95.42,-1,-1,UNKNOWN,None
89.111,48.167,804.854,-5.243,2.307,59.43,-0.0119,5,Middle,95.15,-1,-1,UNKNOWN,None
89.111,48.182,805.037,-5.241,2.309,59.47,-0.0119,5,Middle,94.96,-1,-1,UNKNOWN,None
89.131,48.198,805.313,-5.239,2.311,59.55,-0.0119,5,Middle,94.69,-1,-1,UNKNOWN,None
89.156,48.215,805.589,-5.237,2.313,59.64,-0.0119,5,Middle,94.41,-1,-1,UNKNOWN,None
89.164,48.231,805.865,-5.235,2.315,59.76,-0.0119,5,Middle,94.13,-1,-1,UNKNOWN,None
89.189,48.245,806.142,-5.234,2.316,59.88,-0.0119,5,Middle,93.86,-1,-1,UNKNOWN,None
89.198,48.262,806.434,-5.232,2.318,60.02,-0.0119,5,Middle,93.57,-1,-1,UNKNOWN,None
89.215,48.278,806.714,-5.231,2.319,60.17,-0.0119,5,Middle,93.29,-1,-1,UNKNOWN,None
89.236,48.294,806.922,-5.231,2.319,60.27,-0.0119,5,Middle,93.08,-1,-1,UNKNOWN,None
89.255,48.31,807.247,-5.23,2.32,60.44,-0.0119,5,Middle,92.75,-1,-1,UNKNOWN,None
89.264,48.327,807.532,-5.23,2.32,60.58,-0.0119,5,Middle,92.47,-1,-1,UNKNOWN,None
89.272,48.342,807.672,-5.23,2.32,60.65,-0.0119,5,Middle,92.33,-1,-1,UNKNOWN,None
89.302,48.357,808.034,-5.231,2.319,60.79,-0.0119,5,Middle,91.97,-1,-1,UNKNOWN,None
89.312,48.373,808.352,-5.231,2.319,60.87,-0.0119,5,Middle,91.65,-1,-1,UNKNOWN,None
89.33,48.389,808.504,-5.232,2.318,60.9,-0.0119,5,Middle,91.5,-1,-1,UNKNOWN,None
89.33,48.405,808.645,-5.232,2.318,60.92,-0.0119,5,Middle,91.35,-1,-1,UNKNOWN,None
89.355,48.421,809.07,-5.235,2.315,60.94,-0.0119,5,Middle,90.93,-1,-1,UNKNOWN,None
89.372,48.437,809.352,-5.236,2.314,60.93,-0.0119,5,Middle,90.65,-1,-1,UNKNOWN,None
89.397,48.453,809.634,-5.238,2.312,60.89,-0.0119,5,Middle,90.37,-1,-1,UNKNOWN,None
89.405,48.469,809.916,-5.241,2.309,60.85,-0.0104,5,Middle,90.08,-1,-1,UNKNOWN,None
89.413,48.485,810.057,-5.242,2.308,60.82,-0.0104,5,Middle,89.94,-1,-1,UNKNOWN,None
89.441,48.502,810.386,-5.246,2.304,60.75,-0.0104,5,Middle,89.61,-1,-1,UNKNOWN,None
89.459,48.517,810.682,-5.249,2.301,60.68,-0.0104,5,Middle,89.32,-1,-1,UNKNOWN,None
89.467,48.532,810.963,-5.253,2.297,60.6,-0.01,5,Middle,89.04,-1,-1,UNKNOWN,None
89.484,48.549,811.252,-5.257,2.293,60.52,-0.01,5,Middle,88.75,-1,-1,UNKNOWN,None
89.502,48.565,811.577,-5.261,2.289,60.42,-0.01,5,Middle,88.42,-1,-1,UNKNOWN,None
89.52,48.581,811.857,-5.266,2.284,60.33,-0.01,5,Middle,88.14,-1,-1,UNKNOWN,None
89.537,48.597,811.996,-5.268,2.282,60.29,-0.01,5,Middle,88.0,-1,-1,UNKNOWN,None
89.547,48.614,812.31,-5.274,2.276,60.18,-0.01,5,Middle,87.69,-1,-1,UNKNOWN,None
89.573,48.63,812.593,-5.279,2.271,60.08,-0.01,5,Middle,87.41,-1,-1,UNKNOWN,None
89.589,48.646,812.87,-5.285,2.265,59.98,-0.01,5,Middle,87.13,-1,-1,UNKNOWN,None
89.598,48.661,813.183,-5.291,2.259,59.87,-0.01,5,Middle,86.82,-1,-1,UNKNOWN,None
89.616,48.677,813.46,-5.297,2.253,59.77,-0.01,5,Middle,86.54,-1,-1,UNKNOWN,None
89.633,48.694,813.736,-5.304,2.246,59.68,-0.0098,5,Middle,86.26,-1,-1,UNKNOWN,None
89.641,48.709,813.874,-5.307,2.243,59.63,-0.0098,5,Middle,86.13,-1,-1,UNKNOWN,None
89.658,48.724,814.152,-5.314,2.236,59.55,-0.0095,5,Middle,85.85,-1,-1,UNKNOWN,None
89.675,48.741,814.428,-5.321,2.229,59.49,-0.0094,5,Middle,85.57,-1,-1,UNKNOWN,None
89.692,48.759,814.703,-5.329,2.221,59.44,-0.0091,5,Middle,85.3,-1,-1,UNKNOWN,None
89.708,48.773,814.978,-5.336,2.214,59.41,-0.0088,5,Middle,85.02,-1,-1,UNKNOWN,None
89.725,48.789,815.261,-5.345,2.205,59.41,-0.0084,5,Middle,84.74,-1,-1,UNKNOWN,None
89.734,48.806,815.398,-5.349,2.201,59.41,-0.0075,5,Middle,84.6,-1,-1,UNKNOWN,None
89.734,48.822,815.398,-5.349,2.201,59.41,-0.0075,5,Middle,84.6,-1,-1,UNKNOWN,None
89.775,48.839,816.086,-5.37,2.18,59.52,-0.0052,5,Middle,83.91,-1,-1,UNKNOWN,None
89.8,48.855,816.362,-5.379,2.171,59.6,-0.004,5,Middle,83.64,-1,-1,UNKNOWN,None
89.809,48.871,816.651,-5.388,2.162,59.7,-0.0028,5,Middle,83.35,-1,-1,UNKNOWN,None
89.826,48.886,816.79,-5.393,2.157,59.76,-0.0017,5,Middle,83.21,-1,-1,UNKNOWN,None
89.844,48.902,817.089,-5.403,2.147,59.89,-0.0005,5,Middle,82.91,-1,-1,UNKNOWN,None
89.844,48.918,817.244,-5.408,2.142,59.96,0.0007,5,Middle,82.76,-1,-1,UNKNOWN,None
89.862,48.934,817.522,-5.418,2.132,60.1,0.0018,5,Middle,82.48,-1,-1,UNKNOWN,None
89.895,48.95,817.941,-5.432,2.118,60.33,0.0033,5,Middle,82.06,-1,-1,UNKNOWN,None
89.912,48.966,818.22,-5.442,2.108,60.49,0.0033,5,Middle,81.78,-1,-1,UNKNOWN,None
89.928,48.982,818.501,-5.452,2.098,60.64,0.0033,5,Middle,81.5,-1,-1,UNKNOWN,None
89.937,48.998,818.782,-5.462,2.088,60.79,0.0056,5,Middle,81.22,-1,-1,UNKNOWN,None
89.953,49.014,819.064,-5.471,2.079,60.93,0.0056,5,Middle,80.94,-1,-1,UNKNOWN,None
89.962,49.031,819.205,-5.476,2.074,61.0,0.0056,5,Middle,80.8,-1,-1,UNKNOWN,None
89.978,49.046,819.487,-5.486,2.064,61.11,0.0065,5,Middle,80.51,-1,-1,UNKNOWN,None
90.003,49.062,819.77,-5.496,2.054,61.22,0.0065,5,Middle,80.23,-1,-1,UNKNOWN,None
90.012,49.078,819.912,-5.501,2.049,61.26,0.0065,5,Middle,80.09,-1,-1,UNKNOWN,None
90.02,49.095,820.196,-5.511,2.039,61.33,0.0065,5,Middle,79.8,-1,-1,UNKNOWN,None
90.054,49.111,820.631,-5.526,2.024,61.4,0.0065,5,Middle,79.37,-1,-1,UNKNOWN,None
90.062,49.127,820.916,-5.536,2.014,61.43,0.0065,5,Middle,79.08,-1,-1,UNKNOWN,None
90.079,49.143,821.061,-5.541,2.009,61.43,0.0065,5,Middle,78.94,-1,-1,UNKNOWN,None
90.099,49.158,821.405,-5.553,1.997,61.44,0.0065,5,Middle,78.6,-1,-1,UNKNOWN,None
90.116,49.174,821.695,-5.562,1.988,61.41,0.0065,5,Middle,78.31,-1,-1,UNKNOWN,None
90.125,49.19,821.984,-5.572,1.978,61.37,0.0065,5,Middle,78.02,-1,-1,UNKNOWN,None
90.143,49.206,822.287,-5.582,1.968,61.33,0.0065,5,Middle,77.71,-1,-1,UNKNOWN,None
90.159,49.223,822.57,-5.591,1.959,61.28,0.0065,5,Middle,77.43,-1,-1,UNKNOWN,None
90.176,49.239,822.853,-5.6,1.95,61.23,0.0065,5,Middle,77.15,-1,-1,UNKNOWN,None
90.194,49.254,823.014,-5.605,1.945,61.2,0.0065,5,Middle,76.99,-1,-1,UNKNOWN,None
90.211,49.27,823.308,-5.615,1.935,61.15,0.0065,5,Middle,76.69,-1,-1,UNKNOWN,None
90.228,49.286,823.592,-5.623,1.927,61.08,0.0065,5,Middle,76.41,-1,-1,UNKNOWN,None
90.245,49.303,823.878,-5.632,1.918,61.01,0.0065,5,Middle,76.12,-1,-1,UNKNOWN,None
90.262,49.318,824.16,-5.64,1.91,60.93,0.0065,5,Middle,75.84,-1,-1,UNKNOWN,None
90.271,49.333,824.462,-5.649,1.901,60.84,0.0065,5,Middle,75.54,-1,-1,UNKNOWN,None
90.288,49.349,824.744,-5.657,1.893,60.75,0.0065,5,Middle,75.26,-1,-1,UNKNOWN,None
90.304,49.366,825.025,-5.665,1.885,60.66,0.0065,5,Middle,74.98,-1,-1,UNKNOWN,None
90.329,49.382,825.305,-5.673,1.877,60.57,0.0065,5,Middle,74.7,-1,-1,UNKNOWN,None
90.338,49.398,825.445,-5.677,1.873,60.52,0.0065,5,Middle,74.55,-1,-1,UNKNOWN,None
90.355,49.413,825.732,-5.685,1.865,60.43,0.0065,5,Middle,74.27,-1,-1,UNKNOWN,None
90.372,49.429,826.013,-5.692,1.858,60.33,0.0065,5,Middle,73.99,-1,-1,UNKNOWN,None
90.397,49.45,826.438,-5.703,1.847,60.18,0.0065,5,Middle,73.56,-1,-1,UNKNOWN,None
90.406,49.469,826.726,-5.71,1.84,60.07,0.0065,5,Middle,73.27,-1,-1,UNKNOWN,None
90.423,49.478,826.866,-5.713,1.837,60.02,0.0065,5,Middle,73.13,-1,-1,UNKNOWN,None
90.431,49.493,827.143,-5.72,1.83,59.92,0.0065,5,Middle,72.86,-1,-1,UNKNOWN,None
90.449,49.51,827.31,-5.723,1.827,59.86,0.0065,5,Middle,72.69,-1,-1,UNKNOWN,None
90.468,49.525,827.62,-5.73,1.82,59.75,0.0065,5,Middle,72.38,-1,-1,UNKNOWN,None
90.476,49.541,827.896,-5.736,1.814,59.67,0.0065,5,Middle,72.1,-1,-1,UNKNOWN,None
90.503,49.558,828.193,-5.743,1.807,59.6,0.0065,5,Middle,71.81,-1,-1,UNKNOWN,None
90.512,49.573,828.488,-5.749,1.801,59.54,0.0065,5,Middle,71.51,-1,-1,UNKNOWN,None
90.52,49.589,828.626,-5.751,1.799,59.52,0.0068,5,Middle,71.37,-1,-1,UNKNOWN,None
90.537,49.606,828.911,-5.757,1.793,59.49,0.0068,5,Middle,71.09,-1,-1,UNKNOWN,None
90.563,49.621,829.188,-5.762,1.788,59.49,0.0068,5,Middle,70.81,-1,-1,UNKNOWN,None
90.563,49.637,829.326,-5.765,1.785,59.5,0.0068,5,Middle,70.67,-1,-1,UNKNOWN,None
90.58,49.653,829.602,-5.769,1.781,59.53,0.0068,5,Middle,70.4,-1,-1,UNKNOWN,None
90.605,49.669,830.03,-5.777,1.773,59.62,0.0068,5,Middle,69.97,-1,-1,UNKNOWN,None
90.63,49.685,830.306,-5.781,1.769,59.71,0.0068,5,Middle,69.69,-1,-1,UNKNOWN,None
90.639,49.701,830.583,-5.785,1.765,59.81,0.0068,5,Middle,69.42,-1,-1,UNKNOWN,None
90.655,49.717,830.861,-5.789,1.761,59.93,0.0068,5,Middle,69.14,-1,-1,UNKNOWN,None
90.664,49.734,831.0,-5.791,1.759,59.99,0.0068,5,Middle,69.0,-1,-1,UNKNOWN,None
90.68,49.749,831.288,-5.795,1.755,60.13,0.0068,5,Middle,68.71,-1,-1,UNKNOWN,None
90.707,49.765,831.578,-5.799,1.751,60.28,0.0068,5,Middle,68.42,-1,-1,UNKNOWN,None
90.724,49.781,831.873,-5.803,1.747,60.44,0.0065,5,Middle,68.13,-1,-1,UNKNOWN,None
90.724,49.797,832.013,-5.804,1.746,60.52,0.0065,5,Middle,67.99,-1,-1,UNKNOWN,None
90.741,49.814,832.294,-5.807,1.743,60.68,0.0065,5,Middle,67.71,-1,-1,UNKNOWN,None
90.767,49.831,832.756,-5.812,1.738,60.92,0.0065,5,Middle,67.24,-1,-1,UNKNOWN,None
90.788,49.847,832.956,-5.814,1.736,61.0,0.0065,5,Middle,67.04,-1,-1,UNKNOWN,None
90.806,49.862,833.25,-5.817,1.733,61.12,0.0046,5,Middle,66.75,-1,-1,UNKNOWN,None
90.817,49.878,833.445,-5.818,1.732,61.18,0.0046,5,Middle,66.56,-1,-1,UNKNOWN,None
90.828,49.894,833.633,-5.82,1.73,61.23,0.0046,5,Middle,66.37,-1,-1,UNKNOWN,None
90.842,49.91,834.019,-5.823,1.727,61.31,0.003,5,Middle,65.98,-1,-1,UNKNOWN,None
90.868,49.926,834.307,-5.825,1.725,61.34,0.003,5,Middle,65.69,-1,-1,UNKNOWN,None
90.876,49.942,834.591,-5.827,1.723,61.35,0.0018,5,Middle,65.41,-1,-1,UNKNOWN,None
90.901,49.958,834.875,-5.829,1.721,61.34,0.0018,5,Middle,65.12,-1,-1,UNKNOWN,None
90.91,49.974,835.159,-5.83,1.72,61.31,0.0018,5,Middle,64.84,-1,-1,UNKNOWN,None
90.935,49.99,835.454,-5.832,1.718,61.26,0.0018,5,Middle,64.55,-1,-1,UNKNOWN,None
90.944,50.006,835.755,-5.833,1.717,61.2,0.0018,5,Middle,64.24,-1,-1,UNKNOWN,None
90.961,50.022,836.038,-5.835,1.715,61.14,0.0018,5,Middle,63.96,-1,-1,UNKNOWN,None
90.978,50.038,836.183,-5.835,1.715,61.1,0.0018,5,Middle,63.82,-1,-1,UNKNOWN,None
90.986,50.054,836.465,-5.837,1.713,61.02,0.0018,5,Middle,63.53,-1,-1,UNKNOWN,None
91.011,50.07,836.747,-5.838,1.712,60.94,0.0018,5,Middle,63.25,-1,-1,UNKNOWN,None
91.029,50.086,837.043,-5.839,1.711,60.84,0.0018,5,Middle,62.96,-1,-1,UNKNOWN,None
91.039,50.102,837.346,-5.839,1.711,60.74,0.0018,5,Middle,62.65,-1,-1,UNKNOWN,None
91.056,50.118,837.646,-5.84,1.71,60.64,0.0018,5,Middle,62.35,-1,-1,UNKNOWN,None
91.074,50.134,837.807,-5.841,1.709,60.58,0.0018,5,Middle,62.19,-1,-1,UNKNOWN,None
91.083,50.15,838.087,-5.841,1.709,60.48,0.0018,5,Middle,61.91,-1,-1,UNKNOWN,None
91.108,50.166,838.367,-5.842,1.708,60.37,0.0018,5,Middle,61.63,-1,-1,UNKNOWN,None
91.116,50.183,838.664,-5.842,1.708,60.26,0.0014,5,Middle,61.34,-1,-1,UNKNOWN,None
91.143,50.198,838.964,-5.843,1.707,60.15,0.0014,5,Middle,61.04,-1,-1,UNKNOWN,None
91.153,50.215,839.266,-5.843,1.707,60.04,0.0014,5,Middle,60.73,-1,-1,UNKNOWN,None
91.161,50.23,839.421,-5.843,1.707,59.98,0.0014,5,Middle,60.58,-1,-1,UNKNOWN,None
91.179,50.246,839.698,-5.843,1.707,59.88,0.0014,5,Middle,60.3,-1,-1,UNKNOWN,None
91.204,50.262,839.975,-5.843,1.707,59.78,0.0014,5,Middle,60.03,-1,-1,UNKNOWN,None
91.221,50.279,840.251,-5.843,1.707,59.68,0.0014,5,Middle,59.75,-1,-1,UNKNOWN,None
91.237,50.295,840.527,-5.843,1.707,59.6,0.0014,5,Middle,59.47,-1,-1,UNKNOWN,None
91.254,50.31,840.803,-5.843,1.707,59.53,0.0014,5,Middle,59.2,-1,-1,UNKNOWN,None
91.254,50.326,840.941,-5.843,1.707,59.5,0.0014,5,Middle,59.06,-1,-1,UNKNOWN,None
91.279,50.341,841.371,-5.843,1.707,59.43,0.0014,5,Middle,58.63,-1,-1,UNKNOWN,None
91.288,50.357,841.631,-5.843,1.707,59.42,0.0014,5,Middle,58.37,-1,-1,UNKNOWN,None
91.316,50.373,841.82,-5.843,1.707,59.41,0.0014,5,Middle,58.18,-1,-1,UNKNOWN,None
91.334,50.389,842.124,-5.842,1.708,59.44,0.0014,5,Middle,57.88,-1,-1,UNKNOWN,None
91.343,50.405,842.268,-5.842,1.708,59.45,0.0014,5,Middle,57.73,-1,-1,UNKNOWN,None
91.368,50.421,842.678,-5.842,1.708,59.55,0.0014,5,Middle,57.32,-1,-1,UNKNOWN,None
91.376,50.437,842.954,-5.841,1.709,59.63,0.0014,5,Middle,57.05,-1,-1,UNKNOWN,None
91.393,50.453,843.23,-5.841,1.709,59.74,0.0014,5,Middle,56.77,-1,-1,UNKNOWN,None
91.401,50.47,843.377,-5.84,1.71,59.8,0.0014,5,Middle,56.62,-1,-1,UNKNOWN,None
91.418,50.486,843.654,-5.84,1.71,59.92,0.0014,5,Middle,56.35,-1,-1,UNKNOWN,None
91.443,50.501,843.936,-5.839,1.711,60.06,0.0014,5,Middle,56.06,-1,-1,UNKNOWN,None
91.452,50.516,844.214,-5.839,1.711,60.2,0.0014,5,Middle,55.79,-1,-1,UNKNOWN,None
91.46,50.533,844.363,-5.838,1.712,60.28,0.0014,5,Middle,55.64,-1,-1,UNKNOWN,None
91.485,50.548,844.783,-5.837,1.713,60.5,0.0014,5,Middle,55.22,-1,-1,UNKNOWN,None
91.51,50.566,845.064,-5.836,1.714,60.65,0.0014,5,Middle,54.94,-1,-1,UNKNOWN,None
91.519,50.582,845.345,-5.835,1.715,60.78,0.0014,5,Middle,54.66,-1,-1,UNKNOWN,None
91.535,50.598,845.627,-5.835,1.715,60.9,0.0014,5,Middle,54.37,-1,-1,UNKNOWN,None
91.552,50.614,845.912,-5.834,1.716,61.02,0.0014,5,Middle,54.09,-1,-1,UNKNOWN,None
91.569,50.629,846.058,-5.833,1.717,61.07,0.0014,5,Middle,53.94,-1,-1,UNKNOWN,None
91.578,50.65,846.381,-5.832,1.718,61.17,0.0014,5,Middle,53.62,-1,-1,UNKNOWN,None
91.605,50.664,846.669,-5.831,1.719,61.24,0.0014,5,Middle,53.33,-1,-1,UNKNOWN,None
91.622,50.677,846.953,-5.83,1.72,61.29,0.0014,5,Middle,53.05,-1,-1,UNKNOWN,None
91.63,50.693,847.236,-5.829,1.721,61.32,0.0014,5,Middle,52.76,-1,-1,UNKNOWN,None
91.647,50.709,847.52,-5.827,1.723,61.33,0.0014,5,Middle,52.48,-1,-1,UNKNOWN,None
91.664,50.725,847.81,-5.826,1.724,61.31,0.0014,5,Middle,52.19,-1,-1,UNKNOWN,None
91.689,50.741,848.096,-5.825,1.725,61.29,0.0014,5,Middle,51.9,-1,-1,UNKNOWN,None
91.689,50.757,848.256,-5.824,1.726,61.26,0.0014,5,Middle,51.74,-1,-1,UNKNOWN,None
91.707,50.773,848.555,-5.823,1.727,61.21,0.0014,5,Middle,51.45,-1,-1,UNKNOWN,None
91.725,50.789,848.852,-5.821,1.729,61.15,0.0014,5,Middle,51.15,-1,-1,UNKNOWN,None
91.742,50.806,849.146,-5.82,1.73,61.08,0.0014,5,Middle,50.85,-1,-1,UNKNOWN,None
91.759,50.824,849.432,-5.818,1.732,61.0,0.0014,5,Middle,50.57,-1,-1,UNKNOWN,None
91.768,50.838,849.604,-5.818,1.732,60.95,0.0014,5,Middle,50.4,-1,-1,UNKNOWN,None
91.796,50.854,849.905,-5.816,1.734,60.86,0.0014,5,Middle,50.09,-1,-1,UNKNOWN,None
91.812,50.871,850.187,-5.814,1.736,60.77,0.0014,5,Middle,49.81,-1,-1,UNKNOWN,None
91.829,50.886,850.468,-5.813,1.737,60.68,0.0014,5,Middle,49.53,-1,-1,UNKNOWN,None
91.837,50.902,850.748,-5.811,1.739,60.58,0.0014,5,Middle,49.25,-1,-1,UNKNOWN,None
91.854,50.918,851.029,-5.81,1.74,60.48,0.0014,5,Middle,48.97,-1,-1,UNKNOWN,None
91.871,50.934,851.323,-5.808,1.742,60.37,0.0014,5,Middle,48.68,-1,-1,UNKNOWN,None
91.888,50.95,851.607,-5.806,1.744,60.26,0.0014,5,Middle,48.39,-1,-1,UNKNOWN,None
91.906,50.967,851.898,-5.804,1.746,60.15,0.0014,5,Middle,48.1,-1,-1,UNKNOWN,None
91.923,50.983,852.039,-5.803,1.747,60.1,0.0014,5,Middle,47.96,-1,-1,UNKNOWN,None
91.94,50.998,852.322,-5.801,1.749,59.99,0.0014,5,Middle,47.68,-1,-1,UNKNOWN,None
91.94,51.014,852.461,-5.8,1.75,59.93,0.0014,5,Middle,47.54,-1,-1,UNKNOWN,None
91.973,51.03,852.875,-5.798,1.752,59.77,0.0014,5,Middle,47.12,-1,-1,UNKNOWN,None
91.989,51.046,853.146,-5.796,1.754,59.68,0.0014,5,Middle,46.85,-1,-1,UNKNOWN,None
92.006,51.062,853.431,-5.794,1.756,59.59,0.0014,5,Middle,46.57,-1,-1,UNKNOWN,None
92.023,51.079,853.71,-5.791,1.759,59.51,0.0014,5,Middle,46.29,-1,-1,UNKNOWN,None
92.04,51.095,853.985,-5.789,1.761,59.45,0.0014,5,Middle,46.01,-1,-1,UNKNOWN,None
92.048,51.11,854.26,-5.787,1.763,59.41,0.0014,5,Middle,45.74,-1,-1,UNKNOWN,None
92.065,51.126,854.535,-5.785,1.765,59.38,0.0014,5,Middle,45.46,-1,-1,UNKNOWN,None
92.082,51.142,854.678,-5.784,1.766,59.38,0.0014,5,Middle,45.32,-1,-1,UNKNOWN,None
92.09,51.158,854.953,-5.782,1.768,59.39,0.0014,5,Middle,45.05,-1,-1,UNKNOWN,None
92.117,51.174,855.255,-5.779,1.771,59.42,0.0014,5,Middle,44.74,-1,-1,UNKNOWN,None
92.127,51.19,855.566,-5.777,1.773,59.49,0.0014,5,Middle,44.43,-1,-1,UNKNOWN,None
92.145,51.206,855.715,-5.775,1.775,59.53,0.0014,5,Middle,44.28,-1,-1,UNKNOWN,None
92.164,51.222,856.03,-5.773,1.777,59.64,0.0014,5,Middle,43.97,-1,-1,UNKNOWN,None
92.173,51.239,856.313,-5.77,1.78,59.75,0.0014,5,Middle,43.69,-1,-1,UNKNOWN,None
92.189,51.254,856.59,-5.768,1.782,59.87,0.0009,5,Middle,43.41,-1,-1,UNKNOWN,None
92.206,51.271,856.868,-5.765,1.785,60.01,0.0005,5,Middle,43.13,-1,-1,UNKNOWN,None
92.231,51.286,857.146,-5.763,1.787,60.15,-0.0002,5,Middle,42.85,-1,-1,UNKNOWN,None
92.248,51.302,857.432,-5.76,1.79,60.31,-0.0002,5,Middle,42.57,-1,-1,UNKNOWN,None
92.256,51.318,857.712,-5.758,1.792,60.46,-0.0002,5,Middle,42.29,-1,-1,UNKNOWN,None
92.274,51.333,857.864,-5.756,1.794,60.54,-0.0002,5,Middle,42.14,-1,-1,UNKNOWN,None
92.274,51.352,858.004,-5.755,1.795,60.6,-0.0053,5,Middle,42.0,-1,-1,UNKNOWN,None
92.307,51.365,858.426,-5.751,1.799,60.79,-0.0053,5,Middle,41.57,-1,-1,UNKNOWN,None
92.324,51.381,858.708,-5.749,1.801,60.91,-0.0053,5,Middle,41.29,-1,-1,UNKNOWN,None
92.34,51.398,858.99,-5.747,1.803,61.01,-0.0053,5,Middle,41.01,-1,-1,UNKNOWN,None
92.357,51.413,859.273,-5.744,1.806,61.09,-0.0053,5,Middle,40.73,-1,-1,UNKNOWN,None
92.365,51.429,859.572,-5.742,1.808,61.15,-0.0111,5,Middle,40.43,-1,-1,UNKNOWN,None
92.391,51.446,859.855,-5.74,1.81,61.19,-0.0114,5,Middle,40.14,-1,-1,UNKNOWN,None
92.4,51.462,860.139,-5.739,1.811,61.22,-0.0114,5,Middle,39.86,-1,-1,UNKNOWN,None
92.416,51.477,860.422,-5.737,1.813,61.24,-0.0114,5,Middle,39.58,-1,-1,UNKNOWN,None
92.425,51.493,860.564,-5.736,1.814,61.25,-0.0114,5,Middle,39.44,-1,-1,UNKNOWN,None
92.45,51.51,860.989,-5.735,1.815,61.25,-0.0114,5,Middle,39.01,-1,-1,UNKNOWN,None
92.458,51.526,861.131,-5.734,1.816,61.24,-0.0114,5,Middle,38.87,-1,-1,UNKNOWN,None
92.475,51.541,861.414,-5.733,1.817,61.21,-0.0114,5,Middle,38.59,-1,-1,UNKNOWN,None
92.5,51.558,861.698,-5.732,1.818,61.16,-0.0114,5,Middle,38.3,-1,-1,UNKNOWN,None
92.516,51.573,861.981,-5.732,1.818,61.1,-0.0114,5,Middle,38.02,-1,-1,UNKNOWN,None
92.533,51.59,862.265,-5.732,1.818,61.04,-0.0114,5,Middle,37.74,-1,-1,UNKNOWN,None
92.541,51.606,862.547,-5.732,1.818,60.96,-0.0114,5,Middle,37.45,-1,-1,UNKNOWN,None
92.566,51.62,862.829,-5.732,1.818,60.88,-0.0114,5,Middle,37.17,-1,-1,UNKNOWN,None
92.566,51.637,862.979,-5.732,1.818,60.83,-0.0114,5,Middle,37.02,-1,-1,UNKNOWN,None
92.593,51.653,863.282,-5.733,1.817,60.74,-0.0114,5,Middle,36.72,-1,-1,UNKNOWN,None
92.611,51.669,863.58,-5.734,1.816,60.64,-0.0114,5,Middle,36.42,-1,-1,UNKNOWN,None
92.63,51.685,863.893,-5.735,1.815,60.53,-0.0114,5,Middle,36.11,-1,-1,UNKNOWN,None
92.638,51.701,864.181,-5.736,1.814,60.42,-0.0114,5,Middle,35.82,-1,-1,UNKNOWN,None
92.656,51.717,864.481,-5.738,1.812,60.31,-0.0114,5,Middle,35.52,-1,-1,UNKNOWN,None
92.665,51.734,864.642,-5.739,1.811,60.25,-0.0114,5,Middle,35.36,-1,-1,UNKNOWN,None
92.692,51.749,864.948,-5.742,1.808,60.13,-0.0114,5,Middle,35.05,-1,-1,UNKNOWN,None
92.701,51.766,865.228,-5.744,1.806,60.02,-0.0114,5,Middle,34.77,-1,-1,UNKNOWN,None
92.726,51.781,865.505,-5.747,1.803,59.92,-0.0114,5,Middle,34.49,-1,-1,UNKNOWN,None
92.743,51.797,865.782,-5.75,1.8,59.81,-0.0114,5,Middle,34.22,-1,-1,UNKNOWN,None
92.759,51.814,866.059,-5.753,1.797,59.7,-0.0114,5,Middle,33.94,-1,-1,UNKNOWN,None
92.776,51.83,866.335,-5.757,1.793,59.6,-0.0114,5,Middle,33.67,-1,-1,UNKNOWN,None
92.784,51.846,866.61,-5.761,1.789,59.52,-0.0114,5,Middle,33.39,-1,-1,UNKNOWN,None
92.801,51.862,866.885,-5.765,1.785,59.44,-0.0114,5,Middle,33.11,-1,-1,UNKNOWN,None
92.818,51.878,867.16,-5.77,1.78,59.38,-0.0114,5,Middle,32.84,-1,-1,UNKNOWN,None
92.835,51.895,867.315,-5.772,1.778,59.35,-0.0114,5,Middle,32.68,-1,-1,UNKNOWN,None
92.852,51.911,867.593,-5.777,1.773,59.32,-0.0114,5,Middle,32.41,-1,-1,UNKNOWN,None
92.869,51.926,867.868,-5.783,1.767,59.31,-0.0111,5,Middle,32.13,-1,-1,UNKNOWN,None
92.886,51.941,868.142,-5.788,1.762,59.31,-0.0111,5,Middle,31.86,-1,-1,UNKNOWN,None
92.894,51.959,868.435,-5.795,1.755,59.35,-0.0107,5,Middle,31.57,-1,-1,UNKNOWN,None
92.913,51.974,868.743,-5.802,1.748,59.42,-0.0095,5,Middle,31.26,-1,-1,UNKNOWN,None
92.922,51.991,868.89,-5.805,1.745,59.46,-0.0079,5,Middle,31.11,-1,-1,UNKNOWN,None
92.949,52.007,869.184,-5.812,1.738,59.56,-0.006,5,Middle,30.82,-1,-1,UNKNOWN,None
92.966,52.021,869.477,-5.82,1.73,59.67,-0.0037,5,Middle,30.52,-1,-1,UNKNOWN,None
92.975,52.038,869.758,-5.827,1.723,59.8,-0.0012,5,Middle,30.24,-1,-1,UNKNOWN,None
92.992,52.054,870.041,-5.834,1.716,59.93,0.0025,5,Middle,29.96,-1,-1,UNKNOWN,None
93.009,52.07,870.329,-5.842,1.708,60.08,0.006,5,Middle,29.67,-1,-1,UNKNOWN,None
93.018,52.086,870.469,-5.845,1.705,60.16,0.006,5,Middle,29.53,-1,-1,UNKNOWN,None
93.034,52.102,870.748,-5.852,1.698,60.31,0.006,5,Middle,29.25,-1,-1,UNKNOWN,None
93.051,52.118,871.027,-5.86,1.69,60.46,0.006,5,Middle,28.97,-1,-1,UNKNOWN,None
93.068,52.134,871.308,-5.867,1.683,60.59,0.006,5,Middle,28.69,-1,-1,UNKNOWN,None
93.084,52.15,871.595,-5.875,1.675,60.7,0.006,5,Middle,28.41,-1,-1,UNKNOWN,None
93.11,52.166,871.876,-5.882,1.668,60.78,0.006,5,Middle,28.12,-1,-1,UNKNOWN,None
93.126,52.182,872.158,-5.89,1.66,60.84,0.006,5,Middle,27.84,-1,-1,UNKNOWN,None
93.137,52.198,872.471,-5.898,1.652,60.86,0.0373,5,Middle,27.53,-1,-1,UNKNOWN,None
93.153,52.214,872.753,-5.904,1.646,60.86,0.0404,5,Middle,27.25,-1,-1,UNKNOWN,None
93.17,52.23,873.035,-5.91,1.64,60.85,0.0404,5,Middle,26.97,-1,-1,UNKNOWN,None
93.187,52.246,873.176,-5.913,1.637,60.84,0.0449,5,Middle,26.82,-1,-1,UNKNOWN,None
93.204,52.262,873.477,-5.918,1.632,60.8,0.0471,5,Middle,26.52,-1,-1,UNKNOWN,None
93.222,52.278,873.777,-5.923,1.627,60.76,0.0471,5,Middle,26.22,-1,-1,UNKNOWN,None
93.231,52.294,874.076,-5.927,1.623,60.7,0.0471,5,Middle,25.92,-1,-1,UNKNOWN,None
93.248,52.311,874.357,-5.929,1.621,60.64,0.0515,5,Middle,25.64,-1,-1,UNKNOWN,None
93.257,52.327,874.498,-5.93,1.62,60.6,0.0515,5,Middle,25.5,-1,-1,UNKNOWN,None
93.282,52.342,874.778,-5.932,1.618,60.53,0.0515,5,Middle,25.22,-1,-1,UNKNOWN,None
93.29,52.357,875.058,-5.933,1.617,60.45,0.0515,5,Middle,24.94,-1,-1,UNKNOWN,None
93.315,52.374,875.338,-5.932,1.618,60.36,0.0515,5,Middle,24.66,-1,-1,UNKNOWN,None
93.332,52.39,875.629,-5.931,1.619,60.26,0.0552,5,Middle,24.37,-1,-1,UNKNOWN,None
93.353,52.405,875.972,-5.928,1.622,60.14,0.0557,5,Middle,24.03,-1,-1,UNKNOWN,None
93.353,52.421,876.131,-5.926,1.624,60.09,0.0557,5,Middle,23.87,-1,-1,UNKNOWN,None
93.371,52.437,876.419,-5.922,1.628,59.99,0.0557,5,Middle,23.58,-1,-1,UNKNOWN,None
93.389,52.454,876.722,-5.916,1.634,59.89,0.0561,5,Middle,23.28,-1,-1,UNKNOWN,None
93.407,52.47,877.044,-5.908,1.642,59.78,0.0561,5,Middle,22.96,-1,-1,UNKNOWN,None
93.417,52.485,877.192,-5.904,1.646,59.73,0.0561,5,Middle,22.81,-1,-1,UNKNOWN,None
93.435,52.501,877.474,-5.896,1.654,59.64,0.0561,5,Middle,22.53,-1,-1,UNKNOWN,None
93.46,52.522,877.892,-5.88,1.67,59.53,0.0561,5,Middle,22.11,-1,-1,UNKNOWN,None
93.468,52.533,878.029,-5.875,1.675,59.5,0.0561,5,Middle,21.97,-1,-1,UNKNOWN,None
93.477,52.55,878.167,-5.869,1.681,59.48,0.0561,5,Middle,21.83,-1,-1,UNKNOWN,None
93.51,52.566,878.579,-5.849,1.701,59.42,0.0561,5,Middle,21.42,-1,-1,UNKNOWN,None
93.52,52.582,878.877,-5.833,1.717,59.41,0.0561,5,Middle,21.12,-1,-1,UNKNOWN,None
93.528,52.597,879.03,-5.824,1.726,59.42,0.0561,5,Middle,20.97,-1,-1,UNKNOWN,None
93.555,52.613,879.314,-5.806,1.744,59.44,0.0561,5,Middle,20.69,-1,-1,UNKNOWN,None
93.555,52.63,879.451,-5.797,1.753,59.47,0.0561,5,Middle,20.55,-1,-1,UNKNOWN,None
93.584,52.645,879.939,-5.762,1.788,59.59,0.0561,5,Middle,20.06,-1,-1,UNKNOWN,None
93.593,52.661,880.077,-5.751,1.799,59.63,0.0561,5,Middle,19.92,-1,-1,UNKNOWN,None
93.609,52.678,880.352,-5.729,1.821,59.73,0.0561,5,Middle,19.65,-1,-1,UNKNOWN,None
93.626,52.693,880.628,-5.705,1.845,59.84,0.0561,5,Middle,19.37,-1,-1,UNKNOWN,None
93.651,52.709,880.904,-5.68,1.87,59.97,0.0561,5,Middle,19.1,-1,-1,UNKNOWN,None
93.668,52.726,881.182,-5.653,1.897,60.1,0.0561,5,Middle,18.82,-1,-1,UNKNOWN,None
93.684,52.741,881.459,-5.624,1.926,60.24,0.0561,5,Middle,18.54,-1,-1,UNKNOWN,None
93.694,52.757,881.625,-5.607,1.943,60.32,0.0561,5,Middle,18.38,-1,-1,UNKNOWN,None
93.706,52.773,881.953,-5.57,1.98,60.48,0.0561,5,Middle,18.05,-1,-1,UNKNOWN,None
93.732,52.789,882.256,-5.535,2.015,60.6,0.0561,5,Middle,17.74,-1,-1,UNKNOWN,None
93.742,52.806,882.564,-5.496,2.054,60.7,0.0561,5,Middle,17.44,-1,-1,UNKNOWN,None
93.76,52.822,882.869,-5.457,2.093,60.76,0.0561,5,Middle,17.13,-1,-1,UNKNOWN,None
93.787,52.841,883.168,-5.416,2.134,60.79,0.0561,5,Middle,16.83,-1,-1,UNKNOWN,None
93.795,52.853,883.308,-5.397,2.153,60.8,0.0561,5,Middle,16.69,-1,-1,UNKNOWN,None
93.812,52.87,883.59,-5.356,2.194,60.79,0.0561,5,Middle,16.41,-1,-1,UNKNOWN,None
93.82,52.887,883.87,-5.314,2.236,60.78,0.0561,5,Middle,16.13,-1,-1,UNKNOWN,None
93.837,52.903,884.161,-5.269,2.281,60.75,0.0561,5,Middle,15.84,-1,-1,UNKNOWN,None
93.859,52.919,884.374,-5.235,2.315,60.73,0.0561,5,Middle,15.63,-1,-1,UNKNOWN,None
93.867,52.934,884.668,-5.186,2.364,60.69,0.0561,5,Middle,15.33,-1,-1,UNKNOWN,None
93.885,52.95,884.945,-5.139,2.411,60.64,0.0561,5,Middle,15.05,-1,-1,UNKNOWN,None
93.902,52.966,885.222,-5.09,2.46,60.57,0.0561,5,Middle,14.78,-1,-1,UNKNOWN,None
93.927,52.982,885.497,-5.039,2.511,60.5,0.0561,5,Middle,14.5,-1,-1,UNKNOWN,None
93.936,52.999,885.652,-5.01,2.54,60.45,0.0561,5,Middle,14.35,-1,-1,UNKNOWN,Left_Broken
93.954,53.014,885.945,-4.954,2.596,60.36,0.0561,5,Middle,14.05,-1,-1,UNKNOWN,None
93.972,53.03,886.241,-4.896,2.654,60.26,0.0561,5,Middle,13.76,-1,-1,UNKNOWN,None
93.988,53.045,886.514,-4.84,2.71,60.16,0.0561,5,Middle,13.49,-1,-1,UNKNOWN,None
94.005,53.063,886.786,-4.783,2.767,60.05,0.0561,5,Middle,13.21,-1,-1,UNKNOWN,None
94.022,53.078,887.058,-4.724,2.826,59.95,0.0561,5,Middle,12.94,-1,-1,UNKNOWN,None
94.03,53.094,887.329,-4.664,2.886,59.84,0.0541,5,Middle,12.67,-1,-1,UNKNOWN,None
94.055,53.111,887.599,-4.603,2.947,59.73,0.0525,5,Middle,12.4,-1,-1,UNKNOWN,None
94.063,53.126,887.868,-4.54,3.01,59.63,0.0499,5,Middle,12.13,-1,-1,UNKNOWN,None
94.08,53.143,888.136,-4.476,3.074,59.54,0.0471,5,Middle,11.86,-1,-1,UNKNOWN,None
94.097,53.159,888.412,-4.409,3.141,59.46,0.0424,5,Middle,11.59,-1,-1,UNKNOWN,None
94.116,53.174,888.584,-4.366,3.184,59.42,0.0375,5,Middle,11.42,-1,-1,UNKNOWN,None
94.131,53.19,888.825,-4.306,3.244,59.37,0.0322,5,Middle,11.18,-1,-1,UNKNOWN,None
94.148,53.206,889.091,-4.238,3.312,59.34,0.0261,5,Middle,10.91,-1,-1,UNKNOWN,None
94.156,53.223,889.357,-4.169,3.381,59.33,0.0203,5,Middle,10.64,-1,-1,UNKNOWN,None
94.173,53.238,889.622,-4.099,3.451,59.34,0.0139,5,Middle,10.38,-1,-1,UNKNOWN,None
94.19,53.254,889.888,-4.028,3.522,59.37,0.0069,5,Middle,10.11,-1,-1,UNKNOWN,None
94.198,53.27,889.888,-4.028,3.522,59.37,0.0069,5,Middle,10.11,-1,-1,UNKNOWN,Left_Broken
94.206,53.286,890.441,-3.879,3.671,59.52,-0.0068,5,Middle,9.56,-1,-1,UNKNOWN,None
94.241,53.302,890.709,-3.806,3.744,59.61,-0.0139,5,Middle,9.29,-1,-1,UNKNOWN,None
94.258,53.319,890.843,-3.77,3.78,59.67,-0.0212,5,Middle,9.16,-1,-1,UNKNOWN,None
94.266,53.333,891.109,-3.696,3.854,59.79,-0.0279,5,Middle,8.89,-1,-1,UNKNOWN,None
94.291,53.349,891.377,-3.623,3.927,59.92,-0.034,5,Middle,8.62,-1,-1,UNKNOWN,None
94.3,53.366,891.645,-3.549,4.001,60.06,-0.0397,5,Middle,8.36,-1,-1,UNKNOWN,None
94.316,53.38,891.914,-3.476,4.074,60.21,-0.0397,5,Middle,8.09,-1,-1,UNKNOWN,None
94.325,53.397,892.048,-3.439,4.111,60.28,-0.0397,5,Middle,7.95,-1,-1,UNKNOWN,None
94.35,53.414,892.453,-3.328,4.222,60.49,-0.0397,5,Middle,7.55,-1,-1,UNKNOWN,None
94.367,53.429,892.74,-3.25,4.3,60.61,-0.0597,5,Middle,7.26,-1,-1,UNKNOWN,None
94.376,53.445,892.89,-3.209,4.341,60.67,-0.0597,5,Middle,7.11,-1,-1,UNKNOWN,Left_Broken
94.385,53.461,893.031,-3.171,4.379,60.72,-0.0597,5,Middle,6.97,-1,-1,UNKNOWN,None
94.41,53.477,893.44,-3.062,4.488,60.85,-0.0597,5,Middle,6.56,-1,-1,UNKNOWN,None
94.427,53.493,893.713,-2.991,4.559,60.91,-0.0597,5,Middle,6.29,-1,-1,UNKNOWN,None
94.452,53.51,893.986,-2.92,4.63,60.95,-0.0597,5,Middle,6.01,-1,-1,UNKNOWN,None
94.46,53.525,894.259,-2.849,4.701,60.96,-0.0687,5,Middle,5.74,-1,-1,UNKNOWN,None
94.477,53.541,894.533,-2.78,4.77,60.95,-0.0687,5,Middle,5.47,-1,-1,UNKNOWN,None
94.494,53.557,894.827,-2.707,4.843,60.92,-0.0687,5,Middle,5.17,-1,-1,UNKNOWN,None
94.513,53.572,894.982,-2.669,4.881,60.9,-0.0687,5,Middle,5.02,-1,-1,UNKNOWN,None
94.524,53.59,895.356,-2.579,4.971,60.82,-0.0683,5,Middle,4.64,-1,-1,UNKNOWN,None
94.544,53.606,895.638,-2.512,5.038,60.75,-0.0683,5,Middle,4.36,-1,-1,UNKNOWN,None
94.552,53.622,895.775,-2.48,5.07,60.72,-0.0683,5,Middle,4.22,-1,-1,UNKNOWN,None
94.577,53.637,896.049,-2.418,5.132,60.64,-0.0683,5,Middle,3.95,-1,-1,UNKNOWN,None
94.59,53.652,896.26,-2.371,5.179,60.57,-0.0683,5,Middle,3.74,-1,-1,UNKNOWN,None
94.606,53.669,896.654,-2.285,5.265,60.44,-0.0683,5,Middle,3.35,-1,-1,UNKNOWN,None
94.631,53.686,896.927,-2.227,5.323,60.34,-0.0641,5,Middle,3.07,-1,-1,UNKNOWN,None
94.648,53.701,897.2,-2.17,5.38,60.24,-0.0641,5,Middle,2.8,-1,-1,UNKNOWN,Left_Broken
94.656,53.717,897.473,-2.115,5.435,60.13,-0.0583,5,Middle,2.53,-1,-1,UNKNOWN,None
94.677,53.733,897.679,-2.075,5.475,60.06,-0.0583,5,Middle,2.32,-1,-1,UNKNOWN,None
94.677,53.75,897.815,-2.048,5.502,60.0,-0.0583,5,Middle,2.18,-1,-1,UNKNOWN,None
94.702,53.765,898.224,-1.972,5.578,59.84,-0.0583,5,Middle,1.78,-1,-1,UNKNOWN,None
94.719,53.781,898.496,-1.922,5.628,59.74,-0.0401,5,Middle,1.5,-1,-1,UNKNOWN,None
94.735,53.797,898.768,-1.874,5.676,59.63,-0.0348,5,Middle,1.23,-1,-1,UNKNOWN,None
94.753,53.814,899.053,-1.824,5.726,59.53,-0.0286,5,Middle,0.95,-1,-1,UNKNOWN,None
94.769,53.83,899.325,-1.778,5.772,59.45,-0.0216,5,Middle,0.68,-1,-1,UNKNOWN,None
94.778,53.846,899.46,-1.756,5.794,59.41,-0.0149,5,Middle,0.54,-1,-1,UNKNOWN,None
94.794,53.862,899.734,-1.711,5.839,59.34,-0.0084,5,Middle,0.27,-1,-1,UNKNOWN,None
94.82,53.878,900.01,-1.666,5.884,59.29,-0.0018,6,Left,149.99,-1,-1,UNKNOWN,None
94.828,53.895,900.283,-1.623,5.927,59.26,0.004,6,Left,149.72,-1,-1,UNKNOWN,None
94.845,53.91,900.559,-1.579,5.971,59.25,0.0092,6,Left,149.44,-1,-1,UNKNOWN,None
94.863,53.927,900.857,-1.533,6.017,59.27,0.0139,6,Left,149.14,-1,-1,UNKNOWN,None
94.881,53.942,901.14,-1.49,6.06,59.31,0.0178,6,Left,148.86,-1,-1,UNKNOWN,None
94.889,53.958,901.276,-1.469,6.081,59.33,0.0206,6,Left,148.72,-1,-1,UNKNOWN,None
94.906,53.975,901.547,-1.428,6.122,59.41,0.0228,6,Left,148.45,-1,-1,UNKNOWN,None
94.923,53.99,901.82,-1.387,6.163,59.5,0.0237,6,Left,148.18,-1,-1,UNKNOWN,None
94.948,54.007,902.095,-1.346,6.204,59.6,0.0238,6,Left,147.9,-1,-1,UNKNOWN,None
94.964,54.023,902.368,-1.305,6.245,59.72,0.0238,6,Left,147.63,-1,-1,UNKNOWN,None
94.981,54.039,902.642,-1.264,6.286,59.86,0.0237,6,Left,147.36,-1,-1,UNKNOWN,None
94.998,54.054,902.917,-1.223,6.327,60.0,0.0232,6,Left,147.08,-1,-1,UNKNOWN,None
95.006,54.07,903.192,-1.183,6.367,60.15,0.0229,6,Left,146.81,-1,-1,UNKNOWN,None
95.031,54.087,903.468,-1.142,6.408,60.31,0.0229,6,Left,146.53,-1,-1,UNKNOWN,None
95.04,54.102,903.619,-1.119,6.431,60.39,0.0229,6,Left,146.38,-1,-1,UNKNOWN,None
95.058,54.123,903.917,-1.075,6.475,60.55,0.0222,6,Left,146.08,-1,-1,UNKNOWN,Right_Broken
95.075,54.134,904.195,-1.034,6.516,60.69,0.0222,6,Left,145.8,-1,-1,UNKNOWN,None
95.092,54.15,904.477,-0.991,6.559,60.83,0.0222,6,Left,145.52,-1,-1,UNKNOWN,None
95.105,54.167,904.846,-0.936,6.614,60.98,0.0222,6,Left,145.15,-1,-1,UNKNOWN,None
95.114,54.182,904.992,-0.914,6.636,61.02,0.0212,6,Left,145.01,-1,-1,UNKNOWN,None
95.131,54.199,905.271,-0.871,6.679,61.1,0.0212,6,Left,144.73,-1,-1,UNKNOWN,None
95.156,54.215,905.551,-0.828,6.722,61.16,0.0212,6,Left,144.45,-1,-1,UNKNOWN,None
95.174,54.231,905.852,-0.781,6.769,61.19,0.0212,6,Left,144.15,-1,-1,UNKNOWN,None
95.183,54.247,906.148,-0.735,6.815,61.2,0.0212,6,Left,143.85,-1,-1,UNKNOWN,None
95.208,54.263,906.434,-0.69,6.86,61.18,0.0212,6,Left,143.57,-1,-1,UNKNOWN,None
95.217,54.279,906.721,-0.644,6.906,61.15,0.0212,6,Left,143.28,-1,-1,UNKNOWN,None
95.225,54.294,906.861,-0.621,6.929,61.13,0.0212,6,Left,143.14,-1,-1,UNKNOWN,None
95.25,54.311,907.14,-0.576,6.974,61.07,0.0212,6,Left,142.86,-1,-1,UNKNOWN,None
95.267,54.326,907.419,-0.53,7.02,61.01,0.0212,6,Left,142.58,-1,-1,UNKNOWN,None
95.284,54.343,907.697,-0.484,7.066,60.94,0.0212,6,Left,142.3,-1,-1,UNKNOWN,None
95.301,54.357,907.982,-0.436,7.114,60.86,0.0212,6,Left,142.02,-1,-1,UNKNOWN,None
95.319,54.374,908.277,-0.386,7.164,60.76,0.0212,6,Left,141.72,-1,-1,UNKNOWN,Right_Broken
95.336,54.389,908.561,-0.337,7.213,60.67,-0.0286,6,Left,141.44,-1,-1,UNKNOWN,None
95.344,54.406,908.837,-0.291,7.259,60.58,-0.0331,6,Left,141.16,-1,-1,UNKNOWN,None
95.352,54.421,908.976,-0.268,7.282,60.53,-0.0331,6,Left,141.02,-1,-1,UNKNOWN,None
95.377,54.437,909.252,-0.222,7.328,60.44,-0.0331,6,Left,140.75,-1,-1,UNKNOWN,None
95.394,54.454,909.528,-0.176,7.374,60.34,-0.0331,6,Left,140.47,-1,-1,UNKNOWN,None
95.411,54.47,909.803,-0.131,7.419,60.25,-0.0331,6,Left,140.2,-1,-1,UNKNOWN,None
95.427,54.485,910.078,-0.086,7.464,60.15,-0.0331,6,Left,139.92,-1,-1,UNKNOWN,None
95.436,54.502,910.352,-0.042,7.508,60.04,-0.0331,6,Left,139.65,-1,-1,UNKNOWN,None
95.452,54.518,910.489,-0.019,7.531,59.99,-0.0331,6,Left,139.51,-1,-1,UNKNOWN,None
95.469,54.533,910.911,0.048,7.598,59.83,-0.0321,6,Left,139.09,-1,-1,UNKNOWN,None
95.495,54.55,911.188,0.092,7.642,59.72,-0.0279,6,Left,138.81,-1,-1,UNKNOWN,None
95.503,54.565,911.324,0.114,7.664,59.68,-0.0232,6,Left,138.68,-1,-1,UNKNOWN,None
95.521,54.582,911.745,0.18,7.73,59.54,-0.0184,6,Left,138.25,-1,-1,UNKNOWN,None
95.538,54.598,911.885,0.202,7.752,59.5,-0.0135,6,Left,138.12,-1,-1,UNKNOWN,None
95.555,54.614,912.163,0.246,7.796,59.44,-0.0084,6,Left,137.84,-1,-1,UNKNOWN,None
95.572,54.629,912.439,0.289,7.839,59.39,-0.0035,6,Left,137.56,-1,-1,UNKNOWN,None
95.588,54.646,912.711,0.332,7.882,59.36,0.0009,6,Left,137.29,-1,-1,UNKNOWN,None
95.605,54.66,912.982,0.374,7.924,59.35,0.0046,6,Left,137.02,-1,-1,UNKNOWN,None
95.605,54.677,913.118,0.395,7.945,59.35,0.0072,6,Left,136.88,-1,-1,UNKNOWN,None
95.639,54.693,913.546,0.462,8.012,59.4,0.0095,6,Left,136.45,-1,-1,UNKNOWN,None
95.648,54.71,913.818,0.505,8.055,59.46,0.01,6,Left,136.18,-1,-1,UNKNOWN,None
95.664,54.726,914.09,0.547,8.097,59.55,0.01,6,Left,135.91,-1,-1,UNKNOWN,None
95.673,54.741,914.236,0.57,8.12,59.6,0.0088,6,Left,135.76,-1,-1,UNKNOWN,None
95.69,54.757,914.508,0.613,8.163,59.7,0.0069,6,Left,135.49,-1,-1,UNKNOWN,None
95.698,54.776,914.645,0.634,8.184,59.76,0.0042,6,Left,135.35,-1,-1,UNKNOWN,None
95.732,54.789,915.056,0.698,8.248,59.96,-0.0002,6,Left,134.94,-1,-1,UNKNOWN,None
95.74,54.805,915.331,0.74,8.29,60.1,-0.0033,6,Left,134.67,-1,-1,UNKNOWN,None
95.757,54.823,915.608,0.783,8.333,60.25,-0.0033,6,Left,134.39,-1,-1,UNKNOWN,None
95.765,54.838,915.746,0.804,8.354,60.33,-0.0033,6,Left,134.25,-1,-1,UNKNOWN,None
95.782,54.854,916.022,0.846,8.396,60.47,-0.0033,6,Left,133.98,-1,-1,UNKNOWN,None
95.807,54.87,916.438,0.91,8.46,60.66,-0.0033,6,Left,133.56,-1,-1,UNKNOWN,Right_Broken
95.823,54.887,916.744,0.956,8.506,60.76,-0.0033,6,Left,133.26,-1,-1,UNKNOWN,None
95.844,54.902,916.917,0.982,8.532,60.81,-0.0263,6,Left,133.08,-1,-1,UNKNOWN,None
95.864,54.918,917.252,1.032,8.582,60.87,-0.0263,6,Left,132.75,-1,-1,UNKNOWN,None
95.864,54.934,917.396,1.053,8.603,60.88,-0.0263,6,Left,132.6,-1,-1,UNKNOWN,None
95.881,54.95,917.675,1.094,8.644,60.89,-0.0263,6,Left,132.33,-1,-1,UNKNOWN,None
95.897,54.967,917.981,1.139,8.689,60.87,-0.0263,6,Left,132.02,-1,-1,UNKNOWN,None
95.924,54.982,918.265,1.179,8.729,60.84,-0.0302,6,Left,131.73,-1,-1,UNKNOWN,None
95.945,54.999,918.603,1.227,8.777,60.79,-0.0295,6,Left,131.4,-1,-1,UNKNOWN,None
95.945,55.014,918.771,1.25,8.8,60.76,-0.0295,6,Left,131.23,-1,-1,UNKNOWN,None
95.973,55.03,919.083,1.293,8.843,60.7,-0.0276,6,Left,130.92,-1,-1,UNKNOWN,None
95.982,55.046,919.361,1.331,8.881,60.65,-0.0276,6,Left,130.64,-1,-1,UNKNOWN,None
95.998,55.063,919.64,1.368,8.918,60.59,-0.0258,6,Left,130.36,-1,-1,UNKNOWN,None
96.015,55.077,919.917,1.405,8.955,60.53,-0.0258,6,Left,130.08,-1,-1,UNKNOWN,None
96.04,55.093,920.195,1.442,8.992,60.46,-0.0258,6,Left,129.8,-1,-1,UNKNOWN,None
96.04,55.11,920.383,1.466,9.016,60.4,-0.0258,6,Left,129.62,-1,-1,UNKNOWN,None
96.063,55.125,920.712,1.508,9.058,60.3,-0.0258,6,Left,129.29,-1,-1,UNKNOWN,Right_Broken
96.079,55.143,920.85,1.525,9.075,60.26,-0.0258,6,Left,129.15,-1,-1,UNKNOWN,None
96.1,55.158,921.191,1.567,9.117,60.15,-0.0258,6,Left,128.81,-1,-1,UNKNOWN,None
96.1,55.174,921.329,1.584,9.134,60.1,-0.0258,6,Left,128.67,-1,-1,UNKNOWN,None
96.117,55.19,921.604,1.617,9.167,60.0,-0.0258,6,Left,128.4,-1,-1,UNKNOWN,None
96.143,55.206,922.038,1.668,9.218,59.84,-0.033,6,Left,127.96,-1,-1,UNKNOWN,None
96.159,55.222,922.175,1.684,9.234,59.79,-0.0356,6,Left,127.82,-1,-1,UNKNOWN,None
96.171,55.238,922.365,1.705,9.255,59.72,-0.0356,6,Left,127.63,-1,-1,UNKNOWN,None
96.188,55.254,922.776,1.75,9.3,59.58,-0.0418,6,Left,127.22,-1,-1,UNKNOWN,None
96.204,55.27,923.05,1.779,9.329,59.5,-0.045,6,Left,126.95,-1,-1,UNKNOWN,None
96.229,55.286,923.324,1.806,9.356,59.43,-0.0483,6,Left,126.68,-1,-1,UNKNOWN,None
96.229,55.302,923.46,1.82,9.37,59.4,-0.051,6,Left,126.54,-1,-1,UNKNOWN,None
96.254,55.318,923.871,1.859,9.409,59.34,-0.0529,6,Left,126.13,-1,-1,UNKNOWN,None
96.271,55.333,924.144,1.883,9.433,59.32,-0.0543,6,Left,125.86,-1,-1,UNKNOWN,None
96.288,55.349,924.418,1.906,9.456,59.33,-0.0543,6,Left,125.58,-1,-1,UNKNOWN,None
96.304,55.365,924.692,1.929,9.479,59.36,-0.0541,6,Left,125.31,-1,-1,UNKNOWN,None
96.321,55.382,924.966,1.95,9.5,59.42,-0.0527,6,Left,125.03,-1,-1,UNKNOWN,None
96.338,55.397,925.103,1.96,9.51,59.45,-0.051,6,Left,124.9,-1,-1,UNKNOWN,None
96.346,55.413,925.378,1.979,9.529,59.54,-0.0485,6,Left,124.62,-1,-1,UNKNOWN,None
96.372,55.43,925.664,1.999,9.549,59.64,-0.0455,6,Left,124.34,-1,-1,UNKNOWN,None
96.388,55.445,925.941,2.016,9.566,59.76,-0.0418,6,Left,124.06,-1,-1,UNKNOWN,None
96.397,55.461,926.217,2.033,9.583,59.89,-0.0376,6,Left,123.78,-1,-1,UNKNOWN,None
96.405,55.477,926.356,2.041,9.591,59.96,-0.0334,6,Left,123.64,-1,-1,UNKNOWN,None
96.438,55.494,926.773,2.064,9.614,60.18,-0.0292,6,Left,123.23,-1,-1,UNKNOWN,None
96.455,55.51,927.055,2.078,9.628,60.34,-0.0292,6,Left,122.94,-1,-1,UNKNOWN,None
96.464,55.525,927.34,2.091,9.641,60.49,-0.0292,6,Left,122.66,-1,-1,UNKNOWN,None
96.481,55.541,927.49,2.098,9.648,60.57,-0.0292,6,Left,122.51,-1,-1,UNKNOWN,None
96.489,55.557,927.772,2.109,9.659,60.7,-0.0153,6,Left,122.23,-1,-1,UNKNOWN,None
96.515,55.573,928.065,2.121,9.671,60.82,-0.0153,6,Left,121.93,-1,-1,UNKNOWN,None
96.515,55.589,928.215,2.126,9.676,60.88,-0.0153,6,Left,121.79,-1,-1,UNKNOWN,None
96.549,55.606,928.64,2.141,9.691,60.99,-0.011,6,Left,121.36,-1,-1,UNKNOWN,None
96.549,55.621,928.781,2.145,9.695,61.02,-0.011,6,Left,121.22,-1,-1,UNKNOWN,None
96.582,55.637,929.205,2.158,9.708,61.07,-0.011,6,Left,120.8,-1,-1,UNKNOWN,None
96.599,55.653,929.487,2.165,9.715,61.07,-0.011,6,Left,120.51,-1,-1,UNKNOWN,None
96.616,55.669,929.77,2.172,9.722,61.06,-0.011,6,Left,120.23,-1,-1,UNKNOWN,None
96.624,55.685,930.052,2.178,9.728,61.03,-0.011,6,Left,119.95,-1,-1,UNKNOWN,None
96.641,55.701,930.335,2.184,9.734,60.99,-0.011,6,Left,119.67,-1,-1,UNKNOWN,None
96.649,55.718,930.482,2.186,9.736,60.96,-0.011,6,Left,119.52,-1,-1,UNKNOWN,None
96.675,55.734,930.768,2.191,9.741,60.9,-0.011,6,Left,119.23,-1,-1,UNKNOWN,None
96.691,55.749,931.05,2.195,9.745,60.83,-0.011,6,Left,118.95,-1,-1,UNKNOWN,None
96.7,55.765,931.331,2.198,9.748,60.75,-0.011,6,Left,118.67,-1,-1,UNKNOWN,None
96.725,55.782,931.612,2.201,9.751,60.67,-0.011,6,Left,118.39,-1,-1,UNKNOWN,None
96.725,55.798,931.752,2.202,9.752,60.63,-0.011,6,Left,118.25,-1,-1,UNKNOWN,None
96.75,55.813,932.18,2.205,9.755,60.49,-0.011,6,Left,117.82,-1,-1,UNKNOWN,None
96.767,55.831,932.459,2.206,9.756,60.39,-0.011,6,Left,117.54,-1,-1,UNKNOWN,None
96.783,55.846,932.738,2.206,9.756,60.29,-0.011,6,Left,117.26,-1,-1,UNKNOWN,None
96.8,55.862,933.017,2.207,9.757,60.19,-0.011,6,Left,116.98,-1,-1,UNKNOWN,None
96.817,55.879,933.295,2.207,9.757,60.09,-0.011,6,Left,116.7,-1,-1,UNKNOWN,None
96.834,55.894,933.442,2.206,9.756,60.04,-0.011,6,Left,116.56,-1,-1,UNKNOWN,None
96.842,55.91,933.72,2.205,9.755,59.94,-0.011,6,Left,116.28,-1,-1,UNKNOWN,None
96.867,55.926,933.999,2.204,9.754,59.85,-0.011,6,Left,116.0,-1,-1,UNKNOWN,None
96.884,55.943,934.28,2.203,9.753,59.75,-0.011,6,Left,115.72,-1,-1,UNKNOWN,None
96.901,55.959,934.556,2.201,9.751,59.66,-0.011,6,Left,115.44,-1,-1,UNKNOWN,None
96.918,55.975,934.832,2.198,9.748,59.58,-0.011,6,Left,115.17,-1,-1,UNKNOWN,None
96.918,55.99,934.97,2.197,9.747,59.54,-0.011,6,Left,115.03,-1,-1,UNKNOWN,None
96.951,56.006,935.385,2.192,9.742,59.45,-0.011,6,Left,114.61,-1,-1,UNKNOWN,None
96.951,56.022,935.544,2.19,9.74,59.42,-0.011,6,Left,114.46,-1,-1,UNKNOWN,None
96.979,56.038,935.84,2.186,9.736,59.4,-0.011,6,Left,114.16,-1,-1,UNKNOWN,None
96.987,56.054,936.121,2.182,9.732,59.39,-0.011,6,Left,113.88,-1,-1,UNKNOWN,None
97.012,56.071,936.396,2.177,9.727,59.4,-0.011,6,Left,113.6,-1,-1,UNKNOWN,None
97.021,56.085,936.671,2.173,9.723,59.44,-0.011,6,Left,113.33,-1,-1,UNKNOWN,None
97.047,56.102,936.968,2.167,9.717,59.51,-0.011,6,Left,113.03,-1,-1,UNKNOWN,None
97.056,56.118,937.248,2.162,9.712,59.6,-0.011,6,Left,112.75,-1,-1,UNKNOWN,None
97.072,56.134,937.53,2.156,9.706,59.7,-0.011,6,Left,112.47,-1,-1,UNKNOWN,None
97.081,56.15,937.684,2.152,9.702,59.76,-0.011,6,Left,112.32,-1,-1,UNKNOWN,None
97.108,56.166,937.985,2.145,9.695,59.9,-0.011,6,Left,112.02,-1,-1,UNKNOWN,None
97.108,56.182,938.127,2.142,9.692,59.96,-0.011,6,Left,111.87,-1,-1,UNKNOWN,None
97.125,56.198,938.405,2.135,9.685,60.1,-0.011,6,Left,111.59,-1,-1,UNKNOWN,None
97.142,56.214,938.684,2.128,9.678,60.25,-0.011,6,Left,111.32,-1,-1,UNKNOWN,None
97.167,56.23,939.104,2.116,9.666,60.48,-0.011,6,Left,110.9,-1,-1,UNKNOWN,None
97.184,56.246,939.388,2.108,9.658,60.62,-0.011,6,Left,110.61,-1,-1,UNKNOWN,None
97.2,56.262,939.669,2.099,9.649,60.74,-0.011,6,Left,110.33,-1,-1,UNKNOWN,None
97.217,56.278,939.955,2.09,9.64,60.84,-0.011,6,Left,110.04,-1,-1,UNKNOWN,None
97.226,56.294,940.096,2.086,9.636,60.88,-0.011,6,Left,109.9,-1,-1,UNKNOWN,None
97.251,56.31,940.378,2.077,9.627,60.93,-0.011,6,Left,109.62,-1,-1,UNKNOWN,None
97.259,56.326,940.66,2.067,9.617,60.96,-0.011,6,Left,109.34,-1,-1,UNKNOWN,None
97.284,56.341,940.942,2.057,9.607,60.96,-0.011,6,Left,109.06,-1,-1,UNKNOWN,None
97.301,56.357,941.224,2.047,9.597,60.94,-0.011,6,Left,108.78,-1,-1,UNKNOWN,None
97.309,56.373,941.506,2.036,9.586,60.9,-0.011,6,Left,108.49,-1,-1,UNKNOWN,None
97.326,56.39,941.788,2.026,9.576,60.85,-0.011,6,Left,108.21,-1,-1,UNKNOWN,None
97.342,56.405,942.069,2.014,9.564,60.79,-0.011,6,Left,107.93,-1,-1,UNKNOWN,None
97.359,56.422,942.21,2.009,9.559,60.76,-0.011,6,Left,107.79,-1,-1,UNKNOWN,None
97.376,56.437,942.631,1.991,9.541,60.65,-0.011,6,Left,107.37,-1,-1,UNKNOWN,None
97.392,56.453,942.912,1.979,9.529,60.56,-0.011,6,Left,107.09,-1,-1,UNKNOWN,None
97.401,56.469,943.052,1.973,9.523,60.52,-0.011,6,Left,106.95,-1,-1,UNKNOWN,None
97.426,56.485,943.331,1.961,9.511,60.43,-0.011,6,Left,106.67,-1,-1,UNKNOWN,None
97.442,56.501,943.61,1.948,9.498,60.34,-0.011,6,Left,106.39,-1,-1,UNKNOWN,None
97.459,56.518,943.889,1.935,9.485,60.24,-0.011,6,Left,106.11,-1,-1,UNKNOWN,None
97.467,56.533,944.167,1.921,9.471,60.14,-0.011,6,Left,105.83,-1,-1,UNKNOWN,None
97.486,56.548,944.474,1.907,9.457,60.02,0.0092,6,Left,105.53,-1,-1,UNKNOWN,None
97.512,56.565,944.774,1.892,9.442,59.91,0.0092,6,Left,105.23,-1,-1,UNKNOWN,None
97.521,56.581,944.925,1.885,9.435,59.86,0.0092,6,Left,105.08,-1,-1,UNKNOWN,None
97.539,56.597,945.219,1.871,9.421,59.75,0.0088,6,Left,104.78,-1,-1,UNKNOWN,None
97.539,56.613,945.366,1.864,9.414,59.7,0.0079,6,Left,104.63,-1,-1,UNKNOWN,None
97.557,56.633,945.72,1.847,9.397,59.58,0.0069,6,Left,104.28,-1,-1,UNKNOWN,None
97.586,56.645,945.996,1.834,9.384,59.5,0.006,6,Left,104.0,-1,-1,UNKNOWN,None
97.603,56.662,946.27,1.82,9.37,59.43,0.005,6,Left,103.73,-1,-1,UNKNOWN,None
97.619,56.678,946.545,1.807,9.357,59.38,0.0042,6,Left,103.45,-1,-1,UNKNOWN,None
97.636,56.694,946.82,1.793,9.343,59.35,0.0033,6,Left,103.18,-1,-1,UNKNOWN,None
97.644,56.708,947.094,1.78,9.33,59.34,0.0023,6,Left,102.91,-1,-1,UNKNOWN,None
97.653,56.725,947.231,1.773,9.323,59.34,0.0017,6,Left,102.77,-1,-1,UNKNOWN,None
97.684,56.741,947.612,1.754,9.304,59.37,0.0009,6,Left,102.39,-1,-1,UNKNOWN,None
97.684,56.758,947.792,1.745,9.295,59.4,0.0005,6,Left,102.21,-1,-1,UNKNOWN,None
97.712,56.773,948.217,1.724,9.274,59.51,0.0002,6,Left,101.78,-1,-1,UNKNOWN,None
97.721,56.789,948.358,1.717,9.267,59.56,0.0002,6,Left,101.64,-1,-1,UNKNOWN,None
97.738,56.806,948.634,1.703,9.253,59.67,0.0002,6,Left,101.37,-1,-1,UNKNOWN,None
97.764,56.822,948.925,1.689,9.239,59.79,0.0002,6,Left,101.08,-1,-1,UNKNOWN,None
97.78,56.839,949.202,1.675,9.225,59.92,0.0002,6,Left,100.8,-1,-1,UNKNOWN,None
97.797,56.855,949.479,1.661,9.211,60.06,0.0002,6,Left,100.52,-1,-1,UNKNOWN,None
97.797,56.871,949.638,1.653,9.203,60.15,0.0002,6,Left,100.36,-1,-1,UNKNOWN,None
97.825,56.887,950.082,1.631,9.181,60.38,0.0002,6,Left,99.92,-1,-1,UNKNOWN,None
97.842,56.903,950.24,1.623,9.173,60.46,0.003,6,Left,99.76,-1,-1,UNKNOWN,None
97.859,56.919,950.526,1.608,9.158,60.6,0.003,6,Left,99.47,-1,-1,UNKNOWN,None
97.876,56.935,950.807,1.595,9.145,60.73,0.0058,6,Left,99.19,-1,-1,UNKNOWN,None
97.884,56.951,951.145,1.578,9.128,60.87,0.0058,6,Left,98.86,-1,-1,UNKNOWN,None
97.904,56.967,951.427,1.564,9.114,60.99,0.0084,6,Left,98.57,-1,-1,UNKNOWN,None
97.913,56.983,951.641,1.554,9.104,61.07,0.0095,6,Left,98.36,-1,-1,UNKNOWN,None
97.935,56.998,951.957,1.539,9.089,61.19,0.0095,6,Left,98.04,-1,-1,UNKNOWN,None
97.944,57.014,952.123,1.531,9.081,61.25,0.0113,6,Left,97.88,-1,-1,UNKNOWN,None
97.962,57.03,952.412,1.518,9.068,61.35,0.0113,6,Left,97.59,-1,-1,UNKNOWN,None
97.989,57.047,952.719,1.504,9.054,61.44,0.0113,6,Left,97.28,-1,-1,UNKNOWN,None
98.005,57.062,953.003,1.491,9.041,61.51,0.0113,6,Left,97.0,-1,-1,UNKNOWN,None
98.024,57.077,953.317,1.477,9.027,61.57,0.0113,6,Left,96.68,-1,-1,UNKNOWN,None
98.024,57.094,953.464,1.471,9.021,61.58,0.0113,6,Left,96.54,-1,-1,UNKNOWN,None
98.049,57.11,953.748,1.458,9.008,61.59,0.0113,6,Left,96.25,-1,-1,UNKNOWN,None
98.07,57.126,954.103,1.443,8.993,61.57,0.012,6,Left,95.9,-1,-1,UNKNOWN,None
98.078,57.142,954.387,1.432,8.982,61.54,0.012,6,Left,95.61,-1,-1,UNKNOWN,None
98.103,57.158,954.672,1.42,8.97,61.5,0.012,6,Left,95.33,-1,-1,UNKNOWN,None
98.12,57.174,954.956,1.409,8.959,61.45,0.012,6,Left,95.04,-1,-1,UNKNOWN,None
98.137,57.19,955.241,1.398,8.948,61.39,0.012,6,Left,94.76,-1,-1,UNKNOWN,None
98.145,57.206,955.525,1.387,8.937,61.33,0.012,6,Left,94.48,-1,-1,UNKNOWN,None
98.162,57.222,955.808,1.377,8.927,61.25,0.012,6,Left,94.19,-1,-1,UNKNOWN,None
98.17,57.238,955.95,1.372,8.922,61.21,0.012,6,Left,94.05,-1,-1,UNKNOWN,None
98.196,57.255,956.259,1.361,8.911,61.12,0.012,6,Left,93.74,-1,-1,UNKNOWN,None
98.215,57.27,956.574,1.35,8.9,61.03,0.012,6,Left,93.43,-1,-1,UNKNOWN,None
98.224,57.286,956.876,1.34,8.89,60.94,0.012,6,Left,93.12,-1,-1,UNKNOWN,None
98.25,57.303,957.166,1.331,8.881,60.86,0.012,6,Left,92.83,-1,-1,UNKNOWN,None
98.259,57.319,957.321,1.326,8.876,60.81,0.012,6,Left,92.68,-1,-1,UNKNOWN,None
98.277,57.334,957.621,1.317,8.867,60.72,0.012,6,Left,92.38,-1,-1,UNKNOWN,None
98.285,57.35,957.902,1.309,8.859,60.63,0.012,6,Left,92.1,-1,-1,UNKNOWN,None
98.31,57.366,958.183,1.301,8.851,60.53,0.012,6,Left,91.82,-1,-1,UNKNOWN,None
98.327,57.382,958.462,1.294,8.844,60.43,0.012,6,Left,91.54,-1,-1,UNKNOWN,None
98.336,57.397,958.757,1.286,8.836,60.33,0.0127,6,Left,91.24,-1,-1,UNKNOWN,None
98.345,57.414,958.91,1.283,8.833,60.27,0.0127,6,Left,91.09,-1,-1,UNKNOWN,None
98.362,57.43,959.189,1.276,8.826,60.17,0.0127,6,Left,90.81,-1,-1,UNKNOWN,None
98.388,57.446,959.484,1.269,8.819,60.06,0.0127,6,Left,90.52,-1,-1,UNKNOWN,None
98.388,57.461,959.642,1.266,8.816,60.0,0.0127,6,Left,90.36,-1,-1,UNKNOWN,None
98.423,57.478,960.067,1.258,8.808,59.84,0.0127,6,Left,89.93,-1,-1,UNKNOWN,None
98.431,57.494,960.344,1.253,8.803,59.73,0.0146,6,Left,89.66,-1,-1,UNKNOWN,None
98.448,57.51,960.62,1.248,8.798,59.63,0.0146,6,Left,89.38,-1,-1,UNKNOWN,None
98.473,57.529,960.896,1.244,8.794,59.53,0.0146,6,Left,89.1,-1,-1,UNKNOWN,None
98.482,57.542,961.034,1.242,8.792,59.49,0.0143,6,Left,88.97,-1,-1,UNKNOWN,None
98.507,57.56,961.446,1.236,8.786,59.37,0.0142,6,Left,88.55,-1,-1,UNKNOWN,None
98.515,57.574,961.584,1.234,8.784,59.34,0.0136,6,Left,88.42,-1,-1,UNKNOWN,None
98.532,57.59,961.858,1.231,8.781,59.28,0.0135,6,Left,88.14,-1,-1,UNKNOWN,None
98.548,57.605,962.133,1.229,8.779,59.25,0.0127,6,Left,87.87,-1,-1,UNKNOWN,None
98.557,57.622,962.407,1.226,8.776,59.24,0.0117,6,Left,87.59,-1,-1,UNKNOWN,None
98.565,57.638,962.556,1.225,8.775,59.24,0.0111,6,Left,87.44,-1,-1,UNKNOWN,None
98.591,57.654,962.968,1.223,8.773,59.28,0.01,6,Left,87.03,-1,-1,UNKNOWN,None
98.607,57.67,963.243,1.221,8.771,59.34,0.0088,6,Left,86.76,-1,-1,UNKNOWN,None
98.616,57.686,963.402,1.221,8.771,59.38,0.0075,6,Left,86.6,-1,-1,UNKNOWN,None
98.643,57.7,963.688,1.22,8.77,59.47,0.0062,6,Left,86.31,-1,-1,UNKNOWN,None
98.643,57.717,963.826,1.219,8.769,59.52,0.0053,6,Left,86.17,-1,-1,UNKNOWN,None
98.676,57.733,964.24,1.218,8.768,59.7,0.0042,6,Left,85.76,-1,-1,UNKNOWN,None
98.676,57.749,964.378,1.218,8.768,59.76,0.0034,6,Left,85.62,-1,-1,UNKNOWN,None
98.701,57.765,964.794,1.218,8.768,59.97,0.0025,6,Left,85.21,-1,-1,UNKNOWN,None
98.718,57.782,965.075,1.218,8.768,60.12,0.0018,6,Left,84.92,-1,-1,UNKNOWN,None
98.734,57.797,965.354,1.218,8.768,60.28,0.0018,6,Left,84.65,-1,-1,UNKNOWN,None
98.751,57.813,965.634,1.219,8.769,60.43,0.0018,6,Left,84.37,-1,-1,UNKNOWN,None
98.759,57.83,965.829,1.219,8.769,60.53,0.0018,6,Left,84.17,-1,-1,UNKNOWN,None
98.771,57.846,966.088,1.22,8.77,60.66,0.0009,6,Left,83.91,-1,-1,UNKNOWN,None
98.795,57.861,966.445,1.221,8.771,60.82,0.0009,6,Left,83.55,-1,-1,UNKNOWN,None
98.816,57.879,966.727,1.222,8.772,60.93,0.0009,6,Left,83.27,-1,-1,UNKNOWN,None
98.833,57.895,967.01,1.223,8.773,61.04,0.0009,6,Left,82.99,-1,-1,UNKNOWN,None
98.849,57.911,967.294,1.225,8.775,61.14,0.0009,6,Left,82.71,-1,-1,UNKNOWN,None
98.866,57.926,967.442,1.225,8.775,61.19,0.0009,6,Left,82.56,-1,-1,UNKNOWN,None
98.884,57.943,967.742,1.227,8.777,61.28,0.0009,6,Left,82.26,-1,-1,UNKNOWN,None
98.902,57.959,968.049,1.229,8.779,61.35,0.0009,6,Left,81.95,-1,-1,UNKNOWN,None
98.92,57.975,968.356,1.231,8.781,61.39,0.0009,6,Left,81.64,-1,-1,UNKNOWN,None
98.929,57.991,968.648,1.233,8.783,61.4,0.0009,6,Left,81.35,-1,-1,UNKNOWN,None
98.946,58.007,968.943,1.235,8.785,61.39,0.0009,6,Left,81.06,-1,-1,UNKNOWN,None
98.954,58.022,969.085,1.236,8.786,61.38,0.0009,6,Left,80.91,-1,-1,UNKNOWN,None
98.974,58.039,969.44,1.238,8.788,61.34,0.0009,6,Left,80.56,-1,-1,UNKNOWN,None
99.0,58.055,969.725,1.24,8.79,61.3,0.0009,6,Left,80.27,-1,-1,UNKNOWN,None
99.009,58.069,969.867,1.242,8.792,61.27,0.0009,6,Left,80.13,-1,-1,UNKNOWN,None
99.017,58.086,970.151,1.244,8.794,61.21,0.0009,6,Left,79.85,-1,-1,UNKNOWN,None
99.034,58.102,970.434,1.246,8.796,61.14,0.0009,6,Left,79.57,-1,-1,UNKNOWN,None
99.059,58.118,970.72,1.249,8.799,61.07,0.0009,6,Left,79.28,-1,-1,UNKNOWN,None
99.071,58.134,971.07,1.252,8.802,60.97,0.0009,6,Left,78.93,-1,-1,UNKNOWN,None
99.088,58.15,971.351,1.254,8.804,60.88,0.0009,6,Left,78.65,-1,-1,UNKNOWN,None
99.105,58.167,971.647,1.257,8.807,60.79,0.0009,6,Left,78.35,-1,-1,UNKNOWN,None
99.114,58.183,971.795,1.258,8.808,60.74,0.0009,6,Left,78.21,-1,-1,UNKNOWN,None
99.14,58.198,972.088,1.261,8.811,60.65,0.0009,6,Left,77.91,-1,-1,UNKNOWN,None
99.157,58.213,972.385,1.264,8.814,60.56,0.0009,6,Left,77.62,-1,-1,UNKNOWN,None
99.157,58.23,972.525,1.265,8.815,60.51,0.0009,6,Left,77.48,-1,-1,UNKNOWN,None
99.191,58.246,972.944,1.269,8.819,60.36,0.0009,6,Left,77.06,-1,-1,UNKNOWN,None
99.207,58.262,973.223,1.272,8.822,60.26,0.0009,6,Left,76.78,-1,-1,UNKNOWN,None
99.216,58.279,973.502,1.274,8.824,60.16,0.0009,6,Left,76.5,-1,-1,UNKNOWN,None
99.241,58.295,973.781,1.277,8.827,60.05,0.0009,6,Left,76.22,-1,-1,UNKNOWN,None
99.249,58.31,974.063,1.28,8.83,59.95,0.0009,6,Left,75.94,-1,-1,UNKNOWN,None
99.258,58.326,974.202,1.281,8.831,59.89,0.0009,6,Left,75.8,-1,-1,UNKNOWN,None
99.283,58.341,974.479,1.284,8.834,59.79,0.0009,6,Left,75.52,-1,-1,UNKNOWN,None
99.299,58.358,974.755,1.287,8.837,59.69,0.0009,6,Left,75.25,-1,-1,UNKNOWN,None
99.317,58.374,975.05,1.29,8.84,59.59,0.0009,6,Left,74.95,-1,-1,UNKNOWN,None
99.328,58.39,975.366,1.294,8.844,59.5,0.0009,6,Left,74.63,-1,-1,UNKNOWN,None
99.336,58.406,975.512,1.295,8.845,59.46,0.0009,6,Left,74.49,-1,-1,UNKNOWN,None
99.354,58.422,975.792,1.298,8.848,59.4,0.0009,6,Left,74.21,-1,-1,UNKNOWN,None
99.379,58.438,976.072,1.301,8.851,59.37,0.0009,6,Left,73.93,-1,-1,UNKNOWN,None
99.396,58.454,976.348,1.304,8.854,59.35,0.0009,6,Left,73.65,-1,-1,UNKNOWN,None
99.413,58.469,976.624,1.307,8.857,59.35,0.0009,6,Left,73.38,-1,-1,UNKNOWN,None
99.421,58.486,976.899,1.311,8.861,59.38,0.0009,6,Left,73.1,-1,-1,UNKNOWN,None
99.439,58.502,977.194,1.314,8.864,59.44,0.0009,6,Left,72.81,-1,-1,UNKNOWN,None
99.458,58.517,977.37,1.316,8.866,59.48,0.0009,6,Left,72.63,-1,-1,UNKNOWN,None
99.479,58.533,977.715,1.32,8.87,59.59,0.0009,6,Left,72.28,-1,-1,UNKNOWN,None
99.487,58.55,977.992,1.323,8.873,59.7,0.0009,6,Left,72.01,-1,-1,UNKNOWN,None
99.504,58.566,978.268,1.326,8.876,59.82,0.0009,6,Left,71.73,-1,-1,UNKNOWN,None
99.512,58.582,978.411,1.328,8.878,59.88,0.0009,6,Left,71.59,-1,-1,UNKNOWN,None
99.529,58.597,978.691,1.331,8.881,60.02,0.0009,6,Left,71.31,-1,-1,UNKNOWN,None
99.557,58.613,979.011,1.335,8.885,60.19,0.0009,6,Left,70.99,-1,-1,UNKNOWN,None
99.57,58.63,979.244,1.338,8.888,60.32,0.0009,6,Left,70.76,-1,-1,UNKNOWN,None
99.587,58.646,979.524,1.341,8.891,60.48,0.0009,6,Left,70.48,-1,-1,UNKNOWN,None
99.595,58.662,979.805,1.345,8.895,60.64,0.0009,6,Left,70.2,-1,-1,UNKNOWN,None
99.621,58.677,980.086,1.348,8.898,60.81,0.0009,6,Left,69.91,-1,-1,UNKNOWN,None
99.629,58.694,980.368,1.352,8.902,60.97,0.0009,6,Left,69.63,-1,-1,UNKNOWN,None
99.654,58.71,980.651,1.355,8.905,61.12,0.0009,6,Left,69.35,-1,-1,UNKNOWN,None
99.662,58.725,980.934,1.359,8.909,61.26,0.0009,6,Left,69.07,-1,-1,UNKNOWN,None
99.687,58.742,981.219,1.362,8.912,61.39,0.0009,6,Left,68.78,-1,-1,UNKNOWN,None
99.696,58.758,981.503,1.366,8.916,61.49,0.0009,6,Left,68.5,-1,-1,UNKNOWN,None
99.712,58.774,981.788,1.37,8.92,61.58,0.0009,6,Left,68.21,-1,-1,UNKNOWN,None
99.729,58.79,982.074,1.373,8.923,61.66,0.0009,6,Left,67.93,-1,-1,UNKNOWN,None
99.737,58.806,982.216,1.375,8.925,61.69,0.0009,6,Left,67.78,-1,-1,UNKNOWN,None
99.754,58.822,982.502,1.379,8.929,61.75,0.0009,6,Left,67.5,-1,-1,UNKNOWN,None
99.771,58.838,982.788,1.383,8.933,61.79,0.0009,6,Left,67.21,-1,-1,UNKNOWN,None
99.796,58.855,983.074,1.386,8.936,61.82,0.0009,6,Left,66.93,-1,-1,UNKNOWN,None
99.812,58.871,983.362,1.39,8.94,61.82,0.0009,6,Left,66.64,-1,-1,UNKNOWN,None
99.829,58.887,983.652,1.394,8.944,61.81,0.0009,6,Left,66.35,-1,-1,UNKNOWN,None
99.838,58.901,983.942,1.398,8.948,61.78,0.0009,6,Left,66.06,-1,-1,UNKNOWN,None
99.854,58.919,984.228,1.402,8.952,61.74,0.0009,6,Left,65.77,-1,-1,UNKNOWN,None
99.872,58.935,984.525,1.406,8.956,61.68,0.0009,6,Left,65.47,-1,-1,UNKNOWN,None
99.889,58.951,984.825,1.41,8.96,61.61,0.0009,6,Left,65.17,-1,-1,UNKNOWN,None
99.898,58.966,984.968,1.412,8.962,61.57,0.0009,6,Left,65.03,-1,-1,UNKNOWN,None
99.914,58.983,985.253,1.416,8.966,61.5,0.0009,6,Left,64.75,-1,-1,UNKNOWN,None
99.94,58.999,985.55,1.42,8.97,61.41,0.0009,6,Left,64.45,-1,-1,UNKNOWN,None
99.957,59.015,985.834,1.424,8.974,61.32,0.0009,6,Left,64.17,-1,-1,UNKNOWN,None
99.973,59.029,986.118,1.428,8.978,61.23,0.0009,6,Left,63.88,-1,-1,UNKNOWN,None
99.982,59.047,986.412,1.432,8.982,61.13,0.0009,6,Left,63.59,-1,-1,UNKNOWN,None
99.999,59.061,986.695,1.437,8.987,61.03,0.0009,6,Left,63.3,-1,-1,UNKNOWN,None
100.016,59.078,986.981,1.441,8.991,60.93,0.0009,6,Left,63.02,-1,-1,UNKNOWN,None
100.041,59.097,987.263,1.445,8.995,60.82,0.0009,6,Left,62.74,-1,-1,UNKNOWN,None
100.049,59.11,987.544,1.449,8.999,60.72,0.0009,6,Left,62.46,-1,-1,UNKNOWN,None
100.066,59.127,987.684,1.451,9.001,60.66,0.0009,6,Left,62.32,-1,-1,UNKNOWN,None
100.074,59.142,987.965,1.455,9.005,60.56,0.0009,6,Left,62.04,-1,-1,UNKNOWN,None
100.091,59.158,988.245,1.459,9.009,60.45,0.0009,6,Left,61.76,-1,-1,UNKNOWN,None
100.116,59.175,988.524,1.463,9.013,60.34,0.0009,6,Left,61.48,-1,-1,UNKNOWN,None
100.135,59.191,988.847,1.468,9.018,60.21,0.0009,6,Left,61.15,-1,-1,UNKNOWN,None
100.148,59.206,989.056,1.471,9.021,60.13,0.0009,6,Left,60.94,-1,-1,UNKNOWN,None
100.165,59.223,989.345,1.476,9.026,60.01,0.0009,6,Left,60.66,-1,-1,UNKNOWN,None
100.182,59.237,989.622,1.48,9.03,59.9,0.0009,6,Left,60.38,-1,-1,UNKNOWN,None
100.19,59.255,989.899,1.484,9.034,59.79,0.0007,6,Left,60.1,-1,-1,UNKNOWN,None
100.216,59.27,990.194,1.489,9.039,59.67,0.0005,6,Left,59.81,-1,-1,UNKNOWN,None
100.235,59.287,990.496,1.494,9.044,59.57,-0.0001,6,Left,59.5,-1,-1,UNKNOWN,None
100.235,59.303,990.634,1.496,9.046,59.52,-0.0005,6,Left,59.37,-1,-1,UNKNOWN,None
100.251,59.319,990.909,1.5,9.05,59.44,-0.0012,6,Left,59.09,-1,-1,UNKNOWN,None
100.26,59.334,991.047,1.502,9.052,59.4,-0.0012,6,Left,58.95,-1,-1,UNKNOWN,None
100.293,59.349,991.459,1.509,9.059,59.32,-0.0028,6,Left,58.54,-1,-1,UNKNOWN,None
100.293,59.365,991.596,1.511,9.061,59.3,-0.0037,6,Left,58.4,-1,-1,UNKNOWN,None
100.318,59.382,992.008,1.517,9.067,59.28,-0.0049,6,Left,57.99,-1,-1,UNKNOWN,None
100.343,59.398,992.282,1.521,9.071,59.29,-0.0056,6,Left,57.72,-1,-1,UNKNOWN,None
100.351,59.414,992.557,1.525,9.075,59.33,-0.0065,6,Left,57.44,-1,-1,UNKNOWN,None
100.369,59.43,992.854,1.529,9.079,59.39,-0.0069,6,Left,57.15,-1,-1,UNKNOWN,None
100.378,59.446,992.992,1.531,9.081,59.43,-0.0078,6,Left,57.01,-1,-1,UNKNOWN,None
100.403,59.461,993.267,1.534,9.084,59.52,-0.0082,6,Left,56.73,-1,-1,UNKNOWN,None
100.419,59.478,993.543,1.538,9.088,59.62,-0.0084,6,Left,56.46,-1,-1,UNKNOWN,None
100.436,59.494,993.82,1.541,9.091,59.74,-0.0086,6,Left,56.18,-1,-1,UNKNOWN,None
100.436,59.509,993.958,1.543,9.093,59.81,-0.0086,6,Left,56.04,-1,-1,UNKNOWN,None
100.47,59.53,994.387,1.548,9.098,60.02,-0.0086,6,Left,55.61,-1,-1,UNKNOWN,None
100.478,59.54,994.682,1.551,9.101,60.18,-0.0086,6,Left,55.32,-1,-1,UNKNOWN,None
100.504,59.56,994.961,1.554,9.104,60.34,-0.0086,6,Left,55.04,-1,-1,UNKNOWN,None
100.514,59.573,995.13,1.555,9.105,60.43,-0.0086,6,Left,54.87,-1,-1,UNKNOWN,None
100.534,59.59,995.465,1.558,9.108,60.59,-0.0086,6,Left,54.54,-1,-1,UNKNOWN,None
100.543,59.605,995.762,1.561,9.111,60.71,-0.0086,6,Left,54.24,-1,-1,UNKNOWN,None
100.569,59.621,996.051,1.563,9.113,60.8,-0.0086,6,Left,53.95,-1,-1,UNKNOWN,None
100.577,59.638,996.192,1.564,9.114,60.83,-0.0086,6,Left,53.81,-1,-1,UNKNOWN,None
100.586,59.654,996.474,1.566,9.116,60.88,-0.0086,6,Left,53.53,-1,-1,UNKNOWN,None
100.611,59.669,996.756,1.568,9.118,60.89,-0.0086,6,Left,53.24,-1,-1,UNKNOWN,None
100.611,59.686,996.896,1.569,9.119,60.89,-0.0086,6,Left,53.1,-1,-1,UNKNOWN,None
100.644,59.702,997.319,1.571,9.121,60.87,-0.0086,6,Left,52.68,-1,-1,UNKNOWN,None
100.653,59.718,997.628,1.572,9.122,60.83,-0.0086,6,Left,52.37,-1,-1,UNKNOWN,None
100.671,59.734,997.915,1.573,9.123,60.78,-0.0086,6,Left,52.09,-1,-1,UNKNOWN,None
100.688,59.749,998.206,1.574,9.124,60.72,-0.0079,6,Left,51.79,-1,-1,UNKNOWN,None
100.713,59.766,998.486,1.574,9.124,60.65,-0.0079,6,Left,51.51,-1,-1,UNKNOWN,None
100.713,59.782,998.627,1.574,9.124,60.61,-0.0079,6,Left,51.37,-1,-1,UNKNOWN,None
100.73,59.797,998.907,1.574,9.124,60.54,-0.0079,6,Left,51.09,-1,-1,UNKNOWN,None
100.747,59.815,999.19,1.574,9.124,60.45,-0.0079,6,Left,50.81,-1,-1,UNKNOWN,None
100.772,59.83,999.475,1.574,9.124,60.36,-0.0079,6,Left,50.52,-1,-1,UNKNOWN,None
100.789,59.847,999.756,1.573,9.123,60.27,-0.0079,6,Left,50.24,-1,-1,UNKNOWN,None
100.805,59.862,1000.035,1.573,9.123,60.17,-0.0079,6,Left,49.97,-1,-1,UNKNOWN,None
100.805,59.879,1000.174,1.572,9.122,60.12,-0.0079,6,Left,49.83,-1,-1,UNKNOWN,None
100.839,59.895,1000.591,1.57,9.12,59.97,-0.0079,6,Left,49.41,-1,-1,UNKNOWN,None
100.847,59.91,1000.868,1.569,9.119,59.87,-0.0044,6,Left,49.13,-1,-1,UNKNOWN,None
100.864,59.927,1001.145,1.568,9.118,59.77,-0.0044,6,Left,48.86,-1,-1,UNKNOWN,None
100.88,59.943,1001.423,1.566,9.116,59.67,-0.0044,6,Left,48.58,-1,-1,UNKNOWN,None
100.898,59.959,1001.707,1.564,9.114,59.59,-0.0044,6,Left,48.29,-1,-1,UNKNOWN,None
100.914,59.975,1001.844,1.563,9.113,59.55,-0.0044,6,Left,48.16,-1,-1,UNKNOWN,None
100.931,59.99,1002.12,1.561,9.111,59.48,-0.0044,6,Left,47.88,-1,-1,UNKNOWN,None
100.948,60.007,1002.395,1.559,9.109,59.43,-0.0044,6,Left,47.6,-1,-1,UNKNOWN,None
100.964,60.023,1002.67,1.556,9.106,59.4,-0.0044,6,Left,47.33,-1,-1,UNKNOWN,None
100.981,60.038,1002.945,1.554,9.104,59.39,-0.0044,6,Left,47.05,-1,-1,UNKNOWN,None
100.989,60.055,1003.221,1.551,9.101,59.4,-0.0044,6,Left,46.78,-1,-1,UNKNOWN,None
101.014,60.071,1003.496,1.548,9.098,59.43,-0.0044,6,Left,46.5,-1,-1,UNKNOWN,None
101.031,60.086,1003.771,1.545,9.095,59.49,-0.0044,6,Left,46.23,-1,-1,UNKNOWN,None
101.039,60.102,1004.047,1.542,9.092,59.57,-0.0044,6,Left,45.95,-1,-1,UNKNOWN,None
101.056,60.118,1004.323,1.538,9.088,59.67,-0.0044,6,Left,45.68,-1,-1,UNKNOWN,None
101.064,60.134,1004.488,1.536,9.086,59.73,-0.0044,6,Left,45.51,-1,-1,UNKNOWN,None
101.091,60.15,1004.769,1.532,9.082,59.85,-0.0044,6,Left,45.23,-1,-1,UNKNOWN,None
101.108,60.166,1005.046,1.528,9.078,59.98,-0.0044,6,Left,44.95,-1,-1,UNKNOWN,None
101.125,60.182,1005.324,1.525,9.075,60.13,-0.0044,6,Left,44.68,-1,-1,UNKNOWN,None
101.133,60.199,1005.603,1.52,9.07,60.28,-0.0044,6,Left,44.4,-1,-1,UNKNOWN,None
101.15,60.214,1005.887,1.516,9.066,60.43,-0.0044,6,Left,44.11,-1,-1,UNKNOWN,None
101.167,60.231,1006.17,1.512,9.062,60.56,-0.0044,6,Left,43.83,-1,-1,UNKNOWN,None
101.183,60.245,1006.451,1.507,9.057,60.68,-0.0044,6,Left,43.55,-1,-1,UNKNOWN,None
101.208,60.262,1006.732,1.502,9.052,60.78,-0.0044,6,Left,43.27,-1,-1,UNKNOWN,None
101.217,60.278,1007.014,1.497,9.047,60.85,-0.0044,6,Left,42.99,-1,-1,UNKNOWN,None
101.237,60.294,1007.215,1.494,9.044,60.88,-0.0009,6,Left,42.79,-1,-1,UNKNOWN,None
101.254,60.31,1007.504,1.489,9.039,60.9,-0.0009,6,Left,42.5,-1,-1,UNKNOWN,None
101.264,60.326,1007.819,1.483,9.033,60.89,-0.0009,6,Left,42.18,-1,-1,UNKNOWN,None
101.281,60.341,1007.96,1.481,9.031,60.88,0.0023,6,Left,42.04,-1,-1,UNKNOWN,None
101.289,60.357,1008.242,1.475,9.025,60.85,0.0023,6,Left,41.76,-1,-1,UNKNOWN,None
101.314,60.373,1008.524,1.47,9.02,60.81,0.0023,6,Left,41.48,-1,-1,UNKNOWN,None
101.331,60.389,1008.805,1.465,9.015,60.76,0.0023,6,Left,41.19,-1,-1,UNKNOWN,None
101.348,60.405,1009.086,1.46,9.01,60.69,0.0023,6,Left,40.91,-1,-1,UNKNOWN,None
101.366,60.422,1009.393,1.454,9.004,60.61,0.0023,6,Left,40.61,-1,-1,UNKNOWN,None
101.376,60.437,1009.701,1.449,8.999,60.52,0.0065,6,Left,40.3,-1,-1,UNKNOWN,None
101.393,60.453,1009.981,1.444,8.994,60.44,0.0065,6,Left,40.02,-1,-1,UNKNOWN,None
101.409,60.47,1010.26,1.439,8.989,60.36,0.0065,6,Left,39.74,-1,-1,UNKNOWN,None
101.426,60.486,1010.4,1.436,8.986,60.33,0.0065,6,Left,39.6,-1,-1,UNKNOWN,None
101.443,60.5,1010.679,1.431,8.981,60.26,0.0065,6,Left,39.32,-1,-1,UNKNOWN,None
101.443,60.518,1010.818,1.429,8.979,60.22,0.0065,6,Left,39.18,-1,-1,UNKNOWN,None
101.476,60.534,1011.244,1.422,8.972,60.1,0.0065,6,Left,38.76,-1,-1,UNKNOWN,None
101.476,60.549,1011.383,1.419,8.969,60.06,0.0065,6,Left,38.62,-1,-1,UNKNOWN,None
101.493,60.565,1011.661,1.415,8.965,59.98,0.0065,6,Left,38.34,-1,-1,UNKNOWN,None
101.521,60.582,1011.994,1.409,8.959,59.87,0.0065,6,Left,38.01,-1,-1,UNKNOWN,None
101.54,60.598,1012.305,1.404,8.954,59.77,0.0065,6,Left,37.7,-1,-1,UNKNOWN,None
101.548,60.613,1012.581,1.4,8.95,59.69,0.0065,6,Left,37.42,-1,-1,UNKNOWN,None
101.557,60.629,1012.719,1.398,8.948,59.65,0.0065,6,Left,37.28,-1,-1,UNKNOWN,None
101.565,60.645,1012.959,1.394,8.944,59.58,0.0065,6,Left,37.04,-1,-1,UNKNOWN,None
101.588,60.662,1013.236,1.39,8.94,59.52,0.0065,6,Left,36.76,-1,-1,UNKNOWN,None
101.605,60.677,1013.512,1.387,8.937,59.47,0.006,6,Left,36.49,-1,-1,UNKNOWN,None
101.622,60.693,1013.814,1.383,8.933,59.43,0.0058,6,Left,36.19,-1,-1,UNKNOWN,None
101.641,60.71,1014.118,1.379,8.929,59.42,0.0056,6,Left,35.88,-1,-1,UNKNOWN,None
101.667,60.726,1014.399,1.375,8.925,59.43,0.005,6,Left,35.6,-1,-1,UNKNOWN,None
101.683,60.742,1014.674,1.372,8.922,59.47,0.0044,6,Left,35.33,-1,-1,UNKNOWN,None
101.683,60.758,1014.812,1.37,8.92,59.49,0.004,6,Left,35.19,-1,-1,UNKNOWN,None
101.708,60.774,1015.225,1.365,8.915,59.6,0.0033,6,Left,34.77,-1,-1,UNKNOWN,None
101.717,60.789,1015.363,1.364,8.914,59.65,0.0028,6,Left,34.64,-1,-1,UNKNOWN,None
101.75,60.806,1015.782,1.359,8.909,59.81,0.0025,6,Left,34.22,-1,-1,UNKNOWN,None
101.759,60.823,1016.084,1.356,8.906,59.95,0.0023,6,Left,33.92,-1,-1,UNKNOWN,None
101.779,60.838,1016.253,1.355,8.905,60.03,0.0023,6,Left,33.75,-1,-1,UNKNOWN,None
101.796,60.855,1016.551,1.352,8.902,60.18,0.0023,6,Left,33.45,-1,-1,UNKNOWN,None
101.808,60.871,1016.89,1.349,8.899,60.36,0.0023,6,Left,33.11,-1,-1,UNKNOWN,None
101.817,60.886,1017.054,1.347,8.897,60.43,0.0023,6,Left,32.95,-1,-1,UNKNOWN,None
101.845,60.902,1017.359,1.345,8.895,60.57,0.0023,6,Left,32.64,-1,-1,UNKNOWN,None
101.853,60.918,1017.713,1.342,8.892,60.7,0.0023,6,Left,32.29,-1,-1,UNKNOWN,None
101.883,60.939,1018.005,1.34,8.89,60.79,0.0023,6,Left,31.99,-1,-1,UNKNOWN,None
101.892,60.951,1018.156,1.338,8.888,60.83,0.0023,6,Left,31.84,-1,-1,UNKNOWN,None
101.909,60.967,1018.441,1.336,8.886,60.89,0.0023,6,Left,31.56,-1,-1,UNKNOWN,None
101.925,60.983,1018.723,1.334,8.884,60.94,0.0023,6,Left,31.28,-1,-1,UNKNOWN,None
101.942,60.998,1019.005,1.332,8.882,60.96,0.0023,6,Left,30.99,-1,-1,UNKNOWN,None
101.95,61.017,1019.288,1.331,8.881,60.97,0.0023,6,Left,30.71,-1,-1,UNKNOWN,None
101.967,61.029,1019.57,1.329,8.879,60.96,0.0023,6,Left,30.43,-1,-1,UNKNOWN,None
101.975,61.046,1019.711,1.328,8.878,60.95,0.0023,6,Left,30.29,-1,-1,UNKNOWN,None
102.001,61.062,1020.14,1.326,8.876,60.89,0.0023,6,Left,29.86,-1,-1,UNKNOWN,None
102.009,61.078,1020.282,1.325,8.875,60.86,0.0023,6,Left,29.72,-1,-1,UNKNOWN,None
102.036,61.094,1020.595,1.324,8.874,60.8,0.0023,6,Left,29.4,-1,-1,UNKNOWN,None
102.044,61.11,1020.877,1.322,8.872,60.73,0.0023,6,Left,29.12,-1,-1,UNKNOWN,None
102.061,61.126,1021.183,1.321,8.871,60.64,0.0023,6,Left,28.82,-1,-1,UNKNOWN,None
102.088,61.143,1021.464,1.32,8.87,60.56,0.0023,6,Left,28.54,-1,-1,UNKNOWN,None
102.096,61.158,1021.744,1.319,8.869,60.47,0.0023,6,Left,28.26,-1,-1,UNKNOWN,None
102.121,61.175,1022.023,1.318,8.868,60.37,0.0023,6,Left,27.98,-1,-1,UNKNOWN,None
102.129,61.19,1022.302,1.317,8.867,60.28,0.0023,6,Left,27.7,-1,-1,UNKNOWN,None
102.146,61.206,1022.581,1.316,8.866,60.18,0.0023,6,Left,27.42,-1,-1,UNKNOWN,None
102.154,61.222,1022.72,1.316,8.866,60.13,0.0023,6,Left,27.28,-1,-1,UNKNOWN,None
102.171,61.238,1022.998,1.315,8.865,60.02,0.0023,6,Left,27.0,-1,-1,UNKNOWN,None
102.196,61.254,1023.276,1.314,8.864,59.92,-0.0229,6,Left,26.72,-1,-1,UNKNOWN,None
102.204,61.271,1023.553,1.312,8.862,59.81,-0.0264,6,Left,26.45,-1,-1,UNKNOWN,None
102.221,61.285,1023.829,1.311,8.861,59.72,-0.0297,6,Left,26.17,-1,-1,UNKNOWN,None
102.238,61.302,1024.106,1.308,8.858,59.63,-0.0322,6,Left,25.89,-1,-1,UNKNOWN,None
102.254,61.318,1024.381,1.305,8.855,59.55,-0.0348,6,Left,25.62,-1,-1,UNKNOWN,None
102.271,61.333,1024.657,1.302,8.852,59.49,-0.0362,6,Left,25.34,-1,-1,UNKNOWN,None
102.288,61.349,1024.932,1.298,8.848,59.44,-0.0369,6,Left,25.07,-1,-1,UNKNOWN,None
102.304,61.365,1025.207,1.294,8.844,59.42,-0.0372,6,Left,24.79,-1,-1,UNKNOWN,None
102.321,61.381,1025.482,1.289,8.839,59.41,-0.0372,6,Left,24.52,-1,-1,UNKNOWN,None
102.329,61.397,1025.62,1.286,8.836,59.42,-0.0372,6,Left,24.38,-1,-1,UNKNOWN,None
102.354,61.414,1025.897,1.28,8.83,59.45,-0.0372,6,Left,24.1,-1,-1,UNKNOWN,None
102.372,61.429,1026.182,1.273,8.823,59.51,-0.0372,6,Left,23.82,-1,-1,UNKNOWN,None
102.38,61.445,1026.458,1.266,8.816,59.58,-0.0372,6,Left,23.54,-1,-1,UNKNOWN,None
102.388,61.461,1026.596,1.262,8.812,59.63,-0.0372,6,Left,23.4,-1,-1,UNKNOWN,None
102.413,61.477,1026.872,1.254,8.804,59.73,-0.0372,6,Left,23.13,-1,-1,UNKNOWN,Right_Broken
102.439,61.492,1027.294,1.24,8.79,59.91,-0.0372,6,Left,22.71,-1,-1,UNKNOWN,None
102.447,61.509,1027.573,1.23,8.78,60.04,-0.0372,6,Left,22.43,-1,-1,UNKNOWN,None
102.455,61.525,1027.729,1.224,8.774,60.12,-0.0372,6,Left,22.27,-1,-1,UNKNOWN,None
102.482,61.541,1028.025,1.212,8.762,60.27,-0.0372,6,Left,21.98,-1,-1,UNKNOWN,None
102.499,61.557,1028.304,1.2,8.75,60.4,-0.0372,6,Left,21.7,-1,-1,UNKNOWN,None
102.499,61.573,1028.444,1.193,8.743,60.47,-0.0372,6,Left,21.56,-1,-1,UNKNOWN,None
102.524,61.589,1028.864,1.173,8.723,60.63,-0.0372,6,Left,21.14,-1,-1,UNKNOWN,None
102.549,61.605,1029.145,1.158,8.708,60.71,-0.0372,6,Left,20.86,-1,-1,UNKNOWN,None
102.558,61.622,1029.427,1.142,8.692,60.78,-0.0372,6,Left,20.57,-1,-1,UNKNOWN,None
102.583,61.638,1029.712,1.125,8.675,60.83,-0.0369,6,Left,20.29,-1,-1,UNKNOWN,None
102.6,61.654,1029.995,1.107,8.657,60.86,-0.0369,6,Left,20.01,-1,-1,UNKNOWN,None
102.608,61.67,1030.283,1.088,8.638,60.87,-0.0365,6,Left,19.72,-1,-1,UNKNOWN,None
102.625,61.685,1030.424,1.078,8.628,60.87,-0.0365,6,Left,19.58,-1,-1,UNKNOWN,None
102.643,61.702,1030.732,1.056,8.606,60.85,-0.0365,6,Left,19.27,-1,-1,UNKNOWN,None
102.652,61.716,1031.014,1.035,8.585,60.82,-0.0348,6,Left,18.99,-1,-1,UNKNOWN,None
102.66,61.734,1031.156,1.024,8.574,60.8,-0.0341,6,Left,18.84,-1,-1,UNKNOWN,None
102.677,61.749,1031.437,1.002,8.552,60.76,-0.0341,6,Left,18.56,-1,-1,UNKNOWN,Right_Broken
102.71,61.766,1031.86,0.966,8.516,60.67,-0.0341,6,Left,18.14,-1,-1,UNKNOWN,None
102.727,61.782,1032.14,0.941,8.491,60.61,-0.0283,6,Left,17.86,-1,-1,UNKNOWN,None
102.744,61.798,1032.419,0.916,8.466,60.54,-0.0258,6,Left,17.58,-1,-1,UNKNOWN,None
102.76,61.814,1032.698,0.889,8.439,60.47,-0.0258,6,Left,17.3,-1,-1,UNKNOWN,None
102.769,61.831,1032.976,0.862,8.412,60.39,-0.0258,6,Left,17.02,-1,-1,UNKNOWN,None
102.777,61.847,1033.115,0.849,8.399,60.35,-0.0258,6,Left,16.89,-1,-1,UNKNOWN,None
102.794,61.863,1033.444,0.815,8.365,60.24,-0.0258,6,Left,16.56,-1,-1,UNKNOWN,None
102.805,61.879,1033.675,0.791,8.341,60.17,-0.0258,6,Left,16.32,-1,-1,UNKNOWN,None
102.836,61.894,1033.952,0.761,8.311,60.07,-0.0258,6,Left,16.05,-1,-1,UNKNOWN,None
102.852,61.909,1034.228,0.73,8.28,59.97,-0.0258,6,Left,15.77,-1,-1,UNKNOWN,None
102.861,61.928,1034.366,0.714,8.264,59.92,-0.0068,6,Left,15.63,-1,-1,UNKNOWN,None
102.861,61.947,1034.504,0.699,8.249,59.87,-0.0068,6,Left,15.5,-1,-1,UNKNOWN,None
102.903,61.959,1035.058,0.635,8.185,59.68,-0.0033,6,Left,14.94,-1,-1,UNKNOWN,None
102.919,61.975,1035.332,0.602,8.152,59.6,-0.0021,6,Left,14.67,-1,-1,UNKNOWN,None
102.928,61.991,1035.617,0.568,8.118,59.53,-0.0008,6,Left,14.38,-1,-1,UNKNOWN,None
102.937,62.007,1035.775,0.549,8.099,59.49,0.0009,6,Left,14.23,-1,-1,UNKNOWN,None
102.965,62.022,1036.086,0.511,8.061,59.44,0.0023,6,Left,13.91,-1,-1,UNKNOWN,None
102.975,62.039,1036.393,0.473,8.023,59.41,0.004,6,Left,13.61,-1,-1,UNKNOWN,None
102.992,62.055,1036.668,0.439,7.989,59.41,0.0056,6,Left,13.33,-1,-1,UNKNOWN,None
103.018,62.07,1036.948,0.403,7.953,59.43,0.0072,6,Left,13.05,-1,-1,UNKNOWN,None
103.018,62.087,1037.091,0.385,7.935,59.45,0.0088,6,Left,12.91,-1,-1,UNKNOWN,None
103.043,62.103,1037.364,0.351,7.901,59.51,0.0104,6,Left,12.64,-1,-1,UNKNOWN,None
103.06,62.119,1037.638,0.316,7.866,59.59,0.0123,6,Left,12.36,-1,-1,UNKNOWN,None
103.077,62.135,1037.912,0.281,7.831,59.68,0.0139,6,Left,12.09,-1,-1,UNKNOWN,None
103.077,62.15,1038.049,0.264,7.814,59.74,0.0158,6,Left,11.95,-1,-1,UNKNOWN,None
103.102,62.167,1038.52,0.204,7.754,59.95,0.0174,6,Left,11.48,-1,-1,UNKNOWN,None
103.113,62.182,1038.683,0.183,7.733,60.02,0.0187,6,Left,11.32,-1,-1,UNKNOWN,None
103.14,62.198,1038.959,0.148,7.698,60.17,0.0187,6,Left,11.04,-1,-1,UNKNOWN,None
103.14,62.215,1039.098,0.131,7.681,60.24,0.0187,6,Left,10.9,-1,-1,UNKNOWN,None
103.166,62.229,1039.537,0.076,7.626,60.45,0.0187,6,Left,10.46,-1,-1,UNKNOWN,None
103.175,62.247,1039.718,0.053,7.603,60.53,0.0209,6,Left,10.28,-1,-1,UNKNOWN,None
103.206,62.263,1040.053,0.012,7.562,60.65,0.0209,6,Left,9.95,-1,-1,UNKNOWN,None
103.222,62.279,1040.332,-0.022,7.528,60.74,0.0209,6,Left,9.67,-1,-1,UNKNOWN,None
103.239,62.295,1040.612,-0.056,7.494,60.8,0.0209,6,Left,9.39,-1,-1,UNKNOWN,None
103.248,62.31,1040.904,-0.091,7.459,60.84,0.0209,6,Left,9.1,-1,-1,UNKNOWN,None
103.265,62.326,1041.184,-0.125,7.425,60.88,0.0209,6,Left,8.82,-1,-1,UNKNOWN,None
103.281,62.343,1041.464,-0.158,7.392,60.9,0.0209,6,Left,8.54,-1,-1,UNKNOWN,None
103.298,62.358,1041.604,-0.174,7.376,60.9,0.0209,6,Left,8.4,-1,-1,UNKNOWN,None
103.315,62.374,1041.884,-0.206,7.344,60.89,0.0209,6,Left,8.12,-1,-1,UNKNOWN,None
103.331,62.389,1042.164,-0.238,7.312,60.86,0.0209,6,Left,7.84,-1,-1,UNKNOWN,None
103.34,62.406,1042.444,-0.27,7.28,60.82,0.0209,6,Left,7.56,-1,-1,UNKNOWN,None
103.356,62.421,1042.723,-0.301,7.249,60.76,0.0209,6,Left,7.28,-1,-1,UNKNOWN,None
103.373,62.436,1043.003,-0.331,7.219,60.7,0.0209,6,Left,7.0,-1,-1,UNKNOWN,None
103.39,62.452,1043.282,-0.361,7.189,60.64,0.0209,6,Left,6.72,-1,-1,UNKNOWN,None
103.415,62.47,1043.57,-0.392,7.158,60.58,0.0209,6,Left,6.43,-1,-1,UNKNOWN,None
103.415,62.485,1043.744,-0.41,7.14,60.54,0.0209,6,Left,6.26,-1,-1,UNKNOWN,None
103.443,62.501,1044.038,-0.44,7.11,60.47,0.0209,6,Left,5.96,-1,-1,UNKNOWN,None
103.452,62.517,1044.332,-0.469,7.081,60.38,0.0209,6,Left,5.67,-1,-1,UNKNOWN,None
103.461,62.533,1044.471,-0.483,7.067,60.34,0.0209,6,Left,5.53,-1,-1,UNKNOWN,None
103.494,62.549,1044.887,-0.524,7.026,60.21,0.0181,6,Left,5.11,-1,-1,UNKNOWN,None
103.502,62.565,1045.164,-0.55,7.0,60.12,0.0174,6,Left,4.84,-1,-1,UNKNOWN,None
103.527,62.581,1045.441,-0.576,6.974,60.04,0.0174,6,Left,4.56,-1,-1,UNKNOWN,None
103.536,62.598,1045.718,-0.601,6.949,59.95,0.0174,6,Left,4.28,-1,-1,UNKNOWN,None
103.544,62.613,1045.856,-0.614,6.936,59.9,0.0143,6,Left,4.14,-1,-1,UNKNOWN,None
103.569,62.63,1046.269,-0.65,6.9,59.76,0.0135,6,Left,3.73,-1,-1,UNKNOWN,Right_Broken
103.594,62.65,1046.545,-0.674,6.876,59.68,0.0123,6,Left,3.46,-1,-1,UNKNOWN,None
103.602,62.661,1046.682,-0.686,6.864,59.64,0.0109,6,Left,3.32,-1,-1,UNKNOWN,None
103.611,62.678,1046.957,-0.709,6.841,59.56,0.0101,6,Left,3.04,-1,-1,UNKNOWN,None
103.627,62.692,1047.232,-0.732,6.818,59.5,0.0091,6,Left,2.77,-1,-1,UNKNOWN,None
103.644,62.71,1047.506,-0.755,6.795,59.46,0.0081,6,Left,2.49,-1,-1,UNKNOWN,None
103.669,62.726,1047.78,-0.777,6.773,59.43,0.0069,6,Left,2.22,-1,-1,UNKNOWN,None
103.686,62.742,1048.055,-0.799,6.751,59.42,0.006,6,Left,1.95,-1,-1,UNKNOWN,None
103.702,62.757,1048.329,-0.82,6.73,59.43,0.005,6,Left,1.67,-1,-1,UNKNOWN,None
103.711,62.774,1048.603,-0.841,6.709,59.47,0.0044,6,Left,1.4,-1,-1,UNKNOWN,None
103.727,62.79,1048.878,-0.862,6.688,59.52,0.0037,6,Left,1.12,-1,-1,UNKNOWN,None
103.744,62.806,1049.153,-0.883,6.667,59.6,0.0028,6,Left,0.85,-1,-1,UNKNOWN,None
103.761,62.823,1049.429,-0.903,6.647,59.7,0.0018,6,Left,0.57,-1,-1,UNKNOWN,None
103.778,62.839,1049.576,-0.914,6.636,59.76,0.0014,6,Left,0.42,-1,-1,UNKNOWN,None
103.786,62.854,1049.86,-0.935,6.615,59.88,0.0009,6,Left,0.14,-1,-1,UNKNOWN,None
103.804,62.871,1050.141,-0.955,6.595,60.02,0.0009,7,Left,149.86,-1,-1,UNKNOWN,Right_Broken
103.812,62.886,1050.285,-0.966,6.584,60.09,0.0009,7,Left,149.71,-1,-1,UNKNOWN,None
103.838,62.902,1050.707,-0.996,6.554,60.3,0.0009,7,Left,149.29,-1,-1,UNKNOWN,None
103.846,62.919,1050.846,-1.006,6.544,60.37,0.0009,7,Left,149.15,-1,-1,UNKNOWN,None
103.879,62.934,1051.265,-1.035,6.515,60.57,0.0011,7,Left,148.73,-1,-1,UNKNOWN,None
103.896,62.949,1051.546,-1.054,6.496,60.7,0.0011,7,Left,148.45,-1,-1,UNKNOWN,None
103.896,62.966,1051.696,-1.065,6.485,60.77,0.0011,7,Left,148.3,-1,-1,UNKNOWN,None
103.922,62.982,1052.118,-1.094,6.456,60.94,0.0011,7,Left,147.88,-1,-1,UNKNOWN,None
103.938,62.998,1052.259,-1.103,6.447,60.99,0.0011,7,Left,147.74,-1,-1,UNKNOWN,None
103.947,63.014,1052.546,-1.123,6.427,61.07,0.0011,7,Left,147.45,-1,-1,UNKNOWN,None
103.972,63.03,1052.836,-1.142,6.408,61.12,0.0088,7,Left,147.16,-1,-1,UNKNOWN,None
103.972,63.046,1052.978,-1.151,6.399,61.14,0.0088,7,Left,147.02,-1,-1,UNKNOWN,None
103.997,63.062,1053.26,-1.17,6.38,61.16,0.0126,7,Left,146.74,-1,-1,UNKNOWN,None
104.012,63.078,1053.651,-1.195,6.355,61.15,0.0126,7,Left,146.35,-1,-1,UNKNOWN,None
104.02,63.094,1053.792,-1.204,6.346,61.14,0.0126,7,Left,146.21,-1,-1,UNKNOWN,None
104.037,63.11,1054.075,-1.222,6.328,61.1,0.0126,7,Left,145.93,-1,-1,UNKNOWN,None
104.071,63.126,1054.499,-1.248,6.302,61.03,0.0126,7,Left,145.5,-1,-1,UNKNOWN,None
104.087,63.143,1054.783,-1.265,6.285,60.96,0.0126,7,Left,145.22,-1,-1,UNKNOWN,None
104.104,63.158,1055.065,-1.282,6.268,60.89,0.0126,7,Left,144.94,-1,-1,UNKNOWN,None
104.121,63.175,1055.346,-1.299,6.251,60.81,0.0126,7,Left,144.65,-1,-1,UNKNOWN,None
104.129,63.19,1055.627,-1.315,6.235,60.72,0.0169,7,Left,144.37,-1,-1,UNKNOWN,None
104.154,63.206,1055.907,-1.33,6.22,60.64,0.0167,7,Left,144.09,-1,-1,UNKNOWN,None
104.154,63.222,1056.047,-1.338,6.212,60.59,0.0167,7,Left,143.95,-1,-1,UNKNOWN,None
104.171,63.238,1056.327,-1.354,6.196,60.51,0.0158,7,Left,143.67,-1,-1,UNKNOWN,None
104.196,63.254,1056.606,-1.368,6.182,60.42,0.0158,7,Left,143.39,-1,-1,UNKNOWN,None
104.212,63.27,1056.887,-1.383,6.167,60.32,0.0158,7,Left,143.11,-1,-1,UNKNOWN,None
104.212,63.286,1057.034,-1.391,6.159,60.27,0.0158,7,Left,142.97,-1,-1,UNKNOWN,None
104.238,63.302,1057.459,-1.412,6.138,60.12,0.0158,7,Left,142.54,-1,-1,UNKNOWN,None
104.256,63.318,1057.751,-1.426,6.124,60.01,0.0158,7,Left,142.25,-1,-1,UNKNOWN,None
104.264,63.334,1057.907,-1.433,6.117,59.96,0.0158,7,Left,142.09,-1,-1,UNKNOWN,None
104.291,63.349,1058.199,-1.447,6.103,59.85,0.0104,7,Left,141.8,-1,-1,UNKNOWN,None
104.3,63.366,1058.475,-1.46,6.09,59.75,0.01,7,Left,141.52,-1,-1,UNKNOWN,None
104.316,63.381,1058.751,-1.472,6.078,59.65,0.0095,7,Left,141.25,-1,-1,UNKNOWN,None
104.333,63.398,1059.027,-1.484,6.066,59.57,0.0091,7,Left,140.97,-1,-1,UNKNOWN,None
104.352,63.414,1059.34,-1.497,6.053,59.48,0.0088,7,Left,140.66,-1,-1,UNKNOWN,None
104.36,63.43,1059.499,-1.504,6.046,59.45,0.0088,7,Left,140.5,-1,-1,UNKNOWN,None
104.388,63.445,1059.806,-1.516,6.034,59.4,0.0088,7,Left,140.19,-1,-1,UNKNOWN,None
104.397,63.462,1060.105,-1.528,6.022,59.37,0.0088,7,Left,139.9,-1,-1,UNKNOWN,None
104.416,63.478,1060.254,-1.534,6.016,59.37,0.0091,7,Left,139.75,-1,-1,UNKNOWN,None
104.435,63.494,1060.579,-1.546,6.004,59.38,0.0095,7,Left,139.42,-1,-1,UNKNOWN,None
104.452,63.51,1060.854,-1.556,5.994,59.42,0.0101,7,Left,139.15,-1,-1,UNKNOWN,None
104.452,63.526,1060.991,-1.561,5.989,59.45,0.0109,7,Left,139.01,-1,-1,UNKNOWN,None
104.469,63.542,1061.267,-1.57,5.98,59.52,0.0113,7,Left,138.73,-1,-1,UNKNOWN,None
104.485,63.558,1061.542,-1.579,5.971,59.61,0.0116,7,Left,138.46,-1,-1,UNKNOWN,None
104.51,63.574,1061.957,-1.592,5.958,59.77,0.0116,7,Left,138.04,-1,-1,UNKNOWN,None
104.527,63.59,1062.235,-1.601,5.949,59.9,0.0116,7,Left,137.76,-1,-1,UNKNOWN,None
104.544,63.606,1062.513,-1.609,5.941,60.04,0.0116,7,Left,137.49,-1,-1,UNKNOWN,None
104.552,63.622,1062.656,-1.613,5.937,60.11,0.0116,7,Left,137.34,-1,-1,UNKNOWN,None
104.569,63.638,1062.935,-1.62,5.93,60.26,0.0116,7,Left,137.07,-1,-1,UNKNOWN,None
104.594,63.654,1063.216,-1.628,5.922,60.4,0.0116,7,Left,136.78,-1,-1,UNKNOWN,None
104.612,63.67,1063.511,-1.635,5.915,60.53,0.0107,7,Left,136.49,-1,-1,UNKNOWN,None
104.632,63.686,1063.851,-1.643,5.907,60.68,0.0095,7,Left,136.15,-1,-1,UNKNOWN,None
104.641,63.702,1064.007,-1.647,5.903,60.75,0.0095,7,Left,135.99,-1,-1,UNKNOWN,None
104.655,63.724,1064.418,-1.656,5.894,60.92,0.0095,7,Left,135.58,-1,-1,UNKNOWN,None
104.674,63.732,1064.567,-1.659,5.891,60.98,0.0095,7,Left,135.43,-1,-1,UNKNOWN,None
104.683,63.749,1064.884,-1.666,5.884,61.07,0.0095,7,Left,135.12,-1,-1,UNKNOWN,None
104.703,63.765,1065.205,-1.672,5.878,61.14,0.0095,7,Left,134.8,-1,-1,UNKNOWN,None
104.728,63.781,1065.488,-1.677,5.873,61.17,0.0095,7,Left,134.51,-1,-1,UNKNOWN,None
104.737,63.798,1065.771,-1.682,5.868,61.18,0.0095,7,Left,134.23,-1,-1,UNKNOWN,None
104.753,63.815,1066.054,-1.686,5.864,61.16,0.0095,7,Left,133.95,-1,-1,UNKNOWN,None
104.77,63.83,1066.199,-1.688,5.862,61.15,0.0095,7,Left,133.8,-1,-1,UNKNOWN,None
104.787,63.847,1066.482,-1.692,5.858,61.11,0.0095,7,Left,133.52,-1,-1,UNKNOWN,None
104.804,63.862,1066.764,-1.696,5.854,61.05,0.0095,7,Left,133.24,-1,-1,UNKNOWN,None
104.82,63.878,1067.047,-1.7,5.85,60.99,-0.0044,7,Left,132.95,-1,-1,UNKNOWN,None
104.829,63.895,1067.335,-1.703,5.847,60.92,-0.0044,7,Left,132.66,-1,-1,UNKNOWN,None
104.854,63.911,1067.619,-1.707,5.843,60.85,-0.0044,7,Left,132.38,-1,-1,UNKNOWN,None
104.871,63.927,1067.901,-1.71,5.84,60.76,-0.0044,7,Left,132.1,-1,-1,UNKNOWN,None
104.879,63.943,1068.182,-1.714,5.836,60.68,-0.0044,7,Left,131.82,-1,-1,UNKNOWN,None
104.896,63.958,1068.471,-1.717,5.833,60.59,-0.0044,7,Left,131.53,-1,-1,UNKNOWN,None
104.913,63.975,1068.752,-1.72,5.83,60.5,-0.0044,7,Left,131.25,-1,-1,UNKNOWN,None
104.921,63.991,1068.891,-1.722,5.828,60.46,-0.0044,7,Left,131.11,-1,-1,UNKNOWN,None
104.946,64.007,1069.171,-1.725,5.825,60.37,-0.0044,7,Left,130.83,-1,-1,UNKNOWN,None
104.955,64.023,1069.45,-1.728,5.822,60.27,-0.0044,7,Left,130.55,-1,-1,UNKNOWN,None
104.98,64.039,1069.73,-1.731,5.819,60.17,-0.0044,7,Left,130.27,-1,-1,UNKNOWN,None
104.997,64.055,1070.013,-1.735,5.815,60.07,-0.0044,7,Left,129.99,-1,-1,UNKNOWN,None
105.013,64.071,1070.291,-1.738,5.812,59.97,-0.0044,7,Left,129.71,-1,-1,UNKNOWN,None
105.03,64.087,1070.568,-1.741,5.809,59.87,-0.0044,7,Left,129.43,-1,-1,UNKNOWN,None
105.038,64.102,1070.845,-1.744,5.806,59.78,-0.0044,7,Left,129.15,-1,-1,UNKNOWN,None
105.064,64.118,1071.125,-1.747,5.803,59.68,-0.0044,7,Left,128.88,-1,-1,UNKNOWN,None
105.08,64.135,1071.401,-1.75,5.8,59.6,-0.0044,7,Left,128.6,-1,-1,UNKNOWN,None
105.08,64.15,1071.554,-1.752,5.798,59.56,-0.0044,7,Left,128.45,-1,-1,UNKNOWN,None
105.115,64.167,1071.967,-1.757,5.793,59.47,-0.0044,7,Left,128.03,-1,-1,UNKNOWN,None
105.115,64.183,1072.104,-1.758,5.792,59.45,-0.0044,7,Left,127.9,-1,-1,UNKNOWN,None
105.131,64.199,1072.379,-1.761,5.789,59.42,-0.0044,7,Left,127.62,-1,-1,UNKNOWN,None
105.157,64.215,1072.674,-1.765,5.785,59.41,-0.0044,7,Left,127.33,-1,-1,UNKNOWN,None
105.157,64.23,1072.812,-1.767,5.783,59.41,-0.0044,7,Left,127.19,-1,-1,UNKNOWN,None
105.182,64.247,1073.224,-1.772,5.778,59.46,-0.0044,7,Left,126.78,-1,-1,UNKNOWN,None
105.207,64.263,1073.5,-1.776,5.774,59.52,-0.0044,7,Left,126.5,-1,-1,UNKNOWN,None
105.216,64.279,1073.776,-1.779,5.771,59.6,-0.0044,7,Left,126.22,-1,-1,UNKNOWN,None
105.234,64.295,1074.077,-1.783,5.767,59.71,-0.0044,7,Left,125.92,-1,-1,UNKNOWN,None
105.252,64.311,1074.232,-1.786,5.764,59.77,-0.0044,7,Left,125.77,-1,-1,UNKNOWN,None
105.268,64.327,1074.509,-1.79,5.76,59.89,-0.0044,7,Left,125.49,-1,-1,UNKNOWN,None
105.285,64.341,1074.787,-1.794,5.756,60.02,-0.0044,7,Left,125.21,-1,-1,UNKNOWN,None
105.293,64.358,1075.065,-1.798,5.752,60.17,-0.0044,7,Left,124.93,-1,-1,UNKNOWN,None
105.311,64.374,1075.369,-1.803,5.747,60.32,-0.0044,7,Left,124.63,-1,-1,UNKNOWN,None
105.328,64.389,1075.649,-1.807,5.743,60.45,-0.0044,7,Left,124.35,-1,-1,UNKNOWN,None
105.345,64.405,1075.929,-1.812,5.738,60.57,-0.0044,7,Left,124.07,-1,-1,UNKNOWN,None
105.361,64.421,1076.069,-1.814,5.736,60.62,-0.0044,7,Left,123.93,-1,-1,UNKNOWN,None
105.37,64.438,1076.35,-1.819,5.731,60.72,-0.0044,7,Left,123.65,-1,-1,UNKNOWN,None
105.395,64.453,1076.639,-1.824,5.726,60.8,-0.0043,7,Left,123.36,-1,-1,UNKNOWN,None
105.404,64.47,1076.923,-1.829,5.721,60.87,-0.0043,7,Left,123.08,-1,-1,UNKNOWN,None
105.429,64.486,1077.205,-1.834,5.716,60.94,-0.0043,7,Left,122.8,-1,-1,UNKNOWN,None
105.429,64.502,1077.349,-1.836,5.714,60.96,-0.0043,7,Left,122.65,-1,-1,UNKNOWN,None
105.463,64.516,1077.792,-1.845,5.705,61.02,-0.0043,7,Left,122.21,-1,-1,UNKNOWN,None
105.463,64.533,1077.933,-1.847,5.703,61.03,-0.0043,7,Left,122.07,-1,-1,UNKNOWN,None
105.489,64.549,1078.227,-1.853,5.697,61.02,-0.0043,7,Left,121.77,-1,-1,UNKNOWN,None
105.497,64.565,1078.521,-1.859,5.691,61.0,-0.0043,7,Left,121.48,-1,-1,UNKNOWN,None
105.523,64.581,1078.803,-1.865,5.685,60.96,-0.0043,7,Left,121.2,-1,-1,UNKNOWN,None
105.531,64.597,1079.085,-1.871,5.679,60.91,-0.0043,7,Left,120.92,-1,-1,UNKNOWN,None
105.54,64.613,1079.226,-1.874,5.676,60.88,-0.0043,7,Left,120.77,-1,-1,UNKNOWN,None
105.556,64.629,1079.507,-1.88,5.67,60.81,-0.0043,7,Left,120.49,-1,-1,UNKNOWN,None
105.573,64.645,1079.788,-1.886,5.664,60.73,-0.0043,7,Left,120.21,-1,-1,UNKNOWN,None
105.598,64.661,1080.214,-1.896,5.654,60.61,-0.0043,7,Left,119.79,-1,-1,UNKNOWN,None
105.615,64.677,1080.495,-1.902,5.648,60.52,-0.0043,7,Left,119.51,-1,-1,UNKNOWN,None
105.632,64.693,1080.774,-1.909,5.641,60.42,-0.0043,7,Left,119.23,-1,-1,UNKNOWN,None
105.648,64.709,1081.054,-1.915,5.635,60.33,-0.0043,7,Left,118.95,-1,-1,UNKNOWN,None
105.673,64.726,1081.333,-1.922,5.628,60.23,-0.0043,7,Left,118.67,-1,-1,UNKNOWN,None
105.682,64.741,1081.472,-1.926,5.624,60.17,-0.0043,7,Left,118.53,-1,-1,UNKNOWN,None
105.69,64.757,1081.75,-1.933,5.617,60.07,-0.0043,7,Left,118.25,-1,-1,UNKNOWN,None
105.715,64.773,1082.028,-1.94,5.61,59.97,-0.0043,7,Left,117.97,-1,-1,UNKNOWN,None
105.723,64.79,1082.305,-1.947,5.603,59.86,0.0034,7,Left,117.7,-1,-1,UNKNOWN,None
105.74,64.807,1082.581,-1.954,5.596,59.76,0.0021,7,Left,117.42,-1,-1,UNKNOWN,None
105.765,64.822,1082.859,-1.961,5.589,59.66,0.0007,7,Left,117.14,-1,-1,UNKNOWN,None
105.765,64.838,1083.001,-1.965,5.585,59.62,-0.0005,7,Left,117.0,-1,-1,UNKNOWN,None
105.782,64.854,1083.28,-1.972,5.578,59.54,-0.0014,7,Left,116.72,-1,-1,UNKNOWN,None
105.807,64.87,1083.698,-1.983,5.567,59.44,-0.0024,7,Left,116.3,-1,-1,UNKNOWN,None
105.824,64.887,1083.973,-1.99,5.56,59.4,-0.0028,7,Left,116.03,-1,-1,UNKNOWN,None
105.843,64.903,1084.149,-1.995,5.555,59.38,-0.0033,7,Left,115.85,-1,-1,UNKNOWN,None
105.86,64.919,1084.424,-2.003,5.547,59.37,-0.0035,7,Left,115.58,-1,-1,UNKNOWN,None
105.876,64.935,1084.699,-2.01,5.54,59.39,-0.0035,7,Left,115.3,-1,-1,UNKNOWN,None
105.893,64.95,1084.974,-2.018,5.532,59.42,-0.0035,7,Left,115.03,-1,-1,UNKNOWN,None
105.902,64.967,1085.25,-2.026,5.524,59.48,-0.0035,7,Left,114.75,-1,-1,UNKNOWN,None
105.91,64.983,1085.388,-2.03,5.52,59.52,-0.0035,7,Left,114.61,-1,-1,UNKNOWN,None
105.935,64.999,1085.813,-2.042,5.508,59.67,-0.0035,7,Left,114.19,-1,-1,UNKNOWN,None
105.954,65.014,1086.117,-2.051,5.499,59.79,-0.0035,7,Left,113.88,-1,-1,UNKNOWN,None
105.97,65.03,1086.256,-2.056,5.494,59.86,-0.0035,7,Left,113.74,-1,-1,UNKNOWN,None
105.97,65.047,1086.394,-2.06,5.49,59.92,-0.0035,7,Left,113.61,-1,-1,UNKNOWN,None
105.995,65.061,1086.811,-2.072,5.478,60.13,-0.0035,7,Left,113.19,-1,-1,UNKNOWN,None
106.012,65.078,1087.09,-2.081,5.469,60.28,-0.0035,7,Left,112.91,-1,-1,UNKNOWN,None
106.037,65.094,1087.37,-2.09,5.46,60.43,-0.0035,7,Left,112.63,-1,-1,UNKNOWN,None
106.037,65.11,1087.51,-2.094,5.456,60.51,-0.0035,7,Left,112.49,-1,-1,UNKNOWN,None
106.054,65.127,1087.79,-2.103,5.447,60.66,-0.0035,7,Left,112.21,-1,-1,UNKNOWN,None
106.079,65.143,1088.213,-2.116,5.434,60.87,-0.0035,7,Left,111.79,-1,-1,UNKNOWN,None
106.096,65.158,1088.51,-2.126,5.424,60.99,-0.0035,7,Left,111.49,-1,-1,UNKNOWN,None
106.105,65.174,1088.658,-2.131,5.419,61.04,-0.0035,7,Left,111.34,-1,-1,UNKNOWN,None
106.132,65.19,1088.977,-2.141,5.409,61.12,0.0021,7,Left,111.02,-1,-1,UNKNOWN,None
106.132,65.206,1089.14,-2.146,5.404,61.15,0.0033,7,Left,110.86,-1,-1,UNKNOWN,None
106.16,65.222,1089.599,-2.161,5.389,61.22,0.0033,7,Left,110.4,-1,-1,UNKNOWN,None
106.169,65.239,1089.766,-2.166,5.384,61.24,0.0033,7,Left,110.23,-1,-1,UNKNOWN,None
106.2,65.254,1090.123,-2.178,5.372,61.25,0.0069,7,Left,109.88,-1,-1,UNKNOWN,None
106.208,65.271,1090.407,-2.187,5.363,61.25,0.0081,7,Left,109.59,-1,-1,UNKNOWN,None
106.225,65.287,1090.69,-2.196,5.354,61.25,0.0081,7,Left,109.31,-1,-1,UNKNOWN,None
106.241,65.302,1090.974,-2.204,5.346,61.23,0.0088,7,Left,109.03,-1,-1,UNKNOWN,None
106.25,65.319,1091.134,-2.209,5.341,61.22,0.0088,7,Left,108.87,-1,-1,UNKNOWN,None
106.276,65.334,1091.417,-2.218,5.332,61.19,0.0088,7,Left,108.58,-1,-1,UNKNOWN,None
106.293,65.35,1091.7,-2.226,5.324,61.16,0.0088,7,Left,108.3,-1,-1,UNKNOWN,None
106.311,65.364,1092.021,-2.236,5.314,61.12,0.0084,7,Left,107.98,-1,-1,UNKNOWN,None
106.32,65.382,1092.304,-2.244,5.306,61.08,0.0084,7,Left,107.7,-1,-1,UNKNOWN,None
106.336,65.398,1092.586,-2.252,5.298,61.02,0.0084,7,Left,107.41,-1,-1,UNKNOWN,None
106.345,65.414,1092.74,-2.257,5.293,60.99,0.0084,7,Left,107.26,-1,-1,UNKNOWN,None
106.372,65.429,1093.049,-2.265,5.285,60.91,0.0084,7,Left,106.95,-1,-1,UNKNOWN,None
106.389,65.446,1093.331,-2.273,5.277,60.84,0.0084,7,Left,106.67,-1,-1,UNKNOWN,None
106.389,65.462,1093.472,-2.277,5.273,60.79,0.0084,7,Left,106.53,-1,-1,UNKNOWN,None
106.422,65.478,1093.899,-2.288,5.262,60.66,0.0084,7,Left,106.1,-1,-1,UNKNOWN,None
106.439,65.493,1094.18,-2.295,5.255,60.57,0.005,7,Left,105.82,-1,-1,UNKNOWN,None
106.447,65.51,1094.472,-2.303,5.247,60.47,0.005,7,Left,105.53,-1,-1,UNKNOWN,None
106.457,65.526,1094.629,-2.306,5.244,60.42,0.005,7,Left,105.37,-1,-1,UNKNOWN,None
106.484,65.541,1094.935,-2.314,5.236,60.33,0.005,7,Left,105.06,-1,-1,UNKNOWN,None
106.484,65.557,1095.083,-2.318,5.232,60.29,0.005,7,Left,104.92,-1,-1,UNKNOWN,None
106.518,65.572,1095.508,-2.328,5.222,60.16,0.005,7,Left,104.49,-1,-1,UNKNOWN,None
106.535,65.589,1095.786,-2.334,5.216,60.07,0.005,7,Left,104.21,-1,-1,UNKNOWN,None
106.543,65.605,1096.064,-2.34,5.21,59.98,0.005,7,Left,103.94,-1,-1,UNKNOWN,None
106.56,65.621,1096.341,-2.346,5.204,59.88,0.005,7,Left,103.66,-1,-1,UNKNOWN,None
106.577,65.637,1096.618,-2.352,5.198,59.79,0.005,7,Left,103.38,-1,-1,UNKNOWN,None
106.593,65.653,1096.756,-2.355,5.195,59.74,0.005,7,Left,103.24,-1,-1,UNKNOWN,None
106.602,65.669,1097.034,-2.36,5.19,59.66,0.005,7,Left,102.97,-1,-1,UNKNOWN,None
106.627,65.685,1097.31,-2.366,5.184,59.58,0.005,7,Left,102.69,-1,-1,UNKNOWN,None
106.635,65.702,1097.585,-2.371,5.179,59.52,0.005,7,Left,102.41,-1,-1,UNKNOWN,None
106.652,65.717,1097.861,-2.376,5.174,59.47,0.005,7,Left,102.14,-1,-1,UNKNOWN,None
106.669,65.733,1098.136,-2.381,5.169,59.44,0.005,7,Left,101.86,-1,-1,UNKNOWN,None
106.677,65.749,1098.273,-2.384,5.166,59.44,0.005,7,Left,101.73,-1,-1,UNKNOWN,None
106.71,65.765,1098.686,-2.391,5.159,59.45,0.005,7,Left,101.31,-1,-1,UNKNOWN,None
106.72,65.782,1098.979,-2.395,5.155,59.49,0.005,7,Left,101.02,-1,-1,UNKNOWN,None
106.728,65.8,1099.13,-2.398,5.152,59.52,0.005,7,Left,100.87,-1,-1,UNKNOWN,None
106.745,65.815,1099.42,-2.402,5.148,59.59,0.005,7,Left,100.58,-1,-1,UNKNOWN,None
106.763,65.83,1099.696,-2.406,5.144,59.68,0.005,7,Left,100.3,-1,-1,UNKNOWN,None
106.788,65.847,1099.976,-2.411,5.139,59.79,0.005,7,Left,100.02,-1,-1,UNKNOWN,None
106.805,65.863,1100.26,-2.414,5.136,59.92,0.005,7,Left,99.74,-1,-1,UNKNOWN,None
106.822,65.879,1100.538,-2.418,5.132,60.05,0.005,7,Left,99.46,-1,-1,UNKNOWN,None
106.839,65.895,1100.816,-2.422,5.128,60.19,0.005,7,Left,99.18,-1,-1,UNKNOWN,None
106.855,65.911,1101.095,-2.425,5.125,60.33,0.005,7,Left,98.9,-1,-1,UNKNOWN,None
106.865,65.927,1101.393,-2.429,5.121,60.47,0.005,7,Left,98.61,-1,-1,UNKNOWN,None
106.881,65.943,1101.673,-2.432,5.118,60.59,0.005,7,Left,98.33,-1,-1,UNKNOWN,None
106.906,65.959,1101.954,-2.435,5.115,60.68,0.005,7,Left,98.05,-1,-1,UNKNOWN,None
106.906,65.975,1102.094,-2.436,5.114,60.71,0.005,7,Left,97.91,-1,-1,UNKNOWN,None
106.923,65.991,1102.375,-2.439,5.111,60.76,0.005,7,Left,97.62,-1,-1,UNKNOWN,None
106.948,66.007,1102.657,-2.442,5.108,60.78,0.005,7,Left,97.34,-1,-1,UNKNOWN,None
106.965,66.023,1102.938,-2.444,5.106,60.78,0.005,7,Left,97.06,-1,-1,UNKNOWN,None
106.981,66.039,1103.22,-2.446,5.104,60.76,0.005,7,Left,96.78,-1,-1,UNKNOWN,None
106.981,66.055,1103.36,-2.448,5.102,60.74,0.005,7,Left,96.64,-1,-1,UNKNOWN,None
107.006,66.071,1103.782,-2.451,5.099,60.67,0.005,7,Left,96.22,-1,-1,UNKNOWN,None
107.015,66.087,1103.922,-2.452,5.098,60.64,0.005,7,Left,96.08,-1,-1,UNKNOWN,None
107.04,66.102,1104.343,-2.454,5.096,60.54,0.005,7,Left,95.66,-1,-1,UNKNOWN,None
107.057,66.118,1104.628,-2.456,5.094,60.48,0.005,7,Left,95.37,-1,-1,UNKNOWN,None
107.065,66.135,1104.77,-2.457,5.093,60.44,0.005,7,Left,95.23,-1,-1,UNKNOWN,None
107.082,66.151,1105.064,-2.458,5.092,60.36,0.005,7,Left,94.94,-1,-1,UNKNOWN,None
107.108,66.167,1105.343,-2.459,5.091,60.28,0.005,7,Left,94.66,-1,-1,UNKNOWN,None
107.124,66.183,1105.622,-2.461,5.089,60.19,0.005,7,Left,94.38,-1,-1,UNKNOWN,None
107.141,66.199,1105.9,-2.461,5.089,60.1,0.0021,7,Left,94.1,-1,-1,UNKNOWN,None
107.149,66.214,1106.178,-2.462,5.088,60.0,0.0021,7,Left,93.82,-1,-1,UNKNOWN,None
107.166,66.231,1106.456,-2.463,5.087,59.91,0.0021,7,Left,93.54,-1,-1,UNKNOWN,None
107.183,66.247,1106.733,-2.464,5.086,59.81,-0.0001,7,Left,93.27,-1,-1,UNKNOWN,None
107.199,66.263,1107.009,-2.465,5.085,59.71,-0.0005,7,Left,92.99,-1,-1,UNKNOWN,None
107.224,66.279,1107.285,-2.465,5.085,59.62,-0.0009,7,Left,92.71,-1,-1,UNKNOWN,None
107.233,66.294,1107.561,-2.466,5.084,59.54,-0.0012,7,Left,92.44,-1,-1,UNKNOWN,None
107.249,66.311,1107.837,-2.466,5.084,59.47,-0.0014,7,Left,92.16,-1,-1,UNKNOWN,None
107.266,66.327,1108.112,-2.467,5.083,59.41,-0.0014,7,Left,91.89,-1,-1,UNKNOWN,None
107.283,66.342,1108.249,-2.467,5.083,59.39,-0.0017,7,Left,91.75,-1,-1,UNKNOWN,None
107.299,66.358,1108.524,-2.468,5.082,59.36,-0.0017,7,Left,91.48,-1,-1,UNKNOWN,None
107.316,66.374,1108.799,-2.468,5.082,59.35,-0.0018,7,Left,91.2,-1,-1,UNKNOWN,None
107.324,66.39,1108.936,-2.468,5.082,59.35,-0.0018,7,Left,91.06,-1,-1,UNKNOWN,None
107.349,66.406,1109.349,-2.469,5.081,59.4,-0.0024,7,Left,90.65,-1,-1,UNKNOWN,None
107.358,66.422,1109.624,-2.469,5.081,59.45,-0.0027,7,Left,90.38,-1,-1,UNKNOWN,None
107.383,66.437,1109.899,-2.47,5.08,59.53,-0.0028,7,Left,90.1,-1,-1,UNKNOWN,None
107.4,66.453,1110.181,-2.47,5.08,59.63,-0.0033,7,Left,89.82,-1,-1,UNKNOWN,None
107.4,66.469,1110.319,-2.47,5.08,59.68,-0.0037,7,Left,89.68,-1,-1,UNKNOWN,None
107.425,66.486,1110.735,-2.471,5.079,59.87,-0.004,7,Left,89.27,-1,-1,UNKNOWN,None
107.433,66.501,1110.873,-2.471,5.079,59.93,-0.0043,7,Left,89.13,-1,-1,UNKNOWN,None
107.45,66.518,1111.151,-2.472,5.078,60.08,-0.0044,7,Left,88.85,-1,-1,UNKNOWN,None
107.475,66.534,1111.431,-2.473,5.077,60.23,-0.0047,7,Left,88.57,-1,-1,UNKNOWN,None
107.492,66.55,1111.716,-2.473,5.077,60.39,-0.0047,7,Left,88.28,-1,-1,UNKNOWN,None
107.492,66.566,1111.856,-2.474,5.076,60.46,-0.0047,7,Left,88.14,-1,-1,UNKNOWN,None
107.517,66.582,1112.277,-2.475,5.075,60.68,-0.0047,7,Left,87.72,-1,-1,UNKNOWN,None
107.542,66.598,1112.558,-2.476,5.074,60.81,-0.0047,7,Left,87.44,-1,-1,UNKNOWN,None
107.542,66.614,1112.699,-2.476,5.074,60.86,-0.0047,7,Left,87.3,-1,-1,UNKNOWN,None
107.575,66.63,1113.122,-2.478,5.072,60.98,-0.0047,7,Left,86.88,-1,-1,UNKNOWN,None
107.583,66.645,1113.405,-2.479,5.071,61.03,-0.0047,7,Left,86.6,-1,-1,UNKNOWN,None
107.6,66.664,1113.688,-2.48,5.07,61.06,-0.0047,7,Left,86.31,-1,-1,UNKNOWN,None
107.608,66.678,1113.829,-2.481,5.069,61.07,-0.0047,7,Left,86.17,-1,-1,UNKNOWN,None
107.625,66.693,1114.112,-2.483,5.067,61.08,-0.0047,7,Left,85.89,-1,-1,UNKNOWN,None
107.642,66.71,1114.395,-2.484,5.066,61.06,-0.0047,7,Left,85.6,-1,-1,UNKNOWN,None
107.667,66.725,1114.691,-2.486,5.064,61.03,-0.0047,7,Left,85.31,-1,-1,UNKNOWN,None
107.667,66.742,1114.833,-2.487,5.063,61.0,-0.0047,7,Left,85.17,-1,-1,UNKNOWN,None
107.684,66.758,1115.115,-2.489,5.061,60.95,-0.0047,7,Left,84.89,-1,-1,UNKNOWN,None
107.717,66.774,1115.538,-2.492,5.058,60.86,-0.0047,7,Left,84.46,-1,-1,UNKNOWN,None
107.726,66.79,1115.819,-2.494,5.056,60.79,-0.0047,7,Left,84.18,-1,-1,UNKNOWN,None
107.742,66.807,1116.1,-2.496,5.054,60.71,-0.0047,7,Left,83.9,-1,-1,UNKNOWN,None
107.759,66.823,1116.415,-2.499,5.051,60.61,-0.0047,7,Left,83.58,-1,-1,UNKNOWN,None
107.778,66.839,1116.56,-2.5,5.05,60.56,-0.0047,7,Left,83.44,-1,-1,UNKNOWN,None
107.786,66.854,1116.84,-2.502,5.048,60.47,-0.0047,7,Left,83.16,-1,-1,UNKNOWN,None
107.803,66.871,1117.12,-2.505,5.045,60.37,-0.0047,7,Left,82.88,-1,-1,UNKNOWN,None
107.828,66.887,1117.399,-2.508,5.042,60.27,-0.0033,7,Left,82.6,-1,-1,UNKNOWN,None
107.845,66.903,1117.678,-2.511,5.039,60.18,-0.0024,7,Left,82.32,-1,-1,UNKNOWN,None
107.845,66.918,1117.817,-2.512,5.038,60.13,-0.0024,7,Left,82.18,-1,-1,UNKNOWN,None
107.861,66.935,1118.095,-2.515,5.035,60.04,-0.0024,7,Left,81.91,-1,-1,UNKNOWN,None
107.888,66.95,1118.544,-2.52,5.03,59.88,0.0014,7,Left,81.46,-1,-1,UNKNOWN,None
107.906,66.967,1118.83,-2.523,5.027,59.78,0.0033,7,Left,81.17,-1,-1,UNKNOWN,None
107.914,66.983,1118.968,-2.525,5.025,59.74,0.0049,7,Left,81.03,-1,-1,UNKNOWN,None
107.931,66.999,1119.244,-2.528,5.022,59.65,0.0065,7,Left,80.76,-1,-1,UNKNOWN,None
107.956,67.015,1119.52,-2.53,5.02,59.58,0.0079,7,Left,80.48,-1,-1,UNKNOWN,None
107.972,67.031,1119.796,-2.533,5.017,59.51,0.0091,7,Left,80.2,-1,-1,UNKNOWN,None
107.981,67.045,1120.071,-2.536,5.014,59.47,0.01,7,Left,79.93,-1,-1,UNKNOWN,None
108.006,67.063,1120.346,-2.539,5.011,59.44,0.0107,7,Left,79.65,-1,-1,UNKNOWN,None
108.022,67.079,1120.621,-2.541,5.009,59.43,0.0109,7,Left,79.38,-1,-1,UNKNOWN,None
108.039,67.095,1120.901,-2.543,5.007,59.45,0.0109,7,Left,79.1,-1,-1,UNKNOWN,None
108.056,67.111,1121.176,-2.546,5.004,59.49,0.0109,7,Left,78.82,-1,-1,UNKNOWN,None
108.064,67.127,1121.452,-2.548,5.002,59.55,0.0109,7,Left,78.55,-1,-1,UNKNOWN,None
108.081,67.142,1121.737,-2.55,5.0,59.63,0.0109,7,Left,78.26,-1,-1,UNKNOWN,None
108.09,67.159,1121.875,-2.55,5.0,59.68,0.0109,7,Left,78.13,-1,-1,UNKNOWN,None
108.115,67.175,1122.16,-2.552,4.998,59.79,0.0109,7,Left,77.84,-1,-1,UNKNOWN,None
108.115,67.191,1122.299,-2.553,4.997,59.85,0.0109,7,Left,77.7,-1,-1,UNKNOWN,None
108.151,67.207,1122.747,-2.555,4.995,60.06,0.0109,7,Left,77.25,-1,-1,UNKNOWN,None
108.167,67.222,1123.026,-2.556,4.994,60.2,0.0109,7,Left,76.97,-1,-1,UNKNOWN,None
108.184,67.238,1123.305,-2.557,4.993,60.34,0.0109,7,Left,76.7,-1,-1,UNKNOWN,None
108.192,67.255,1123.585,-2.558,4.992,60.48,0.0109,7,Left,76.42,-1,-1,UNKNOWN,None
108.209,67.27,1123.865,-2.558,4.992,60.59,0.0109,7,Left,76.13,-1,-1,UNKNOWN,None
108.234,67.287,1124.146,-2.558,4.992,60.69,0.0107,7,Left,75.85,-1,-1,UNKNOWN,None
108.242,67.303,1124.427,-2.558,4.992,60.77,0.0107,7,Left,75.57,-1,-1,UNKNOWN,None
108.251,67.319,1124.568,-2.558,4.992,60.8,0.0107,7,Left,75.43,-1,-1,UNKNOWN,None
108.276,67.333,1124.861,-2.558,4.992,60.85,0.0107,7,Left,75.14,-1,-1,UNKNOWN,None
108.293,67.35,1125.143,-2.557,4.993,60.87,0.0107,7,Left,74.86,-1,-1,UNKNOWN,None
108.31,67.364,1125.425,-2.556,4.994,60.87,0.0107,7,Left,74.58,-1,-1,UNKNOWN,None
108.326,67.382,1125.707,-2.555,4.995,60.84,0.0107,7,Left,74.29,-1,-1,UNKNOWN,None
108.335,67.398,1125.988,-2.553,4.997,60.81,0.0107,7,Left,74.01,-1,-1,UNKNOWN,None
108.352,67.413,1126.275,-2.551,4.999,60.75,0.0107,7,Left,73.73,-1,-1,UNKNOWN,None
108.368,67.43,1126.415,-2.55,5.0,60.72,0.0107,7,Left,73.58,-1,-1,UNKNOWN,None
108.38,67.444,1126.622,-2.549,5.001,60.68,0.0107,7,Left,73.38,-1,-1,UNKNOWN,None
108.38,67.462,1126.935,-2.546,5.004,60.6,0.0107,7,Left,73.06,-1,-1,UNKNOWN,None
108.411,67.476,1127.132,-2.544,5.006,60.54,0.0107,7,Left,72.87,-1,-1,UNKNOWN,None
108.438,67.494,1127.59,-2.539,5.011,60.4,0.0107,7,Left,72.41,-1,-1,UNKNOWN,None
108.447,67.51,1127.897,-2.535,5.015,60.3,0.0107,7,Left,72.1,-1,-1,UNKNOWN,None
108.465,67.525,1128.048,-2.533,5.017,60.25,0.0014,7,Left,71.95,-1,-1,UNKNOWN,None
108.474,67.541,1128.331,-2.53,5.02,60.15,0.0014,7,Left,71.67,-1,-1,UNKNOWN,None
108.5,67.558,1128.625,-2.526,5.024,60.05,0.0014,7,Left,71.37,-1,-1,UNKNOWN,None
108.5,67.573,1128.772,-2.524,5.026,60.0,0.0014,7,Left,71.23,-1,-1,UNKNOWN,None
108.518,67.59,1129.099,-2.519,5.031,59.88,0.0014,7,Left,70.9,-1,-1,UNKNOWN,None
108.545,67.605,1129.376,-2.515,5.035,59.79,0.0014,7,Left,70.62,-1,-1,UNKNOWN,None
108.564,67.622,1129.682,-2.51,5.04,59.68,0.0014,7,Left,70.32,-1,-1,UNKNOWN,None
108.583,67.638,1129.997,-2.505,5.045,59.59,0.0014,7,Left,70.0,-1,-1,UNKNOWN,None
108.599,67.653,1130.273,-2.5,5.05,59.51,0.0014,7,Left,69.73,-1,-1,UNKNOWN,None
108.608,67.67,1130.557,-2.495,5.055,59.45,0.0014,7,Left,69.44,-1,-1,UNKNOWN,None
108.616,67.686,1130.694,-2.493,5.057,59.43,0.0014,7,Left,69.31,-1,-1,UNKNOWN,None
108.633,67.701,1130.969,-2.488,5.062,59.4,0.0014,7,Left,69.03,-1,-1,UNKNOWN,None
108.65,67.718,1131.244,-2.483,5.067,59.39,0.0014,7,Left,68.76,-1,-1,UNKNOWN,None
108.675,67.733,1131.52,-2.477,5.073,59.39,0.0014,7,Left,68.48,-1,-1,UNKNOWN,None
108.683,67.75,1131.795,-2.472,5.078,59.43,0.0014,7,Left,68.2,-1,-1,UNKNOWN,None
108.692,67.766,1131.933,-2.469,5.081,59.45,0.0011,7,Left,68.07,-1,-1,UNKNOWN,None
108.725,67.782,1132.346,-2.461,5.089,59.56,0.0011,7,Left,67.65,-1,-1,UNKNOWN,None
108.742,67.798,1132.622,-2.455,5.095,59.65,0.0009,7,Left,67.38,-1,-1,UNKNOWN,None
108.742,67.814,1132.76,-2.452,5.098,59.71,0.0007,7,Left,67.24,-1,-1,UNKNOWN,None
108.775,67.83,1133.176,-2.444,5.106,59.89,0.0005,7,Left,66.82,-1,-1,UNKNOWN,None
108.786,67.847,1133.494,-2.437,5.113,60.04,0.0005,7,Left,66.51,-1,-1,UNKNOWN,None
108.794,67.863,1133.635,-2.434,5.116,60.12,0.0005,7,Left,66.37,-1,-1,UNKNOWN,None
108.811,67.879,1133.914,-2.428,5.122,60.26,0.0005,7,Left,66.09,-1,-1,UNKNOWN,None
108.836,67.895,1134.193,-2.422,5.128,60.4,0.0005,7,Left,65.81,-1,-1,UNKNOWN,None
108.852,67.91,1134.473,-2.416,5.134,60.53,-0.0005,7,Left,65.53,-1,-1,UNKNOWN,None
108.861,67.927,1134.754,-2.409,5.141,60.65,-0.0005,7,Left,65.25,-1,-1,UNKNOWN,None
108.869,67.943,1134.894,-2.406,5.144,60.71,-0.0005,7,Left,65.11,-1,-1,UNKNOWN,None
108.886,67.958,1135.176,-2.4,5.15,60.8,-0.0005,7,Left,64.82,-1,-1,UNKNOWN,None
108.902,67.975,1135.457,-2.394,5.156,60.88,-0.0005,7,Left,64.54,-1,-1,UNKNOWN,None
108.936,67.991,1135.88,-2.384,5.166,60.94,-0.0005,7,Left,64.12,-1,-1,UNKNOWN,None
108.944,68.007,1136.162,-2.378,5.172,60.94,-0.0005,7,Left,63.84,-1,-1,UNKNOWN,None
108.961,68.023,1136.445,-2.372,5.178,60.93,-0.0005,7,Left,63.56,-1,-1,UNKNOWN,None
108.978,68.039,1136.728,-2.365,5.185,60.9,-0.0005,7,Left,63.27,-1,-1,UNKNOWN,None
108.986,68.054,1136.869,-2.362,5.188,60.88,-0.0005,7,Left,63.13,-1,-1,UNKNOWN,None
109.011,68.071,1137.15,-2.356,5.194,60.83,-0.0005,7,Left,62.85,-1,-1,UNKNOWN,None
109.028,68.087,1137.432,-2.349,5.201,60.77,-0.0005,7,Left,62.57,-1,-1,UNKNOWN,None
109.047,68.103,1137.767,-2.342,5.208,60.68,-0.0005,7,Left,62.23,-1,-1,UNKNOWN,None
109.056,68.118,1138.047,-2.335,5.215,60.6,-0.0005,7,Left,61.95,-1,-1,UNKNOWN,None
109.072,68.135,1138.335,-2.329,5.221,60.52,-0.0005,7,Left,61.66,-1,-1,UNKNOWN,None
109.09,68.151,1138.615,-2.322,5.228,60.43,-0.0005,7,Left,61.39,-1,-1,UNKNOWN,None
109.098,68.167,1138.755,-2.319,5.231,60.38,-0.0005,7,Left,61.25,-1,-1,UNKNOWN,None
109.106,68.183,1138.894,-2.316,5.234,60.33,-0.0005,7,Left,61.11,-1,-1,UNKNOWN,None
109.142,68.198,1139.352,-2.306,5.244,60.17,-0.0005,7,Left,60.65,-1,-1,UNKNOWN,None
109.15,68.214,1139.63,-2.299,5.251,60.07,-0.0005,7,Left,60.37,-1,-1,UNKNOWN,None
109.168,68.23,1139.932,-2.293,5.257,59.96,-0.0005,7,Left,60.07,-1,-1,UNKNOWN,None
109.194,68.246,1140.215,-2.286,5.264,59.85,-0.0008,7,Left,59.79,-1,-1,UNKNOWN,None
109.194,68.262,1140.353,-2.283,5.267,59.8,-0.0008,7,Left,59.65,-1,-1,UNKNOWN,None
109.219,68.278,1140.63,-2.277,5.273,59.7,-0.0008,7,Left,59.37,-1,-1,UNKNOWN,None
109.227,68.294,1140.906,-2.271,5.279,59.61,-0.0008,7,Left,59.09,-1,-1,UNKNOWN,None
109.252,68.31,1141.181,-2.264,5.286,59.53,-0.0008,7,Left,58.82,-1,-1,UNKNOWN,None
109.269,68.326,1141.457,-2.258,5.292,59.46,-0.0008,7,Left,58.54,-1,-1,UNKNOWN,None
109.269,68.341,1141.594,-2.255,5.295,59.44,-0.0008,7,Left,58.41,-1,-1,UNKNOWN,None
109.302,68.358,1142.006,-2.246,5.304,59.38,-0.0008,7,Left,57.99,-1,-1,UNKNOWN,None
109.319,68.373,1142.281,-2.24,5.31,59.37,-0.0008,7,Left,57.72,-1,-1,UNKNOWN,None
109.327,68.39,1142.556,-2.234,5.316,59.38,-0.0008,7,Left,57.44,-1,-1,UNKNOWN,None
109.345,68.406,1142.71,-2.23,5.32,59.39,-0.0008,7,Left,57.29,-1,-1,UNKNOWN,None
109.362,68.422,1142.998,-2.224,5.326,59.44,-0.0008,7,Left,57.0,-1,-1,UNKNOWN,None
109.379,68.438,1143.274,-2.218,5.332,59.51,-0.0008,7,Left,56.73,-1,-1,UNKNOWN,None
109.395,68.454,1143.55,-2.212,5.338,59.6,-0.0008,7,Left,56.45,-1,-1,UNKNOWN,None
109.412,68.47,1143.83,-2.206,5.344,59.71,-0.0008,7,Left,56.17,-1,-1,UNKNOWN,None
109.421,68.485,1144.106,-2.2,5.35,59.83,-0.0008,7,Left,55.89,-1,-1,UNKNOWN,None
109.429,68.502,1144.245,-2.197,5.353,59.89,-0.0008,7,Left,55.76,-1,-1,UNKNOWN,None
109.462,68.518,1144.662,-2.188,5.362,60.1,-0.0008,7,Left,55.34,-1,-1,UNKNOWN,None
109.472,68.533,1144.964,-2.181,5.369,60.26,-0.0008,7,Left,55.04,-1,-1,UNKNOWN,None
109.48,68.549,1145.118,-2.178,5.372,60.35,-0.0008,7,Left,54.88,-1,-1,UNKNOWN,None
109.498,68.566,1145.398,-2.172,5.378,60.49,-0.0008,7,Left,54.6,-1,-1,UNKNOWN,None
109.524,68.58,1145.704,-2.165,5.385,60.63,-0.0008,7,Left,54.3,-1,-1,UNKNOWN,None
109.533,68.598,1145.985,-2.159,5.391,60.73,-0.0008,7,Left,54.02,-1,-1,UNKNOWN,None
109.558,68.613,1146.276,-2.153,5.397,60.81,-0.0008,7,Left,53.72,-1,-1,UNKNOWN,None
109.575,68.63,1146.559,-2.147,5.403,60.85,-0.0008,7,Left,53.44,-1,-1,UNKNOWN,None
109.592,68.646,1146.84,-2.141,5.409,60.87,-0.0008,7,Left,53.16,-1,-1,UNKNOWN,None
109.6,68.661,1147.122,-2.135,5.415,60.87,-0.0008,7,Left,52.88,-1,-1,UNKNOWN,None
109.608,68.678,1147.263,-2.132,5.418,60.87,-0.0008,7,Left,52.74,-1,-1,UNKNOWN,None
109.633,68.693,1147.545,-2.126,5.424,60.86,-0.0008,7,Left,52.46,-1,-1,UNKNOWN,None
109.65,68.709,1147.826,-2.121,5.429,60.84,-0.0008,7,Left,52.17,-1,-1,UNKNOWN,None
109.667,68.725,1148.108,-2.115,5.435,60.8,-0.0008,7,Left,51.89,-1,-1,UNKNOWN,None
109.675,68.741,1148.389,-2.109,5.441,60.76,-0.0008,7,Left,51.61,-1,-1,UNKNOWN,None
109.7,68.757,1148.67,-2.103,5.447,60.7,-0.0008,7,Left,51.33,-1,-1,UNKNOWN,None
109.708,68.773,1148.951,-2.097,5.453,60.64,-0.0008,7,Left,51.05,-1,-1,UNKNOWN,None
109.717,68.79,1149.091,-2.094,5.456,60.6,-0.0008,7,Left,50.91,-1,-1,UNKNOWN,None
109.75,68.806,1149.511,-2.086,5.464,60.48,-0.0008,7,Left,50.49,-1,-1,UNKNOWN,None
109.758,68.822,1149.791,-2.08,5.47,60.4,-0.0008,7,Left,50.21,-1,-1,UNKNOWN,None
109.783,68.839,1150.07,-2.075,5.475,60.31,-0.0008,7,Left,49.93,-1,-1,UNKNOWN,None
109.783,68.854,1150.225,-2.071,5.479,60.26,-0.0008,7,Left,49.77,-1,-1,UNKNOWN,None
109.809,68.87,1150.643,-2.063,5.487,60.15,-0.0008,7,Left,49.36,-1,-1,UNKNOWN,None
109.818,68.886,1150.782,-2.06,5.49,60.12,-0.0008,7,Left,49.22,-1,-1,UNKNOWN,None
109.843,68.903,1151.061,-2.055,5.495,60.05,-0.0008,7,Left,48.94,-1,-1,UNKNOWN,None
109.851,68.919,1151.338,-2.049,5.501,59.99,-0.0008,7,Left,48.66,-1,-1,UNKNOWN,None
109.876,68.935,1151.616,-2.044,5.506,59.91,-0.0017,7,Left,48.38,-1,-1,UNKNOWN,None
109.893,68.95,1151.899,-2.038,5.512,59.83,-0.0018,7,Left,48.1,-1,-1,UNKNOWN,None
109.91,68.966,1152.178,-2.033,5.517,59.76,-0.0024,7,Left,47.82,-1,-1,UNKNOWN,None
109.918,68.982,1152.455,-2.027,5.523,59.68,-0.0027,7,Left,47.55,-1,-1,UNKNOWN,None
109.943,68.999,1152.731,-2.022,5.528,59.62,-0.0028,7,Left,47.27,-1,-1,UNKNOWN,None
109.96,69.015,1153.013,-2.017,5.533,59.56,-0.0031,7,Left,46.99,-1,-1,UNKNOWN,None
109.969,69.031,1153.289,-2.012,5.538,59.53,-0.0033,7,Left,46.71,-1,-1,UNKNOWN,None
109.986,69.047,1153.573,-2.006,5.544,59.5,-0.0033,7,Left,46.43,-1,-1,UNKNOWN,None
109.994,69.063,1153.713,-2.004,5.546,59.5,-0.0033,7,Left,46.29,-1,-1,UNKNOWN,None
110.019,69.078,1153.988,-1.999,5.551,59.51,-0.0033,7,Left,46.01,-1,-1,UNKNOWN,None
110.028,69.093,1154.264,-1.994,5.556,59.54,-0.0033,7,Left,45.74,-1,-1,UNKNOWN,None
110.053,69.11,1154.54,-1.989,5.561,59.59,-0.0033,7,Left,45.46,-1,-1,UNKNOWN,None
110.061,69.127,1154.816,-1.984,5.566,59.67,-0.0033,7,Left,45.18,-1,-1,UNKNOWN,None
110.078,69.142,1155.098,-1.98,5.57,59.76,-0.0033,7,Left,44.9,-1,-1,UNKNOWN,None
110.095,69.159,1155.376,-1.975,5.575,59.87,-0.0033,7,Left,44.62,-1,-1,UNKNOWN,None
110.111,69.174,1155.654,-1.97,5.58,60.0,-0.0033,7,Left,44.35,-1,-1,UNKNOWN,None
110.129,69.191,1155.941,-1.966,5.584,60.14,-0.0033,7,Left,44.06,-1,-1,UNKNOWN,None
110.146,69.207,1156.227,-1.961,5.589,60.28,-0.0033,7,Left,43.77,-1,-1,UNKNOWN,None
110.154,69.223,1156.367,-1.959,5.591,60.35,-0.0033,7,Left,43.63,-1,-1,UNKNOWN,None
110.171,69.239,1156.647,-1.955,5.595,60.49,-0.0033,7,Left,43.35,-1,-1,UNKNOWN,None
110.196,69.255,1156.927,-1.95,5.6,60.62,-0.0033,7,Left,43.07,-1,-1,UNKNOWN,None
110.213,69.271,1157.213,-1.946,5.604,60.74,-0.0033,7,Left,42.79,-1,-1,UNKNOWN,None
110.229,69.287,1157.497,-1.942,5.608,60.87,-0.0033,7,Left,42.5,-1,-1,UNKNOWN,None
110.229,69.302,1157.638,-1.94,5.61,60.92,-0.0033,7,Left,42.36,-1,-1,UNKNOWN,None
110.255,69.318,1158.07,-1.934,5.616,61.07,-0.0033,7,Left,41.93,-1,-1,UNKNOWN,None
110.263,69.334,1158.286,-1.931,5.619,61.13,-0.0033,7,Left,41.71,-1,-1,UNKNOWN,None
110.295,69.35,1158.61,-1.926,5.624,61.19,-0.0033,7,Left,41.39,-1,-1,UNKNOWN,None
110.305,69.366,1158.777,-1.924,5.626,61.21,-0.0033,7,Left,41.22,-1,-1,UNKNOWN,None
110.322,69.382,1159.075,-1.92,5.63,61.21,-0.0033,7,Left,40.92,-1,-1,UNKNOWN,None
110.339,69.398,1159.359,-1.917,5.633,61.2,-0.0033,7,Left,40.64,-1,-1,UNKNOWN,None
110.347,69.412,1159.642,-1.913,5.637,61.17,-0.0033,7,Left,40.36,-1,-1,UNKNOWN,None
110.375,69.43,1159.961,-1.909,5.641,61.12,-0.0033,7,Left,40.04,-1,-1,UNKNOWN,None
110.384,69.446,1160.126,-1.907,5.643,61.08,-0.0033,7,Left,39.87,-1,-1,UNKNOWN,None
110.403,69.462,1160.44,-1.904,5.646,61.02,-0.0033,7,Left,39.56,-1,-1,UNKNOWN,None
110.403,69.477,1160.59,-1.902,5.648,60.98,-0.0033,7,Left,39.41,-1,-1,UNKNOWN,None
110.429,69.493,1161.029,-1.897,5.653,60.87,-0.0033,7,Left,38.97,-1,-1,UNKNOWN,None
110.455,69.509,1161.318,-1.894,5.656,60.78,-0.0033,7,Left,38.68,-1,-1,UNKNOWN,None
110.471,69.525,1161.599,-1.892,5.658,60.69,-0.0033,7,Left,38.4,-1,-1,UNKNOWN,None
110.471,69.541,1161.755,-1.89,5.66,60.64,-0.0033,7,Left,38.24,-1,-1,UNKNOWN,None
110.5,69.557,1162.075,-1.887,5.663,60.53,-0.0033,7,Left,37.93,-1,-1,UNKNOWN,None
110.517,69.573,1162.37,-1.884,5.666,60.43,-0.0033,7,Left,37.63,-1,-1,UNKNOWN,None
110.534,69.589,1162.65,-1.882,5.668,60.34,-0.0033,7,Left,37.35,-1,-1,UNKNOWN,None
110.551,69.606,1162.929,-1.879,5.671,60.24,-0.0033,7,Left,37.07,-1,-1,UNKNOWN,None
110.567,69.621,1163.207,-1.877,5.673,60.13,-0.0033,7,Left,36.79,-1,-1,UNKNOWN,None
110.576,69.638,1163.486,-1.875,5.675,60.03,-0.0033,7,Left,36.51,-1,-1,UNKNOWN,None
110.593,69.653,1163.634,-1.874,5.676,59.97,-0.0033,7,Left,36.37,-1,-1,UNKNOWN,None
110.611,69.67,1163.937,-1.872,5.678,59.86,-0.0037,7,Left,36.06,-1,-1,UNKNOWN,None
110.628,69.686,1164.214,-1.87,5.68,59.75,-0.004,7,Left,35.79,-1,-1,UNKNOWN,None
110.644,69.702,1164.49,-1.868,5.682,59.66,-0.004,7,Left,35.51,-1,-1,UNKNOWN,None
110.653,69.718,1164.785,-1.866,5.684,59.57,-0.0043,7,Left,35.22,-1,-1,UNKNOWN,None
110.681,69.734,1165.097,-1.865,5.685,59.49,-0.0043,7,Left,34.9,-1,-1,UNKNOWN,None
110.693,69.75,1165.287,-1.864,5.686,59.45,-0.0043,7,Left,34.71,-1,-1,UNKNOWN,None
110.693,69.765,1165.425,-1.863,5.687,59.42,-0.0043,7,Left,34.58,-1,-1,UNKNOWN,None
110.718,69.781,1165.877,-1.861,5.689,59.38,-0.0043,7,Left,34.12,-1,-1,UNKNOWN,None
110.728,69.797,1166.015,-1.86,5.69,59.37,-0.0044,7,Left,33.99,-1,-1,UNKNOWN,None
110.753,69.815,1166.427,-1.859,5.691,59.4,-0.0044,7,Left,33.57,-1,-1,UNKNOWN,None
110.771,69.831,1166.71,-1.858,5.692,59.45,-0.0047,7,Left,33.29,-1,-1,UNKNOWN,None
110.779,69.847,1166.848,-1.857,5.693,59.48,-0.0047,7,Left,33.15,-1,-1,UNKNOWN,None
110.805,69.863,1167.142,-1.857,5.693,59.57,-0.0049,7,Left,32.86,-1,-1,UNKNOWN,None
110.823,69.879,1167.441,-1.856,5.694,59.68,-0.0049,7,Left,32.56,-1,-1,UNKNOWN,None
110.84,69.895,1167.718,-1.856,5.694,59.79,-0.0049,7,Left,32.28,-1,-1,UNKNOWN,None
110.848,69.911,1168.019,-1.855,5.695,59.93,-0.0049,7,Left,31.98,-1,-1,UNKNOWN,None
110.866,69.931,1168.304,-1.855,5.695,60.07,-0.0049,7,Left,31.7,-1,-1,UNKNOWN,None
110.886,69.941,1168.481,-1.855,5.695,60.17,-0.0049,7,Left,31.52,-1,-1,UNKNOWN,None
110.896,69.959,1168.799,-1.855,5.695,60.34,-0.0049,7,Left,31.2,-1,-1,UNKNOWN,None
110.913,69.975,1169.079,-1.855,5.695,60.48,-0.0049,7,Left,30.92,-1,-1,UNKNOWN,None
110.929,69.99,1169.359,-1.856,5.694,60.6,-0.0049,7,Left,30.64,-1,-1,UNKNOWN,None
110.938,70.006,1169.512,-1.856,5.694,60.66,-0.0049,7,Left,30.49,-1,-1,UNKNOWN,None
110.964,70.022,1169.797,-1.856,5.694,60.75,-0.0049,7,Left,30.2,-1,-1,UNKNOWN,None
110.981,70.037,1170.081,-1.857,5.693,60.8,-0.0049,7,Left,29.92,-1,-1,UNKNOWN,None
110.989,70.054,1170.369,-1.858,5.692,60.83,-0.0049,7,Left,29.63,-1,-1,UNKNOWN,None
111.014,70.071,1170.651,-1.859,5.691,60.84,-0.0049,7,Left,29.35,-1,-1,UNKNOWN,None
111.023,70.086,1170.933,-1.86,5.69,60.82,-0.0049,7,Left,29.07,-1,-1,UNKNOWN,None
111.048,70.102,1171.214,-1.861,5.689,60.79,0.0062,7,Left,28.79,-1,-1,UNKNOWN,None
111.057,70.118,1171.511,-1.862,5.688,60.74,0.0062,7,Left,28.49,-1,-1,UNKNOWN,None
111.074,70.134,1171.653,-1.862,5.688,60.71,0.012,7,Left,28.35,-1,-1,UNKNOWN,None
111.091,70.151,1172.079,-1.863,5.687,60.62,0.0143,7,Left,27.92,-1,-1,UNKNOWN,None
111.091,70.167,1172.079,-1.863,5.687,60.62,0.0143,7,Left,27.92,-1,-1,UNKNOWN,None
111.124,70.182,1172.5,-1.864,5.686,60.53,0.0203,7,Left,27.5,-1,-1,UNKNOWN,None
111.143,70.199,1172.812,-1.864,5.686,60.45,0.0203,7,Left,27.19,-1,-1,UNKNOWN,None
111.159,70.215,1173.092,-1.863,5.687,60.38,0.0203,7,Left,26.91,-1,-1,UNKNOWN,None
111.176,70.231,1173.371,-1.863,5.687,60.3,0.0203,7,Left,26.63,-1,-1,UNKNOWN,None
111.184,70.247,1173.651,-1.862,5.688,60.22,0.0203,7,Left,26.35,-1,-1,UNKNOWN,None
111.193,70.262,1173.803,-1.862,5.688,60.17,0.0203,7,Left,26.2,-1,-1,UNKNOWN,None
111.219,70.286,1174.226,-1.86,5.69,60.03,0.0203,7,Left,25.77,-1,-1,UNKNOWN,None
111.235,70.293,1174.365,-1.859,5.691,59.98,0.0203,7,Left,25.63,-1,-1,UNKNOWN,None
111.244,70.31,1174.669,-1.856,5.694,59.87,0.0322,7,Left,25.33,-1,-1,UNKNOWN,None
111.265,70.327,1174.992,-1.853,5.697,59.75,0.0322,7,Left,25.01,-1,-1,UNKNOWN,None
111.282,70.342,1175.139,-1.852,5.698,59.7,0.0322,7,Left,24.86,-1,-1,UNKNOWN,None
111.308,70.362,1175.564,-1.846,5.704,59.58,0.0322,7,Left,24.44,-1,-1,UNKNOWN,None
111.316,70.375,1175.702,-1.844,5.706,59.54,0.0322,7,Left,24.3,-1,-1,UNKNOWN,None
111.333,70.392,1175.977,-1.839,5.711,59.48,0.0322,7,Left,24.02,-1,-1,UNKNOWN,None
111.35,70.406,1176.257,-1.834,5.716,59.43,0.0322,7,Left,23.74,-1,-1,UNKNOWN,None
111.35,70.422,1176.398,-1.831,5.719,59.42,0.0322,7,Left,23.6,-1,-1,UNKNOWN,None
111.373,70.439,1176.851,-1.82,5.73,59.4,0.0322,7,Left,23.15,-1,-1,UNKNOWN,None
111.386,70.455,1176.998,-1.816,5.734,59.41,0.0322,7,Left,23.0,-1,-1,UNKNOWN,None
111.412,70.471,1177.279,-1.808,5.742,59.44,0.0322,7,Left,22.72,-1,-1,UNKNOWN,None
111.428,70.487,1177.554,-1.8,5.75,59.5,0.0322,7,Left,22.45,-1,-1,UNKNOWN,None
111.445,70.503,1177.837,-1.791,5.759,59.58,0.0322,7,Left,22.16,-1,-1,UNKNOWN,None
111.455,70.519,1178.154,-1.779,5.771,59.69,0.0322,7,Left,21.85,-1,-1,UNKNOWN,None
111.473,70.534,1178.431,-1.768,5.782,59.8,0.0322,7,Left,21.57,-1,-1,UNKNOWN,None
111.481,70.551,1178.569,-1.763,5.787,59.86,0.0322,7,Left,21.43,-1,-1,UNKNOWN,None
111.506,70.567,1178.847,-1.751,5.799,59.99,0.0322,7,Left,21.15,-1,-1,UNKNOWN,None
111.525,70.583,1179.164,-1.736,5.814,60.15,0.0322,7,Left,20.84,-1,-1,UNKNOWN,None
111.534,70.599,1179.442,-1.723,5.827,60.3,0.0322,7,Left,20.56,-1,-1,UNKNOWN,None
111.55,70.614,1179.722,-1.708,5.842,60.45,0.0322,7,Left,20.28,-1,-1,UNKNOWN,None
111.567,70.631,1180.027,-1.691,5.859,60.6,0.0322,7,Left,19.97,-1,-1,UNKNOWN,None
111.577,70.646,1180.167,-1.683,5.867,60.66,0.032,7,Left,19.83,-1,-1,UNKNOWN,None
111.602,70.663,1180.589,-1.658,5.892,60.82,0.032,7,Left,19.41,-1,-1,UNKNOWN,None
111.619,70.679,1180.745,-1.648,5.902,60.87,0.032,7,Left,19.25,-1,-1,UNKNOWN,None
111.637,70.695,1181.044,-1.629,5.921,60.95,0.032,7,Left,18.96,-1,-1,UNKNOWN,None
111.645,70.717,1181.326,-1.609,5.941,61.0,0.032,7,Left,18.67,-1,-1,UNKNOWN,None
111.662,70.726,1181.616,-1.588,5.962,61.02,0.032,7,Left,18.38,-1,-1,UNKNOWN,None
111.681,70.743,1181.792,-1.575,5.975,61.02,0.032,7,Left,18.21,-1,-1,UNKNOWN,None
111.705,70.759,1182.188,-1.545,6.005,61.0,0.032,7,Left,17.81,-1,-1,UNKNOWN,None
111.713,70.775,1182.469,-1.522,6.028,60.96,0.032,7,Left,17.53,-1,-1,UNKNOWN,None
111.73,70.79,1182.75,-1.498,6.052,60.91,0.032,7,Left,17.25,-1,-1,UNKNOWN,None
111.746,70.808,1183.03,-1.473,6.077,60.84,0.032,7,Left,16.97,-1,-1,UNKNOWN,None
111.771,70.824,1183.311,-1.448,6.102,60.77,0.032,7,Left,16.69,-1,-1,UNKNOWN,None
111.771,70.84,1183.451,-1.435,6.115,60.73,0.032,7,Left,16.55,-1,-1,UNKNOWN,None
111.796,70.856,1183.73,-1.408,6.142,60.65,0.032,7,Left,16.27,-1,-1,UNKNOWN,None
111.813,70.872,1184.015,-1.38,6.17,60.55,0.032,7,Left,15.98,-1,-1,UNKNOWN,None
111.83,70.888,1184.294,-1.351,6.199,60.46,0.032,7,Left,15.71,-1,-1,UNKNOWN,None
111.847,70.904,1184.576,-1.322,6.228,60.36,0.0255,7,Left,15.42,-1,-1,UNKNOWN,None
111.864,70.919,1184.853,-1.292,6.258,60.26,0.0255,7,Left,15.15,-1,-1,UNKNOWN,None
111.88,70.937,1185.13,-1.261,6.289,60.16,0.0255,7,Left,14.87,-1,-1,UNKNOWN,None
111.88,70.952,1185.272,-1.245,6.305,60.11,0.0203,7,Left,14.73,-1,-1,UNKNOWN,None
111.906,70.968,1185.698,-1.196,6.354,59.96,0.0203,7,Left,14.3,-1,-1,UNKNOWN,None
111.924,70.984,1185.856,-1.177,6.373,59.9,0.0158,7,Left,14.14,-1,-1,UNKNOWN,None
111.932,71.0,1186.131,-1.144,6.406,59.8,0.0127,7,Left,13.87,-1,-1,UNKNOWN,None
111.958,71.016,1186.415,-1.11,6.44,59.7,0.0097,7,Left,13.58,-1,-1,UNKNOWN,None
111.958,71.032,1186.552,-1.093,6.457,59.65,0.0068,7,Left,13.45,-1,-1,UNKNOWN,None
111.985,71.048,1186.857,-1.055,6.495,59.56,0.0037,7,Left,13.14,-1,-1,UNKNOWN,Right_Broken
112.005,71.064,1187.186,-1.013,6.537,59.48,0.0005,7,Left,12.81,-1,-1,UNKNOWN,None
112.022,71.08,1187.465,-0.977,6.573,59.42,-0.0024,7,Left,12.53,-1,-1,UNKNOWN,None
112.031,71.096,1187.776,-0.937,6.613,59.39,-0.0056,7,Left,12.22,-1,-1,UNKNOWN,None
112.05,71.112,1188.058,-0.9,6.65,59.38,-0.0086,7,Left,11.94,-1,-1,UNKNOWN,None
112.058,71.127,1188.215,-0.88,6.67,59.38,-0.0116,7,Left,11.78,-1,-1,UNKNOWN,None
112.085,71.143,1188.49,-0.844,6.706,59.41,-0.0145,7,Left,11.51,-1,-1,UNKNOWN,None
112.093,71.16,1188.762,-0.808,6.742,59.46,-0.017,7,Left,11.24,-1,-1,UNKNOWN,None
112.118,71.176,1189.036,-0.772,6.778,59.53,-0.0196,7,Left,10.96,-1,-1,UNKNOWN,None
112.118,71.191,1189.172,-0.754,6.796,59.57,-0.0221,7,Left,10.83,-1,-1,UNKNOWN,None
112.143,71.208,1189.59,-0.7,6.85,59.73,-0.0244,7,Left,10.41,-1,-1,UNKNOWN,None
112.16,71.223,1189.892,-0.661,6.889,59.86,-0.0264,7,Left,10.11,-1,-1,UNKNOWN,None
112.18,71.239,1190.051,-0.64,6.91,59.94,-0.0286,7,Left,9.95,-1,-1,UNKNOWN,None
112.2,71.256,1190.385,-0.597,6.953,60.11,-0.0305,7,Left,9.61,-1,-1,UNKNOWN,None
112.217,71.272,1190.662,-0.562,6.988,60.25,-0.0305,7,Left,9.34,-1,-1,UNKNOWN,None
112.225,71.288,1190.94,-0.527,7.023,60.4,-0.0305,7,Left,9.06,-1,-1,UNKNOWN,None
112.242,71.304,1191.223,-0.492,7.058,60.54,-0.0305,7,Left,8.78,-1,-1,UNKNOWN,Right_Broken
112.259,71.319,1191.362,-0.475,7.075,60.6,-0.0305,7,Left,8.64,-1,-1,UNKNOWN,None
112.275,71.335,1191.642,-0.441,7.109,60.71,-0.0305,7,Left,8.36,-1,-1,UNKNOWN,None
112.292,71.351,1191.921,-0.408,7.142,60.79,-0.0305,7,Left,8.08,-1,-1,UNKNOWN,None
112.31,71.367,1192.22,-0.372,7.178,60.84,-0.0305,7,Left,7.78,-1,-1,UNKNOWN,None
112.327,71.382,1192.512,-0.338,7.212,60.86,-0.0305,7,Left,7.49,-1,-1,UNKNOWN,None
112.335,71.398,1192.792,-0.306,7.244,60.86,-0.0344,7,Left,7.21,-1,-1,UNKNOWN,None
112.352,71.415,1193.072,-0.275,7.275,60.84,-0.0341,7,Left,6.93,-1,-1,UNKNOWN,None
112.37,71.431,1193.367,-0.243,7.307,60.81,-0.0334,7,Left,6.63,-1,-1,UNKNOWN,None
112.378,71.447,1193.513,-0.227,7.323,60.8,-0.0334,7,Left,6.49,-1,-1,UNKNOWN,None
112.395,71.462,1193.793,-0.198,7.352,60.77,-0.0334,7,Left,6.21,-1,-1,UNKNOWN,None
112.42,71.478,1194.072,-0.169,7.381,60.72,-0.0334,7,Left,5.93,-1,-1,UNKNOWN,None
112.437,71.495,1194.352,-0.141,7.409,60.66,-0.0311,7,Left,5.65,-1,-1,UNKNOWN,None
112.454,71.51,1194.648,-0.112,7.438,60.6,-0.0311,7,Left,5.35,-1,-1,UNKNOWN,None
112.463,71.526,1194.927,-0.086,7.464,60.52,-0.0311,7,Left,5.07,-1,-1,UNKNOWN,None
112.488,71.542,1195.209,-0.06,7.49,60.44,-0.0311,7,Left,4.79,-1,-1,UNKNOWN,None
112.505,71.559,1195.491,-0.035,7.515,60.35,-0.0292,7,Left,4.51,-1,-1,UNKNOWN,None
112.522,71.575,1195.781,-0.01,7.54,60.26,-0.0288,7,Left,4.22,-1,-1,UNKNOWN,None
112.522,71.591,1195.92,0.002,7.552,60.22,-0.0288,7,Left,4.08,-1,-1,UNKNOWN,None
112.539,71.607,1196.211,0.026,7.576,60.13,-0.0288,7,Left,3.79,-1,-1,UNKNOWN,None
112.57,71.623,1196.572,0.054,7.604,60.01,-0.0288,7,Left,3.43,-1,-1,UNKNOWN,None
112.57,71.638,1196.711,0.065,7.615,59.96,-0.0288,7,Left,3.29,-1,-1,UNKNOWN,None
112.586,71.655,1196.987,0.086,7.636,59.87,-0.0248,7,Left,3.01,-1,-1,UNKNOWN,None
112.603,71.671,1197.263,0.105,7.655,59.77,-0.0232,7,Left,2.74,-1,-1,UNKNOWN,None
112.628,71.687,1197.539,0.124,7.674,59.67,-0.0219,7,Left,2.46,-1,-1,UNKNOWN,None
112.645,71.702,1197.815,0.143,7.693,59.59,-0.0202,7,Left,2.18,-1,-1,UNKNOWN,None
112.653,71.719,1198.092,0.161,7.711,59.51,-0.0184,7,Left,1.91,-1,-1,UNKNOWN,None
112.678,71.734,1198.366,0.178,7.728,59.44,-0.0162,7,Left,1.63,-1,-1,UNKNOWN,None
112.695,71.751,1198.648,0.195,7.745,59.4,-0.0139,7,Left,1.35,-1,-1,UNKNOWN,None
112.705,71.767,1198.947,0.212,7.762,59.36,-0.0111,7,Left,1.05,-1,-1,UNKNOWN,None
112.724,71.783,1199.114,0.221,7.771,59.36,-0.0086,7,Left,0.89,-1,-1,UNKNOWN,None
112.741,71.798,1199.404,0.237,7.787,59.36,-0.0059,7,Left,0.6,-1,-1,UNKNOWN,None
112.759,71.815,1199.697,0.253,7.803,59.39,-0.0033,7,Left,0.3,-1,-1,UNKNOWN,None
112.778,71.832,1200.002,0.269,7.819,59.46,-0.0009,8,Middle,150.0,-1,-1,UNKNOWN,None
112.786,71.848,1200.278,0.283,7.833,59.53,0.0014,8,Middle,149.72,-1,-1,UNKNOWN,None
112.803,71.864,1200.553,0.297,7.847,59.63,0.0033,8,Middle,149.45,-1,-1,UNKNOWN,None
112.811,71.88,1200.691,0.303,7.853,59.68,0.0049,8,Middle,149.31,-1,-1,UNKNOWN,None
112.84,71.896,1201.029,0.32,7.87,59.83,0.006,8,Middle,148.97,-1,-1,UNKNOWN,None
112.857,71.912,1201.327,0.334,7.884,59.97,0.0068,8,Middle,148.67,-1,-1,UNKNOWN,None
112.867,71.928,1201.482,0.341,7.891,60.05,0.0069,8,Middle,148.52,-1,-1,UNKNOWN,None
112.885,71.944,1201.791,0.356,7.906,60.22,0.0069,8,Middle,148.21,-1,-1,UNKNOWN,None
112.902,71.96,1202.07,0.368,7.918,60.37,0.0069,8,Middle,147.93,-1,-1,UNKNOWN,None
112.91,71.976,1202.349,0.381,7.931,60.51,0.0069,8,Middle,147.65,-1,-1,UNKNOWN,None
112.919,71.991,1202.49,0.388,7.938,60.58,0.0069,8,Middle,147.51,-1,-1,UNKNOWN,None
112.953,72.008,1202.927,0.407,7.957,60.76,0.0069,8,Middle,147.07,-1,-1,UNKNOWN,None
112.961,72.024,1203.209,0.42,7.97,60.84,0.0069,8,Middle,146.79,-1,-1,UNKNOWN,None
112.978,72.04,1203.49,0.433,7.983,60.89,0.0069,8,Middle,146.51,-1,-1,UNKNOWN,None
112.995,72.056,1203.772,0.445,7.995,60.91,0.0069,8,Middle,146.23,-1,-1,UNKNOWN,None
113.003,72.071,1203.913,0.452,8.002,60.91,0.0069,8,Middle,146.09,-1,-1,UNKNOWN,None
113.02,72.087,1204.199,0.464,8.014,60.9,0.0069,8,Middle,145.8,-1,-1,UNKNOWN,None
113.037,72.104,1204.502,0.478,8.028,60.87,0.0069,8,Middle,145.5,-1,-1,UNKNOWN,None
113.056,72.12,1204.817,0.492,8.042,60.82,0.0069,8,Middle,145.18,-1,-1,UNKNOWN,None
113.065,72.136,1204.983,0.5,8.05,60.79,0.0069,8,Middle,145.02,-1,-1,UNKNOWN,None
113.083,72.151,1205.264,0.513,8.063,60.74,0.0069,8,Middle,144.74,-1,-1,UNKNOWN,None
113.1,72.168,1205.545,0.525,8.075,60.68,0.0069,8,Middle,144.46,-1,-1,UNKNOWN,None
113.125,72.184,1205.825,0.538,8.088,60.62,0.0069,8,Middle,144.17,-1,-1,UNKNOWN,None
113.141,72.2,1206.105,0.551,8.101,60.54,0.0069,8,Middle,143.89,-1,-1,UNKNOWN,None
113.141,72.216,1206.245,0.558,8.108,60.5,0.0069,8,Middle,143.75,-1,-1,UNKNOWN,None
113.158,72.234,1206.525,0.571,8.121,60.42,0.0069,8,Middle,143.48,-1,-1,UNKNOWN,None
113.191,72.247,1206.943,0.591,8.141,60.28,0.0069,8,Middle,143.06,-1,-1,UNKNOWN,None
113.208,72.271,1207.361,0.612,8.162,60.14,0.0069,8,Middle,142.64,-1,-1,UNKNOWN,None
113.225,72.279,1207.5,0.618,8.168,60.09,0.0014,8,Middle,142.5,-1,-1,UNKNOWN,None
113.233,72.295,1207.777,0.632,8.182,59.99,0.0014,8,Middle,142.22,-1,-1,UNKNOWN,None
113.25,72.311,1208.054,0.646,8.196,59.89,0.0002,8,Middle,141.95,-1,-1,UNKNOWN,None
113.266,72.326,1208.193,0.653,8.203,59.84,-0.0002,8,Middle,141.81,-1,-1,UNKNOWN,None
113.275,72.342,1208.469,0.666,8.216,59.74,-0.0008,8,Middle,141.53,-1,-1,UNKNOWN,None
113.3,72.359,1208.749,0.68,8.23,59.65,-0.0014,8,Middle,141.25,-1,-1,UNKNOWN,None
113.317,72.375,1209.025,0.694,8.244,59.58,-0.0017,8,Middle,140.98,-1,-1,UNKNOWN,None
113.317,72.39,1209.162,0.701,8.251,59.54,-0.0021,8,Middle,140.84,-1,-1,UNKNOWN,None
113.333,72.406,1209.437,0.715,8.265,59.49,-0.0024,8,Middle,140.56,-1,-1,UNKNOWN,None
113.367,72.423,1209.854,0.736,8.286,59.43,-0.0024,8,Middle,140.15,-1,-1,UNKNOWN,None
113.375,72.439,1209.991,0.742,8.292,59.42,-0.0027,8,Middle,140.01,-1,-1,UNKNOWN,None
113.395,72.454,1210.314,0.759,8.309,59.43,-0.0028,8,Middle,139.69,-1,-1,UNKNOWN,None
113.411,72.47,1210.589,0.773,8.323,59.45,-0.0028,8,Middle,139.41,-1,-1,UNKNOWN,None
113.428,72.487,1210.864,0.786,8.336,59.5,-0.0031,8,Middle,139.14,-1,-1,UNKNOWN,None
113.445,72.503,1211.14,0.8,8.35,59.57,-0.0033,8,Middle,138.86,-1,-1,UNKNOWN,None
113.453,72.519,1211.417,0.814,8.364,59.66,-0.0037,8,Middle,138.58,-1,-1,UNKNOWN,None
113.47,72.535,1211.694,0.828,8.378,59.77,-0.004,8,Middle,138.31,-1,-1,UNKNOWN,None
113.495,72.551,1211.97,0.842,8.392,59.89,-0.0044,8,Middle,138.03,-1,-1,UNKNOWN,None
113.512,72.567,1212.248,0.856,8.406,60.02,-0.0047,8,Middle,137.75,-1,-1,UNKNOWN,None
113.528,72.583,1212.526,0.87,8.42,60.17,-0.0047,8,Middle,137.47,-1,-1,UNKNOWN,None
113.545,72.598,1212.805,0.884,8.434,60.31,-0.0049,8,Middle,137.2,-1,-1,UNKNOWN,None
113.553,72.614,1213.084,0.897,8.447,60.46,-0.0049,8,Middle,136.92,-1,-1,UNKNOWN,None
113.57,72.63,1213.224,0.904,8.454,60.53,-0.0049,8,Middle,136.78,-1,-1,UNKNOWN,None
113.578,72.646,1213.512,0.918,8.468,60.67,-0.0049,8,Middle,136.49,-1,-1,UNKNOWN,None
113.595,72.662,1213.801,0.932,8.482,60.79,-0.0049,8,Middle,136.2,-1,-1,UNKNOWN,None
113.621,72.679,1214.083,0.946,8.496,60.89,-0.0049,8,Middle,135.92,-1,-1,UNKNOWN,None
113.629,72.693,1214.366,0.959,8.509,60.95,-0.0049,8,Middle,135.63,-1,-1,UNKNOWN,None
113.654,72.71,1214.648,0.973,8.523,60.99,-0.0049,8,Middle,135.35,-1,-1,UNKNOWN,None
113.671,72.726,1214.93,0.986,8.536,61.0,-0.0049,8,Middle,135.07,-1,-1,UNKNOWN,None
113.688,72.743,1215.212,0.999,8.549,60.99,-0.0049,8,Middle,134.79,-1,-1,UNKNOWN,None
113.696,72.759,1215.353,1.006,8.556,60.98,-0.0049,8,Middle,134.65,-1,-1,UNKNOWN,None
113.714,72.774,1215.794,1.026,8.576,60.92,-0.0049,8,Middle,134.21,-1,-1,UNKNOWN,None
113.73,72.79,1215.935,1.033,8.583,60.9,-0.0049,8,Middle,134.06,-1,-1,UNKNOWN,None
113.747,72.807,1216.357,1.052,8.602,60.81,-0.0049,8,Middle,133.64,-1,-1,UNKNOWN,None
113.755,72.823,1216.498,1.058,8.608,60.77,-0.0049,8,Middle,133.5,-1,-1,UNKNOWN,None
113.78,72.839,1216.779,1.071,8.621,60.7,-0.0049,8,Middle,133.22,-1,-1,UNKNOWN,None
113.797,72.856,1217.059,1.083,8.633,60.62,-0.0049,8,Middle,132.94,-1,-1,UNKNOWN,None
113.814,72.872,1217.339,1.095,8.645,60.53,-0.0049,8,Middle,132.66,-1,-1,UNKNOWN,None
113.83,72.889,1217.619,1.107,8.657,60.45,-0.0049,8,Middle,132.38,-1,-1,UNKNOWN,None
113.839,72.905,1217.898,1.119,8.669,60.36,-0.0049,8,Middle,132.1,-1,-1,UNKNOWN,Right_Broken
113.864,72.921,1218.177,1.131,8.681,60.28,-0.0049,8,Middle,131.82,-1,-1,UNKNOWN,None
113.872,72.936,1218.456,1.143,8.693,60.18,-0.0049,8,Middle,131.54,-1,-1,UNKNOWN,None
113.898,72.953,1218.757,1.155,8.705,60.08,-0.0049,8,Middle,131.24,-1,-1,UNKNOWN,None
113.907,72.969,1219.034,1.167,8.717,59.98,-0.0049,8,Middle,130.97,-1,-1,UNKNOWN,None
113.923,72.985,1219.312,1.178,8.728,59.88,-0.0049,8,Middle,130.69,-1,-1,UNKNOWN,None
113.932,73.0,1219.459,1.184,8.734,59.83,-0.0049,8,Middle,130.54,-1,-1,UNKNOWN,None
113.949,73.016,1219.736,1.195,8.745,59.73,-0.0049,8,Middle,130.26,-1,-1,UNKNOWN,None
113.974,73.032,1220.012,1.205,8.755,59.64,-0.0049,8,Middle,129.99,-1,-1,UNKNOWN,None
113.991,73.049,1220.29,1.216,8.766,59.57,-0.0049,8,Middle,129.71,-1,-1,UNKNOWN,None
113.999,73.064,1220.567,1.227,8.777,59.5,-0.0049,8,Middle,129.43,-1,-1,UNKNOWN,None
114.016,73.08,1220.705,1.232,8.782,59.48,-0.0049,8,Middle,129.3,-1,-1,UNKNOWN,None
114.041,73.096,1221.117,1.247,8.797,59.42,-0.0049,8,Middle,128.88,-1,-1,UNKNOWN,None
114.052,73.112,1221.304,1.254,8.804,59.41,-0.0049,8,Middle,128.7,-1,-1,UNKNOWN,None
114.068,73.128,1221.571,1.264,8.814,59.42,-0.0049,8,Middle,128.43,-1,-1,UNKNOWN,None
114.095,73.151,1222.016,1.28,8.83,59.47,-0.0049,8,Middle,127.98,-1,-1,UNKNOWN,Right_Broken
114.095,73.159,1222.17,1.285,8.835,59.5,-0.0049,8,Middle,127.83,-1,-1,UNKNOWN,None
114.121,73.177,1222.447,1.295,8.845,59.58,-0.0049,8,Middle,127.55,-1,-1,UNKNOWN,None
114.13,73.193,1222.749,1.305,8.855,59.68,-0.0049,8,Middle,127.25,-1,-1,UNKNOWN,None
114.148,73.208,1223.025,1.314,8.864,59.79,-0.0049,8,Middle,126.97,-1,-1,UNKNOWN,None
114.165,73.224,1223.164,1.319,8.869,59.85,-0.0049,8,Middle,126.84,-1,-1,UNKNOWN,None
114.181,73.24,1223.441,1.328,8.878,59.98,-0.0049,8,Middle,126.56,-1,-1,UNKNOWN,None
114.198,73.257,1223.719,1.337,8.887,60.12,-0.0047,8,Middle,126.28,-1,-1,UNKNOWN,None
114.215,73.273,1224.005,1.346,8.896,60.28,-0.0047,8,Middle,126.0,-1,-1,UNKNOWN,None
114.223,73.289,1224.284,1.355,8.905,60.42,-0.0047,8,Middle,125.72,-1,-1,UNKNOWN,None
114.24,73.305,1224.574,1.364,8.914,60.56,-0.0047,8,Middle,125.43,-1,-1,UNKNOWN,None
114.258,73.321,1224.887,1.373,8.923,60.7,-0.0047,8,Middle,125.11,-1,-1,UNKNOWN,None
114.277,73.336,1225.05,1.378,8.928,60.76,-0.0047,8,Middle,124.95,-1,-1,UNKNOWN,None
114.288,73.352,1225.237,1.384,8.934,60.83,-0.0047,8,Middle,124.76,-1,-1,UNKNOWN,None
114.309,73.368,1225.584,1.394,8.944,60.94,-0.0043,8,Middle,124.42,-1,-1,UNKNOWN,None
114.327,73.384,1225.9,1.403,8.953,61.01,-0.0037,8,Middle,124.1,-1,-1,UNKNOWN,None
114.338,73.4,1226.071,1.408,8.958,61.05,-0.0037,8,Middle,123.93,-1,-1,UNKNOWN,None
114.362,73.416,1226.484,1.42,8.97,61.11,-0.0037,8,Middle,123.52,-1,-1,UNKNOWN,None
114.372,73.432,1226.649,1.424,8.974,61.12,-0.0037,8,Middle,123.35,-1,-1,UNKNOWN,None
114.391,73.448,1226.975,1.433,8.983,61.13,-0.0028,8,Middle,123.02,-1,-1,UNKNOWN,None
114.4,73.464,1227.269,1.441,8.991,61.11,-0.0028,8,Middle,122.73,-1,-1,UNKNOWN,None
114.425,73.48,1227.558,1.449,8.999,61.09,-0.0028,8,Middle,122.44,-1,-1,UNKNOWN,None
114.434,73.496,1227.84,1.456,9.006,61.06,-0.0028,8,Middle,122.16,-1,-1,UNKNOWN,None
114.442,73.511,1227.982,1.459,9.009,61.04,-0.0028,8,Middle,122.02,-1,-1,UNKNOWN,None
114.467,73.528,1228.405,1.47,9.02,60.96,-0.0028,8,Middle,121.59,-1,-1,UNKNOWN,None
114.475,73.544,1228.546,1.474,9.024,60.93,-0.0028,8,Middle,121.45,-1,-1,UNKNOWN,None
114.5,73.56,1228.829,1.481,9.031,60.87,-0.0028,8,Middle,121.17,-1,-1,UNKNOWN,None
114.517,73.576,1229.117,1.488,9.038,60.79,-0.0028,8,Middle,120.88,-1,-1,UNKNOWN,None
114.534,73.592,1229.399,1.495,9.045,60.72,-0.0028,8,Middle,120.6,-1,-1,UNKNOWN,None
114.559,73.615,1229.819,1.504,9.054,60.59,-0.0028,8,Middle,120.18,-1,-1,UNKNOWN,None
114.559,73.622,1229.962,1.508,9.058,60.54,-0.0028,8,Middle,120.04,-1,-1,UNKNOWN,None
114.584,73.64,1230.242,1.514,9.064,60.45,-0.0028,8,Middle,119.76,-1,-1,UNKNOWN,None
114.601,73.655,1230.521,1.521,9.071,60.36,-0.0028,8,Middle,119.48,-1,-1,UNKNOWN,None
114.609,73.671,1230.806,1.527,9.077,60.26,-0.0028,8,Middle,119.19,-1,-1,UNKNOWN,None
114.634,73.687,1231.085,1.533,9.083,60.17,-0.0028,8,Middle,118.92,-1,-1,UNKNOWN,None
114.651,73.704,1231.363,1.539,9.089,60.08,-0.0028,8,Middle,118.64,-1,-1,UNKNOWN,None
114.659,73.72,1231.502,1.542,9.092,60.03,-0.0028,8,Middle,118.5,-1,-1,UNKNOWN,None
114.676,73.735,1231.779,1.548,9.098,59.93,-0.0028,8,Middle,118.22,-1,-1,UNKNOWN,None
114.693,73.752,1232.056,1.554,9.104,59.83,-0.0035,8,Middle,117.94,-1,-1,UNKNOWN,None
114.702,73.773,1232.351,1.56,9.11,59.73,-0.004,8,Middle,117.65,-1,-1,UNKNOWN,None
114.727,73.783,1232.627,1.565,9.115,59.64,-0.0047,8,Middle,117.37,-1,-1,UNKNOWN,None
114.727,73.8,1232.765,1.568,9.118,59.6,-0.0052,8,Middle,117.24,-1,-1,UNKNOWN,None
114.762,73.817,1233.203,1.576,9.126,59.48,-0.0056,8,Middle,116.8,-1,-1,UNKNOWN,None
114.771,73.832,1233.49,1.582,9.132,59.43,-0.006,8,Middle,116.51,-1,-1,UNKNOWN,None
114.791,73.849,1233.681,1.585,9.135,59.4,-0.0063,8,Middle,116.32,-1,-1,UNKNOWN,None
114.791,73.865,1233.818,1.587,9.137,59.38,-0.0068,8,Middle,116.18,-1,-1,UNKNOWN,None
114.824,73.88,1234.231,1.595,9.145,59.37,-0.0072,8,Middle,115.77,-1,-1,UNKNOWN,None
114.841,73.897,1234.505,1.599,9.149,59.39,-0.0075,8,Middle,115.49,-1,-1,UNKNOWN,None
114.858,73.912,1234.781,1.603,9.153,59.43,-0.0079,8,Middle,115.22,-1,-1,UNKNOWN,None
114.874,73.929,1235.056,1.608,9.158,59.5,-0.0079,8,Middle,114.94,-1,-1,UNKNOWN,None
114.883,73.945,1235.332,1.612,9.162,59.58,-0.0082,8,Middle,114.67,-1,-1,UNKNOWN,None
114.9,73.961,1235.612,1.616,9.166,59.69,-0.0084,8,Middle,114.39,-1,-1,UNKNOWN,None
114.908,73.977,1235.75,1.618,9.168,59.74,-0.0088,8,Middle,114.25,-1,-1,UNKNOWN,None
114.925,73.993,1236.027,1.621,9.171,59.87,-0.0091,8,Middle,113.97,-1,-1,UNKNOWN,None
114.95,74.009,1236.305,1.625,9.175,60.0,-0.0094,8,Middle,113.7,-1,-1,UNKNOWN,None
114.969,74.024,1236.622,1.628,9.178,60.17,-0.0094,8,Middle,113.38,-1,-1,UNKNOWN,None
114.985,74.041,1236.902,1.631,9.181,60.31,-0.0098,8,Middle,113.1,-1,-1,UNKNOWN,None
114.994,74.056,1237.182,1.634,9.184,60.46,-0.0098,8,Middle,112.82,-1,-1,UNKNOWN,None
115.011,74.072,1237.477,1.637,9.187,60.6,-0.0098,8,Middle,112.52,-1,-1,UNKNOWN,None
115.02,74.091,1237.618,1.638,9.188,60.67,-0.0098,8,Middle,112.38,-1,-1,UNKNOWN,None
115.036,74.105,1237.907,1.64,9.19,60.78,-0.0098,8,Middle,112.09,-1,-1,UNKNOWN,None
115.062,74.121,1238.193,1.642,9.192,60.88,-0.0098,8,Middle,111.81,-1,-1,UNKNOWN,None
115.079,74.138,1238.475,1.644,9.194,60.94,-0.0098,8,Middle,111.53,-1,-1,UNKNOWN,None
115.097,74.153,1238.793,1.646,9.196,60.97,-0.0098,8,Middle,111.21,-1,-1,UNKNOWN,None
115.11,74.169,1238.999,1.647,9.197,60.98,-0.0098,8,Middle,111.0,-1,-1,UNKNOWN,None
115.126,74.185,1239.281,1.648,9.198,60.97,-0.01,8,Middle,110.72,-1,-1,UNKNOWN,None
115.143,74.201,1239.563,1.649,9.199,60.95,-0.01,8,Middle,110.44,-1,-1,UNKNOWN,None
115.151,74.216,1239.845,1.649,9.199,60.91,-0.01,8,Middle,110.15,-1,-1,UNKNOWN,None
115.168,74.233,1240.127,1.649,9.199,60.85,-0.01,8,Middle,109.87,-1,-1,UNKNOWN,None
115.193,74.248,1240.408,1.649,9.199,60.79,-0.01,8,Middle,109.59,-1,-1,UNKNOWN,None
115.21,74.265,1240.689,1.649,9.199,60.73,-0.01,8,Middle,109.31,-1,-1,UNKNOWN,None
115.226,74.28,1240.97,1.649,9.199,60.65,-0.01,8,Middle,109.03,-1,-1,UNKNOWN,None
115.235,74.297,1241.251,1.648,9.198,60.57,-0.01,8,Middle,108.75,-1,-1,UNKNOWN,None
115.251,74.313,1241.531,1.647,9.197,60.48,-0.01,8,Middle,108.47,-1,-1,UNKNOWN,None
115.26,74.328,1241.671,1.646,9.196,60.43,-0.01,8,Middle,108.33,-1,-1,UNKNOWN,None
115.285,74.344,1241.95,1.645,9.195,60.34,-0.01,8,Middle,108.05,-1,-1,UNKNOWN,None
115.301,74.36,1242.229,1.643,9.193,60.24,-0.01,8,Middle,107.77,-1,-1,UNKNOWN,None
115.318,74.376,1242.508,1.641,9.191,60.15,-0.01,8,Middle,107.49,-1,-1,UNKNOWN,None
115.335,74.392,1242.786,1.639,9.189,60.05,-0.01,8,Middle,107.21,-1,-1,UNKNOWN,None
115.343,74.408,1243.064,1.636,9.186,59.94,-0.01,8,Middle,106.94,-1,-1,UNKNOWN,None
115.351,74.424,1243.209,1.635,9.185,59.89,-0.01,8,Middle,106.79,-1,-1,UNKNOWN,None
115.385,74.44,1243.625,1.63,9.18,59.75,-0.01,8,Middle,106.38,-1,-1,UNKNOWN,None
115.393,74.456,1243.905,1.627,9.177,59.66,-0.0098,8,Middle,106.09,-1,-1,UNKNOWN,None
115.402,74.472,1244.05,1.625,9.175,59.62,-0.0094,8,Middle,105.95,-1,-1,UNKNOWN,None
115.419,74.487,1244.326,1.622,9.172,59.56,-0.0088,8,Middle,105.67,-1,-1,UNKNOWN,None
115.436,74.503,1244.601,1.618,9.168,59.51,-0.0084,8,Middle,105.4,-1,-1,UNKNOWN,None
115.461,74.519,1244.889,1.613,9.163,59.48,-0.0078,8,Middle,105.11,-1,-1,UNKNOWN,None
115.461,74.535,1245.031,1.611,9.161,59.47,-0.0068,8,Middle,104.97,-1,-1,UNKNOWN,None
115.487,74.551,1245.449,1.604,9.154,59.48,-0.0056,8,Middle,104.55,-1,-1,UNKNOWN,None
115.512,74.566,1245.727,1.599,9.149,59.52,-0.0044,8,Middle,104.27,-1,-1,UNKNOWN,None
115.529,74.583,1246.01,1.594,9.144,59.58,-0.0033,8,Middle,103.99,-1,-1,UNKNOWN,None
115.538,74.599,1246.286,1.588,9.138,59.66,-0.0017,8,Middle,103.71,-1,-1,UNKNOWN,None
115.546,74.615,1246.435,1.586,9.136,59.71,-0.0005,8,Middle,103.56,-1,-1,UNKNOWN,None
115.572,74.63,1246.714,1.58,9.13,59.82,0.0005,8,Middle,103.29,-1,-1,UNKNOWN,None
115.58,74.648,1246.998,1.574,9.124,59.95,0.0014,8,Middle,103.0,-1,-1,UNKNOWN,None
115.607,74.664,1247.311,1.568,9.118,60.1,0.0021,8,Middle,102.69,-1,-1,UNKNOWN,None
115.607,74.679,1247.574,1.563,9.113,60.23,0.0021,8,Middle,102.43,-1,-1,UNKNOWN,None
115.636,74.696,1247.786,1.558,9.108,60.34,0.0021,8,Middle,102.21,-1,-1,UNKNOWN,None
115.644,74.712,1248.066,1.552,9.102,60.48,0.003,8,Middle,101.93,-1,-1,UNKNOWN,None
115.669,74.728,1248.348,1.546,9.096,60.61,0.003,8,Middle,101.65,-1,-1,UNKNOWN,None
115.687,74.744,1248.641,1.54,9.09,60.72,0.003,8,Middle,101.36,-1,-1,UNKNOWN,None
115.704,74.76,1248.941,1.534,9.084,60.82,0.003,8,Middle,101.06,-1,-1,UNKNOWN,None
115.721,74.776,1249.222,1.528,9.078,60.88,0.003,8,Middle,100.78,-1,-1,UNKNOWN,None
115.738,74.792,1249.504,1.521,9.071,60.91,0.003,8,Middle,100.5,-1,-1,UNKNOWN,None
115.754,74.809,1249.786,1.515,9.065,60.92,0.003,8,Middle,100.21,-1,-1,UNKNOWN,None
115.754,74.824,1249.927,1.512,9.062,60.91,0.003,8,Middle,100.07,-1,-1,UNKNOWN,None
115.779,74.841,1250.35,1.503,9.053,60.87,0.0046,8,Middle,99.65,-1,-1,UNKNOWN,None
115.804,74.857,1250.631,1.497,9.047,60.83,0.0046,8,Middle,99.37,-1,-1,UNKNOWN,None
115.813,74.873,1250.772,1.494,9.044,60.81,0.0046,8,Middle,99.23,-1,-1,UNKNOWN,None
115.821,74.889,1251.053,1.488,9.038,60.75,0.0046,8,Middle,98.95,-1,-1,UNKNOWN,None
115.846,74.905,1251.334,1.482,9.032,60.68,0.0046,8,Middle,98.67,-1,-1,UNKNOWN,None
115.863,74.921,1251.615,1.476,9.026,60.6,0.0046,8,Middle,98.39,-1,-1,UNKNOWN,None
115.879,74.937,1251.895,1.47,9.02,60.52,0.0062,8,Middle,98.1,-1,-1,UNKNOWN,None
115.896,74.953,1252.175,1.465,9.015,60.44,0.0062,8,Middle,97.82,-1,-1,UNKNOWN,None
115.913,74.969,1252.454,1.459,9.009,60.35,0.0062,8,Middle,97.55,-1,-1,UNKNOWN,None
115.913,74.985,1252.594,1.456,9.006,60.3,0.0065,8,Middle,97.41,-1,-1,UNKNOWN,None
115.946,75.001,1253.014,1.448,8.998,60.16,0.0065,8,Middle,96.99,-1,-1,UNKNOWN,None
115.955,75.017,1253.293,1.443,8.993,60.08,0.0065,8,Middle,96.71,-1,-1,UNKNOWN,None
115.963,75.033,1253.454,1.44,8.99,60.02,0.0065,8,Middle,96.55,-1,-1,UNKNOWN,None
115.981,75.049,1253.733,1.435,8.985,59.93,0.0065,8,Middle,96.27,-1,-1,UNKNOWN,None
115.998,75.065,1254.044,1.43,8.98,59.82,0.0065,8,Middle,95.96,-1,-1,UNKNOWN,None
116.025,75.081,1254.321,1.425,8.975,59.73,0.0065,8,Middle,95.68,-1,-1,UNKNOWN,None
116.041,75.097,1254.597,1.42,8.97,59.65,0.0065,8,Middle,95.4,-1,-1,UNKNOWN,None
116.05,75.112,1254.874,1.416,8.966,59.57,0.0065,8,Middle,95.13,-1,-1,UNKNOWN,None
116.066,75.129,1255.15,1.412,8.962,59.51,0.0065,8,Middle,94.85,-1,-1,UNKNOWN,None
116.083,75.145,1255.427,1.407,8.957,59.47,0.0065,8,Middle,94.57,-1,-1,UNKNOWN,None
116.092,75.161,1255.576,1.405,8.955,59.45,0.0065,8,Middle,94.42,-1,-1,UNKNOWN,None
116.109,75.177,1255.851,1.401,8.951,59.43,0.0065,8,Middle,94.15,-1,-1,UNKNOWN,None
116.134,75.193,1256.126,1.398,8.948,59.44,0.0065,8,Middle,93.87,-1,-1,UNKNOWN,None
116.151,75.209,1256.401,1.394,8.944,59.47,0.0065,8,Middle,93.6,-1,-1,UNKNOWN,None
116.159,75.225,1256.677,1.391,8.941,59.52,0.0065,8,Middle,93.32,-1,-1,UNKNOWN,None
116.176,75.24,1256.953,1.387,8.937,59.59,0.0065,8,Middle,93.05,-1,-1,UNKNOWN,None
116.184,75.257,1257.091,1.386,8.936,59.63,0.0065,8,Middle,92.91,-1,-1,UNKNOWN,None
116.201,75.272,1257.367,1.383,8.933,59.73,0.0065,8,Middle,92.63,-1,-1,UNKNOWN,None
116.234,75.289,1257.782,1.379,8.929,59.91,0.0062,8,Middle,92.22,-1,-1,UNKNOWN,None
116.251,75.305,1258.06,1.376,8.926,60.04,0.006,8,Middle,91.94,-1,-1,UNKNOWN,None
116.259,75.321,1258.339,1.374,8.924,60.19,0.006,8,Middle,91.66,-1,-1,UNKNOWN,None
116.276,75.336,1258.478,1.373,8.923,60.26,0.006,8,Middle,91.52,-1,-1,UNKNOWN,None
116.292,75.352,1258.758,1.37,8.92,60.39,0.006,8,Middle,91.24,-1,-1,UNKNOWN,None
116.309,75.368,1259.038,1.368,8.918,60.52,0.006,8,Middle,90.96,-1,-1,UNKNOWN,None
116.326,75.384,1259.318,1.366,8.916,60.62,0.006,8,Middle,90.68,-1,-1,UNKNOWN,None
116.342,75.4,1259.603,1.365,8.915,60.7,0.006,8,Middle,90.4,-1,-1,UNKNOWN,None
116.359,75.416,1259.884,1.363,8.913,60.75,0.006,8,Middle,90.12,-1,-1,UNKNOWN,None
116.367,75.431,1260.166,1.362,8.912,60.77,0.006,8,Middle,89.83,-1,-1,UNKNOWN,None
116.385,75.448,1260.462,1.361,8.911,60.77,0.006,8,Middle,89.54,-1,-1,UNKNOWN,None
116.402,75.463,1260.743,1.36,8.91,60.75,0.006,8,Middle,89.26,-1,-1,UNKNOWN,None
116.41,75.48,1260.903,1.359,8.909,60.73,0.006,8,Middle,89.1,-1,-1,UNKNOWN,None
116.428,75.495,1261.184,1.358,8.908,60.68,0.006,8,Middle,88.82,-1,-1,UNKNOWN,None
116.453,75.511,1261.464,1.358,8.908,60.63,0.006,8,Middle,88.54,-1,-1,UNKNOWN,None
116.47,75.528,1261.756,1.357,8.907,60.56,0.0037,8,Middle,88.24,-1,-1,UNKNOWN,None
116.479,75.544,1262.058,1.357,8.907,60.49,0.0037,8,Middle,87.94,-1,-1,UNKNOWN,None
116.497,75.56,1262.362,1.357,8.907,60.41,0.0037,8,Middle,87.64,-1,-1,UNKNOWN,None
116.506,75.576,1262.51,1.357,8.907,60.37,0.0037,8,Middle,87.49,-1,-1,UNKNOWN,None
116.532,75.592,1262.789,1.357,8.907,60.29,0.0037,8,Middle,87.21,-1,-1,UNKNOWN,None
116.54,75.607,1263.068,1.357,8.907,60.21,0.0037,8,Middle,86.93,-1,-1,UNKNOWN,None
116.565,75.624,1263.348,1.358,8.908,60.12,0.0037,8,Middle,86.65,-1,-1,UNKNOWN,None
116.565,75.64,1263.487,1.358,8.908,60.07,0.0037,8,Middle,86.51,-1,-1,UNKNOWN,None
116.565,75.656,1263.487,1.358,8.908,60.07,0.0037,8,Middle,86.51,-1,-1,UNKNOWN,None
116.608,75.672,1264.198,1.36,8.91,59.82,0.0037,8,Middle,85.8,-1,-1,UNKNOWN,None
116.633,75.688,1264.475,1.36,8.91,59.72,0.0037,8,Middle,85.52,-1,-1,UNKNOWN,None
116.65,75.704,1264.751,1.362,8.912,59.62,0.0037,8,Middle,85.25,-1,-1,UNKNOWN,None
116.658,75.72,1265.027,1.363,8.913,59.52,0.0037,8,Middle,84.97,-1,-1,UNKNOWN,None
116.666,75.736,1265.192,1.363,8.913,59.47,0.0037,8,Middle,84.81,-1,-1,UNKNOWN,None
116.686,75.752,1265.35,1.364,8.914,59.43,0.0037,8,Middle,84.65,-1,-1,UNKNOWN,None
116.709,75.768,1265.739,1.366,8.916,59.33,0.0037,8,Middle,84.26,-1,-1,UNKNOWN,None
116.718,75.782,1266.037,1.368,8.918,59.28,0.0037,8,Middle,83.96,-1,-1,UNKNOWN,None
116.727,75.801,1266.174,1.369,8.919,59.27,0.0037,8,Middle,83.83,-1,-1,UNKNOWN,None
116.761,75.817,1266.586,1.371,8.921,59.25,0.0037,8,Middle,83.41,-1,-1,UNKNOWN,None
116.769,75.833,1266.86,1.373,8.923,59.26,0.0037,8,Middle,83.14,-1,-1,UNKNOWN,None
116.794,75.848,1267.134,1.375,8.925,59.3,0.0037,8,Middle,82.87,-1,-1,UNKNOWN,None
116.802,75.864,1267.409,1.378,8.928,59.36,0.0037,8,Middle,82.59,-1,-1,UNKNOWN,None
116.819,75.881,1267.684,1.38,8.93,59.44,0.0037,8,Middle,82.32,-1,-1,UNKNOWN,None
116.836,75.896,1267.96,1.382,8.932,59.54,0.0037,8,Middle,82.04,-1,-1,UNKNOWN,None
116.844,75.912,1268.098,1.383,8.933,59.59,0.0037,8,Middle,81.9,-1,-1,UNKNOWN,None
116.861,75.928,1268.377,1.386,8.936,59.71,0.0037,8,Middle,81.62,-1,-1,UNKNOWN,None
116.887,75.944,1268.664,1.389,8.939,59.85,0.0037,8,Middle,81.34,-1,-1,UNKNOWN,None
116.896,75.96,1268.976,1.392,8.942,60.01,0.0037,8,Middle,81.02,-1,-1,UNKNOWN,None
116.922,75.977,1269.254,1.395,8.945,60.16,0.0037,8,Middle,80.75,-1,-1,UNKNOWN,None
116.939,75.991,1269.533,1.398,8.948,60.31,0.0037,8,Middle,80.47,-1,-1,UNKNOWN,None
116.947,76.009,1269.816,1.401,8.951,60.45,0.0037,8,Middle,80.18,-1,-1,UNKNOWN,None
116.965,76.025,1269.978,1.403,8.953,60.53,0.0037,8,Middle,80.02,-1,-1,UNKNOWN,None
116.982,76.041,1270.258,1.406,8.956,60.63,0.0037,8,Middle,79.74,-1,-1,UNKNOWN,None
116.998,76.057,1270.539,1.41,8.96,60.72,0.0037,8,Middle,79.46,-1,-1,UNKNOWN,None
117.015,76.073,1270.825,1.413,8.963,60.78,0.0037,8,Middle,79.17,-1,-1,UNKNOWN,None
117.015,76.088,1270.966,1.415,8.965,60.81,0.0037,8,Middle,79.03,-1,-1,UNKNOWN,None
117.049,76.104,1271.391,1.421,8.971,60.84,0.0037,8,Middle,78.61,-1,-1,UNKNOWN,None
117.066,76.121,1271.687,1.425,8.975,60.83,0.0037,8,Middle,78.31,-1,-1,UNKNOWN,None
117.083,76.139,1271.969,1.429,8.979,60.81,0.0037,8,Middle,78.03,-1,-1,UNKNOWN,None
117.083,76.153,1272.123,1.431,8.981,60.79,0.0037,8,Middle,77.88,-1,-1,UNKNOWN,None
117.109,76.169,1272.404,1.435,8.985,60.74,0.0037,8,Middle,77.6,-1,-1,UNKNOWN,None
117.126,76.185,1272.69,1.44,8.99,60.68,0.0037,8,Middle,77.31,-1,-1,UNKNOWN,None
117.143,76.201,1272.971,1.444,8.994,60.61,0.0037,8,Middle,77.03,-1,-1,UNKNOWN,None
117.159,76.217,1273.251,1.448,8.998,60.54,0.0037,8,Middle,76.75,-1,-1,UNKNOWN,None
117.168,76.233,1273.531,1.453,9.003,60.46,0.0037,8,Middle,76.47,-1,-1,UNKNOWN,None
117.176,76.249,1273.671,1.455,9.005,60.41,0.0037,8,Middle,76.33,-1,-1,UNKNOWN,None
117.193,76.265,1273.95,1.46,9.01,60.32,0.0037,8,Middle,76.05,-1,-1,UNKNOWN,None
117.226,76.281,1274.368,1.467,9.017,60.18,0.0037,8,Middle,75.63,-1,-1,UNKNOWN,None
117.234,76.297,1274.647,1.472,9.022,60.09,0.0037,8,Middle,75.35,-1,-1,UNKNOWN,None
117.251,76.313,1274.925,1.477,9.027,59.99,0.0037,8,Middle,75.07,-1,-1,UNKNOWN,None
117.268,76.328,1275.064,1.48,9.03,59.94,0.0037,8,Middle,74.94,-1,-1,UNKNOWN,None
117.284,76.344,1275.341,1.485,9.035,59.84,0.0037,8,Middle,74.66,-1,-1,UNKNOWN,None
117.301,76.36,1275.618,1.49,9.04,59.74,0.0037,8,Middle,74.38,-1,-1,UNKNOWN,None
117.318,76.376,1275.894,1.496,9.046,59.66,0.0037,8,Middle,74.11,-1,-1,UNKNOWN,None
117.334,76.392,1276.17,1.501,9.051,59.58,0.0037,8,Middle,73.83,-1,-1,UNKNOWN,None
117.351,76.408,1276.445,1.507,9.057,59.51,0.0037,8,Middle,73.55,-1,-1,UNKNOWN,None
117.351,76.423,1276.583,1.51,9.06,59.49,0.0037,8,Middle,73.42,-1,-1,UNKNOWN,None
117.376,76.44,1276.996,1.518,9.068,59.43,0.0037,8,Middle,73.0,-1,-1,UNKNOWN,None
117.401,76.456,1277.271,1.524,9.074,59.42,0.0037,8,Middle,72.73,-1,-1,UNKNOWN,None
117.418,76.472,1277.546,1.53,9.08,59.43,0.0037,8,Middle,72.45,-1,-1,UNKNOWN,None
117.426,76.488,1277.821,1.536,9.086,59.47,0.0037,8,Middle,72.18,-1,-1,UNKNOWN,None
117.443,76.504,1278.096,1.543,9.093,59.52,0.0037,8,Middle,71.9,-1,-1,UNKNOWN,None
117.451,76.519,1278.234,1.546,9.096,59.56,0.0037,8,Middle,71.77,-1,-1,UNKNOWN,None
117.476,76.536,1278.51,1.552,9.102,59.65,0.0037,8,Middle,71.49,-1,-1,UNKNOWN,None
117.493,76.552,1278.787,1.559,9.109,59.75,0.0037,8,Middle,71.21,-1,-1,UNKNOWN,None
117.509,76.568,1279.064,1.565,9.115,59.87,0.0037,8,Middle,70.94,-1,-1,UNKNOWN,None
117.526,76.584,1279.341,1.572,9.122,60.0,0.0037,8,Middle,70.66,-1,-1,UNKNOWN,None
117.534,76.6,1279.619,1.579,9.129,60.14,0.0037,8,Middle,70.38,-1,-1,UNKNOWN,None
117.551,76.615,1279.898,1.586,9.136,60.29,0.0037,8,Middle,70.1,-1,-1,UNKNOWN,None
117.576,76.631,1280.178,1.593,9.143,60.43,0.0037,8,Middle,69.82,-1,-1,UNKNOWN,None
117.584,76.649,1280.46,1.6,9.15,60.55,0.0037,8,Middle,69.54,-1,-1,UNKNOWN,None
117.603,76.663,1280.768,1.608,9.158,60.67,0.0037,8,Middle,69.23,-1,-1,UNKNOWN,None
117.619,76.68,1281.049,1.616,9.166,60.74,0.0037,8,Middle,68.95,-1,-1,UNKNOWN,None
117.628,76.696,1281.19,1.619,9.169,60.77,0.0037,8,Middle,68.81,-1,-1,UNKNOWN,None
117.653,76.712,1281.484,1.627,9.177,60.81,0.0037,8,Middle,68.52,-1,-1,UNKNOWN,None
117.662,76.728,1281.765,1.635,9.185,60.81,0.0037,8,Middle,68.23,-1,-1,UNKNOWN,None
117.67,76.744,1281.906,1.639,9.189,60.81,0.0037,8,Middle,68.09,-1,-1,UNKNOWN,None
117.695,76.76,1282.328,1.651,9.201,60.78,0.0037,8,Middle,67.67,-1,-1,UNKNOWN,None
117.72,76.776,1282.609,1.659,9.209,60.73,0.0037,8,Middle,67.39,-1,-1,UNKNOWN,None
117.73,76.791,1282.909,1.668,9.218,60.68,0.0037,8,Middle,67.09,-1,-1,UNKNOWN,None
117.746,76.808,1283.05,1.672,9.222,60.64,0.0037,8,Middle,66.95,-1,-1,UNKNOWN,None
117.746,76.824,1283.23,1.677,9.227,60.6,0.0037,8,Middle,66.77,-1,-1,UNKNOWN,None
117.782,76.841,1283.651,1.69,9.24,60.49,0.0037,8,Middle,66.35,-1,-1,UNKNOWN,None
117.799,76.857,1283.93,1.698,9.248,60.4,0.0037,8,Middle,66.07,-1,-1,UNKNOWN,None
117.816,76.873,1284.22,1.707,9.257,60.31,0.0037,8,Middle,65.78,-1,-1,UNKNOWN,None
117.816,76.888,1284.399,1.713,9.263,60.25,0.0037,8,Middle,65.6,-1,-1,UNKNOWN,None
117.85,76.905,1284.795,1.725,9.275,60.12,0.0037,8,Middle,65.21,-1,-1,UNKNOWN,None
117.859,76.921,1285.073,1.734,9.284,60.02,0.0037,8,Middle,64.93,-1,-1,UNKNOWN,None
117.875,76.937,1285.35,1.743,9.293,59.92,0.0037,8,Middle,64.65,-1,-1,UNKNOWN,None
117.892,76.953,1285.627,1.752,9.302,59.82,0.0037,8,Middle,64.37,-1,-1,UNKNOWN,None
117.9,76.969,1285.765,1.757,9.307,59.77,0.0034,8,Middle,64.23,-1,-1,UNKNOWN,None
117.917,76.985,1286.042,1.766,9.316,59.68,0.0033,8,Middle,63.96,-1,-1,UNKNOWN,None
117.942,77.001,1286.317,1.775,9.325,59.61,0.003,8,Middle,63.68,-1,-1,UNKNOWN,None
117.959,77.016,1286.593,1.784,9.334,59.54,0.0025,8,Middle,63.41,-1,-1,UNKNOWN,None
117.97,77.031,1286.785,1.791,9.341,59.51,0.0021,8,Middle,63.21,-1,-1,UNKNOWN,None
117.984,77.049,1287.151,1.803,9.353,59.46,0.0014,8,Middle,62.85,-1,-1,UNKNOWN,None
118.002,77.064,1287.454,1.814,9.364,59.45,0.0009,8,Middle,62.55,-1,-1,UNKNOWN,None
118.011,77.081,1287.62,1.82,9.37,59.45,0.0007,8,Middle,62.38,-1,-1,UNKNOWN,None
118.039,77.097,1287.913,1.83,9.38,59.48,0.0002,8,Middle,62.09,-1,-1,UNKNOWN,None
118.055,77.113,1288.188,1.84,9.39,59.54,-0.0001,8,Middle,61.81,-1,-1,UNKNOWN,None
118.072,77.129,1288.464,1.849,9.399,59.61,-0.0005,8,Middle,61.54,-1,-1,UNKNOWN,None
118.072,77.145,1288.602,1.854,9.404,59.65,-0.0009,8,Middle,61.4,-1,-1,UNKNOWN,None
118.097,77.16,1289.016,1.869,9.419,59.81,-0.0014,8,Middle,60.98,-1,-1,UNKNOWN,None
118.114,77.177,1289.302,1.879,9.429,59.94,-0.0021,8,Middle,60.7,-1,-1,UNKNOWN,None
118.122,77.193,1289.457,1.885,9.435,60.01,-0.0028,8,Middle,60.54,-1,-1,UNKNOWN,None
118.14,77.209,1289.74,1.895,9.445,60.15,-0.0028,8,Middle,60.26,-1,-1,UNKNOWN,None
118.165,77.225,1290.019,1.904,9.454,60.3,-0.0028,8,Middle,59.98,-1,-1,UNKNOWN,None
118.182,77.241,1290.299,1.914,9.464,60.43,-0.0028,8,Middle,59.7,-1,-1,UNKNOWN,None
118.19,77.257,1290.579,1.924,9.474,60.56,-0.0028,8,Middle,59.42,-1,-1,UNKNOWN,None
118.216,77.273,1290.876,1.935,9.485,60.67,-0.0028,8,Middle,59.12,-1,-1,UNKNOWN,None
118.234,77.289,1291.17,1.945,9.495,60.75,-0.0028,8,Middle,58.83,-1,-1,UNKNOWN,None
118.242,77.305,1291.451,1.955,9.505,60.8,-0.0028,8,Middle,58.55,-1,-1,UNKNOWN,None
118.268,77.321,1291.746,1.965,9.515,60.82,-0.0028,8,Middle,58.25,-1,-1,UNKNOWN,None
118.276,77.336,1291.887,1.97,9.52,60.82,-0.0028,8,Middle,58.11,-1,-1,UNKNOWN,None
118.293,77.352,1292.17,1.98,9.53,60.8,-0.0028,8,Middle,57.83,-1,-1,UNKNOWN,None
118.31,77.368,1292.451,1.99,9.54,60.77,-0.0028,8,Middle,57.55,-1,-1,UNKNOWN,None
118.326,77.384,1292.732,1.999,9.549,60.73,-0.0028,8,Middle,57.27,-1,-1,UNKNOWN,None
118.335,77.4,1293.013,2.009,9.559,60.67,-0.0028,8,Middle,56.99,-1,-1,UNKNOWN,None
118.36,77.416,1293.305,2.019,9.569,60.6,-0.0044,8,Middle,56.7,-1,-1,UNKNOWN,None
118.36,77.432,1293.45,2.024,9.574,60.57,-0.0044,8,Middle,56.55,-1,-1,UNKNOWN,None
118.377,77.447,1293.744,2.034,9.584,60.49,-0.0044,8,Middle,56.26,-1,-1,UNKNOWN,None
118.403,77.464,1294.027,2.043,9.593,60.41,-0.0044,8,Middle,55.97,-1,-1,UNKNOWN,None
118.412,77.478,1294.316,2.053,9.603,60.32,-0.0044,8,Middle,55.68,-1,-1,UNKNOWN,None
118.429,77.496,1294.595,2.062,9.612,60.23,-0.0044,8,Middle,55.41,-1,-1,UNKNOWN,None
118.446,77.512,1294.876,2.071,9.621,60.13,-0.0044,8,Middle,55.12,-1,-1,UNKNOWN,None
118.463,77.527,1295.161,2.08,9.63,60.04,-0.0044,8,Middle,54.84,-1,-1,UNKNOWN,None
118.48,77.544,1295.469,2.09,9.64,59.93,-0.0044,8,Middle,54.53,-1,-1,UNKNOWN,None
118.5,77.56,1295.635,2.095,9.645,59.87,-0.0044,8,Middle,54.37,-1,-1,UNKNOWN,None
118.517,77.575,1295.914,2.104,9.654,59.77,-0.0044,8,Middle,54.09,-1,-1,UNKNOWN,None
118.525,77.591,1296.19,2.112,9.662,59.68,-0.0044,8,Middle,53.81,-1,-1,UNKNOWN,None
118.533,77.607,1296.328,2.116,9.666,59.63,-0.0044,8,Middle,53.67,-1,-1,UNKNOWN,None
118.558,77.624,1296.742,2.129,9.679,59.52,-0.0044,8,Middle,53.26,-1,-1,UNKNOWN,None
118.583,77.64,1297.017,2.137,9.687,59.45,-0.0044,8,Middle,52.98,-1,-1,UNKNOWN,None
118.6,77.656,1297.299,2.145,9.695,59.41,-0.0047,8,Middle,52.7,-1,-1,UNKNOWN,None
118.617,77.671,1297.574,2.153,9.703,59.38,-0.0047,8,Middle,52.43,-1,-1,UNKNOWN,None
118.626,77.688,1297.854,2.161,9.711,59.37,-0.0049,8,Middle,52.15,-1,-1,UNKNOWN,None
118.643,77.703,1298.005,2.165,9.715,59.38,-0.0052,8,Middle,51.99,-1,-1,UNKNOWN,None
118.66,77.72,1298.287,2.173,9.723,59.4,-0.0052,8,Middle,51.71,-1,-1,UNKNOWN,None
118.677,77.735,1298.562,2.181,9.731,59.46,-0.0053,8,Middle,51.44,-1,-1,UNKNOWN,None
118.694,77.752,1298.837,2.188,9.738,59.53,-0.0056,8,Middle,51.16,-1,-1,UNKNOWN,None
118.71,77.768,1299.113,2.195,9.745,59.62,-0.006,8,Middle,50.89,-1,-1,UNKNOWN,None
118.728,77.784,1299.411,2.203,9.753,59.74,-0.0063,8,Middle,50.59,-1,-1,UNKNOWN,None
118.746,77.802,1299.712,2.21,9.76,59.87,-0.0065,8,Middle,50.29,-1,-1,UNKNOWN,None
118.746,77.817,1299.85,2.214,9.764,59.94,-0.0069,8,Middle,50.15,-1,-1,UNKNOWN,None
118.755,77.833,1299.989,2.217,9.767,60.01,-0.0069,8,Middle,50.01,-1,-1,UNKNOWN,None
118.781,77.848,1300.424,2.227,9.777,60.24,-0.0069,8,Middle,49.58,-1,-1,UNKNOWN,None
118.797,77.865,1300.704,2.234,9.784,60.39,-0.0069,8,Middle,49.3,-1,-1,UNKNOWN,None
118.822,77.881,1300.984,2.24,9.79,60.54,-0.0075,8,Middle,49.02,-1,-1,UNKNOWN,None
118.839,77.897,1301.265,2.246,9.796,60.68,-0.0075,8,Middle,48.74,-1,-1,UNKNOWN,None
118.847,77.913,1301.546,2.252,9.802,60.82,-0.0075,8,Middle,48.45,-1,-1,UNKNOWN,None
118.864,77.929,1301.828,2.258,9.808,60.94,-0.0075,8,Middle,48.17,-1,-1,UNKNOWN,None
118.872,77.945,1301.969,2.26,9.81,60.99,-0.0075,8,Middle,48.03,-1,-1,UNKNOWN,None
118.906,77.961,1302.393,2.268,9.818,61.11,-0.0075,8,Middle,47.61,-1,-1,UNKNOWN,None
118.923,77.977,1302.681,2.274,9.824,61.15,-0.0075,8,Middle,47.32,-1,-1,UNKNOWN,None
118.931,77.993,1302.973,2.279,9.829,61.16,-0.0075,8,Middle,47.03,-1,-1,UNKNOWN,None
118.948,78.009,1303.117,2.281,9.831,61.16,-0.0075,8,Middle,46.88,-1,-1,UNKNOWN,None
118.965,78.025,1303.4,2.286,9.836,61.14,-0.0075,8,Middle,46.6,-1,-1,UNKNOWN,None
118.982,78.041,1303.683,2.291,9.841,61.11,-0.0075,8,Middle,46.32,-1,-1,UNKNOWN,None
118.998,78.057,1303.966,2.295,9.845,61.06,-0.0075,8,Middle,46.03,-1,-1,UNKNOWN,None
119.015,78.073,1304.256,2.299,9.849,61.01,-0.0075,8,Middle,45.74,-1,-1,UNKNOWN,None
119.024,78.089,1304.538,2.303,9.853,60.94,-0.0075,8,Middle,45.46,-1,-1,UNKNOWN,None
119.04,78.106,1304.82,2.307,9.857,60.87,-0.0075,8,Middle,45.18,-1,-1,UNKNOWN,None
119.065,78.121,1305.101,2.31,9.86,60.78,-0.0075,8,Middle,44.9,-1,-1,UNKNOWN,None
119.082,78.14,1305.382,2.314,9.864,60.7,-0.0075,8,Middle,44.62,-1,-1,UNKNOWN,None
119.09,78.152,1305.663,2.317,9.867,60.61,-0.0075,8,Middle,44.34,-1,-1,UNKNOWN,None
119.108,78.169,1305.951,2.32,9.87,60.51,-0.0075,8,Middle,44.05,-1,-1,UNKNOWN,None
119.116,78.185,1306.091,2.321,9.871,60.46,-0.0075,8,Middle,43.91,-1,-1,UNKNOWN,None
119.142,78.201,1306.383,2.324,9.874,60.35,-0.0075,8,Middle,43.62,-1,-1,UNKNOWN,None
119.158,78.217,1306.662,2.326,9.876,60.25,-0.0075,8,Middle,43.34,-1,-1,UNKNOWN,None
119.175,78.232,1306.941,2.328,9.878,60.16,-0.0075,8,Middle,43.06,-1,-1,UNKNOWN,None
119.192,78.249,1307.219,2.33,9.88,60.06,-0.0075,8,Middle,42.78,-1,-1,UNKNOWN,None
119.2,78.265,1307.497,2.332,9.882,59.96,-0.0075,8,Middle,42.5,-1,-1,UNKNOWN,None
119.208,78.281,1307.635,2.332,9.882,59.91,-0.0075,8,Middle,42.36,-1,-1,UNKNOWN,None
119.242,78.297,1308.064,2.334,9.884,59.76,-0.0075,8,Middle,41.94,-1,-1,UNKNOWN,None
119.252,78.313,1308.226,2.335,9.885,59.7,-0.0075,8,Middle,41.77,-1,-1,UNKNOWN,None
119.27,78.328,1308.513,2.336,9.886,59.61,-0.0075,8,Middle,41.49,-1,-1,UNKNOWN,None
119.27,78.344,1308.65,2.336,9.886,59.57,-0.0075,8,Middle,41.35,-1,-1,UNKNOWN,None
119.295,78.36,1309.064,2.337,9.887,59.47,-0.0075,8,Middle,40.94,-1,-1,UNKNOWN,None
119.32,78.376,1309.339,2.337,9.887,59.43,-0.0075,8,Middle,40.66,-1,-1,UNKNOWN,None
119.32,78.392,1309.476,2.337,9.887,59.41,-0.0075,8,Middle,40.52,-1,-1,UNKNOWN,None
119.353,78.408,1309.89,2.337,9.887,59.39,-0.0075,8,Middle,40.11,-1,-1,UNKNOWN,None
119.361,78.423,1310.165,2.337,9.887,59.4,-0.0075,8,Middle,39.84,-1,-1,UNKNOWN,None
119.387,78.44,1310.452,2.336,9.886,59.45,-0.0075,8,Middle,39.55,-1,-1,UNKNOWN,None
119.395,78.456,1310.728,2.335,9.885,59.51,-0.0075,8,Middle,39.27,-1,-1,UNKNOWN,None
119.412,78.472,1310.865,2.335,9.885,59.55,-0.0075,8,Middle,39.13,-1,-1,UNKNOWN,None
119.429,78.488,1311.147,2.334,9.884,59.64,-0.0075,8,Middle,38.85,-1,-1,UNKNOWN,None
119.438,78.504,1311.428,2.332,9.882,59.75,-0.0075,8,Middle,38.57,-1,-1,UNKNOWN,None
119.463,78.52,1311.712,2.331,9.881,59.87,-0.0075,8,Middle,38.29,-1,-1,UNKNOWN,None
119.481,78.536,1312.02,2.329,9.879,60.02,-0.0075,8,Middle,37.98,-1,-1,UNKNOWN,None
119.49,78.552,1312.306,2.327,9.877,60.17,-0.0075,8,Middle,37.69,-1,-1,UNKNOWN,None
119.499,78.568,1312.445,2.326,9.876,60.24,-0.0075,8,Middle,37.55,-1,-1,UNKNOWN,None
119.515,78.584,1312.725,2.323,9.873,60.38,-0.0075,8,Middle,37.28,-1,-1,UNKNOWN,None
119.532,78.598,1313.011,2.321,9.871,60.5,-0.0075,8,Middle,36.99,-1,-1,UNKNOWN,None
119.541,78.616,1313.151,2.319,9.869,60.56,-0.0075,8,Middle,36.85,-1,-1,UNKNOWN,None
119.566,78.632,1313.573,2.315,9.865,60.69,-0.0075,8,Middle,36.43,-1,-1,UNKNOWN,None
119.574,78.648,1313.713,2.313,9.863,60.71,-0.0075,8,Middle,36.29,-1,-1,UNKNOWN,None
119.599,78.671,1314.135,2.308,9.858,60.76,-0.0075,8,Middle,35.86,-1,-1,UNKNOWN,None
119.616,78.678,1314.416,2.305,9.855,60.75,-0.0075,8,Middle,35.58,-1,-1,UNKNOWN,None
119.641,78.696,1314.698,2.301,9.851,60.73,-0.0075,8,Middle,35.3,-1,-1,UNKNOWN,None
119.657,78.712,1314.979,2.297,9.847,60.7,-0.0075,8,Middle,35.02,-1,-1,UNKNOWN,None
119.657,78.727,1315.119,2.295,9.845,60.67,-0.0075,8,Middle,34.88,-1,-1,UNKNOWN,None
119.674,78.744,1315.404,2.29,9.84,60.62,-0.0075,8,Middle,34.6,-1,-1,UNKNOWN,None
119.699,78.76,1315.686,2.286,9.836,60.55,-0.0075,8,Middle,34.31,-1,-1,UNKNOWN,None
119.716,78.776,1315.966,2.281,9.831,60.48,-0.0075,8,Middle,34.03,-1,-1,UNKNOWN,None
119.733,78.792,1316.246,2.276,9.826,60.4,-0.0075,8,Middle,33.75,-1,-1,UNKNOWN,None
119.741,78.809,1316.532,2.271,9.821,60.31,-0.0095,8,Middle,33.47,-1,-1,UNKNOWN,None
119.76,78.823,1316.838,2.265,9.815,60.21,-0.0095,8,Middle,33.16,-1,-1,UNKNOWN,None
119.768,78.841,1316.977,2.262,9.812,60.17,-0.0095,8,Middle,33.02,-1,-1,UNKNOWN,None
119.801,78.857,1317.394,2.253,9.803,60.04,-0.0095,8,Middle,32.61,-1,-1,UNKNOWN,None
119.818,78.872,1317.672,2.247,9.797,59.95,-0.0095,8,Middle,32.33,-1,-1,UNKNOWN,None
119.826,78.889,1317.949,2.24,9.79,59.86,-0.0095,8,Middle,32.05,-1,-1,UNKNOWN,None
119.843,78.905,1318.226,2.234,9.784,59.77,-0.0095,8,Middle,31.77,-1,-1,UNKNOWN,None
119.851,78.921,1318.365,2.23,9.78,59.72,-0.0095,8,Middle,31.64,-1,-1,UNKNOWN,None
119.877,78.937,1318.642,2.223,9.773,59.64,-0.0095,8,Middle,31.36,-1,-1,UNKNOWN,None
119.894,78.952,1318.927,2.216,9.766,59.56,-0.0095,8,Middle,31.07,-1,-1,UNKNOWN,None
119.902,78.969,1319.204,2.208,9.758,59.5,-0.0095,8,Middle,30.8,-1,-1,UNKNOWN,None
119.919,78.985,1319.497,2.2,9.75,59.45,-0.0095,8,Middle,30.5,-1,-1,UNKNOWN,None
119.938,79.0,1319.8,2.191,9.741,59.42,-0.0095,8,Middle,30.2,-1,-1,UNKNOWN,None
119.956,79.017,1319.958,2.186,9.736,59.42,-0.0098,8,Middle,30.04,-1,-1,UNKNOWN,None
119.975,79.033,1320.26,2.177,9.727,59.43,-0.0102,8,Middle,29.74,-1,-1,UNKNOWN,None
119.991,79.049,1320.535,2.168,9.718,59.46,-0.011,8,Middle,29.46,-1,-1,UNKNOWN,None
120.0,79.064,1320.811,2.159,9.709,59.52,-0.0119,8,Middle,29.19,-1,-1,UNKNOWN,None
120.008,79.081,1320.949,2.154,9.704,59.55,-0.0133,8,Middle,29.05,-1,-1,UNKNOWN,None
120.042,79.097,1321.373,2.139,9.689,59.69,-0.0151,8,Middle,28.63,-1,-1,UNKNOWN,None
120.059,79.113,1321.65,2.129,9.679,59.8,-0.0174,8,Middle,28.35,-1,-1,UNKNOWN,None
120.067,79.129,1321.927,2.119,9.669,59.92,-0.0202,8,Middle,28.07,-1,-1,UNKNOWN,None
120.075,79.145,1322.066,2.113,9.663,59.99,-0.0235,8,Middle,27.93,-1,-1,UNKNOWN,None
120.109,79.161,1322.483,2.096,9.646,60.2,-0.0272,8,Middle,27.52,-1,-1,UNKNOWN,None
120.117,79.177,1322.623,2.09,9.64,60.28,-0.0272,8,Middle,27.38,-1,-1,UNKNOWN,None
120.134,79.193,1322.902,2.077,9.627,60.43,-0.0272,8,Middle,27.1,-1,-1,UNKNOWN,None
120.15,79.209,1323.183,2.064,9.614,60.57,-0.0372,8,Middle,26.82,-1,-1,UNKNOWN,None
120.167,79.225,1323.463,2.05,9.6,60.71,-0.0399,8,Middle,26.54,-1,-1,UNKNOWN,None
120.184,79.241,1323.747,2.035,9.585,60.86,-0.0399,8,Middle,26.25,-1,-1,UNKNOWN,None
120.201,79.257,1324.037,2.019,9.569,61.01,-0.0399,8,Middle,25.96,-1,-1,UNKNOWN,None
120.218,79.277,1324.319,2.003,9.553,61.14,-0.0399,8,Middle,25.68,-1,-1,UNKNOWN,None
120.234,79.289,1324.602,1.985,9.535,61.25,-0.0465,8,Middle,25.4,-1,-1,UNKNOWN,None
120.251,79.305,1324.886,1.967,9.517,61.35,-0.0469,8,Middle,25.11,-1,-1,UNKNOWN,None
120.259,79.321,1325.169,1.948,9.498,61.44,-0.0469,8,Middle,24.83,-1,-1,UNKNOWN,None
120.276,79.336,1325.311,1.938,9.488,61.49,-0.0469,8,Middle,24.69,-1,-1,UNKNOWN,None
120.293,79.352,1325.595,1.917,9.467,61.57,-0.0469,8,Middle,24.4,-1,-1,UNKNOWN,None
120.309,79.368,1325.88,1.896,9.446,61.64,-0.0469,8,Middle,24.12,-1,-1,UNKNOWN,None
120.326,79.384,1326.165,1.873,9.423,61.69,-0.0469,8,Middle,23.84,-1,-1,UNKNOWN,None
120.343,79.4,1326.449,1.849,9.399,61.72,-0.0469,8,Middle,23.55,-1,-1,UNKNOWN,None
120.359,79.416,1326.734,1.825,9.375,61.73,-0.0469,8,Middle,23.27,-1,-1,UNKNOWN,None
120.359,79.432,1326.876,1.812,9.362,61.72,-0.0469,8,Middle,23.12,-1,-1,UNKNOWN,None
120.393,79.448,1327.308,1.772,9.322,61.68,-0.0469,8,Middle,22.69,-1,-1,UNKNOWN,None
120.401,79.463,1327.592,1.744,9.294,61.63,-0.0469,8,Middle,22.41,-1,-1,UNKNOWN,None
120.418,79.48,1327.875,1.715,9.265,61.57,-0.0469,8,Middle,22.12,-1,-1,UNKNOWN,None
120.435,79.496,1328.158,1.684,9.234,61.5,-0.0469,8,Middle,21.84,-1,-1,UNKNOWN,None
120.453,79.512,1328.323,1.666,9.216,61.45,-0.0469,8,Middle,21.68,-1,-1,UNKNOWN,None
120.461,79.528,1328.472,1.65,9.2,61.41,-0.0469,8,Middle,21.53,-1,-1,UNKNOWN,None
120.47,79.543,1328.754,1.617,9.167,61.33,-0.0469,8,Middle,21.25,-1,-1,UNKNOWN,None
120.486,79.559,1329.036,1.583,9.133,61.25,-0.0469,8,Middle,20.96,-1,-1,UNKNOWN,None
120.52,79.576,1329.457,1.531,9.081,61.13,-0.0469,8,Middle,20.54,-1,-1,UNKNOWN,None
120.529,79.591,1329.759,1.491,9.041,61.04,-0.0469,8,Middle,20.24,-1,-1,UNKNOWN,None
120.546,79.608,1329.904,1.472,9.022,61.0,-0.0469,8,Middle,20.1,-1,-1,UNKNOWN,Right_Broken
120.555,79.624,1330.186,1.433,8.983,60.91,-0.0469,8,Middle,19.81,-1,-1,UNKNOWN,None
120.58,79.64,1330.473,1.392,8.942,60.81,-0.0469,8,Middle,19.53,-1,-1,UNKNOWN,None
120.597,79.656,1330.752,1.351,8.901,60.71,-0.0469,8,Middle,19.25,-1,-1,UNKNOWN,None
120.614,79.676,1331.169,1.288,8.838,60.55,-0.0469,8,Middle,18.83,-1,-1,UNKNOWN,None
120.63,79.687,1331.307,1.266,8.816,60.49,-0.0395,8,Middle,18.69,-1,-1,UNKNOWN,None
120.63,79.704,1331.445,1.244,8.794,60.44,-0.0395,8,Middle,18.56,-1,-1,UNKNOWN,None
120.664,79.72,1331.867,1.175,8.725,60.27,-0.0395,8,Middle,18.13,-1,-1,UNKNOWN,None
120.672,79.735,1332.142,1.128,8.678,60.16,-0.0395,8,Middle,17.86,-1,-1,UNKNOWN,None
120.689,79.751,1332.418,1.081,8.631,60.05,-0.0395,8,Middle,17.58,-1,-1,UNKNOWN,None
120.707,79.767,1332.577,1.053,8.603,59.99,-0.026,8,Middle,17.42,-1,-1,UNKNOWN,None
120.707,79.783,1332.713,1.028,8.578,59.93,-0.026,8,Middle,17.29,-1,-1,UNKNOWN,None
120.732,79.8,1333.122,0.954,8.504,59.78,-0.0196,8,Middle,16.88,-1,-1,UNKNOWN,None
120.749,79.816,1333.394,0.904,8.454,59.68,-0.0155,8,Middle,16.61,-1,-1,UNKNOWN,None
120.774,79.832,1333.672,0.851,8.401,59.6,-0.0123,8,Middle,16.33,-1,-1,UNKNOWN,None
120.783,79.848,1333.948,0.798,8.348,59.53,-0.0095,8,Middle,16.05,-1,-1,UNKNOWN,None
120.791,79.864,1334.083,0.772,8.322,59.5,-0.0063,8,Middle,15.92,-1,-1,UNKNOWN,None
120.818,79.88,1334.52,0.687,8.237,59.44,-0.0037,8,Middle,15.48,-1,-1,UNKNOWN,Right_Broken
120.835,79.896,1334.79,0.633,8.183,59.43,-0.0017,8,Middle,15.21,-1,-1,UNKNOWN,None
120.86,79.912,1335.061,0.579,8.129,59.45,0.0005,8,Middle,14.94,-1,-1,UNKNOWN,None
120.86,79.928,1335.196,0.551,8.101,59.46,0.0023,8,Middle,14.8,-1,-1,UNKNOWN,None
120.885,79.944,1335.465,0.496,8.046,59.51,0.0037,8,Middle,14.53,-1,-1,UNKNOWN,None
120.902,79.961,1335.736,0.441,7.991,59.58,0.0042,8,Middle,14.26,-1,-1,UNKNOWN,None
120.918,79.976,1336.006,0.385,7.935,59.67,0.0044,8,Middle,13.99,-1,-1,UNKNOWN,None
120.927,79.992,1336.287,0.327,7.877,59.78,0.0044,8,Middle,13.71,-1,-1,UNKNOWN,None
120.953,80.009,1336.57,0.267,7.817,59.91,0.0044,8,Middle,13.43,-1,-1,UNKNOWN,None
120.97,80.025,1336.842,0.21,7.76,60.04,0.0044,8,Middle,13.16,-1,-1,UNKNOWN,None
120.987,80.041,1337.121,0.151,7.701,60.19,0.0044,8,Middle,12.88,-1,-1,UNKNOWN,None
120.995,80.057,1337.394,0.093,7.643,60.33,0.0044,8,Middle,12.61,-1,-1,UNKNOWN,None
121.02,80.073,1337.673,0.033,7.583,60.46,0.0044,8,Middle,12.33,-1,-1,UNKNOWN,None
121.029,80.088,1337.81,0.004,7.554,60.52,0.0044,8,Middle,12.19,-1,-1,UNKNOWN,None
121.037,80.105,1338.085,-0.055,7.495,60.63,0.0044,8,Middle,11.92,-1,-1,UNKNOWN,None
121.062,80.121,1338.359,-0.114,7.436,60.7,0.0044,8,Middle,11.64,-1,-1,UNKNOWN,None
121.062,80.137,1338.499,-0.144,7.406,60.73,0.0044,8,Middle,11.5,-1,-1,UNKNOWN,None
121.079,80.153,1338.774,-0.203,7.347,60.77,0.0044,8,Middle,11.23,-1,-1,UNKNOWN,None
121.104,80.169,1339.19,-0.293,7.257,60.77,0.0044,8,Middle,10.81,-1,-1,UNKNOWN,None
121.123,80.185,1339.367,-0.331,7.219,60.76,0.0044,8,Middle,10.63,-1,-1,UNKNOWN,Right_Broken
121.142,80.201,1339.675,-0.398,7.152,60.72,0.0044,8,Middle,10.33,-1,-1,UNKNOWN,None
121.16,80.217,1339.968,-0.461,7.089,60.68,0.0044,8,Middle,10.03,-1,-1,UNKNOWN,None
121.168,80.233,1340.251,-0.522,7.028,60.63,0.0044,8,Middle,9.75,-1,-1,UNKNOWN,None
121.193,80.249,1340.525,-0.581,6.969,60.58,0.0044,8,Middle,9.48,-1,-1,UNKNOWN,None
121.202,80.263,1340.799,-0.64,6.91,60.52,0.0044,8,Middle,9.2,-1,-1,UNKNOWN,None
121.21,80.28,1340.944,-0.672,6.878,60.49,0.0044,8,Middle,9.06,-1,-1,UNKNOWN,None
121.236,80.296,1341.354,-0.76,6.79,60.38,0.0044,8,Middle,8.65,-1,-1,UNKNOWN,None
121.244,80.312,1341.49,-0.79,6.76,60.34,0.0044,8,Middle,8.51,-1,-1,UNKNOWN,None
121.269,80.327,1341.763,-0.848,6.702,60.25,0.0037,8,Middle,8.24,-1,-1,UNKNOWN,None
121.288,80.344,1342.067,-0.914,6.636,60.15,0.0037,8,Middle,7.93,-1,-1,UNKNOWN,None
121.305,80.36,1342.344,-0.973,6.577,60.06,0.0037,8,Middle,7.66,-1,-1,UNKNOWN,None
121.321,80.375,1342.617,-1.032,6.518,59.96,0.0002,8,Middle,7.38,-1,-1,UNKNOWN,None
121.33,80.391,1342.888,-1.09,6.46,59.87,-0.0014,8,Middle,7.11,-1,-1,UNKNOWN,None
121.346,80.407,1343.158,-1.148,6.402,59.78,-0.0035,8,Middle,6.84,-1,-1,UNKNOWN,None
121.363,80.427,1343.429,-1.206,6.344,59.7,-0.0056,8,Middle,6.57,-1,-1,UNKNOWN,None
121.381,80.44,1343.588,-1.24,6.31,59.66,-0.0084,8,Middle,6.41,-1,-1,UNKNOWN,Right_Broken
121.381,80.456,1343.807,-1.288,6.262,59.61,-0.0098,8,Middle,6.19,-1,-1,UNKNOWN,None
121.403,80.472,1344.077,-1.346,6.204,59.56,-0.0119,8,Middle,5.92,-1,-1,UNKNOWN,None
121.428,80.488,1344.346,-1.405,6.145,59.52,-0.0137,8,Middle,5.65,-1,-1,UNKNOWN,None
121.445,80.504,1344.615,-1.463,6.087,59.51,-0.0151,8,Middle,5.38,-1,-1,UNKNOWN,None
121.461,80.52,1344.884,-1.522,6.028,59.52,-0.0161,8,Middle,5.12,-1,-1,UNKNOWN,None
121.479,80.536,1345.166,-1.584,5.966,59.56,-0.0162,8,Middle,4.83,-1,-1,UNKNOWN,None
121.488,80.552,1345.322,-1.618,5.932,59.59,-0.0162,8,Middle,4.68,-1,-1,UNKNOWN,None
121.508,80.568,1345.642,-1.689,5.861,59.67,-0.0162,8,Middle,4.36,-1,-1,UNKNOWN,None
121.525,80.584,1345.912,-1.749,5.801,59.76,-0.0162,8,Middle,4.09,-1,-1,UNKNOWN,None
121.542,80.6,1346.183,-1.809,5.741,59.87,-0.0162,8,Middle,3.82,-1,-1,UNKNOWN,None
121.558,80.616,1346.454,-1.87,5.68,59.99,-0.0158,8,Middle,3.55,-1,-1,UNKNOWN,None
121.558,80.632,1346.589,-1.9,5.65,60.05,-0.0155,8,Middle,3.41,-1,-1,UNKNOWN,None
121.583,80.647,1346.997,-1.992,5.558,60.26,-0.0155,8,Middle,3.0,-1,-1,UNKNOWN,None
121.6,80.664,1347.278,-2.056,5.494,60.41,-0.0155,8,Middle,2.72,-1,-1,UNKNOWN,None
121.619,80.679,1347.448,-2.095,5.455,60.49,-0.0155,8,Middle,2.55,-1,-1,UNKNOWN,None
121.64,80.696,1347.798,-2.175,5.375,60.65,-0.0135,8,Middle,2.2,-1,-1,UNKNOWN,None
121.657,80.712,1348.074,-2.238,5.312,60.77,-0.0135,8,Middle,1.93,-1,-1,UNKNOWN,Left_Broken
121.666,80.728,1348.348,-2.302,5.248,60.87,-0.0135,8,Middle,1.65,-1,-1,UNKNOWN,None
121.682,80.744,1348.623,-2.366,5.184,60.95,-0.0135,8,Middle,1.38,-1,-1,UNKNOWN,None
121.691,80.76,1348.795,-2.406,5.144,60.99,-0.0135,8,Middle,1.21,-1,-1,UNKNOWN,None
121.718,80.776,1349.07,-2.471,5.079,61.03,-0.0135,8,Middle,0.93,-1,-1,UNKNOWN,None
121.734,80.792,1349.346,-2.536,5.014,61.04,-0.0135,8,Middle,0.65,-1,-1,UNKNOWN,None
121.734,80.809,1349.484,-2.568,4.982,61.04,-0.0135,8,Middle,0.52,-1,-1,UNKNOWN,None
121.768,80.823,1349.896,-2.667,4.883,61.01,-0.0135,8,Middle,0.1,-1,-1,UNKNOWN,None
121.776,80.841,1350.17,-2.732,4.818,60.97,-0.0063,9,Right,149.83,-1,-1,UNKNOWN,None
121.801,80.857,1350.445,-2.798,4.752,60.92,-0.0063,9,Right,149.56,-1,-1,UNKNOWN,None
121.818,80.872,1350.719,-2.864,4.686,60.86,-0.0063,9,Right,149.28,-1,-1,UNKNOWN,None
121.834,80.889,1350.992,-2.931,4.619,60.79,-0.0017,9,Right,149.01,-1,-1,UNKNOWN,None
121.843,80.905,1351.269,-2.998,4.552,60.71,-0.0017,9,Right,148.73,-1,-1,UNKNOWN,None
121.86,80.921,1351.543,-3.065,4.485,60.63,-0.0017,9,Right,148.46,-1,-1,UNKNOWN,None
121.868,80.936,1351.679,-3.098,4.452,60.59,0.005,9,Right,148.32,-1,-1,UNKNOWN,None
121.897,80.953,1352.02,-3.181,4.369,60.48,0.005,9,Right,147.98,-1,-1,UNKNOWN,None
121.897,80.969,1352.156,-3.214,4.336,60.44,0.005,9,Right,147.84,-1,-1,UNKNOWN,None
121.931,80.985,1352.563,-3.314,4.236,60.29,0.005,9,Right,147.44,-1,-1,UNKNOWN,Left_Broken
121.931,81.001,1352.698,-3.347,4.203,60.25,0.005,9,Right,147.3,-1,-1,UNKNOWN,None
121.947,81.016,1352.973,-3.414,4.136,60.14,0.005,9,Right,147.03,-1,-1,UNKNOWN,None
121.973,81.032,1353.251,-3.483,4.067,60.04,0.005,9,Right,146.75,-1,-1,UNKNOWN,None
121.99,81.048,1353.521,-3.549,4.001,59.93,0.005,9,Right,146.48,-1,-1,UNKNOWN,None
121.998,81.065,1353.79,-3.615,3.935,59.83,0.0322,9,Right,146.21,-1,-1,UNKNOWN,None
122.015,81.08,1354.067,-3.682,3.868,59.72,0.0359,9,Right,145.93,-1,-1,UNKNOWN,None
122.023,81.097,1354.286,-3.735,3.815,59.64,0.0392,9,Right,145.71,-1,-1,UNKNOWN,None
122.054,81.113,1354.559,-3.8,3.75,59.54,0.0423,9,Right,145.44,-1,-1,UNKNOWN,None
122.071,81.129,1354.832,-3.864,3.686,59.46,0.0448,9,Right,145.17,-1,-1,UNKNOWN,None
122.071,81.144,1354.966,-3.896,3.654,59.43,0.0471,9,Right,145.03,-1,-1,UNKNOWN,None
122.088,81.16,1355.233,-3.958,3.592,59.37,0.049,9,Right,144.77,-1,-1,UNKNOWN,None
122.113,81.176,1355.641,-4.051,3.499,59.32,0.0507,9,Right,144.36,-1,-1,UNKNOWN,None
122.138,81.193,1355.916,-4.113,3.437,59.31,0.0519,9,Right,144.08,-1,-1,UNKNOWN,None
122.147,81.209,1356.184,-4.173,3.377,59.32,0.0525,9,Right,143.82,-1,-1,UNKNOWN,None
122.163,81.225,1356.452,-4.232,3.318,59.36,0.0525,9,Right,143.55,-1,-1,UNKNOWN,Left_Broken
122.18,81.241,1356.721,-4.289,3.261,59.42,0.0525,9,Right,143.28,-1,-1,UNKNOWN,None
122.188,81.256,1356.856,-4.318,3.232,59.45,0.0525,9,Right,143.14,-1,-1,UNKNOWN,None
122.205,81.273,1357.125,-4.375,3.175,59.54,0.0519,9,Right,142.87,-1,-1,UNKNOWN,None
122.23,81.289,1357.396,-4.431,3.119,59.65,0.0513,9,Right,142.6,-1,-1,UNKNOWN,None
122.247,81.305,1357.667,-4.486,3.064,59.76,0.0506,9,Right,142.33,-1,-1,UNKNOWN,None
122.264,81.321,1357.947,-4.542,3.008,59.9,0.0497,9,Right,142.05,-1,-1,UNKNOWN,None
122.273,81.336,1358.228,-4.596,2.954,60.04,0.0487,9,Right,141.77,-1,-1,UNKNOWN,None
122.29,81.352,1358.518,-4.652,2.898,60.19,0.0487,9,Right,141.48,-1,-1,UNKNOWN,None
122.299,81.368,1358.655,-4.678,2.872,60.27,0.0487,9,Right,141.34,-1,-1,UNKNOWN,None
122.315,81.384,1358.93,-4.729,2.821,60.41,0.0456,9,Right,141.07,-1,-1,UNKNOWN,None
122.341,81.4,1359.21,-4.779,2.771,60.54,0.0456,9,Right,140.79,-1,-1,UNKNOWN,None
122.357,81.416,1359.486,-4.828,2.722,60.67,0.0443,9,Right,140.51,-1,-1,UNKNOWN,None
122.357,81.432,1359.625,-4.852,2.698,60.73,0.0443,9,Right,140.38,-1,-1,UNKNOWN,None
122.383,81.457,1360.048,-4.924,2.626,60.9,0.0443,9,Right,139.95,-1,-1,UNKNOWN,None
122.399,81.462,1360.327,-4.97,2.58,61.0,0.044,9,Right,139.67,-1,-1,UNKNOWN,None
122.408,81.48,1360.466,-4.993,2.557,61.04,0.044,9,Right,139.53,-1,-1,UNKNOWN,Left_Broken
122.434,81.496,1360.907,-5.062,2.488,61.15,0.044,9,Right,139.09,-1,-1,UNKNOWN,None
122.451,81.512,1361.059,-5.085,2.465,61.19,0.044,9,Right,138.94,-1,-1,UNKNOWN,None
122.468,81.527,1361.339,-5.126,2.424,61.25,0.0436,9,Right,138.66,-1,-1,UNKNOWN,None
122.485,81.543,1361.62,-5.167,2.383,61.3,0.0436,9,Right,138.38,-1,-1,UNKNOWN,None
122.501,81.56,1361.901,-5.206,2.344,61.34,0.0436,9,Right,138.1,-1,-1,UNKNOWN,None
122.51,81.575,1362.183,-5.244,2.306,61.35,0.0436,9,Right,137.82,-1,-1,UNKNOWN,None
122.526,81.59,1362.464,-5.281,2.269,61.35,0.0371,9,Right,137.54,-1,-1,UNKNOWN,None
122.535,81.607,1362.605,-5.299,2.251,61.34,0.0371,9,Right,137.39,-1,-1,UNKNOWN,None
122.56,81.624,1363.028,-5.352,2.198,61.29,0.0371,9,Right,136.97,-1,-1,UNKNOWN,None
122.576,81.639,1363.309,-5.385,2.165,61.24,0.0371,9,Right,136.69,-1,-1,UNKNOWN,None
122.601,81.656,1363.591,-5.418,2.132,61.18,0.0371,9,Right,136.41,-1,-1,UNKNOWN,None
122.61,81.672,1363.872,-5.449,2.101,61.1,0.0371,9,Right,136.13,-1,-1,UNKNOWN,None
122.635,81.688,1364.162,-5.48,2.07,61.02,0.0371,9,Right,135.84,-1,-1,UNKNOWN,None
122.644,81.704,1364.306,-5.495,2.055,60.97,0.0371,9,Right,135.69,-1,-1,UNKNOWN,None
122.661,81.72,1364.592,-5.523,2.027,60.88,0.0371,9,Right,135.41,-1,-1,UNKNOWN,None
122.678,81.736,1364.88,-5.551,1.999,60.79,0.0177,9,Right,135.12,-1,-1,UNKNOWN,None
122.678,81.756,1365.02,-5.565,1.985,60.74,0.0177,9,Right,134.98,-1,-1,UNKNOWN,None
122.703,81.766,1365.439,-5.603,1.947,60.6,0.0165,9,Right,134.56,-1,-1,UNKNOWN,None
122.711,81.782,1365.578,-5.616,1.934,60.55,0.0165,9,Right,134.42,-1,-1,UNKNOWN,None
122.728,81.8,1365.859,-5.64,1.91,60.45,0.0165,9,Right,134.14,-1,-1,UNKNOWN,None
122.746,81.816,1366.195,-5.668,1.882,60.32,0.0165,9,Right,133.8,-1,-1,UNKNOWN,None
122.773,81.832,1366.478,-5.691,1.859,60.21,0.0183,9,Right,133.52,-1,-1,UNKNOWN,None
122.79,81.848,1366.756,-5.712,1.838,60.11,0.0197,9,Right,133.24,-1,-1,UNKNOWN,None
122.807,81.865,1367.033,-5.732,1.818,60.01,0.0197,9,Right,132.97,-1,-1,UNKNOWN,None
122.807,81.88,1367.172,-5.742,1.808,59.96,0.0197,9,Right,132.83,-1,-1,UNKNOWN,None
122.84,81.897,1367.586,-5.771,1.779,59.81,0.025,9,Right,132.41,-1,-1,UNKNOWN,None
122.848,81.912,1367.88,-5.79,1.76,59.7,0.0276,9,Right,132.12,-1,-1,UNKNOWN,None
122.867,81.929,1368.172,-5.808,1.742,59.6,0.0304,9,Right,131.83,-1,-1,UNKNOWN,None
122.887,81.944,1368.364,-5.819,1.731,59.54,0.0331,9,Right,131.64,-1,-1,UNKNOWN,None
122.895,81.96,1368.639,-5.834,1.716,59.46,0.0355,9,Right,131.36,-1,-1,UNKNOWN,None
122.912,81.977,1368.914,-5.848,1.702,59.39,0.0381,9,Right,131.09,-1,-1,UNKNOWN,None
122.937,81.993,1369.188,-5.861,1.689,59.34,0.041,9,Right,130.81,-1,-1,UNKNOWN,None
122.945,82.009,1369.463,-5.873,1.677,59.31,0.0431,9,Right,130.54,-1,-1,UNKNOWN,None
122.962,82.025,1369.737,-5.884,1.666,59.3,0.0449,9,Right,130.26,-1,-1,UNKNOWN,None
122.979,82.04,1370.011,-5.894,1.656,59.31,0.0455,9,Right,129.99,-1,-1,UNKNOWN,None
122.995,82.057,1370.148,-5.899,1.651,59.32,0.0455,9,Right,129.85,-1,-1,UNKNOWN,None
123.013,82.073,1370.444,-5.908,1.642,59.38,0.0445,9,Right,129.56,-1,-1,UNKNOWN,None
123.031,82.089,1370.737,-5.916,1.634,59.45,0.0431,9,Right,129.26,-1,-1,UNKNOWN,None
123.04,82.105,1371.012,-5.922,1.628,59.54,0.041,9,Right,128.99,-1,-1,UNKNOWN,None
123.056,82.121,1371.289,-5.928,1.622,59.65,0.0385,9,Right,128.71,-1,-1,UNKNOWN,None
123.073,82.137,1371.427,-5.93,1.62,59.71,0.0353,9,Right,128.57,-1,-1,UNKNOWN,None
123.082,82.152,1371.748,-5.935,1.615,59.85,0.032,9,Right,128.25,-1,-1,UNKNOWN,None
123.101,82.169,1372.026,-5.938,1.612,59.99,0.028,9,Right,127.97,-1,-1,UNKNOWN,None
123.126,82.185,1372.304,-5.94,1.61,60.14,0.0241,9,Right,127.7,-1,-1,UNKNOWN,None
123.142,82.201,1372.583,-5.942,1.608,60.3,0.0206,9,Right,127.42,-1,-1,UNKNOWN,None
123.159,82.217,1372.863,-5.943,1.607,60.46,0.0206,9,Right,127.14,-1,-1,UNKNOWN,None
123.159,82.233,1373.003,-5.943,1.607,60.54,0.0206,9,Right,127.0,-1,-1,UNKNOWN,None
123.184,82.249,1373.425,-5.942,1.608,60.77,0.0206,9,Right,126.58,-1,-1,UNKNOWN,None
123.209,82.265,1373.707,-5.941,1.609,60.89,0.0206,9,Right,126.29,-1,-1,UNKNOWN,None
123.209,82.281,1373.848,-5.94,1.61,60.95,0.0206,9,Right,126.15,-1,-1,UNKNOWN,None
123.234,82.298,1374.272,-5.936,1.614,61.07,0.0206,9,Right,125.73,-1,-1,UNKNOWN,None
123.251,82.313,1374.554,-5.932,1.618,61.11,0.0206,9,Right,125.45,-1,-1,UNKNOWN,None
123.259,82.339,1374.696,-5.93,1.62,61.12,0.0092,9,Right,125.3,-1,-1,UNKNOWN,None
123.284,82.342,1374.986,-5.926,1.624,61.13,0.0092,9,Right,125.01,-1,-1,UNKNOWN,None
123.293,82.359,1375.269,-5.92,1.63,61.12,0.0092,9,Right,124.73,-1,-1,UNKNOWN,None
123.318,82.376,1375.551,-5.915,1.635,61.09,0.0092,9,Right,124.45,-1,-1,UNKNOWN,None
123.334,82.392,1375.834,-5.908,1.642,61.05,0.0092,9,Right,124.17,-1,-1,UNKNOWN,None
123.334,82.407,1375.975,-5.905,1.645,61.03,0.0092,9,Right,124.02,-1,-1,UNKNOWN,None
123.351,82.424,1376.257,-5.898,1.652,60.97,0.0092,9,Right,123.74,-1,-1,UNKNOWN,None
123.384,82.44,1376.68,-5.886,1.664,60.87,0.0092,9,Right,123.32,-1,-1,UNKNOWN,None
123.394,82.456,1376.98,-5.878,1.672,60.78,0.0092,9,Right,123.02,-1,-1,UNKNOWN,None
123.41,82.472,1377.261,-5.869,1.681,60.7,0.0092,9,Right,122.74,-1,-1,UNKNOWN,None
123.427,82.488,1377.406,-5.864,1.686,60.65,0.0092,9,Right,122.59,-1,-1,UNKNOWN,None
123.44,82.504,1377.627,-5.856,1.694,60.58,0.0092,9,Right,122.37,-1,-1,UNKNOWN,None
123.451,82.526,1377.993,-5.844,1.706,60.46,0.0097,9,Right,122.01,-1,-1,UNKNOWN,None
123.479,82.536,1378.273,-5.833,1.717,60.36,0.0095,9,Right,121.73,-1,-1,UNKNOWN,None
123.487,82.552,1378.552,-5.822,1.728,60.28,0.0092,9,Right,121.45,-1,-1,UNKNOWN,None
123.512,82.568,1378.831,-5.811,1.739,60.2,0.0092,9,Right,121.17,-1,-1,UNKNOWN,None
123.529,82.584,1379.109,-5.8,1.75,60.12,0.0092,9,Right,120.89,-1,-1,UNKNOWN,None
123.538,82.6,1379.391,-5.787,1.763,60.03,0.0075,9,Right,120.61,-1,-1,UNKNOWN,None
123.554,82.616,1379.669,-5.775,1.775,59.95,0.0075,9,Right,120.33,-1,-1,UNKNOWN,None
123.571,82.631,1379.808,-5.769,1.781,59.9,0.0068,9,Right,120.19,-1,-1,UNKNOWN,None
123.579,82.648,1380.085,-5.756,1.794,59.81,0.0065,9,Right,119.92,-1,-1,UNKNOWN,None
123.596,82.663,1380.361,-5.743,1.807,59.72,0.0065,9,Right,119.64,-1,-1,UNKNOWN,None
123.613,82.679,1380.639,-5.73,1.82,59.64,0.0065,9,Right,119.36,-1,-1,UNKNOWN,None
123.638,82.696,1380.914,-5.717,1.833,59.57,0.0065,9,Right,119.09,-1,-1,UNKNOWN,None
123.638,82.712,1381.052,-5.71,1.84,59.54,0.0065,9,Right,118.95,-1,-1,UNKNOWN,None
123.663,82.727,1381.464,-5.689,1.861,59.47,0.0065,9,Right,118.54,-1,-1,UNKNOWN,None
123.688,82.744,1381.741,-5.675,1.875,59.44,0.0065,9,Right,118.26,-1,-1,UNKNOWN,None
123.696,82.76,1382.022,-5.66,1.89,59.43,0.0065,9,Right,117.98,-1,-1,UNKNOWN,None
123.722,82.775,1382.299,-5.645,1.905,59.44,0.0065,9,Right,117.7,-1,-1,UNKNOWN,None
123.73,82.791,1382.574,-5.63,1.92,59.48,0.0065,9,Right,117.43,-1,-1,UNKNOWN,None
123.738,82.808,1382.714,-5.622,1.928,59.51,0.0065,9,Right,117.29,-1,-1,UNKNOWN,None
123.755,82.824,1382.994,-5.607,1.943,59.58,0.0065,9,Right,117.01,-1,-1,UNKNOWN,None
123.78,82.841,1383.269,-5.591,1.959,59.67,0.0065,9,Right,116.73,-1,-1,UNKNOWN,None
123.789,82.856,1383.546,-5.575,1.975,59.78,0.0062,9,Right,116.45,-1,-1,UNKNOWN,None
123.814,82.873,1383.824,-5.559,1.991,59.9,0.006,9,Right,116.18,-1,-1,UNKNOWN,None
123.831,82.889,1384.101,-5.543,2.007,60.03,0.0053,9,Right,115.9,-1,-1,UNKNOWN,None
123.831,82.905,1384.24,-5.534,2.016,60.1,0.0053,9,Right,115.76,-1,-1,UNKNOWN,None
123.856,82.92,1384.659,-5.509,2.041,60.32,0.0053,9,Right,115.34,-1,-1,UNKNOWN,None
123.881,82.937,1384.938,-5.492,2.058,60.45,0.003,9,Right,115.06,-1,-1,UNKNOWN,None
123.881,82.953,1385.135,-5.48,2.07,60.54,0.003,9,Right,114.86,-1,-1,UNKNOWN,None
123.901,82.968,1385.421,-5.463,2.087,60.67,0.0005,9,Right,114.58,-1,-1,UNKNOWN,None
123.926,82.984,1385.703,-5.445,2.105,60.78,-0.0008,9,Right,114.3,-1,-1,UNKNOWN,None
123.934,83.0,1385.995,-5.427,2.123,60.9,-0.0008,9,Right,114.01,-1,-1,UNKNOWN,None
123.952,83.017,1386.289,-5.409,2.141,61.0,-0.0008,9,Right,113.71,-1,-1,UNKNOWN,None
123.97,83.031,1386.59,-5.39,2.16,61.09,-0.0008,9,Right,113.41,-1,-1,UNKNOWN,None
123.995,83.048,1386.873,-5.372,2.178,61.14,-0.0008,9,Right,113.13,-1,-1,UNKNOWN,None
123.995,83.064,1387.02,-5.363,2.187,61.16,-0.0008,9,Right,112.98,-1,-1,UNKNOWN,None
124.012,83.08,1387.313,-5.344,2.206,61.18,-0.0084,9,Right,112.69,-1,-1,UNKNOWN,None
124.038,83.097,1387.6,-5.326,2.224,61.17,-0.0084,9,Right,112.4,-1,-1,UNKNOWN,None
124.055,83.113,1387.886,-5.308,2.242,61.14,-0.0098,9,Right,112.11,-1,-1,UNKNOWN,None
124.055,83.128,1388.027,-5.299,2.251,61.13,-0.0098,9,Right,111.97,-1,-1,UNKNOWN,None
124.08,83.145,1388.461,-5.272,2.278,61.05,-0.0098,9,Right,111.54,-1,-1,UNKNOWN,None
124.106,83.161,1388.743,-5.255,2.295,60.99,-0.0098,9,Right,111.26,-1,-1,UNKNOWN,None
124.114,83.177,1389.025,-5.238,2.312,60.92,-0.0098,9,Right,110.98,-1,-1,UNKNOWN,None
124.132,83.192,1389.323,-5.22,2.33,60.84,-0.0114,9,Right,110.68,-1,-1,UNKNOWN,None
124.14,83.209,1389.464,-5.211,2.339,60.8,-0.0114,9,Right,110.54,-1,-1,UNKNOWN,None
124.157,83.225,1389.744,-5.194,2.356,60.72,-0.0119,9,Right,110.26,-1,-1,UNKNOWN,None
124.182,83.24,1390.025,-5.178,2.372,60.63,-0.0123,9,Right,109.98,-1,-1,UNKNOWN,None
124.198,83.257,1390.304,-5.161,2.389,60.54,-0.0123,9,Right,109.7,-1,-1,UNKNOWN,None
124.215,83.273,1390.584,-5.145,2.405,60.45,-0.0123,9,Right,109.42,-1,-1,UNKNOWN,None
124.232,83.289,1390.864,-5.129,2.421,60.36,-0.0123,9,Right,109.14,-1,-1,UNKNOWN,None
124.24,83.305,1391.142,-5.113,2.437,60.26,-0.0123,9,Right,108.86,-1,-1,UNKNOWN,None
124.265,83.321,1391.424,-5.098,2.452,60.16,-0.0123,9,Right,108.58,-1,-1,UNKNOWN,None
124.274,83.336,1391.702,-5.083,2.467,60.05,-0.0145,9,Right,108.3,-1,-1,UNKNOWN,None
124.29,83.352,1391.979,-5.068,2.482,59.95,-0.0145,9,Right,108.02,-1,-1,UNKNOWN,None
124.307,83.367,1392.117,-5.06,2.49,59.9,-0.0153,9,Right,107.88,-1,-1,UNKNOWN,None
124.315,83.384,1392.394,-5.046,2.504,59.8,-0.0158,9,Right,107.61,-1,-1,UNKNOWN,None
124.341,83.399,1392.68,-5.032,2.518,59.7,-0.0161,9,Right,107.32,-1,-1,UNKNOWN,None
124.358,83.416,1392.957,-5.018,2.532,59.61,-0.0162,9,Right,107.04,-1,-1,UNKNOWN,None
124.358,83.431,1393.095,-5.011,2.539,59.57,-0.0165,9,Right,106.91,-1,-1,UNKNOWN,None
124.374,83.448,1393.37,-4.998,2.552,59.49,-0.017,9,Right,106.63,-1,-1,UNKNOWN,None
124.391,83.464,1393.645,-4.985,2.565,59.43,-0.0172,9,Right,106.36,-1,-1,UNKNOWN,None
124.424,83.48,1394.057,-4.967,2.583,59.38,-0.0177,9,Right,105.94,-1,-1,UNKNOWN,None
124.433,83.495,1394.332,-4.956,2.594,59.37,-0.0178,9,Right,105.67,-1,-1,UNKNOWN,None
124.449,83.512,1394.606,-4.944,2.606,59.38,-0.0181,9,Right,105.39,-1,-1,UNKNOWN,None
124.458,83.528,1394.757,-4.938,2.612,59.39,-0.0186,9,Right,105.24,-1,-1,UNKNOWN,None
124.485,83.544,1395.057,-4.927,2.623,59.44,-0.0186,9,Right,104.94,-1,-1,UNKNOWN,None
124.502,83.56,1395.332,-4.916,2.634,59.51,-0.0186,9,Right,104.67,-1,-1,UNKNOWN,None
124.519,83.576,1395.617,-4.906,2.644,59.61,-0.0186,9,Right,104.38,-1,-1,UNKNOWN,None
124.519,83.591,1395.824,-4.899,2.651,59.68,-0.0186,9,Right,104.18,-1,-1,UNKNOWN,None
124.549,83.608,1396.121,-4.89,2.66,59.81,-0.0186,9,Right,103.88,-1,-1,UNKNOWN,None
124.566,83.624,1396.399,-4.881,2.669,59.94,-0.0186,9,Right,103.6,-1,-1,UNKNOWN,None
124.583,83.64,1396.677,-4.873,2.677,60.08,-0.0186,9,Right,103.32,-1,-1,UNKNOWN,None
124.592,83.656,1397.015,-4.864,2.686,60.26,-0.0186,9,Right,102.98,-1,-1,UNKNOWN,None
124.611,83.672,1397.155,-4.86,2.69,60.33,-0.0186,9,Right,102.85,-1,-1,UNKNOWN,None
124.628,83.688,1397.434,-4.853,2.697,60.48,-0.0186,9,Right,102.57,-1,-1,UNKNOWN,None
124.644,83.704,1397.715,-4.847,2.703,60.63,-0.0178,9,Right,102.29,-1,-1,UNKNOWN,None
124.661,83.72,1397.996,-4.841,2.709,60.77,-0.0174,9,Right,102.0,-1,-1,UNKNOWN,None
124.678,83.736,1398.278,-4.835,2.715,60.91,-0.0174,9,Right,101.72,-1,-1,UNKNOWN,None
124.694,83.752,1398.56,-4.83,2.72,61.05,-0.0161,9,Right,101.44,-1,-1,UNKNOWN,None
124.703,83.768,1398.843,-4.826,2.724,61.19,-0.0161,9,Right,101.16,-1,-1,UNKNOWN,None
124.728,83.784,1399.127,-4.822,2.728,61.31,-0.0161,9,Right,100.87,-1,-1,UNKNOWN,None
124.736,83.801,1399.416,-4.818,2.732,61.42,-0.0161,9,Right,100.58,-1,-1,UNKNOWN,None
124.761,83.817,1399.7,-4.815,2.735,61.51,-0.0161,9,Right,100.3,-1,-1,UNKNOWN,None
124.778,83.833,1399.985,-4.812,2.738,61.57,-0.0161,9,Right,100.01,-1,-1,UNKNOWN,None
124.79,83.849,1400.183,-4.81,2.74,61.59,-0.0161,9,Right,99.82,-1,-1,UNKNOWN,None
124.803,83.865,1400.552,-4.808,2.742,61.6,-0.0161,9,Right,99.45,-1,-1,UNKNOWN,None
124.82,83.881,1400.837,-4.806,2.744,61.59,-0.0088,9,Right,99.16,-1,-1,UNKNOWN,None
124.836,83.897,1400.979,-4.806,2.744,61.58,-0.0088,9,Right,99.02,-1,-1,UNKNOWN,None
124.845,83.913,1401.265,-4.805,2.745,61.54,-0.0088,9,Right,98.74,-1,-1,UNKNOWN,None
124.87,83.929,1401.549,-4.804,2.746,61.49,-0.0078,9,Right,98.45,-1,-1,UNKNOWN,None
124.886,83.945,1401.834,-4.804,2.746,61.43,-0.0078,9,Right,98.17,-1,-1,UNKNOWN,None
124.903,83.961,1402.118,-4.804,2.746,61.36,-0.0078,9,Right,97.88,-1,-1,UNKNOWN,None
124.92,83.977,1402.402,-4.805,2.745,61.28,-0.0078,9,Right,97.6,-1,-1,UNKNOWN,None
124.928,83.992,1402.685,-4.806,2.744,61.2,-0.0078,9,Right,97.31,-1,-1,UNKNOWN,None
124.945,84.009,1402.973,-4.807,2.743,61.11,-0.0069,9,Right,97.03,-1,-1,UNKNOWN,None
124.962,84.025,1403.121,-4.808,2.742,61.06,-0.0069,9,Right,96.88,-1,-1,UNKNOWN,None
124.973,84.041,1403.453,-4.81,2.74,60.95,-0.0069,9,Right,96.55,-1,-1,UNKNOWN,None
124.99,84.057,1403.734,-4.812,2.738,60.85,-0.0069,9,Right,96.27,-1,-1,UNKNOWN,None
125.015,84.073,1404.017,-4.814,2.736,60.75,-0.0069,9,Right,95.98,-1,-1,UNKNOWN,None
125.015,84.088,1404.157,-4.816,2.734,60.7,-0.0069,9,Right,95.84,-1,-1,UNKNOWN,None
125.032,84.105,1404.474,-4.819,2.731,60.59,-0.0069,9,Right,95.53,-1,-1,UNKNOWN,None
125.059,84.121,1404.894,-4.824,2.726,60.43,-0.0069,9,Right,95.11,-1,-1,UNKNOWN,None
125.067,84.136,1405.035,-4.825,2.725,60.37,-0.0069,9,Right,94.97,-1,-1,UNKNOWN,None
125.084,84.153,1405.314,-4.829,2.721,60.26,-0.0069,9,Right,94.69,-1,-1,UNKNOWN,None
125.109,84.171,1405.732,-4.835,2.715,60.1,-0.0069,9,Right,94.27,-1,-1,UNKNOWN,None
125.117,84.184,1405.895,-4.838,2.712,60.04,-0.0053,9,Right,94.1,-1,-1,UNKNOWN,None
125.127,84.201,1406.046,-4.84,2.71,59.98,-0.0053,9,Right,93.95,-1,-1,UNKNOWN,None
125.153,84.217,1406.461,-4.847,2.703,59.81,-0.0047,9,Right,93.54,-1,-1,UNKNOWN,None
125.178,84.233,1406.748,-4.852,2.698,59.7,-0.0044,9,Right,93.25,-1,-1,UNKNOWN,None
125.187,84.249,1407.024,-4.857,2.693,59.61,-0.0043,9,Right,92.98,-1,-1,UNKNOWN,None
125.203,84.264,1407.3,-4.862,2.688,59.52,-0.0043,9,Right,92.7,-1,-1,UNKNOWN,None
125.22,84.28,1407.575,-4.867,2.683,59.44,-0.0043,9,Right,92.43,-1,-1,UNKNOWN,None
125.228,84.296,1407.713,-4.87,2.68,59.41,-0.0043,9,Right,92.29,-1,-1,UNKNOWN,None
125.245,84.312,1407.987,-4.876,2.674,59.36,-0.0043,9,Right,92.01,-1,-1,UNKNOWN,None
125.27,84.328,1408.262,-4.882,2.668,59.32,-0.0043,9,Right,91.74,-1,-1,UNKNOWN,None
125.27,84.343,1408.399,-4.885,2.665,59.31,-0.0043,9,Right,91.6,-1,-1,UNKNOWN,None
125.295,84.36,1408.811,-4.894,2.656,59.32,-0.0043,9,Right,91.19,-1,-1,UNKNOWN,None
125.32,84.376,1409.086,-4.9,2.65,59.35,-0.0043,9,Right,90.91,-1,-1,UNKNOWN,None
125.328,84.392,1409.382,-4.907,2.643,59.41,-0.0043,9,Right,90.62,-1,-1,UNKNOWN,None
125.347,84.408,1409.665,-4.914,2.636,59.49,-0.0043,9,Right,90.34,-1,-1,UNKNOWN,None
125.355,84.424,1409.811,-4.918,2.632,59.54,-0.0043,9,Right,90.19,-1,-1,UNKNOWN,None
125.38,84.439,1410.087,-4.925,2.625,59.65,-0.0043,9,Right,89.91,-1,-1,UNKNOWN,None
125.397,84.456,1410.364,-4.932,2.618,59.77,-0.0043,9,Right,89.64,-1,-1,UNKNOWN,None
125.397,84.471,1410.502,-4.935,2.615,59.83,-0.0043,9,Right,89.5,-1,-1,UNKNOWN,None
125.414,84.488,1410.784,-4.943,2.607,59.97,-0.0043,9,Right,89.22,-1,-1,UNKNOWN,None
125.431,84.503,1411.062,-4.95,2.6,60.12,-0.0043,9,Right,88.94,-1,-1,UNKNOWN,None
125.464,84.52,1411.48,-4.962,2.588,60.35,-0.0043,9,Right,88.52,-1,-1,UNKNOWN,None
125.481,84.536,1411.765,-4.97,2.58,60.51,-0.0043,9,Right,88.23,-1,-1,UNKNOWN,None
125.491,84.552,1411.928,-4.974,2.576,60.59,-0.0043,9,Right,88.07,-1,-1,UNKNOWN,None
125.509,84.567,1412.244,-4.983,2.567,60.75,-0.0043,9,Right,87.76,-1,-1,UNKNOWN,None
125.527,84.584,1412.547,-4.992,2.558,60.9,-0.0043,9,Right,87.45,-1,-1,UNKNOWN,None
125.537,84.6,1412.858,-5.002,2.548,61.04,-0.0043,9,Right,87.14,-1,-1,UNKNOWN,None
125.557,84.616,1413.041,-5.007,2.543,61.12,-0.0043,9,Right,86.96,-1,-1,UNKNOWN,None
125.574,84.632,1413.34,-5.016,2.534,61.24,-0.0043,9,Right,86.66,-1,-1,UNKNOWN,None
125.574,84.648,1413.497,-5.021,2.529,61.3,-0.0043,9,Right,86.5,-1,-1,UNKNOWN,None
125.609,84.664,1413.94,-5.035,2.515,61.44,-0.0043,9,Right,86.06,-1,-1,UNKNOWN,None
125.618,84.68,1414.084,-5.04,2.51,61.47,-0.0043,9,Right,85.92,-1,-1,UNKNOWN,None
125.635,84.696,1414.387,-5.05,2.5,61.53,-0.0043,9,Right,85.61,-1,-1,UNKNOWN,None
125.654,84.712,1414.705,-5.06,2.49,61.58,-0.0043,9,Right,85.3,-1,-1,UNKNOWN,None
125.663,84.728,1414.865,-5.066,2.484,61.6,-0.0043,9,Right,85.14,-1,-1,UNKNOWN,None
125.676,84.744,1415.266,-5.079,2.471,61.62,-0.0043,9,Right,84.73,-1,-1,UNKNOWN,None
125.696,84.76,1415.586,-5.09,2.46,61.61,-0.0043,9,Right,84.41,-1,-1,UNKNOWN,None
125.714,84.775,1415.738,-5.095,2.455,61.6,-0.0043,9,Right,84.26,-1,-1,UNKNOWN,None
125.732,84.792,1416.046,-5.106,2.444,61.56,-0.0043,9,Right,83.95,-1,-1,UNKNOWN,None
125.75,84.809,1416.345,-5.117,2.433,61.51,-0.0043,9,Right,83.65,-1,-1,UNKNOWN,None
125.767,84.824,1416.641,-5.127,2.423,61.45,-0.0031,9,Right,83.36,-1,-1,UNKNOWN,None
125.785,84.841,1416.939,-5.138,2.412,61.38,-0.0031,9,Right,83.06,-1,-1,UNKNOWN,None
125.801,84.857,1417.223,-5.149,2.401,61.3,-0.0014,9,Right,82.78,-1,-1,UNKNOWN,None
125.81,84.872,1417.506,-5.159,2.391,61.23,-0.0014,9,Right,82.49,-1,-1,UNKNOWN,None
125.826,84.889,1417.789,-5.169,2.381,61.14,-0.0014,9,Right,82.21,-1,-1,UNKNOWN,None
125.852,84.905,1418.072,-5.18,2.37,61.05,-0.0014,9,Right,81.93,-1,-1,UNKNOWN,None
125.86,84.921,1418.354,-5.191,2.359,60.96,-0.0014,9,Right,81.65,-1,-1,UNKNOWN,None
125.868,84.937,1418.506,-5.196,2.354,60.9,-0.0014,9,Right,81.49,-1,-1,UNKNOWN,None
125.894,84.953,1418.797,-5.208,2.342,60.8,-0.0014,9,Right,81.2,-1,-1,UNKNOWN,None
125.911,84.969,1419.078,-5.218,2.332,60.7,-0.0014,9,Right,80.92,-1,-1,UNKNOWN,None
125.919,84.985,1419.358,-5.229,2.321,60.59,-0.0014,9,Right,80.64,-1,-1,UNKNOWN,None
125.936,85.001,1419.638,-5.24,2.31,60.49,-0.0014,9,Right,80.36,-1,-1,UNKNOWN,None
125.961,85.017,1419.917,-5.251,2.299,60.38,-0.0014,9,Right,80.08,-1,-1,UNKNOWN,None
125.971,85.033,1420.077,-5.257,2.293,60.32,-0.0014,9,Right,79.92,-1,-1,UNKNOWN,None
125.979,85.049,1420.429,-5.271,2.279,60.18,0.0072,9,Right,79.57,-1,-1,UNKNOWN,None
126.008,85.065,1420.707,-5.282,2.268,60.08,0.0072,9,Right,79.29,-1,-1,UNKNOWN,None
126.008,85.081,1420.846,-5.287,2.263,60.02,0.0072,9,Right,79.15,-1,-1,UNKNOWN,None
126.025,85.096,1421.183,-5.3,2.25,59.89,0.0072,9,Right,78.82,-1,-1,UNKNOWN,None
126.05,85.113,1421.546,-5.314,2.236,59.75,0.0072,9,Right,78.45,-1,-1,UNKNOWN,None
126.067,85.129,1421.822,-5.324,2.226,59.65,0.0072,9,Right,78.18,-1,-1,UNKNOWN,None
126.087,85.145,1422.017,-5.332,2.218,59.58,0.0072,9,Right,77.98,-1,-1,UNKNOWN,None
126.102,85.161,1422.262,-5.341,2.209,59.5,0.0072,9,Right,77.74,-1,-1,UNKNOWN,None
126.119,85.177,1422.537,-5.351,2.199,59.43,0.0072,9,Right,77.46,-1,-1,UNKNOWN,None
126.137,85.193,1422.831,-5.362,2.188,59.36,0.0069,9,Right,77.17,-1,-1,UNKNOWN,None
126.163,85.22,1423.266,-5.377,2.173,59.3,0.0069,9,Right,76.73,-1,-1,UNKNOWN,None
126.163,85.223,1423.266,-5.377,2.173,59.3,0.0069,9,Right,76.73,-1,-1,UNKNOWN,None
126.18,85.24,1423.678,-5.392,2.158,59.29,0.0068,9,Right,76.32,-1,-1,UNKNOWN,None
126.199,85.256,1423.857,-5.398,2.152,59.3,0.0068,9,Right,76.14,-1,-1,UNKNOWN,None
126.216,85.272,1424.134,-5.408,2.142,59.34,0.0068,9,Right,75.87,-1,-1,UNKNOWN,None
126.225,85.289,1424.432,-5.418,2.132,59.41,0.0068,9,Right,75.57,-1,-1,UNKNOWN,None
126.251,85.314,1424.862,-5.432,2.118,59.54,0.0068,9,Right,75.14,-1,-1,UNKNOWN,None
126.26,85.319,1424.862,-5.432,2.118,59.54,0.0068,9,Right,75.14,-1,-1,UNKNOWN,None
126.277,85.335,1425.146,-5.442,2.108,59.65,0.0068,9,Right,74.85,-1,-1,UNKNOWN,None
126.286,85.351,1425.446,-5.451,2.099,59.79,0.0068,9,Right,74.55,-1,-1,UNKNOWN,None
126.304,85.368,1425.735,-5.46,2.09,59.93,0.0068,9,Right,74.26,-1,-1,UNKNOWN,None
126.321,85.384,1426.02,-5.469,2.081,60.08,0.0068,9,Right,73.98,-1,-1,UNKNOWN,None
126.347,85.4,1426.307,-5.478,2.072,60.23,0.0068,9,Right,73.69,-1,-1,UNKNOWN,None
126.347,85.416,1426.455,-5.482,2.068,60.31,0.0068,9,Right,73.55,-1,-1,UNKNOWN,None
126.372,85.432,1426.737,-5.491,2.059,60.47,0.0068,9,Right,73.26,-1,-1,UNKNOWN,None
126.389,85.448,1427.017,-5.499,2.051,60.63,0.0068,9,Right,72.98,-1,-1,UNKNOWN,None
126.406,85.464,1427.305,-5.507,2.043,60.79,0.0068,9,Right,72.7,-1,-1,UNKNOWN,None
126.423,85.478,1427.587,-5.515,2.035,60.93,0.0068,9,Right,72.41,-1,-1,UNKNOWN,None
126.423,85.496,1427.728,-5.519,2.031,60.99,0.0068,9,Right,72.27,-1,-1,UNKNOWN,None
126.457,85.512,1428.165,-5.53,2.02,61.17,0.0068,9,Right,71.84,-1,-1,UNKNOWN,None
126.467,85.528,1428.474,-5.538,2.012,61.27,0.0068,9,Right,71.53,-1,-1,UNKNOWN,None
126.485,85.544,1428.645,-5.542,2.008,61.31,0.0068,9,Right,71.35,-1,-1,UNKNOWN,None
126.502,85.559,1428.931,-5.549,2.001,61.36,0.0068,9,Right,71.07,-1,-1,UNKNOWN,None
126.51,85.576,1429.215,-5.556,1.994,61.38,0.0065,9,Right,70.78,-1,-1,UNKNOWN,None
126.535,85.592,1429.499,-5.563,1.987,61.39,0.0065,9,Right,70.5,-1,-1,UNKNOWN,None
126.552,85.608,1429.783,-5.569,1.981,61.37,0.0065,9,Right,70.22,-1,-1,UNKNOWN,None
126.568,85.624,1430.067,-5.575,1.975,61.33,0.0065,9,Right,69.93,-1,-1,UNKNOWN,None
126.577,85.64,1430.368,-5.582,1.968,61.28,0.0065,9,Right,69.63,-1,-1,UNKNOWN,None
126.595,85.656,1430.654,-5.588,1.962,61.22,0.0065,9,Right,69.35,-1,-1,UNKNOWN,None
126.611,85.672,1430.796,-5.59,1.96,61.19,0.0065,9,Right,69.2,-1,-1,UNKNOWN,None
126.628,85.688,1431.079,-5.596,1.954,61.11,0.0065,9,Right,68.92,-1,-1,UNKNOWN,None
126.645,85.704,1431.364,-5.601,1.949,61.03,0.0065,9,Right,68.64,-1,-1,UNKNOWN,None
126.661,85.72,1431.646,-5.606,1.944,60.95,0.0028,9,Right,68.35,-1,-1,UNKNOWN,None
126.678,85.736,1431.928,-5.611,1.939,60.86,0.0028,9,Right,68.07,-1,-1,UNKNOWN,None
126.686,85.752,1432.209,-5.616,1.934,60.78,0.0028,9,Right,67.79,-1,-1,UNKNOWN,None
126.695,85.768,1432.35,-5.619,1.931,60.74,0.0028,9,Right,67.65,-1,-1,UNKNOWN,None
126.728,85.784,1432.771,-5.626,1.924,60.6,0.0028,9,Right,67.23,-1,-1,UNKNOWN,None
126.745,85.801,1433.051,-5.63,1.92,60.5,0.0028,9,Right,66.95,-1,-1,UNKNOWN,None
126.761,85.817,1433.33,-5.635,1.915,60.4,0.0028,9,Right,66.67,-1,-1,UNKNOWN,None
126.77,85.833,1433.61,-5.639,1.911,60.3,0.0028,9,Right,66.39,-1,-1,UNKNOWN,None
126.786,85.849,1433.888,-5.643,1.907,60.2,0.0028,9,Right,66.11,-1,-1,UNKNOWN,None
126.803,85.865,1434.167,-5.647,1.903,60.09,0.0028,9,Right,65.83,-1,-1,UNKNOWN,None
126.811,85.881,1434.316,-5.649,1.901,60.04,0.0028,9,Right,65.68,-1,-1,UNKNOWN,None
126.839,85.897,1434.621,-5.653,1.897,59.92,0.0028,9,Right,65.38,-1,-1,UNKNOWN,None
126.839,85.912,1434.772,-5.655,1.895,59.86,0.0028,9,Right,65.23,-1,-1,UNKNOWN,None
126.856,85.929,1435.048,-5.659,1.891,59.76,0.0028,9,Right,64.95,-1,-1,UNKNOWN,None
126.889,85.944,1435.463,-5.664,1.886,59.61,0.0028,9,Right,64.54,-1,-1,UNKNOWN,None
126.889,85.964,1435.601,-5.666,1.884,59.57,0.0028,9,Right,64.4,-1,-1,UNKNOWN,None
126.914,85.977,1436.014,-5.67,1.88,59.46,0.0028,9,Right,63.99,-1,-1,UNKNOWN,None
126.931,85.992,1436.289,-5.673,1.877,59.4,0.0028,9,Right,63.71,-1,-1,UNKNOWN,None
126.948,86.009,1436.564,-5.676,1.874,59.36,0.0028,9,Right,63.44,-1,-1,UNKNOWN,None
126.965,86.025,1436.703,-5.678,1.872,59.34,0.0028,9,Right,63.3,-1,-1,UNKNOWN,None
126.976,86.041,1437.055,-5.682,1.868,59.33,0.0028,9,Right,62.95,-1,-1,UNKNOWN,None
126.994,86.057,1437.33,-5.684,1.866,59.35,0.0028,9,Right,62.67,-1,-1,UNKNOWN,None
127.003,86.073,1437.469,-5.686,1.864,59.36,0.0028,9,Right,62.53,-1,-1,UNKNOWN,None
127.019,86.089,1437.744,-5.688,1.862,59.42,0.0028,9,Right,62.26,-1,-1,UNKNOWN,None
127.036,86.105,1438.032,-5.691,1.859,59.49,0.0028,9,Right,61.97,-1,-1,UNKNOWN,None
127.062,86.129,1438.451,-5.694,1.856,59.64,0.0028,9,Right,61.55,-1,-1,UNKNOWN,None
127.07,86.135,1438.589,-5.696,1.854,59.7,0.0028,9,Right,61.41,-1,-1,UNKNOWN,None
127.079,86.152,1438.73,-5.697,1.853,59.76,0.0028,9,Right,61.27,-1,-1,UNKNOWN,None
127.113,86.169,1439.153,-5.7,1.85,59.96,0.0028,9,Right,60.85,-1,-1,UNKNOWN,None
127.113,86.185,1439.359,-5.702,1.848,60.06,0.0028,9,Right,60.64,-1,-1,UNKNOWN,None
127.142,86.201,1439.644,-5.704,1.846,60.22,0.0028,9,Right,60.36,-1,-1,UNKNOWN,None
127.159,86.217,1439.924,-5.706,1.844,60.37,0.0028,9,Right,60.08,-1,-1,UNKNOWN,None
127.176,86.233,1440.204,-5.707,1.843,60.5,0.0028,9,Right,59.8,-1,-1,UNKNOWN,None
127.184,86.249,1440.485,-5.709,1.841,60.62,0.0028,9,Right,59.52,-1,-1,UNKNOWN,None
127.209,86.265,1440.774,-5.711,1.839,60.72,0.0028,9,Right,59.23,-1,-1,UNKNOWN,None
127.226,86.28,1441.056,-5.713,1.837,60.81,0.0028,9,Right,58.94,-1,-1,UNKNOWN,None
127.234,86.297,1441.197,-5.713,1.837,60.84,0.0028,9,Right,58.8,-1,-1,UNKNOWN,None
127.254,86.312,1441.52,-5.715,1.835,60.89,0.0028,9,Right,58.48,-1,-1,UNKNOWN,None
127.27,86.327,1441.802,-5.717,1.833,60.91,0.0028,9,Right,58.2,-1,-1,UNKNOWN,None
127.287,86.344,1442.084,-5.718,1.832,60.91,0.0028,9,Right,57.92,-1,-1,UNKNOWN,None
127.304,86.359,1442.366,-5.719,1.831,60.89,0.0028,9,Right,57.63,-1,-1,UNKNOWN,None
127.32,86.376,1442.648,-5.72,1.83,60.85,0.0028,9,Right,57.35,-1,-1,UNKNOWN,None
127.329,86.392,1442.952,-5.721,1.829,60.79,0.0028,9,Right,57.05,-1,-1,UNKNOWN,None
127.346,86.408,1443.233,-5.722,1.828,60.73,0.0028,9,Right,56.77,-1,-1,UNKNOWN,None
127.355,86.424,1443.373,-5.723,1.827,60.7,0.0028,9,Right,56.63,-1,-1,UNKNOWN,None
127.38,86.44,1443.663,-5.724,1.826,60.63,0.0028,9,Right,56.34,-1,-1,UNKNOWN,None
127.397,86.456,1443.946,-5.725,1.825,60.55,0.0028,9,Right,56.05,-1,-1,UNKNOWN,None
127.397,86.471,1444.086,-5.725,1.825,60.51,0.0028,9,Right,55.91,-1,-1,UNKNOWN,None
127.432,86.488,1444.524,-5.726,1.824,60.38,0.0028,9,Right,55.48,-1,-1,UNKNOWN,None
127.452,86.508,1444.863,-5.727,1.823,60.27,0.0028,9,Right,55.14,-1,-1,UNKNOWN,None
127.461,86.519,1445.021,-5.727,1.823,60.23,0.0028,9,Right,54.98,-1,-1,UNKNOWN,None
127.461,86.536,1445.19,-5.727,1.823,60.17,0.0028,9,Right,54.81,-1,-1,UNKNOWN,None
127.488,86.553,1445.614,-5.728,1.822,60.04,0.0028,9,Right,54.39,-1,-1,UNKNOWN,None
127.505,86.568,1445.891,-5.728,1.822,59.95,0.0028,9,Right,54.11,-1,-1,UNKNOWN,None
127.522,86.584,1446.175,-5.728,1.822,59.85,0.0028,9,Right,53.82,-1,-1,UNKNOWN,None
127.539,86.6,1446.452,-5.728,1.822,59.75,0.0028,9,Right,53.55,-1,-1,UNKNOWN,None
127.547,86.616,1446.651,-5.728,1.822,59.69,0.0028,9,Right,53.35,-1,-1,UNKNOWN,None
127.559,86.632,1446.974,-5.728,1.822,59.59,0.0028,9,Right,53.03,-1,-1,UNKNOWN,None
127.579,86.648,1447.116,-5.728,1.822,59.56,0.0028,9,Right,52.88,-1,-1,UNKNOWN,None
127.606,86.664,1447.427,-5.728,1.822,59.49,0.0028,9,Right,52.57,-1,-1,UNKNOWN,None
127.606,86.679,1447.564,-5.728,1.822,59.46,0.0028,9,Right,52.44,-1,-1,UNKNOWN,None
127.623,86.696,1447.839,-5.727,1.823,59.42,0.0028,9,Right,52.16,-1,-1,UNKNOWN,None
127.656,86.712,1448.256,-5.727,1.823,59.4,0.0028,9,Right,51.74,-1,-1,UNKNOWN,None
127.673,86.728,1448.531,-5.726,1.824,59.41,0.0028,9,Right,51.47,-1,-1,UNKNOWN,None
127.682,86.744,1448.818,-5.726,1.824,59.45,0.0028,9,Right,51.18,-1,-1,UNKNOWN,None
127.69,86.76,1448.963,-5.725,1.825,59.48,0.0028,9,Right,51.04,-1,-1,UNKNOWN,None
127.718,86.776,1449.267,-5.725,1.825,59.56,0.0028,9,Right,50.73,-1,-1,UNKNOWN,None
127.734,86.792,1449.544,-5.724,1.826,59.65,0.0028,9,Right,50.46,-1,-1,UNKNOWN,None
127.734,86.809,1449.682,-5.723,1.827,59.71,0.0028,9,Right,50.32,-1,-1,UNKNOWN,None
127.751,86.825,1449.965,-5.722,1.828,59.83,0.0028,9,Right,50.03,-1,-1,UNKNOWN,None
127.776,86.841,1450.386,-5.721,1.829,60.02,0.0028,9,Right,49.61,-1,-1,UNKNOWN,None
127.802,86.857,1450.669,-5.72,1.83,60.17,0.0028,9,Right,49.33,-1,-1,UNKNOWN,None
127.81,86.873,1450.949,-5.719,1.831,60.31,0.0028,9,Right,49.05,-1,-1,UNKNOWN,None
127.827,86.888,1451.228,-5.717,1.833,60.44,0.0028,9,Right,48.77,-1,-1,UNKNOWN,None
127.844,86.905,1451.514,-5.716,1.834,60.56,0.0028,9,Right,48.49,-1,-1,UNKNOWN,None
127.861,86.921,1451.654,-5.715,1.835,60.61,0.0028,9,Right,48.35,-1,-1,UNKNOWN,None
127.877,86.937,1451.935,-5.714,1.836,60.7,0.0028,9,Right,48.06,-1,-1,UNKNOWN,None
127.894,86.953,1452.217,-5.712,1.838,60.77,0.0028,9,Right,47.78,-1,-1,UNKNOWN,None
127.911,86.969,1452.498,-5.71,1.84,60.81,0.0028,9,Right,47.5,-1,-1,UNKNOWN,None
127.927,86.985,1452.78,-5.709,1.841,60.83,0.0028,9,Right,47.22,-1,-1,UNKNOWN,None
127.927,87.001,1452.92,-5.708,1.842,60.83,0.0028,9,Right,47.08,-1,-1,UNKNOWN,None
127.961,87.017,1453.343,-5.705,1.845,60.81,0.0028,9,Right,46.66,-1,-1,UNKNOWN,None
127.97,87.031,1453.498,-5.704,1.846,60.79,0.0028,9,Right,46.5,-1,-1,UNKNOWN,None
127.983,87.049,1453.866,-5.701,1.849,60.73,0.0028,9,Right,46.13,-1,-1,UNKNOWN,None
128.008,87.065,1454.147,-5.699,1.851,60.67,0.0028,9,Right,45.85,-1,-1,UNKNOWN,None
128.008,87.081,1454.29,-5.698,1.852,60.63,0.0028,9,Right,45.71,-1,-1,UNKNOWN,None
128.042,87.097,1454.722,-5.695,1.855,60.52,0.0028,9,Right,45.28,-1,-1,UNKNOWN,None
128.042,87.113,1454.915,-5.693,1.857,60.46,0.0028,9,Right,45.09,-1,-1,UNKNOWN,None
128.073,87.129,1455.234,-5.69,1.86,60.36,0.0028,9,Right,44.77,-1,-1,UNKNOWN,None
128.083,87.145,1455.535,-5.688,1.862,60.26,0.0028,9,Right,44.47,-1,-1,UNKNOWN,None
128.091,87.161,1455.679,-5.686,1.864,60.21,0.0028,9,Right,44.32,-1,-1,UNKNOWN,None
128.117,87.177,1455.978,-5.684,1.866,60.11,0.0028,9,Right,44.02,-1,-1,UNKNOWN,None
128.117,87.193,1456.135,-5.682,1.868,60.05,0.0028,9,Right,43.86,-1,-1,UNKNOWN,None
128.143,87.209,1456.551,-5.678,1.872,59.9,0.0028,9,Right,43.45,-1,-1,UNKNOWN,None
128.152,87.225,1456.69,-5.677,1.873,59.85,0.0028,9,Right,43.31,-1,-1,UNKNOWN,None
128.185,87.241,1457.105,-5.672,1.878,59.7,0.0028,9,Right,42.9,-1,-1,UNKNOWN,None
128.193,87.256,1457.412,-5.669,1.881,59.59,0.0028,9,Right,42.59,-1,-1,UNKNOWN,None
128.212,87.273,1457.688,-5.666,1.884,59.51,0.0028,9,Right,42.31,-1,-1,UNKNOWN,None
128.22,87.289,1457.826,-5.664,1.886,59.47,0.0028,9,Right,42.17,-1,-1,UNKNOWN,None
128.246,87.305,1458.11,-5.661,1.889,59.41,0.0028,9,Right,41.89,-1,-1,UNKNOWN,None
128.263,87.321,1458.385,-5.658,1.892,59.36,0.0028,9,Right,41.61,-1,-1,UNKNOWN,None
128.279,87.336,1458.66,-5.655,1.895,59.33,0.0028,9,Right,41.34,-1,-1,UNKNOWN,None
128.296,87.352,1458.935,-5.651,1.899,59.32,0.0028,9,Right,41.07,-1,-1,UNKNOWN,None
128.313,87.368,1459.209,-5.648,1.902,59.33,0.0028,9,Right,40.79,-1,-1,UNKNOWN,None
128.329,87.384,1459.484,-5.644,1.906,59.37,0.0028,9,Right,40.52,-1,-1,UNKNOWN,None
128.329,87.4,1459.641,-5.642,1.908,59.4,0.0028,9,Right,40.36,-1,-1,UNKNOWN,None
128.347,87.416,1459.924,-5.638,1.912,59.48,0.0028,9,Right,40.08,-1,-1,UNKNOWN,None
128.373,87.432,1460.2,-5.635,1.915,59.57,0.0028,9,Right,39.8,-1,-1,UNKNOWN,None
128.389,87.448,1460.476,-5.631,1.919,59.67,0.0028,9,Right,39.52,-1,-1,UNKNOWN,None
128.406,87.464,1460.753,-5.627,1.923,59.8,0.0028,9,Right,39.25,-1,-1,UNKNOWN,None
128.414,87.48,1461.031,-5.623,1.927,59.93,0.0028,9,Right,38.97,-1,-1,UNKNOWN,None
128.431,87.495,1461.309,-5.619,1.931,60.07,0.0028,9,Right,38.69,-1,-1,UNKNOWN,None
128.456,87.512,1461.588,-5.614,1.936,60.22,0.0028,9,Right,38.41,-1,-1,UNKNOWN,None
128.465,87.528,1461.884,-5.61,1.94,60.38,0.0028,9,Right,38.12,-1,-1,UNKNOWN,None
128.474,87.543,1462.059,-5.607,1.943,60.47,0.0028,9,Right,37.94,-1,-1,UNKNOWN,None
128.501,87.56,1462.339,-5.603,1.947,60.6,0.0028,9,Right,37.66,-1,-1,UNKNOWN,None
128.517,87.575,1462.62,-5.598,1.952,60.72,0.0028,9,Right,37.38,-1,-1,UNKNOWN,None
128.517,87.591,1462.761,-5.596,1.954,60.77,0.0028,9,Right,37.24,-1,-1,UNKNOWN,None
128.534,87.607,1463.045,-5.591,1.959,60.88,0.0028,9,Right,36.95,-1,-1,UNKNOWN,None
128.551,87.624,1463.327,-5.586,1.964,60.97,0.0028,9,Right,36.67,-1,-1,UNKNOWN,None
128.576,87.64,1463.762,-5.579,1.971,61.07,0.0028,9,Right,36.24,-1,-1,UNKNOWN,None
128.597,87.656,1463.974,-5.575,1.975,61.1,0.0028,9,Right,36.03,-1,-1,UNKNOWN,None
128.614,87.672,1464.26,-5.57,1.98,61.11,0.0028,9,Right,35.74,-1,-1,UNKNOWN,None
128.614,87.688,1464.402,-5.568,1.982,61.11,0.0028,9,Right,35.6,-1,-1,UNKNOWN,None
128.639,87.704,1464.826,-5.56,1.99,61.07,0.0028,9,Right,35.17,-1,-1,UNKNOWN,None
128.664,87.72,1465.108,-5.555,1.995,61.03,0.0028,9,Right,34.89,-1,-1,UNKNOWN,None
128.681,87.736,1465.391,-5.549,2.001,60.98,0.0028,9,Right,34.61,-1,-1,UNKNOWN,None
128.698,87.75,1465.673,-5.544,2.006,60.92,0.0028,9,Right,34.33,-1,-1,UNKNOWN,None
128.706,87.768,1465.954,-5.539,2.011,60.85,0.0028,9,Right,34.05,-1,-1,UNKNOWN,None
128.714,87.783,1466.102,-5.536,2.014,60.81,0.0028,9,Right,33.9,-1,-1,UNKNOWN,None
128.748,87.801,1466.523,-5.527,2.023,60.69,0.0028,9,Right,33.48,-1,-1,UNKNOWN,None
128.756,87.817,1466.664,-5.525,2.025,60.65,0.0028,9,Right,33.34,-1,-1,UNKNOWN,None
128.765,87.833,1466.944,-5.519,2.031,60.55,0.0028,9,Right,33.06,-1,-1,UNKNOWN,None
128.79,87.849,1467.234,-5.513,2.037,60.46,0.0028,9,Right,32.77,-1,-1,UNKNOWN,None
128.808,87.865,1467.524,-5.507,2.043,60.36,0.0028,9,Right,32.48,-1,-1,UNKNOWN,None
128.826,87.881,1467.832,-5.5,2.05,60.24,0.0028,9,Right,32.17,-1,-1,UNKNOWN,None
128.835,87.897,1468.115,-5.494,2.056,60.14,0.0028,9,Right,31.89,-1,-1,UNKNOWN,None
128.843,87.912,1468.274,-5.491,2.059,60.08,0.0028,9,Right,31.73,-1,-1,UNKNOWN,None
128.87,87.928,1468.573,-5.484,2.066,59.97,0.0028,9,Right,31.43,-1,-1,UNKNOWN,None
128.879,87.945,1468.85,-5.478,2.072,59.87,0.0028,9,Right,31.15,-1,-1,UNKNOWN,None
128.895,87.96,1469.127,-5.472,2.078,59.77,0.0028,9,Right,30.87,-1,-1,UNKNOWN,None
128.912,87.977,1469.403,-5.465,2.085,59.67,0.0028,9,Right,30.6,-1,-1,UNKNOWN,None
128.938,87.993,1469.693,-5.459,2.091,59.58,0.0028,9,Right,30.31,-1,-1,UNKNOWN,None
128.938,88.008,1469.854,-5.455,2.095,59.54,0.0028,9,Right,30.15,-1,-1,UNKNOWN,None
128.957,88.025,1470.009,-5.451,2.099,59.5,0.0028,9,Right,29.99,-1,-1,UNKNOWN,None
128.982,88.041,1470.418,-5.441,2.109,59.43,0.0028,9,Right,29.58,-1,-1,UNKNOWN,None
128.998,88.057,1470.693,-5.435,2.115,59.4,0.0028,9,Right,29.31,-1,-1,UNKNOWN,None
129.007,88.072,1470.968,-5.428,2.122,59.39,0.0028,9,Right,29.03,-1,-1,UNKNOWN,None
129.023,88.089,1471.243,-5.421,2.129,59.4,0.0028,9,Right,28.76,-1,-1,UNKNOWN,None
129.048,88.105,1471.518,-5.414,2.136,59.44,0.0028,9,Right,28.48,-1,-1,UNKNOWN,None
129.065,88.121,1471.794,-5.407,2.143,59.5,0.0028,9,Right,28.21,-1,-1,UNKNOWN,None
129.082,88.137,1472.069,-5.4,2.15,59.58,0.0028,9,Right,27.93,-1,-1,UNKNOWN,None
129.098,88.153,1472.346,-5.393,2.157,59.68,0.0028,9,Right,27.65,-1,-1,UNKNOWN,None
129.098,88.169,1472.525,-5.388,2.162,59.75,0.0025,9,Right,27.47,-1,-1,UNKNOWN,None
129.126,88.185,1472.802,-5.381,2.169,59.87,0.0021,9,Right,27.2,-1,-1,UNKNOWN,None
129.135,88.201,1473.093,-5.373,2.177,60.01,0.0017,9,Right,26.91,-1,-1,UNKNOWN,None
129.143,88.217,1473.232,-5.37,2.18,60.08,0.0017,9,Right,26.77,-1,-1,UNKNOWN,None
129.178,88.233,1473.67,-5.358,2.192,60.31,0.0017,9,Right,26.33,-1,-1,UNKNOWN,None
129.187,88.249,1473.962,-5.35,2.2,60.45,0.0017,9,Right,26.04,-1,-1,UNKNOWN,None
129.204,88.265,1474.244,-5.342,2.208,60.56,0.0017,9,Right,25.76,-1,-1,UNKNOWN,None
129.232,88.287,1474.575,-5.333,2.217,60.66,0.0017,9,Right,25.43,-1,-1,UNKNOWN,None
129.232,88.295,1474.575,-5.333,2.217,60.66,0.0017,9,Right,25.43,-1,-1,UNKNOWN,None
129.26,88.313,1475.047,-5.32,2.23,60.75,0.0017,9,Right,24.95,-1,-1,UNKNOWN,None
129.268,88.327,1475.19,-5.316,2.234,60.76,0.0017,9,Right,24.81,-1,-1,UNKNOWN,None
129.286,88.344,1475.483,-5.308,2.242,60.77,0.0017,9,Right,24.52,-1,-1,UNKNOWN,None
129.303,88.36,1475.769,-5.3,2.25,60.75,0.0017,9,Right,24.23,-1,-1,UNKNOWN,None
129.311,88.376,1476.05,-5.292,2.258,60.72,0.0017,9,Right,23.95,-1,-1,UNKNOWN,None
129.336,88.392,1476.331,-5.283,2.267,60.67,0.0017,9,Right,23.67,-1,-1,UNKNOWN,None
129.345,88.408,1476.643,-5.275,2.275,60.61,-0.0098,9,Right,23.36,-1,-1,UNKNOWN,None
129.364,88.424,1476.807,-5.27,2.28,60.57,-0.0098,9,Right,23.19,-1,-1,UNKNOWN,None
129.377,88.438,1477.018,-5.264,2.286,60.52,-0.0098,9,Right,22.98,-1,-1,UNKNOWN,None
129.377,88.456,1477.218,-5.259,2.291,60.46,-0.0098,9,Right,22.78,-1,-1,UNKNOWN,None
129.397,88.472,1477.497,-5.251,2.299,60.39,-0.0098,9,Right,22.5,-1,-1,UNKNOWN,None
129.415,88.487,1477.862,-5.242,2.308,60.27,-0.0098,9,Right,22.14,-1,-1,UNKNOWN,None
129.445,88.504,1478.166,-5.234,2.316,60.17,-0.0098,9,Right,21.83,-1,-1,UNKNOWN,None
129.454,88.519,1478.454,-5.227,2.323,60.07,-0.0098,9,Right,21.55,-1,-1,UNKNOWN,None
129.471,88.535,1478.731,-5.22,2.33,59.97,-0.0098,9,Right,21.27,-1,-1,UNKNOWN,None
129.489,88.551,1479.027,-5.213,2.337,59.87,-0.0098,9,Right,20.97,-1,-1,UNKNOWN,None
129.505,88.568,1479.308,-5.206,2.344,59.77,-0.0098,9,Right,20.69,-1,-1,UNKNOWN,None
129.524,88.584,1479.482,-5.202,2.348,59.71,-0.0098,9,Right,20.52,-1,-1,UNKNOWN,None
129.544,88.6,1479.805,-5.195,2.355,59.61,-0.0098,9,Right,20.19,-1,-1,UNKNOWN,None
129.561,88.616,1480.085,-5.189,2.361,59.53,-0.0098,9,Right,19.91,-1,-1,UNKNOWN,None
129.569,88.632,1480.361,-5.183,2.367,59.47,-0.0098,9,Right,19.64,-1,-1,UNKNOWN,None
129.577,88.646,1480.605,-5.178,2.372,59.44,-0.0098,9,Right,19.39,-1,-1,UNKNOWN,None
129.609,88.664,1480.88,-5.172,2.378,59.41,-0.0098,9,Right,19.12,-1,-1,UNKNOWN,None
129.626,88.68,1481.155,-5.167,2.383,59.4,-0.0098,9,Right,18.84,-1,-1,UNKNOWN,None
129.634,88.696,1481.43,-5.162,2.388,59.42,-0.0098,9,Right,18.57,-1,-1,UNKNOWN,None
129.651,88.712,1481.705,-5.157,2.393,59.46,-0.0098,9,Right,18.29,-1,-1,UNKNOWN,None
129.659,88.728,1481.843,-5.155,2.395,59.49,-0.0098,9,Right,18.16,-1,-1,UNKNOWN,None
129.676,88.744,1482.119,-5.151,2.399,59.56,-0.0098,9,Right,17.88,-1,-1,UNKNOWN,None
129.701,88.76,1482.395,-5.146,2.404,59.65,-0.0098,9,Right,17.61,-1,-1,UNKNOWN,None
129.709,88.776,1482.675,-5.142,2.408,59.76,-0.0098,9,Right,17.32,-1,-1,UNKNOWN,None
129.718,88.792,1482.814,-5.14,2.41,59.82,-0.0098,9,Right,17.19,-1,-1,UNKNOWN,None
129.744,88.809,1483.295,-5.134,2.416,60.05,-0.0098,9,Right,16.7,-1,-1,UNKNOWN,None
129.763,88.825,1483.577,-5.131,2.419,60.2,-0.0098,9,Right,16.42,-1,-1,UNKNOWN,None
129.772,88.841,1483.749,-5.129,2.421,60.29,-0.0098,9,Right,16.25,-1,-1,UNKNOWN,None
129.801,88.857,1484.075,-5.126,2.424,60.45,-0.0098,9,Right,15.93,-1,-1,UNKNOWN,None
129.81,88.872,1484.215,-5.125,2.425,60.51,-0.0098,9,Right,15.79,-1,-1,UNKNOWN,None
129.822,88.889,1484.566,-5.122,2.428,60.65,-0.0098,9,Right,15.43,-1,-1,UNKNOWN,None
129.831,88.905,1484.75,-5.12,2.43,60.7,-0.0098,9,Right,15.25,-1,-1,UNKNOWN,None
129.866,88.921,1485.172,-5.117,2.433,60.78,-0.0098,9,Right,14.83,-1,-1,UNKNOWN,None
129.875,88.937,1485.454,-5.116,2.434,60.8,-0.0098,9,Right,14.55,-1,-1,UNKNOWN,None
129.891,88.953,1485.735,-5.115,2.435,60.8,-0.0098,9,Right,14.26,-1,-1,UNKNOWN,None
129.91,88.969,1485.901,-5.114,2.436,60.79,-0.0098,9,Right,14.1,-1,-1,UNKNOWN,None
129.926,88.985,1486.183,-5.113,2.437,60.76,-0.0098,9,Right,13.82,-1,-1,UNKNOWN,None
129.945,89.001,1486.495,-5.113,2.437,60.71,-0.0098,9,Right,13.51,-1,-1,UNKNOWN,None
129.962,89.017,1486.791,-5.112,2.438,60.65,-0.0098,9,Right,13.21,-1,-1,UNKNOWN,None
129.962,89.033,1486.99,-5.112,2.438,60.6,-0.0098,9,Right,13.01,-1,-1,UNKNOWN,None
129.982,89.049,1487.271,-5.113,2.437,60.53,-0.0098,9,Right,12.73,-1,-1,UNKNOWN,None
130.009,89.065,1487.577,-5.113,2.437,60.44,-0.0098,9,Right,12.42,-1,-1,UNKNOWN,None
130.026,89.081,1487.856,-5.114,2.436,60.36,-0.0098,9,Right,12.14,-1,-1,UNKNOWN,None
130.042,89.097,1488.135,-5.115,2.435,60.27,-0.0098,9,Right,11.86,-1,-1,UNKNOWN,None
130.052,89.113,1488.301,-5.116,2.434,60.22,-0.0098,9,Right,11.7,-1,-1,UNKNOWN,None
130.07,89.129,1488.588,-5.118,2.432,60.12,-0.0095,9,Right,11.41,-1,-1,UNKNOWN,None
130.088,89.145,1488.888,-5.119,2.431,60.02,-0.0095,9,Right,11.11,-1,-1,UNKNOWN,None
130.104,89.161,1489.166,-5.122,2.428,59.92,-0.0095,9,Right,10.83,-1,-1,UNKNOWN,None
130.121,89.177,1489.443,-5.124,2.426,59.82,-0.0084,9,Right,10.56,-1,-1,UNKNOWN,None
130.138,89.193,1489.719,-5.126,2.424,59.72,-0.0079,9,Right,10.28,-1,-1,UNKNOWN,None
130.154,89.208,1489.995,-5.129,2.421,59.63,-0.0078,9,Right,10.0,-1,-1,UNKNOWN,None
130.163,89.225,1490.271,-5.132,2.418,59.55,-0.0072,9,Right,9.73,-1,-1,UNKNOWN,None
130.179,89.241,1490.41,-5.134,2.416,59.51,-0.0068,9,Right,9.59,-1,-1,UNKNOWN,None
130.2,89.257,1490.761,-5.138,2.412,59.43,-0.0063,9,Right,9.24,-1,-1,UNKNOWN,None
130.217,89.273,1491.036,-5.142,2.408,59.39,-0.0053,9,Right,8.96,-1,-1,UNKNOWN,None
130.234,89.289,1491.311,-5.146,2.404,59.36,-0.0047,9,Right,8.69,-1,-1,UNKNOWN,None
130.25,89.305,1491.585,-5.15,2.4,59.36,-0.0037,9,Right,8.41,-1,-1,UNKNOWN,None
130.259,89.321,1491.86,-5.154,2.396,59.37,-0.0033,9,Right,8.14,-1,-1,UNKNOWN,None
130.267,89.336,1491.998,-5.156,2.394,59.39,-0.0027,9,Right,8.0,-1,-1,UNKNOWN,None
130.284,89.351,1492.273,-5.161,2.389,59.44,-0.0024,9,Right,7.73,-1,-1,UNKNOWN,None
130.292,89.368,1492.41,-5.163,2.387,59.48,-0.0018,9,Right,7.59,-1,-1,UNKNOWN,None
130.326,89.384,1492.841,-5.17,2.38,59.62,-0.0017,9,Right,7.16,-1,-1,UNKNOWN,None
130.326,89.4,1492.979,-5.173,2.377,59.67,-0.0014,9,Right,7.02,-1,-1,UNKNOWN,None
130.36,89.416,1493.394,-5.18,2.37,59.85,-0.0014,9,Right,6.61,-1,-1,UNKNOWN,None
130.37,89.432,1493.696,-5.186,2.364,59.99,-0.0014,9,Right,6.3,-1,-1,UNKNOWN,None
130.378,89.447,1493.865,-5.189,2.361,60.08,-0.0014,9,Right,6.14,-1,-1,UNKNOWN,None
130.406,89.464,1494.162,-5.194,2.356,60.24,-0.0014,9,Right,5.84,-1,-1,UNKNOWN,None
130.406,89.479,1494.302,-5.197,2.353,60.31,-0.0014,9,Right,5.7,-1,-1,UNKNOWN,None
130.423,89.495,1494.581,-5.203,2.347,60.46,-0.0014,9,Right,5.42,-1,-1,UNKNOWN,None
130.448,89.512,1495.002,-5.211,2.339,60.64,-0.0014,9,Right,5.0,-1,-1,UNKNOWN,None
130.473,89.528,1495.283,-5.217,2.333,60.73,-0.0014,9,Right,4.72,-1,-1,UNKNOWN,None
130.489,89.544,1495.565,-5.223,2.327,60.8,-0.0014,9,Right,4.44,-1,-1,UNKNOWN,None
130.498,89.56,1495.856,-5.229,2.321,60.85,-0.0014,9,Right,4.14,-1,-1,UNKNOWN,None
130.523,89.576,1496.138,-5.235,2.315,60.88,-0.0014,9,Right,3.86,-1,-1,UNKNOWN,None
130.531,89.592,1496.279,-5.238,2.312,60.88,-0.0014,9,Right,3.72,-1,-1,UNKNOWN,None
130.548,89.609,1496.701,-5.248,2.302,60.88,-0.0014,9,Right,3.3,-1,-1,UNKNOWN,None
130.556,89.625,1496.842,-5.251,2.299,60.86,-0.0014,9,Right,3.16,-1,-1,UNKNOWN,None
130.573,89.641,1497.124,-5.257,2.293,60.83,-0.0014,9,Right,2.88,-1,-1,UNKNOWN,None
130.598,89.657,1497.405,-5.264,2.286,60.78,-0.0014,9,Right,2.59,-1,-1,UNKNOWN,None
130.615,89.673,1497.686,-5.27,2.28,60.72,-0.0014,9,Right,2.31,-1,-1,UNKNOWN,None
130.629,89.689,1497.919,-5.275,2.275,60.66,-0.0014,9,Right,2.08,-1,-1,UNKNOWN,None
130.649,89.705,1498.255,-5.283,2.267,60.58,-0.0014,9,Right,1.74,-1,-1,UNKNOWN,None
130.657,89.721,1498.542,-5.29,2.26,60.49,-0.0014,9,Right,1.46,-1,-1,UNKNOWN,None
130.674,89.737,1498.822,-5.297,2.253,60.41,-0.0014,9,Right,1.18,-1,-1,UNKNOWN,None
130.691,89.753,1498.964,-5.3,2.25,60.36,-0.0014,9,Right,1.04,-1,-1,UNKNOWN,None
130.71,89.769,1499.288,-5.308,2.242,60.26,-0.0014,9,Right,0.71,-1,-1,UNKNOWN,None
130.71,89.785,1499.444,-5.312,2.238,60.2,-0.0014,9,Right,0.56,-1,-1,UNKNOWN,None
130.719,89.802,1499.632,-5.316,2.234,60.14,-0.0014,9,Right,0.37,-1,-1,UNKNOWN,None
130.75,89.818,1500.088,-5.328,2.222,59.98,-0.0014,10,Middle,149.91,-1,-1,UNKNOWN,None
130.775,89.834,1500.366,-5.335,2.215,59.88,-0.0014,10,Middle,149.63,-1,-1,UNKNOWN,None
130.791,89.85,1500.642,-5.341,2.209,59.78,-0.0014,10,Middle,149.36,-1,-1,UNKNOWN,None
130.808,89.866,1500.919,-5.348,2.202,59.69,-0.0014,10,Middle,149.08,-1,-1,UNKNOWN,None
130.827,89.882,1501.232,-5.356,2.194,59.61,-0.0014,10,Middle,148.77,-1,-1,UNKNOWN,None
130.844,89.898,1501.507,-5.363,2.187,59.54,-0.0014,10,Middle,148.49,-1,-1,UNKNOWN,None
130.844,89.914,1501.657,-5.367,2.183,59.52,-0.0014,10,Middle,148.34,-1,-1,UNKNOWN,None
130.876,89.93,1502.036,-5.377,2.173,59.47,-0.0014,10,Middle,147.96,-1,-1,UNKNOWN,None
130.884,89.946,1502.312,-5.384,2.166,59.46,-0.0014,10,Middle,147.69,-1,-1,UNKNOWN,None
130.892,89.962,1502.449,-5.388,2.162,59.46,-0.0012,10,Middle,147.55,-1,-1,UNKNOWN,None
130.909,89.978,1502.736,-5.395,2.155,59.48,-0.0009,10,Middle,147.26,-1,-1,UNKNOWN,None
130.935,89.994,1503.017,-5.403,2.147,59.53,-0.0008,10,Middle,146.98,-1,-1,UNKNOWN,None
130.952,90.01,1503.293,-5.41,2.14,59.61,-0.0005,10,Middle,146.71,-1,-1,UNKNOWN,None
130.952,90.026,1503.431,-5.414,2.136,59.65,-0.0001,10,Middle,146.57,-1,-1,UNKNOWN,None
130.977,90.042,1503.845,-5.425,2.125,59.8,0.0005,10,Middle,146.15,-1,-1,UNKNOWN,None
130.985,90.058,1503.984,-5.428,2.122,59.86,0.0014,10,Middle,146.02,-1,-1,UNKNOWN,None
131.01,90.072,1504.262,-5.436,2.114,59.98,0.0021,10,Middle,145.74,-1,-1,UNKNOWN,None
131.025,90.09,1504.654,-5.446,2.104,60.18,0.0028,10,Middle,145.35,-1,-1,UNKNOWN,None
131.05,90.106,1504.933,-5.453,2.097,60.33,0.0037,10,Middle,145.07,-1,-1,UNKNOWN,None
131.067,90.122,1505.213,-5.461,2.089,60.49,0.0037,10,Middle,144.79,-1,-1,UNKNOWN,None
131.075,90.138,1505.494,-5.468,2.082,60.64,0.0049,10,Middle,144.51,-1,-1,UNKNOWN,None
131.092,90.154,1505.776,-5.475,2.075,60.8,0.0049,10,Middle,144.22,-1,-1,UNKNOWN,None
131.1,90.17,1505.971,-5.48,2.07,60.91,0.0049,10,Middle,144.03,-1,-1,UNKNOWN,None
131.112,90.186,1506.112,-5.484,2.066,60.98,0.0049,10,Middle,143.89,-1,-1,UNKNOWN,None
131.129,90.202,1506.395,-5.491,2.059,61.11,0.0065,10,Middle,143.6,-1,-1,UNKNOWN,None
131.145,90.218,1506.678,-5.498,2.052,61.23,0.0065,10,Middle,143.32,-1,-1,UNKNOWN,None
131.179,90.234,1507.104,-5.508,2.042,61.38,0.0065,10,Middle,142.9,-1,-1,UNKNOWN,None
131.187,90.25,1507.389,-5.515,2.035,61.46,0.0065,10,Middle,142.61,-1,-1,UNKNOWN,None
131.204,90.266,1507.677,-5.522,2.028,61.5,0.0065,10,Middle,142.32,-1,-1,UNKNOWN,None
131.22,90.282,1507.961,-5.528,2.022,61.51,0.0065,10,Middle,142.04,-1,-1,UNKNOWN,None
131.229,90.298,1508.104,-5.532,2.018,61.51,0.0065,10,Middle,141.9,-1,-1,UNKNOWN,None
131.254,90.314,1508.395,-5.538,2.012,61.5,0.0065,10,Middle,141.6,-1,-1,UNKNOWN,None
131.271,90.329,1508.685,-5.544,2.006,61.46,0.0065,10,Middle,141.32,-1,-1,UNKNOWN,None
131.271,90.345,1508.827,-5.548,2.002,61.44,0.0068,10,Middle,141.17,-1,-1,UNKNOWN,None
131.288,90.36,1509.111,-5.554,1.996,61.39,0.0068,10,Middle,140.89,-1,-1,UNKNOWN,None
131.321,90.377,1509.537,-5.562,1.988,61.31,0.0068,10,Middle,140.46,-1,-1,UNKNOWN,None
131.338,90.393,1509.821,-5.568,1.982,61.25,0.0068,10,Middle,140.18,-1,-1,UNKNOWN,None
131.347,90.409,1510.117,-5.574,1.976,61.19,0.0068,10,Middle,139.88,-1,-1,UNKNOWN,None
131.364,90.425,1510.4,-5.579,1.971,61.12,0.0068,10,Middle,139.6,-1,-1,UNKNOWN,None
131.38,90.441,1510.541,-5.582,1.968,61.08,0.0068,10,Middle,139.46,-1,-1,UNKNOWN,None
131.389,90.457,1510.826,-5.587,1.963,61.0,0.0068,10,Middle,139.17,-1,-1,UNKNOWN,None
131.414,90.473,1511.108,-5.592,1.958,60.92,0.0068,10,Middle,138.89,-1,-1,UNKNOWN,None
131.43,90.489,1511.389,-5.596,1.954,60.83,0.0068,10,Middle,138.61,-1,-1,UNKNOWN,None
131.447,90.505,1511.67,-5.601,1.949,60.73,0.0068,10,Middle,138.33,-1,-1,UNKNOWN,None
131.447,90.52,1511.811,-5.603,1.947,60.68,0.0068,10,Middle,138.19,-1,-1,UNKNOWN,None
131.48,90.537,1512.232,-5.609,1.941,60.53,0.0068,10,Middle,137.77,-1,-1,UNKNOWN,None
131.497,90.553,1512.511,-5.613,1.937,60.43,0.0068,10,Middle,137.49,-1,-1,UNKNOWN,None
131.514,90.568,1512.791,-5.617,1.933,60.32,0.0068,10,Middle,137.21,-1,-1,UNKNOWN,None
131.53,90.583,1513.07,-5.621,1.929,60.22,0.0068,10,Middle,136.93,-1,-1,UNKNOWN,None
131.53,90.601,1513.209,-5.623,1.927,60.16,0.0068,10,Middle,136.79,-1,-1,UNKNOWN,None
131.555,90.617,1513.631,-5.628,1.922,60.0,0.0068,10,Middle,136.37,-1,-1,UNKNOWN,None
131.564,90.633,1513.77,-5.629,1.921,59.94,0.0069,10,Middle,136.23,-1,-1,UNKNOWN,None
131.59,90.649,1514.059,-5.632,1.918,59.83,0.0069,10,Middle,135.94,-1,-1,UNKNOWN,None
131.607,90.665,1514.342,-5.635,1.915,59.73,0.0072,10,Middle,135.66,-1,-1,UNKNOWN,None
131.607,90.681,1514.48,-5.636,1.914,59.68,0.0075,10,Middle,135.52,-1,-1,UNKNOWN,None
131.632,90.695,1514.9,-5.64,1.91,59.55,0.0079,10,Middle,135.1,-1,-1,UNKNOWN,None
131.658,90.713,1515.192,-5.642,1.908,59.48,0.0084,10,Middle,134.81,-1,-1,UNKNOWN,None
131.666,90.729,1515.468,-5.644,1.906,59.43,0.0088,10,Middle,134.53,-1,-1,UNKNOWN,None
131.683,90.745,1515.743,-5.646,1.904,59.4,0.0095,10,Middle,134.26,-1,-1,UNKNOWN,None
131.691,90.761,1515.88,-5.646,1.904,59.39,0.0104,10,Middle,134.12,-1,-1,UNKNOWN,None
131.708,90.777,1516.155,-5.648,1.902,59.39,0.0111,10,Middle,133.84,-1,-1,UNKNOWN,None
131.725,90.793,1516.43,-5.649,1.901,59.41,0.012,10,Middle,133.57,-1,-1,UNKNOWN,None
131.741,90.81,1516.706,-5.649,1.901,59.46,0.013,10,Middle,133.29,-1,-1,UNKNOWN,None
131.766,90.826,1516.981,-5.65,1.9,59.53,0.0136,10,Middle,133.02,-1,-1,UNKNOWN,None
131.783,90.842,1517.257,-5.65,1.9,59.62,0.0143,10,Middle,132.74,-1,-1,UNKNOWN,None
131.791,90.858,1517.536,-5.649,1.901,59.72,0.0148,10,Middle,132.46,-1,-1,UNKNOWN,None
131.819,90.874,1517.844,-5.649,1.901,59.86,0.0152,10,Middle,132.16,-1,-1,UNKNOWN,None
131.828,90.89,1518.138,-5.648,1.902,60.0,0.0152,10,Middle,131.86,-1,-1,UNKNOWN,None
131.844,90.906,1518.417,-5.647,1.903,60.14,0.0152,10,Middle,131.58,-1,-1,UNKNOWN,None
131.861,90.922,1518.556,-5.646,1.904,60.21,0.0152,10,Middle,131.44,-1,-1,UNKNOWN,None
131.87,90.938,1518.835,-5.644,1.906,60.36,0.0152,10,Middle,131.16,-1,-1,UNKNOWN,None
131.895,90.954,1519.115,-5.642,1.908,60.51,0.0152,10,Middle,130.88,-1,-1,UNKNOWN,None
131.911,90.97,1519.396,-5.639,1.911,60.64,0.0152,10,Middle,130.6,-1,-1,UNKNOWN,None
131.928,90.986,1519.677,-5.637,1.913,60.75,0.0152,10,Middle,130.32,-1,-1,UNKNOWN,None
131.945,91.0,1519.958,-5.633,1.917,60.83,0.0152,10,Middle,130.04,-1,-1,UNKNOWN,None
131.945,91.018,1520.099,-5.632,1.918,60.86,0.0152,10,Middle,129.9,-1,-1,UNKNOWN,None
131.97,91.034,1520.525,-5.626,1.924,60.91,0.0152,10,Middle,129.48,-1,-1,UNKNOWN,None
131.995,91.05,1520.807,-5.621,1.929,60.91,0.0152,10,Middle,129.19,-1,-1,UNKNOWN,None
132.003,91.066,1521.089,-5.617,1.933,60.89,0.0152,10,Middle,128.91,-1,-1,UNKNOWN,None
132.02,91.082,1521.37,-5.611,1.939,60.85,0.0132,10,Middle,128.63,-1,-1,UNKNOWN,None
132.036,91.098,1521.652,-5.606,1.944,60.81,0.012,10,Middle,128.35,-1,-1,UNKNOWN,None
132.053,91.114,1521.798,-5.603,1.947,60.79,0.012,10,Middle,128.2,-1,-1,UNKNOWN,None
132.07,91.13,1522.079,-5.597,1.953,60.73,0.012,10,Middle,127.92,-1,-1,UNKNOWN,None
132.087,91.146,1522.362,-5.591,1.959,60.67,0.012,10,Middle,127.64,-1,-1,UNKNOWN,None
132.103,91.162,1522.643,-5.584,1.966,60.6,0.012,10,Middle,127.36,-1,-1,UNKNOWN,None
132.12,91.178,1522.923,-5.577,1.973,60.52,0.012,10,Middle,127.08,-1,-1,UNKNOWN,None
132.128,91.194,1523.204,-5.569,1.981,60.43,0.012,10,Middle,126.8,-1,-1,UNKNOWN,None
132.145,91.21,1523.484,-5.562,1.988,60.34,0.012,10,Middle,126.52,-1,-1,UNKNOWN,None
132.171,91.226,1523.775,-5.553,1.997,60.24,0.012,10,Middle,126.23,-1,-1,UNKNOWN,None
132.188,91.242,1524.053,-5.545,2.005,60.14,0.012,10,Middle,125.95,-1,-1,UNKNOWN,None
132.196,91.258,1524.335,-5.536,2.014,60.04,0.012,10,Middle,125.67,-1,-1,UNKNOWN,None
132.215,91.274,1524.506,-5.53,2.02,59.98,0.012,10,Middle,125.49,-1,-1,UNKNOWN,None
132.231,91.29,1524.783,-5.521,2.029,59.88,-0.0037,10,Middle,125.22,-1,-1,UNKNOWN,None
132.231,91.306,1524.921,-5.517,2.033,59.83,-0.0052,10,Middle,125.08,-1,-1,UNKNOWN,None
132.248,91.322,1525.198,-5.507,2.043,59.73,-0.0063,10,Middle,124.8,-1,-1,UNKNOWN,None
132.282,91.337,1525.615,-5.493,2.057,59.6,-0.0075,10,Middle,124.38,-1,-1,UNKNOWN,None
132.298,91.353,1525.891,-5.484,2.066,59.53,-0.0084,10,Middle,124.11,-1,-1,UNKNOWN,None
132.307,91.369,1526.166,-5.475,2.075,59.47,-0.0094,10,Middle,123.83,-1,-1,UNKNOWN,None
132.315,91.387,1526.314,-5.47,2.08,59.44,-0.0098,10,Middle,123.69,-1,-1,UNKNOWN,None
132.332,91.4,1526.589,-5.461,2.089,59.41,-0.0102,10,Middle,123.41,-1,-1,UNKNOWN,None
132.349,91.417,1526.865,-5.451,2.099,59.4,-0.0102,10,Middle,123.14,-1,-1,UNKNOWN,None
132.374,91.432,1527.14,-5.442,2.108,59.41,-0.0102,10,Middle,122.86,-1,-1,UNKNOWN,None
132.382,91.449,1527.415,-5.433,2.117,59.45,-0.0102,10,Middle,122.59,-1,-1,UNKNOWN,None
132.399,91.465,1527.69,-5.424,2.126,59.5,-0.0102,10,Middle,122.31,-1,-1,UNKNOWN,None
132.407,91.481,1527.828,-5.419,2.131,59.54,-0.0102,10,Middle,122.17,-1,-1,UNKNOWN,None
132.442,91.497,1528.26,-5.405,2.145,59.69,-0.0098,10,Middle,121.74,-1,-1,UNKNOWN,None
132.458,91.513,1528.536,-5.396,2.154,59.8,-0.0091,10,Middle,121.46,-1,-1,UNKNOWN,None
132.467,91.528,1528.821,-5.387,2.163,59.93,-0.0086,10,Middle,121.18,-1,-1,UNKNOWN,None
132.476,91.545,1528.977,-5.382,2.168,60.0,-0.0084,10,Middle,121.02,-1,-1,UNKNOWN,None
132.502,91.56,1529.258,-5.373,2.177,60.15,-0.0082,10,Middle,120.74,-1,-1,UNKNOWN,None
132.518,91.577,1529.537,-5.364,2.186,60.3,-0.0082,10,Middle,120.46,-1,-1,UNKNOWN,None
132.518,91.593,1529.677,-5.36,2.19,60.37,-0.0082,10,Middle,120.32,-1,-1,UNKNOWN,None
132.535,91.609,1529.957,-5.351,2.199,60.52,-0.0082,10,Middle,120.04,-1,-1,UNKNOWN,None
132.56,91.625,1530.382,-5.338,2.212,60.72,-0.0082,10,Middle,119.62,-1,-1,UNKNOWN,None
132.577,91.64,1530.663,-5.33,2.22,60.85,-0.0082,10,Middle,119.34,-1,-1,UNKNOWN,None
132.602,91.657,1530.946,-5.322,2.228,60.95,-0.0082,10,Middle,119.05,-1,-1,UNKNOWN,None
132.611,91.673,1531.232,-5.314,2.236,61.03,-0.0082,10,Middle,118.77,-1,-1,UNKNOWN,None
132.628,91.689,1531.521,-5.307,2.243,61.09,-0.0082,10,Middle,118.48,-1,-1,UNKNOWN,None
132.636,91.705,1531.677,-5.302,2.248,61.1,-0.0082,10,Middle,118.32,-1,-1,UNKNOWN,None
132.662,91.721,1531.968,-5.295,2.255,61.11,-0.0082,10,Middle,118.03,-1,-1,UNKNOWN,None
132.671,91.737,1532.252,-5.288,2.262,61.1,-0.0082,10,Middle,117.75,-1,-1,UNKNOWN,None
132.687,91.753,1532.535,-5.281,2.269,61.07,-0.0082,10,Middle,117.47,-1,-1,UNKNOWN,None
132.712,91.769,1532.817,-5.274,2.276,61.02,-0.0082,10,Middle,117.18,-1,-1,UNKNOWN,None
132.724,91.785,1533.022,-5.269,2.281,60.98,-0.0082,10,Middle,116.98,-1,-1,UNKNOWN,None
132.733,91.802,1533.309,-5.263,2.287,60.92,-0.0082,10,Middle,116.69,-1,-1,UNKNOWN,None
132.75,91.818,1533.591,-5.257,2.293,60.85,-0.0102,10,Middle,116.41,-1,-1,UNKNOWN,None
132.775,91.833,1533.873,-5.251,2.299,60.77,-0.0102,10,Middle,116.13,-1,-1,UNKNOWN,None
132.775,91.853,1534.078,-5.247,2.303,60.7,-0.0102,10,Middle,115.92,-1,-1,UNKNOWN,None
132.804,91.866,1534.499,-5.239,2.311,60.57,-0.0102,10,Middle,115.5,-1,-1,UNKNOWN,None
132.812,91.883,1534.644,-5.237,2.313,60.52,-0.0102,10,Middle,115.36,-1,-1,UNKNOWN,None
132.837,91.896,1534.924,-5.232,2.318,60.43,-0.0102,10,Middle,115.08,-1,-1,UNKNOWN,None
132.846,91.914,1535.208,-5.227,2.323,60.32,-0.0102,10,Middle,114.79,-1,-1,UNKNOWN,None
132.873,91.93,1535.523,-5.222,2.328,60.21,-0.0102,10,Middle,114.48,-1,-1,UNKNOWN,None
132.89,91.946,1535.81,-5.218,2.332,60.1,-0.0102,10,Middle,114.19,-1,-1,UNKNOWN,None
132.908,91.962,1536.099,-5.215,2.335,59.99,-0.0102,10,Middle,113.9,-1,-1,UNKNOWN,None
132.908,91.978,1536.256,-5.213,2.337,59.93,-0.0063,10,Middle,113.74,-1,-1,UNKNOWN,None
132.925,91.993,1536.534,-5.209,2.341,59.83,-0.0053,10,Middle,113.47,-1,-1,UNKNOWN,None
132.95,92.012,1536.948,-5.205,2.345,59.68,-0.0044,10,Middle,113.05,-1,-1,UNKNOWN,None
132.972,92.026,1537.161,-5.202,2.348,59.61,-0.0035,10,Middle,112.84,-1,-1,UNKNOWN,None
132.972,92.042,1537.319,-5.201,2.349,59.57,-0.0027,10,Middle,112.68,-1,-1,UNKNOWN,None
132.989,92.058,1537.594,-5.198,2.352,59.5,-0.0017,10,Middle,112.41,-1,-1,UNKNOWN,None
133.015,92.074,1537.886,-5.195,2.355,59.44,-0.0005,10,Middle,112.11,-1,-1,UNKNOWN,None
133.015,92.09,1538.028,-5.194,2.356,59.42,0.0007,10,Middle,111.97,-1,-1,UNKNOWN,None
133.044,92.106,1538.49,-5.19,2.36,59.39,0.0018,10,Middle,111.51,-1,-1,UNKNOWN,None
133.06,92.122,1538.765,-5.188,2.362,59.41,0.003,10,Middle,111.23,-1,-1,UNKNOWN,None
133.069,92.138,1538.903,-5.186,2.364,59.42,0.004,10,Middle,111.1,-1,-1,UNKNOWN,None
133.085,92.154,1539.185,-5.184,2.366,59.47,0.0046,10,Middle,110.82,-1,-1,UNKNOWN,None
133.111,92.17,1539.461,-5.182,2.368,59.54,0.0053,10,Middle,110.54,-1,-1,UNKNOWN,None
133.119,92.186,1539.737,-5.18,2.37,59.63,0.0058,10,Middle,110.26,-1,-1,UNKNOWN,None
133.136,92.202,1540.013,-5.177,2.373,59.74,0.006,10,Middle,109.99,-1,-1,UNKNOWN,None
133.152,92.218,1540.29,-5.175,2.375,59.86,0.0062,10,Middle,109.71,-1,-1,UNKNOWN,None
133.161,92.234,1540.429,-5.174,2.376,59.92,0.0062,10,Middle,109.57,-1,-1,UNKNOWN,None
133.194,92.25,1540.846,-5.171,2.379,60.13,0.0062,10,Middle,109.15,-1,-1,UNKNOWN,None
133.211,92.266,1541.125,-5.168,2.382,60.28,0.0062,10,Middle,108.88,-1,-1,UNKNOWN,None
133.219,92.282,1541.405,-5.166,2.384,60.43,0.0062,10,Middle,108.6,-1,-1,UNKNOWN,None
133.24,92.298,1541.614,-5.164,2.386,60.53,0.0062,10,Middle,108.39,-1,-1,UNKNOWN,None
133.248,92.312,1541.756,-5.163,2.387,60.6,0.0062,10,Middle,108.24,-1,-1,UNKNOWN,None
133.275,92.329,1542.203,-5.159,2.391,60.8,0.0062,10,Middle,107.8,-1,-1,UNKNOWN,None
133.285,92.345,1542.373,-5.157,2.393,60.88,0.0062,10,Middle,107.63,-1,-1,UNKNOWN,None
133.305,92.361,1542.713,-5.154,2.396,61.01,0.0062,10,Middle,107.29,-1,-1,UNKNOWN,None
133.322,92.377,1543.01,-5.151,2.399,61.12,0.0062,10,Middle,106.99,-1,-1,UNKNOWN,None
133.331,92.393,1543.296,-5.147,2.403,61.21,0.0062,10,Middle,106.7,-1,-1,UNKNOWN,None
133.348,92.409,1543.584,-5.144,2.406,61.26,0.0062,10,Middle,106.42,-1,-1,UNKNOWN,None
133.356,92.425,1543.726,-5.143,2.407,61.28,0.0062,10,Middle,106.27,-1,-1,UNKNOWN,None
133.381,92.441,1544.009,-5.139,2.411,61.3,0.0062,10,Middle,105.99,-1,-1,UNKNOWN,None
133.398,92.457,1544.293,-5.136,2.414,61.29,0.0062,10,Middle,105.71,-1,-1,UNKNOWN,None
133.415,92.473,1544.577,-5.132,2.418,61.27,0.0062,10,Middle,105.42,-1,-1,UNKNOWN,None
133.425,92.487,1544.747,-5.13,2.42,61.25,0.0028,10,Middle,105.25,-1,-1,UNKNOWN,None
133.442,92.505,1545.038,-5.126,2.424,61.2,0.0028,10,Middle,104.96,-1,-1,UNKNOWN,None
133.453,92.521,1545.391,-5.121,2.429,61.12,0.0028,10,Middle,104.61,-1,-1,UNKNOWN,None
133.481,92.537,1545.704,-5.117,2.433,61.05,0.0028,10,Middle,104.3,-1,-1,UNKNOWN,None
133.491,92.553,1546.015,-5.112,2.438,60.96,0.0028,10,Middle,103.98,-1,-1,UNKNOWN,None
133.508,92.569,1546.3,-5.108,2.442,60.87,0.0028,10,Middle,103.7,-1,-1,UNKNOWN,None
133.516,92.585,1546.446,-5.106,2.444,60.83,-0.0069,10,Middle,103.55,-1,-1,UNKNOWN,None
133.533,92.601,1546.727,-5.102,2.448,60.74,-0.0086,10,Middle,103.27,-1,-1,UNKNOWN,None
133.558,92.617,1547.008,-5.098,2.452,60.65,-0.01,10,Middle,102.99,-1,-1,UNKNOWN,None
133.575,92.633,1547.288,-5.094,2.456,60.57,-0.01,10,Middle,102.71,-1,-1,UNKNOWN,None
133.575,92.649,1547.428,-5.092,2.458,60.53,-0.01,10,Middle,102.57,-1,-1,UNKNOWN,None
133.608,92.665,1547.851,-5.087,2.463,60.39,-0.01,10,Middle,102.15,-1,-1,UNKNOWN,None
133.608,92.681,1547.991,-5.085,2.465,60.34,-0.01,10,Middle,102.01,-1,-1,UNKNOWN,None
133.642,92.697,1548.424,-5.08,2.47,60.19,-0.01,10,Middle,101.58,-1,-1,UNKNOWN,None
133.651,92.713,1548.702,-5.076,2.474,60.09,-0.0133,10,Middle,101.3,-1,-1,UNKNOWN,None
133.659,92.729,1548.841,-5.075,2.475,60.04,-0.0133,10,Middle,101.16,-1,-1,UNKNOWN,None
133.676,92.745,1549.119,-5.072,2.478,59.94,-0.0133,10,Middle,100.88,-1,-1,UNKNOWN,None
133.701,92.761,1549.406,-5.069,2.481,59.83,-0.0126,10,Middle,100.59,-1,-1,UNKNOWN,None
133.719,92.777,1549.695,-5.066,2.484,59.73,-0.0121,10,Middle,100.31,-1,-1,UNKNOWN,None
133.719,92.793,1549.833,-5.065,2.485,59.68,-0.0116,10,Middle,100.17,-1,-1,UNKNOWN,None
133.735,92.81,1550.109,-5.062,2.488,59.58,-0.0111,10,Middle,99.89,-1,-1,UNKNOWN,None
133.769,92.826,1550.522,-5.059,2.491,59.46,-0.0107,10,Middle,99.48,-1,-1,UNKNOWN,None
133.769,92.842,1550.659,-5.058,2.492,59.43,-0.0102,10,Middle,99.34,-1,-1,UNKNOWN,None
133.794,92.857,1551.078,-5.056,2.494,59.35,-0.01,10,Middle,98.92,-1,-1,UNKNOWN,None
133.819,92.873,1551.352,-5.054,2.496,59.32,-0.01,10,Middle,98.65,-1,-1,UNKNOWN,None
133.828,92.888,1551.49,-5.053,2.497,59.31,-0.01,10,Middle,98.51,-1,-1,UNKNOWN,None
133.853,92.906,1551.901,-5.052,2.498,59.32,-0.01,10,Middle,98.1,-1,-1,UNKNOWN,None
133.853,92.922,1552.039,-5.051,2.499,59.34,-0.01,10,Middle,97.96,-1,-1,UNKNOWN,None
133.869,92.937,1552.314,-5.051,2.499,59.38,-0.01,10,Middle,97.69,-1,-1,UNKNOWN,None
133.894,92.954,1552.589,-5.05,2.5,59.45,-0.01,10,Middle,97.41,-1,-1,UNKNOWN,None
133.903,92.97,1552.867,-5.05,2.5,59.54,-0.01,10,Middle,97.13,-1,-1,UNKNOWN,None
133.919,92.986,1553.143,-5.05,2.5,59.65,-0.01,10,Middle,96.86,-1,-1,UNKNOWN,None
133.946,93.002,1553.444,-5.051,2.499,59.78,-0.01,10,Middle,96.56,-1,-1,UNKNOWN,None
133.963,93.018,1553.73,-5.051,2.499,59.91,-0.01,10,Middle,96.27,-1,-1,UNKNOWN,None
133.98,93.034,1554.021,-5.052,2.498,60.06,-0.01,10,Middle,95.98,-1,-1,UNKNOWN,None
133.98,93.05,1554.166,-5.053,2.497,60.14,-0.0098,10,Middle,95.83,-1,-1,UNKNOWN,None
134.006,93.066,1554.445,-5.054,2.496,60.3,-0.0098,10,Middle,95.55,-1,-1,UNKNOWN,None
134.022,93.082,1554.725,-5.056,2.494,60.46,-0.0098,10,Middle,95.27,-1,-1,UNKNOWN,None
134.047,93.102,1555.146,-5.059,2.491,60.7,-0.0098,10,Middle,94.85,-1,-1,UNKNOWN,None
134.065,93.12,1555.438,-5.061,2.489,60.86,-0.0086,10,Middle,94.56,-1,-1,UNKNOWN,None
134.073,93.13,1555.585,-5.062,2.488,60.93,-0.0086,10,Middle,94.42,-1,-1,UNKNOWN,None
134.091,93.146,1555.883,-5.065,2.485,61.08,-0.0086,10,Middle,94.12,-1,-1,UNKNOWN,None
134.108,93.162,1556.166,-5.068,2.482,61.2,-0.0086,10,Middle,93.83,-1,-1,UNKNOWN,None
134.116,93.178,1556.45,-5.071,2.479,61.3,-0.0086,10,Middle,93.55,-1,-1,UNKNOWN,None
134.141,93.194,1556.734,-5.075,2.475,61.37,-0.0063,10,Middle,93.27,-1,-1,UNKNOWN,None
134.141,93.21,1556.876,-5.076,2.474,61.4,-0.0063,10,Middle,93.12,-1,-1,UNKNOWN,None
134.158,93.226,1557.16,-5.08,2.47,61.44,-0.0052,10,Middle,92.84,-1,-1,UNKNOWN,None
134.183,93.242,1557.445,-5.084,2.466,61.46,-0.0052,10,Middle,92.56,-1,-1,UNKNOWN,None
134.199,93.258,1557.729,-5.088,2.462,61.46,-0.004,10,Middle,92.27,-1,-1,UNKNOWN,None
134.217,93.274,1558.025,-5.093,2.457,61.44,-0.004,10,Middle,91.98,-1,-1,UNKNOWN,None
134.217,93.29,1558.167,-5.095,2.455,61.42,-0.004,10,Middle,91.83,-1,-1,UNKNOWN,None
134.25,93.306,1558.593,-5.102,2.448,61.35,-0.004,10,Middle,91.41,-1,-1,UNKNOWN,None
134.277,93.331,1559.053,-5.11,2.44,61.25,-0.004,10,Middle,90.95,-1,-1,UNKNOWN,None
134.277,93.335,1559.053,-5.11,2.44,61.25,-0.004,10,Middle,90.95,-1,-1,UNKNOWN,None
134.286,93.353,1559.342,-5.116,2.434,61.18,-0.0012,10,Middle,90.66,-1,-1,UNKNOWN,None
134.294,93.369,1559.483,-5.118,2.432,61.14,-0.0009,10,Middle,90.52,-1,-1,UNKNOWN,None
134.311,93.385,1559.766,-5.123,2.427,61.06,-0.0009,10,Middle,90.23,-1,-1,UNKNOWN,None
134.339,93.401,1560.247,-5.133,2.417,60.93,-0.0009,10,Middle,89.75,-1,-1,UNKNOWN,None
134.356,93.417,1560.531,-5.139,2.411,60.84,-0.0009,10,Middle,89.47,-1,-1,UNKNOWN,None
134.364,93.433,1560.672,-5.141,2.409,60.79,-0.0009,10,Middle,89.33,-1,-1,UNKNOWN,None
134.389,93.449,1560.953,-5.147,2.403,60.7,-0.0009,10,Middle,89.05,-1,-1,UNKNOWN,None
134.406,93.465,1561.234,-5.153,2.397,60.6,-0.0009,10,Middle,88.77,-1,-1,UNKNOWN,None
134.423,93.481,1561.516,-5.159,2.391,60.5,-0.0005,10,Middle,88.48,-1,-1,UNKNOWN,None
134.439,93.497,1561.796,-5.165,2.385,60.4,-0.0005,10,Middle,88.2,-1,-1,UNKNOWN,None
134.439,93.513,1561.936,-5.168,2.382,60.36,-0.0005,10,Middle,88.06,-1,-1,UNKNOWN,None
134.473,93.529,1562.358,-5.178,2.372,60.21,-0.0005,10,Middle,87.64,-1,-1,UNKNOWN,None
134.483,93.545,1562.526,-5.181,2.369,60.15,-0.0005,10,Middle,87.47,-1,-1,UNKNOWN,None
134.495,93.561,1562.913,-5.19,2.36,60.01,-0.0005,10,Middle,87.09,-1,-1,UNKNOWN,None
134.524,93.577,1563.209,-5.197,2.353,59.9,-0.0005,10,Middle,86.79,-1,-1,UNKNOWN,None
134.524,93.593,1563.347,-5.2,2.35,59.85,-0.0005,10,Middle,86.65,-1,-1,UNKNOWN,None
134.549,93.609,1563.624,-5.207,2.343,59.75,-0.0005,10,Middle,86.38,-1,-1,UNKNOWN,None
134.566,93.625,1563.9,-5.213,2.337,59.65,-0.0005,10,Middle,86.1,-1,-1,UNKNOWN,None
134.582,93.641,1564.176,-5.22,2.33,59.56,-0.0005,10,Middle,85.82,-1,-1,UNKNOWN,None
134.591,93.657,1564.451,-5.226,2.324,59.48,-0.0005,10,Middle,85.55,-1,-1,UNKNOWN,None
134.616,93.673,1564.726,-5.233,2.317,59.41,-0.0005,10,Middle,85.27,-1,-1,UNKNOWN,None
134.624,93.689,1565.001,-5.239,2.311,59.36,-0.0005,10,Middle,85.0,-1,-1,UNKNOWN,None
134.642,93.705,1565.319,-5.247,2.303,59.32,-0.0005,10,Middle,84.68,-1,-1,UNKNOWN,None
134.668,93.726,1565.594,-5.254,2.296,59.32,-0.0005,10,Middle,84.41,-1,-1,UNKNOWN,None
134.668,93.737,1565.731,-5.257,2.293,59.32,-0.0005,10,Middle,84.27,-1,-1,UNKNOWN,None
134.693,93.753,1566.006,-5.264,2.286,59.34,-0.0005,10,Middle,83.99,-1,-1,UNKNOWN,None
134.71,93.769,1566.281,-5.271,2.279,59.39,-0.0005,10,Middle,83.72,-1,-1,UNKNOWN,None
134.727,93.785,1566.559,-5.277,2.273,59.46,-0.0005,10,Middle,83.44,-1,-1,UNKNOWN,None
134.744,93.802,1566.834,-5.284,2.266,59.55,-0.0005,10,Middle,83.17,-1,-1,UNKNOWN,None
134.76,93.818,1567.11,-5.291,2.259,59.66,-0.0005,10,Middle,82.89,-1,-1,UNKNOWN,None
134.777,93.834,1567.388,-5.298,2.252,59.78,-0.0005,10,Middle,82.61,-1,-1,UNKNOWN,None
134.794,93.85,1567.669,-5.305,2.245,59.91,-0.0005,10,Middle,82.33,-1,-1,UNKNOWN,None
134.811,93.866,1567.963,-5.312,2.238,60.06,-0.0005,10,Middle,82.04,-1,-1,UNKNOWN,None
134.82,93.882,1568.241,-5.32,2.23,60.21,-0.0005,10,Middle,81.76,-1,-1,UNKNOWN,None
134.836,93.898,1568.52,-5.327,2.223,60.36,-0.0005,10,Middle,81.48,-1,-1,UNKNOWN,None
134.845,93.914,1568.661,-5.33,2.22,60.43,-0.0005,10,Middle,81.34,-1,-1,UNKNOWN,None
134.861,93.93,1568.942,-5.337,2.213,60.56,-0.0005,10,Middle,81.06,-1,-1,UNKNOWN,None
134.878,93.946,1569.222,-5.344,2.206,60.67,-0.0005,10,Middle,80.78,-1,-1,UNKNOWN,None
134.903,93.962,1569.504,-5.352,2.198,60.76,-0.0005,10,Middle,80.5,-1,-1,UNKNOWN,None
134.903,93.978,1569.644,-5.355,2.195,60.79,-0.0005,10,Middle,80.36,-1,-1,UNKNOWN,None
134.936,93.993,1570.067,-5.366,2.184,60.83,-0.0005,10,Middle,79.93,-1,-1,UNKNOWN,None
134.953,94.01,1570.35,-5.373,2.177,60.84,-0.0005,10,Middle,79.65,-1,-1,UNKNOWN,None
134.97,94.026,1570.632,-5.38,2.17,60.82,-0.0005,10,Middle,79.37,-1,-1,UNKNOWN,None
134.987,94.042,1570.913,-5.388,2.162,60.78,-0.0005,10,Middle,79.09,-1,-1,UNKNOWN,None
135.003,94.058,1571.194,-5.395,2.155,60.74,-0.0005,10,Middle,78.81,-1,-1,UNKNOWN,None
135.012,94.074,1571.475,-5.402,2.148,60.7,-0.0005,10,Middle,78.52,-1,-1,UNKNOWN,None
135.02,94.09,1571.62,-5.406,2.144,60.67,-0.0005,10,Middle,78.38,-1,-1,UNKNOWN,None
135.037,94.106,1571.901,-5.413,2.137,60.62,-0.0005,10,Middle,78.1,-1,-1,UNKNOWN,None
135.054,94.122,1572.183,-5.421,2.129,60.57,-0.0005,10,Middle,77.82,-1,-1,UNKNOWN,None
135.062,94.138,1572.328,-5.424,2.126,60.53,-0.0005,10,Middle,77.67,-1,-1,UNKNOWN,None
135.087,94.154,1572.748,-5.435,2.115,60.42,-0.0005,10,Middle,77.25,-1,-1,UNKNOWN,None
135.105,94.17,1573.045,-5.443,2.107,60.34,-0.0005,10,Middle,76.96,-1,-1,UNKNOWN,None
135.13,94.186,1573.331,-5.451,2.099,60.25,-0.0005,10,Middle,76.67,-1,-1,UNKNOWN,None
135.139,94.202,1573.475,-5.454,2.096,60.2,-0.0005,10,Middle,76.53,-1,-1,UNKNOWN,None
135.156,94.216,1573.753,-5.462,2.088,60.11,-0.0005,10,Middle,76.25,-1,-1,UNKNOWN,None
135.172,94.234,1574.17,-5.473,2.077,59.96,-0.0005,10,Middle,75.83,-1,-1,UNKNOWN,None
135.181,94.25,1574.308,-5.476,2.074,59.91,0.0011,10,Middle,75.69,-1,-1,UNKNOWN,None
135.197,94.266,1574.585,-5.483,2.067,59.81,0.0014,10,Middle,75.41,-1,-1,UNKNOWN,None
135.222,94.282,1574.862,-5.491,2.059,59.72,0.0014,10,Middle,75.14,-1,-1,UNKNOWN,None
135.239,94.298,1575.141,-5.498,2.052,59.63,0.0018,10,Middle,74.86,-1,-1,UNKNOWN,None
135.248,94.314,1575.416,-5.505,2.045,59.55,0.0018,10,Middle,74.58,-1,-1,UNKNOWN,None
135.273,94.329,1575.692,-5.512,2.038,59.49,0.0021,10,Middle,74.31,-1,-1,UNKNOWN,None
135.289,94.345,1575.967,-5.519,2.031,59.44,0.0021,10,Middle,74.03,-1,-1,UNKNOWN,None
135.306,94.361,1576.242,-5.527,2.023,59.41,0.0023,10,Middle,73.76,-1,-1,UNKNOWN,None
135.323,94.377,1576.517,-5.534,2.016,59.4,0.0023,10,Middle,73.48,-1,-1,UNKNOWN,None
135.331,94.393,1576.794,-5.541,2.009,59.41,0.0023,10,Middle,73.21,-1,-1,UNKNOWN,None
135.356,94.409,1577.073,-5.548,2.002,59.44,0.0023,10,Middle,72.93,-1,-1,UNKNOWN,None
135.356,94.424,1577.211,-5.551,1.999,59.47,0.0023,10,Middle,72.79,-1,-1,UNKNOWN,None
135.377,94.44,1577.411,-5.556,1.994,59.52,0.0023,10,Middle,72.59,-1,-1,UNKNOWN,None
135.377,94.457,1577.653,-5.562,1.988,59.59,0.0023,10,Middle,72.35,-1,-1,UNKNOWN,None
135.408,94.473,1578.068,-5.573,1.977,59.74,0.0023,10,Middle,71.93,-1,-1,UNKNOWN,None
135.433,94.489,1578.35,-5.58,1.97,59.86,0.0023,10,Middle,71.65,-1,-1,UNKNOWN,None
135.442,94.505,1578.636,-5.587,1.963,60.0,0.0023,10,Middle,71.36,-1,-1,UNKNOWN,None
135.459,94.521,1578.914,-5.593,1.957,60.14,0.0023,10,Middle,71.09,-1,-1,UNKNOWN,None
135.467,94.537,1579.053,-5.597,1.953,60.22,0.0023,10,Middle,70.95,-1,-1,UNKNOWN,None
135.501,94.553,1579.472,-5.607,1.943,60.44,0.0023,10,Middle,70.53,-1,-1,UNKNOWN,None
135.509,94.576,1579.752,-5.613,1.937,60.58,0.0023,10,Middle,70.25,-1,-1,UNKNOWN,None
135.517,94.584,1579.893,-5.617,1.933,60.64,0.0023,10,Middle,70.11,-1,-1,UNKNOWN,None
135.526,94.601,1580.101,-5.622,1.928,60.73,0.0023,10,Middle,69.9,-1,-1,UNKNOWN,None
135.555,94.617,1580.524,-5.632,1.918,60.87,0.0023,10,Middle,69.48,-1,-1,UNKNOWN,None
135.563,94.633,1580.681,-5.635,1.915,60.91,0.0023,10,Middle,69.32,-1,-1,UNKNOWN,None
135.591,94.649,1581.007,-5.643,1.907,60.97,0.0023,10,Middle,68.99,-1,-1,UNKNOWN,None
135.61,94.665,1581.324,-5.65,1.9,60.98,0.0023,10,Middle,68.68,-1,-1,UNKNOWN,None
135.619,94.681,1581.606,-5.656,1.894,60.97,0.0023,10,Middle,68.39,-1,-1,UNKNOWN,None
135.636,94.697,1581.894,-5.663,1.887,60.94,0.0023,10,Middle,68.11,-1,-1,UNKNOWN,None
135.644,94.713,1582.037,-5.666,1.884,60.92,0.0025,10,Middle,67.96,-1,-1,UNKNOWN,None
135.669,94.729,1582.319,-5.672,1.878,60.88,0.0025,10,Middle,67.68,-1,-1,UNKNOWN,None
135.686,94.745,1582.605,-5.678,1.872,60.82,0.0028,10,Middle,67.39,-1,-1,UNKNOWN,None
135.695,94.761,1582.895,-5.684,1.866,60.76,0.0028,10,Middle,67.1,-1,-1,UNKNOWN,None
135.711,94.777,1583.176,-5.69,1.86,60.69,0.0028,10,Middle,66.82,-1,-1,UNKNOWN,None
135.736,94.793,1583.457,-5.696,1.854,60.61,0.0028,10,Middle,66.54,-1,-1,UNKNOWN,None
135.745,94.809,1583.737,-5.702,1.848,60.53,0.0033,10,Middle,66.26,-1,-1,UNKNOWN,None
135.761,94.826,1584.017,-5.708,1.842,60.44,0.0033,10,Middle,65.98,-1,-1,UNKNOWN,None
135.77,94.842,1584.209,-5.711,1.839,60.38,0.0033,10,Middle,65.79,-1,-1,UNKNOWN,None
135.798,94.858,1584.488,-5.717,1.833,60.28,0.0033,10,Middle,65.51,-1,-1,UNKNOWN,None
135.815,94.874,1584.767,-5.722,1.828,60.19,0.0033,10,Middle,65.23,-1,-1,UNKNOWN,None
135.832,94.89,1585.053,-5.728,1.822,60.08,0.0033,10,Middle,64.95,-1,-1,UNKNOWN,None
135.84,94.906,1585.331,-5.733,1.817,59.98,0.0033,10,Middle,64.67,-1,-1,UNKNOWN,None
135.866,94.922,1585.623,-5.739,1.811,59.87,0.0037,10,Middle,64.38,-1,-1,UNKNOWN,None
135.875,94.938,1585.917,-5.744,1.806,59.77,0.0037,10,Middle,64.08,-1,-1,UNKNOWN,None
135.892,94.954,1586.194,-5.749,1.801,59.67,0.0037,10,Middle,63.81,-1,-1,UNKNOWN,None
135.909,94.97,1586.469,-5.754,1.796,59.59,0.0037,10,Middle,63.53,-1,-1,UNKNOWN,None
135.917,94.986,1586.616,-5.756,1.794,59.55,0.0037,10,Middle,63.38,-1,-1,UNKNOWN,None
135.943,95.002,1586.904,-5.761,1.789,59.49,0.0037,10,Middle,63.1,-1,-1,UNKNOWN,None
135.96,95.018,1587.183,-5.766,1.784,59.44,0.0037,10,Middle,62.82,-1,-1,UNKNOWN,None
135.96,95.034,1587.322,-5.768,1.782,59.42,0.0037,10,Middle,62.68,-1,-1,UNKNOWN,None
135.985,95.05,1587.735,-5.775,1.775,59.4,0.0037,10,Middle,62.27,-1,-1,UNKNOWN,None
136.01,95.066,1588.01,-5.779,1.771,59.42,0.0037,10,Middle,61.99,-1,-1,UNKNOWN,None
136.027,95.082,1588.285,-5.784,1.766,59.46,0.0037,10,Middle,61.72,-1,-1,UNKNOWN,None
136.027,95.098,1588.422,-5.786,1.764,59.48,0.0037,10,Middle,61.58,-1,-1,UNKNOWN,None
136.052,95.114,1588.836,-5.792,1.758,59.6,0.0037,10,Middle,61.16,-1,-1,UNKNOWN,None
136.06,95.13,1588.974,-5.794,1.756,59.65,0.0037,10,Middle,61.03,-1,-1,UNKNOWN,None
136.077,95.146,1589.251,-5.798,1.752,59.75,0.0037,10,Middle,60.75,-1,-1,UNKNOWN,None
136.106,95.162,1589.59,-5.802,1.748,59.9,0.0037,10,Middle,60.41,-1,-1,UNKNOWN,None
136.122,95.181,1589.867,-5.806,1.744,60.04,0.0037,10,Middle,60.13,-1,-1,UNKNOWN,None
136.131,95.194,1590.152,-5.81,1.74,60.18,0.0037,10,Middle,59.85,-1,-1,UNKNOWN,None
136.148,95.21,1590.302,-5.812,1.738,60.26,0.0037,10,Middle,59.7,-1,-1,UNKNOWN,None
136.158,95.226,1590.598,-5.815,1.735,60.41,0.0037,10,Middle,59.4,-1,-1,UNKNOWN,None
136.183,95.242,1590.878,-5.819,1.731,60.53,0.0037,10,Middle,59.12,-1,-1,UNKNOWN,None
136.199,95.258,1591.159,-5.822,1.728,60.63,0.0037,10,Middle,58.84,-1,-1,UNKNOWN,None
136.208,95.274,1591.473,-5.825,1.725,60.72,0.0037,10,Middle,58.53,-1,-1,UNKNOWN,None
136.229,95.29,1591.795,-5.829,1.721,60.77,0.0037,10,Middle,58.21,-1,-1,UNKNOWN,None
136.245,95.306,1591.935,-5.83,1.72,60.78,0.0037,10,Middle,58.06,-1,-1,UNKNOWN,None
136.245,95.322,1592.088,-5.832,1.718,60.79,0.0037,10,Middle,57.91,-1,-1,UNKNOWN,None
136.28,95.337,1592.528,-5.836,1.714,60.78,0.0037,10,Middle,57.47,-1,-1,UNKNOWN,None
136.297,95.353,1592.81,-5.839,1.711,60.76,0.0037,10,Middle,57.19,-1,-1,UNKNOWN,None
136.305,95.369,1593.091,-5.842,1.708,60.72,0.0037,10,Middle,56.91,-1,-1,UNKNOWN,None
136.33,95.385,1593.372,-5.844,1.706,60.67,0.0037,10,Middle,56.63,-1,-1,UNKNOWN,None
136.33,95.401,1593.525,-5.845,1.705,60.64,0.0037,10,Middle,56.48,-1,-1,UNKNOWN,None
136.348,95.417,1593.805,-5.848,1.702,60.58,0.0037,10,Middle,56.19,-1,-1,UNKNOWN,None
136.373,95.433,1594.092,-5.85,1.7,60.5,0.0037,10,Middle,55.91,-1,-1,UNKNOWN,None
136.391,95.449,1594.391,-5.852,1.698,60.42,0.0037,10,Middle,55.61,-1,-1,UNKNOWN,None
136.409,95.465,1594.692,-5.854,1.696,60.33,0.0037,10,Middle,55.31,-1,-1,UNKNOWN,None
136.426,95.481,1594.971,-5.856,1.694,60.24,0.0037,10,Middle,55.03,-1,-1,UNKNOWN,None
136.434,95.497,1595.25,-5.858,1.692,60.16,0.0037,10,Middle,54.75,-1,-1,UNKNOWN,None
136.451,95.513,1595.534,-5.86,1.69,60.07,0.0037,10,Middle,54.47,-1,-1,UNKNOWN,None
136.459,95.529,1595.673,-5.86,1.69,60.03,0.0037,10,Middle,54.33,-1,-1,UNKNOWN,None
136.484,95.545,1595.95,-5.862,1.688,59.94,0.0037,10,Middle,54.05,-1,-1,UNKNOWN,None
136.493,95.561,1596.228,-5.863,1.687,59.85,0.0033,10,Middle,53.77,-1,-1,UNKNOWN,None
136.518,95.577,1596.505,-5.865,1.685,59.76,0.0033,10,Middle,53.49,-1,-1,UNKNOWN,None
136.534,95.593,1596.781,-5.866,1.684,59.67,0.0033,10,Middle,53.22,-1,-1,UNKNOWN,None
136.551,95.609,1597.057,-5.867,1.683,59.58,0.0033,10,Middle,52.94,-1,-1,UNKNOWN,None
136.559,95.625,1597.333,-5.868,1.682,59.51,0.003,10,Middle,52.67,-1,-1,UNKNOWN,None
136.584,95.641,1597.608,-5.869,1.681,59.45,0.003,10,Middle,52.39,-1,-1,UNKNOWN,None
136.601,95.657,1597.883,-5.869,1.681,59.4,0.003,10,Middle,52.12,-1,-1,UNKNOWN,None
136.618,95.673,1598.158,-5.87,1.68,59.38,0.003,10,Middle,51.84,-1,-1,UNKNOWN,None
136.635,95.689,1598.435,-5.871,1.679,59.37,0.003,10,Middle,51.56,-1,-1,UNKNOWN,None
136.643,95.705,1598.717,-5.871,1.679,59.38,0.003,10,Middle,51.28,-1,-1,UNKNOWN,None
136.652,95.721,1598.855,-5.872,1.678,59.4,0.003,10,Middle,51.15,-1,-1,UNKNOWN,None
136.652,95.737,1598.855,-5.872,1.678,59.4,0.003,10,Middle,51.15,-1,-1,UNKNOWN,None
136.693,95.753,1599.405,-5.872,1.678,59.51,0.003,10,Middle,50.59,-1,-1,UNKNOWN,None
136.71,95.769,1599.681,-5.872,1.678,59.6,0.003,10,Middle,50.32,-1,-1,UNKNOWN,None
136.718,95.785,1599.958,-5.872,1.678,59.71,0.003,10,Middle,50.04,-1,-1,UNKNOWN,None
136.743,95.802,1600.234,-5.872,1.678,59.83,0.003,10,Middle,49.77,-1,-1,UNKNOWN,None
136.76,95.818,1600.512,-5.872,1.678,59.96,0.003,10,Middle,49.49,-1,-1,UNKNOWN,None
136.777,95.841,1600.929,-5.872,1.678,60.18,0.003,10,Middle,49.07,-1,-1,UNKNOWN,None
136.785,95.848,1601.071,-5.872,1.678,60.25,0.003,10,Middle,48.93,-1,-1,UNKNOWN,None
136.81,95.866,1601.351,-5.872,1.678,60.41,0.003,10,Middle,48.65,-1,-1,UNKNOWN,None
136.827,95.882,1601.631,-5.871,1.679,60.55,0.003,10,Middle,48.37,-1,-1,UNKNOWN,None
136.844,95.898,1601.911,-5.871,1.679,60.69,0.003,10,Middle,48.09,-1,-1,UNKNOWN,None
136.853,95.914,1602.214,-5.87,1.68,60.8,0.003,10,Middle,47.79,-1,-1,UNKNOWN,None
136.861,95.93,1602.355,-5.87,1.68,60.85,0.003,10,Middle,47.65,-1,-1,UNKNOWN,None
136.878,95.946,1602.648,-5.869,1.681,60.92,0.003,10,Middle,47.35,-1,-1,UNKNOWN,None
136.904,95.962,1602.93,-5.868,1.682,60.95,0.003,10,Middle,47.07,-1,-1,UNKNOWN,None
136.904,95.978,1603.071,-5.867,1.683,60.96,0.003,10,Middle,46.93,-1,-1,UNKNOWN,None
136.937,95.994,1603.494,-5.866,1.684,60.95,0.003,10,Middle,46.51,-1,-1,UNKNOWN,None
136.937,96.01,1603.635,-5.865,1.685,60.94,0.003,10,Middle,46.36,-1,-1,UNKNOWN,None
136.945,96.026,1603.776,-5.865,1.685,60.93,0.003,10,Middle,46.22,-1,-1,UNKNOWN,None
136.972,96.042,1604.282,-5.863,1.687,60.84,0.003,10,Middle,45.72,-1,-1,UNKNOWN,None
137.0,96.058,1604.563,-5.861,1.689,60.78,0.003,10,Middle,45.44,-1,-1,UNKNOWN,None
137.009,96.074,1604.844,-5.86,1.69,60.71,0.003,10,Middle,45.16,-1,-1,UNKNOWN,None
137.017,96.09,1604.985,-5.859,1.691,60.67,0.003,10,Middle,45.02,-1,-1,UNKNOWN,None
137.05,96.106,1605.406,-5.857,1.693,60.55,0.003,10,Middle,44.59,-1,-1,UNKNOWN,None
137.067,96.122,1605.686,-5.855,1.695,60.47,0.003,10,Middle,44.31,-1,-1,UNKNOWN,None
137.084,96.138,1605.966,-5.853,1.697,60.38,0.003,10,Middle,44.03,-1,-1,UNKNOWN,None
137.092,96.154,1606.245,-5.851,1.699,60.28,0.003,10,Middle,43.76,-1,-1,UNKNOWN,None
137.117,96.17,1606.524,-5.849,1.701,60.18,0.003,10,Middle,43.48,-1,-1,UNKNOWN,None
137.117,96.186,1606.663,-5.848,1.702,60.13,0.003,10,Middle,43.34,-1,-1,UNKNOWN,None
137.142,96.202,1606.941,-5.846,1.704,60.03,0.003,10,Middle,43.06,-1,-1,UNKNOWN,None
137.159,96.218,1607.219,-5.844,1.706,59.93,0.003,10,Middle,42.78,-1,-1,UNKNOWN,None
137.175,96.234,1607.496,-5.842,1.708,59.82,0.003,10,Middle,42.5,-1,-1,UNKNOWN,None
137.175,96.25,1607.634,-5.841,1.709,59.77,0.003,10,Middle,42.37,-1,-1,UNKNOWN,None
137.209,96.266,1608.048,-5.837,1.713,59.62,0.003,10,Middle,41.95,-1,-1,UNKNOWN,None
137.225,96.282,1608.324,-5.835,1.715,59.54,0.003,10,Middle,41.68,-1,-1,UNKNOWN,None
137.225,96.298,1608.462,-5.833,1.717,59.5,0.0028,10,Middle,41.54,-1,-1,UNKNOWN,None
137.259,96.314,1608.875,-5.829,1.721,59.41,0.0025,10,Middle,41.13,-1,-1,UNKNOWN,None
137.267,96.329,1609.149,-5.827,1.723,59.36,0.0021,10,Middle,40.85,-1,-1,UNKNOWN,None
137.292,96.345,1609.424,-5.824,1.726,59.34,0.0017,10,Middle,40.58,-1,-1,UNKNOWN,None
137.292,96.361,1609.561,-5.822,1.728,59.34,0.0011,10,Middle,40.44,-1,-1,UNKNOWN,None
137.31,96.375,1609.722,-5.821,1.729,59.34,0.0005,10,Middle,40.28,-1,-1,UNKNOWN,None
137.31,96.393,1609.992,-5.818,1.732,59.36,-0.0001,10,Middle,40.01,-1,-1,UNKNOWN,None
137.343,96.409,1610.431,-5.813,1.737,59.45,-0.0008,10,Middle,39.57,-1,-1,UNKNOWN,None
137.361,96.425,1610.706,-5.81,1.74,59.53,-0.0014,10,Middle,39.29,-1,-1,UNKNOWN,None
137.386,96.441,1610.982,-5.807,1.743,59.63,-0.0018,10,Middle,39.02,-1,-1,UNKNOWN,None
137.395,96.457,1611.259,-5.804,1.746,59.74,-0.0021,10,Middle,38.74,-1,-1,UNKNOWN,None
137.411,96.473,1611.536,-5.801,1.749,59.87,-0.0024,10,Middle,38.46,-1,-1,UNKNOWN,None
137.42,96.489,1611.674,-5.8,1.75,59.93,-0.0027,10,Middle,38.33,-1,-1,UNKNOWN,None
137.436,96.505,1611.953,-5.797,1.753,60.08,-0.0027,10,Middle,38.05,-1,-1,UNKNOWN,None
137.462,96.521,1612.239,-5.794,1.756,60.23,-0.0027,10,Middle,37.76,-1,-1,UNKNOWN,None
137.479,96.537,1612.525,-5.791,1.759,60.38,-0.0027,10,Middle,37.47,-1,-1,UNKNOWN,None
137.487,96.553,1612.806,-5.788,1.762,60.52,-0.0027,10,Middle,37.19,-1,-1,UNKNOWN,None
137.496,96.569,1612.946,-5.787,1.763,60.58,-0.0027,10,Middle,37.05,-1,-1,UNKNOWN,None
137.521,96.585,1613.367,-5.782,1.768,60.73,-0.0027,10,Middle,36.63,-1,-1,UNKNOWN,None
137.546,96.599,1613.649,-5.779,1.771,60.8,-0.0027,10,Middle,36.35,-1,-1,UNKNOWN,None
137.554,96.617,1613.931,-5.777,1.773,60.83,-0.0027,10,Middle,36.07,-1,-1,UNKNOWN,None
137.562,96.633,1614.093,-5.775,1.775,60.85,-0.0027,10,Middle,35.91,-1,-1,UNKNOWN,None
137.589,96.649,1614.387,-5.772,1.778,60.85,-0.0027,10,Middle,35.61,-1,-1,UNKNOWN,None
137.606,96.665,1614.669,-5.769,1.781,60.83,-0.0027,10,Middle,35.33,-1,-1,UNKNOWN,None
137.623,96.681,1614.95,-5.767,1.783,60.8,-0.0027,10,Middle,35.05,-1,-1,UNKNOWN,None
137.639,96.697,1615.231,-5.764,1.786,60.76,-0.0027,10,Middle,34.77,-1,-1,UNKNOWN,None
137.648,96.713,1615.516,-5.761,1.789,60.71,-0.0027,10,Middle,34.48,-1,-1,UNKNOWN,None
137.665,96.729,1615.801,-5.759,1.791,60.64,-0.0027,10,Middle,34.2,-1,-1,UNKNOWN,None
137.69,96.745,1616.081,-5.756,1.794,60.58,-0.0027,10,Middle,33.92,-1,-1,UNKNOWN,None
137.698,96.761,1616.362,-5.754,1.796,60.51,-0.0027,10,Middle,33.64,-1,-1,UNKNOWN,None
137.715,96.777,1616.502,-5.753,1.797,60.47,-0.0027,10,Middle,33.5,-1,-1,UNKNOWN,None
137.731,96.793,1616.921,-5.749,1.801,60.35,-0.0027,10,Middle,33.08,-1,-1,UNKNOWN,None
137.74,96.81,1617.072,-5.748,1.802,60.31,-0.0027,10,Middle,32.93,-1,-1,UNKNOWN,None
137.757,96.826,1617.351,-5.746,1.804,60.22,-0.0027,10,Middle,32.65,-1,-1,UNKNOWN,None
137.774,96.842,1617.629,-5.744,1.806,60.12,-0.0027,10,Middle,32.37,-1,-1,UNKNOWN,None
137.782,96.858,1617.781,-5.743,1.807,60.07,-0.0027,10,Middle,32.22,-1,-1,UNKNOWN,None
137.816,96.874,1618.198,-5.74,1.81,59.92,-0.0027,10,Middle,31.8,-1,-1,UNKNOWN,None
137.816,96.889,1618.343,-5.739,1.811,59.87,-0.0027,10,Middle,31.66,-1,-1,UNKNOWN,None
137.842,96.906,1618.63,-5.737,1.813,59.77,-0.0027,10,Middle,31.37,-1,-1,UNKNOWN,None
137.863,96.922,1618.971,-5.735,1.815,59.65,-0.0027,10,Middle,31.03,-1,-1,UNKNOWN,None
137.88,96.938,1619.26,-5.733,1.817,59.56,-0.0027,10,Middle,30.74,-1,-1,UNKNOWN,None
137.889,96.954,1619.536,-5.731,1.819,59.49,-0.0027,10,Middle,30.46,-1,-1,UNKNOWN,None
137.905,96.97,1619.811,-5.73,1.82,59.43,-0.0027,10,Middle,30.19,-1,-1,UNKNOWN,None
137.932,96.986,1620.105,-5.728,1.822,59.38,-0.0027,10,Middle,29.89,-1,-1,UNKNOWN,None
137.94,97.002,1620.382,-5.727,1.823,59.36,-0.0024,10,Middle,29.62,-1,-1,UNKNOWN,None
137.965,97.023,1620.658,-5.725,1.825,59.35,-0.0024,10,Middle,29.34,-1,-1,UNKNOWN,None
137.973,97.034,1620.795,-5.725,1.825,59.36,-0.0018,10,Middle,29.2,-1,-1,UNKNOWN,None
137.99,97.05,1621.07,-5.723,1.827,59.39,-0.0014,10,Middle,28.93,-1,-1,UNKNOWN,None
138.007,97.066,1621.346,-5.722,1.828,59.45,-0.0005,10,Middle,28.65,-1,-1,UNKNOWN,None
138.023,97.082,1621.622,-5.721,1.829,59.53,0.0007,10,Middle,28.38,-1,-1,UNKNOWN,None
138.023,97.098,1621.76,-5.72,1.83,59.57,0.0023,10,Middle,28.24,-1,-1,UNKNOWN,None
138.04,97.114,1622.036,-5.719,1.831,59.67,0.004,10,Middle,27.96,-1,-1,UNKNOWN,None
138.065,97.13,1622.467,-5.717,1.833,59.86,0.0062,10,Middle,27.53,-1,-1,UNKNOWN,None
138.091,97.146,1622.749,-5.716,1.834,60.0,0.0088,10,Middle,27.25,-1,-1,UNKNOWN,None
138.1,97.162,1623.027,-5.714,1.836,60.14,0.0113,10,Middle,26.97,-1,-1,UNKNOWN,None
138.116,97.178,1623.167,-5.713,1.837,60.22,0.0113,10,Middle,26.83,-1,-1,UNKNOWN,None
138.125,97.192,1623.495,-5.711,1.839,60.4,0.0174,10,Middle,26.5,-1,-1,UNKNOWN,None
138.136,97.21,1623.635,-5.71,1.84,60.47,0.0174,10,Middle,26.36,-1,-1,UNKNOWN,None
138.169,97.226,1624.056,-5.706,1.844,60.69,0.0174,10,Middle,25.94,-1,-1,UNKNOWN,None
138.187,97.242,1624.348,-5.704,1.846,60.82,0.0174,10,Middle,25.65,-1,-1,UNKNOWN,None
138.203,97.257,1624.63,-5.701,1.849,60.93,0.0287,10,Middle,25.37,-1,-1,UNKNOWN,None
138.215,97.274,1624.826,-5.698,1.852,60.99,0.0311,10,Middle,25.17,-1,-1,UNKNOWN,None
138.231,97.29,1625.108,-5.694,1.856,61.08,0.0311,10,Middle,24.89,-1,-1,UNKNOWN,None
138.24,97.306,1625.391,-5.69,1.86,61.15,0.0311,10,Middle,24.61,-1,-1,UNKNOWN,None
138.265,97.322,1625.674,-5.685,1.865,61.2,0.0353,10,Middle,24.33,-1,-1,UNKNOWN,None
138.281,97.337,1625.958,-5.679,1.871,61.23,0.0353,10,Middle,24.04,-1,-1,UNKNOWN,None
138.29,97.353,1626.099,-5.676,1.874,61.24,0.0353,10,Middle,23.9,-1,-1,UNKNOWN,None
138.302,97.367,1626.309,-5.671,1.879,61.25,0.0353,10,Middle,23.69,-1,-1,UNKNOWN,None
138.302,97.385,1626.584,-5.664,1.886,61.24,0.0353,10,Middle,23.42,-1,-1,UNKNOWN,None
138.335,97.401,1627.009,-5.653,1.897,61.19,0.0353,10,Middle,22.99,-1,-1,UNKNOWN,None
138.343,97.417,1627.17,-5.648,1.902,61.16,0.0353,10,Middle,22.83,-1,-1,UNKNOWN,None
138.378,97.433,1627.594,-5.634,1.916,61.07,0.0353,10,Middle,22.41,-1,-1,UNKNOWN,None
138.394,97.449,1627.876,-5.624,1.926,61.0,0.033,10,Middle,22.12,-1,-1,UNKNOWN,None
138.404,97.465,1628.173,-5.613,1.937,60.93,0.0327,10,Middle,21.83,-1,-1,UNKNOWN,None
138.421,97.481,1628.319,-5.607,1.943,60.89,0.0327,10,Middle,21.68,-1,-1,UNKNOWN,None
138.438,97.497,1628.61,-5.594,1.956,60.81,0.0327,10,Middle,21.39,-1,-1,UNKNOWN,None
138.455,97.513,1628.898,-5.581,1.969,60.72,0.0327,10,Middle,21.1,-1,-1,UNKNOWN,None
138.472,97.527,1629.19,-5.567,1.983,60.63,0.0327,10,Middle,20.81,-1,-1,UNKNOWN,None
138.481,97.543,1629.47,-5.553,1.997,60.53,0.0327,10,Middle,20.53,-1,-1,UNKNOWN,None
138.506,97.561,1629.755,-5.538,2.012,60.43,0.0327,10,Middle,20.25,-1,-1,UNKNOWN,None
138.523,97.577,1630.034,-5.522,2.028,60.33,0.0327,10,Middle,19.97,-1,-1,UNKNOWN,None
138.531,97.593,1630.312,-5.505,2.045,60.23,0.0327,10,Middle,19.69,-1,-1,UNKNOWN,None
138.548,97.609,1630.463,-5.496,2.054,60.17,0.0327,10,Middle,19.54,-1,-1,UNKNOWN,None
138.557,97.625,1630.741,-5.478,2.072,60.06,0.0327,10,Middle,19.26,-1,-1,UNKNOWN,None
138.582,97.641,1631.03,-5.459,2.091,59.95,0.0267,10,Middle,18.97,-1,-1,UNKNOWN,None
138.599,97.657,1631.307,-5.439,2.111,59.84,0.0255,10,Middle,18.69,-1,-1,UNKNOWN,None
138.607,97.673,1631.584,-5.419,2.131,59.75,0.0245,10,Middle,18.42,-1,-1,UNKNOWN,None
138.624,97.689,1631.862,-5.398,2.152,59.66,0.0234,10,Middle,18.14,-1,-1,UNKNOWN,None
138.649,97.705,1632.138,-5.377,2.173,59.58,0.0225,10,Middle,17.86,-1,-1,UNKNOWN,None
138.666,97.721,1632.415,-5.354,2.196,59.52,0.0213,10,Middle,17.59,-1,-1,UNKNOWN,None
138.675,97.737,1632.694,-5.331,2.219,59.48,0.0203,10,Middle,17.31,-1,-1,UNKNOWN,None
138.691,97.753,1632.968,-5.308,2.242,59.46,0.019,10,Middle,17.03,-1,-1,UNKNOWN,None
138.708,97.769,1633.242,-5.283,2.267,59.45,0.0181,10,Middle,16.76,-1,-1,UNKNOWN,None
138.726,97.785,1633.397,-5.269,2.281,59.46,0.0169,10,Middle,16.6,-1,-1,UNKNOWN,None
138.744,97.802,1633.699,-5.242,2.308,59.5,0.016,10,Middle,16.3,-1,-1,UNKNOWN,None
138.763,97.818,1634.014,-5.212,2.338,59.57,0.0152,10,Middle,15.99,-1,-1,UNKNOWN,None
138.773,97.834,1634.181,-5.196,2.354,59.62,0.0143,10,Middle,15.82,-1,-1,UNKNOWN,None
138.782,97.85,1634.457,-5.168,2.382,59.72,0.0139,10,Middle,15.54,-1,-1,UNKNOWN,None
138.807,97.866,1634.733,-5.141,2.409,59.83,0.0135,10,Middle,15.27,-1,-1,UNKNOWN,None
138.824,97.882,1635.015,-5.112,2.438,59.95,0.013,10,Middle,14.98,-1,-1,UNKNOWN,None
138.832,97.898,1635.3,-5.082,2.468,60.09,0.0126,10,Middle,14.7,-1,-1,UNKNOWN,None
138.849,97.914,1635.577,-5.053,2.497,60.23,0.0126,10,Middle,14.42,-1,-1,UNKNOWN,None
138.866,97.93,1635.716,-5.038,2.512,60.31,0.0126,10,Middle,14.28,-1,-1,UNKNOWN,None
138.875,97.946,1636.113,-4.994,2.556,60.5,0.0126,10,Middle,13.89,-1,-1,UNKNOWN,None
138.898,97.962,1636.417,-4.96,2.59,60.63,0.0126,10,Middle,13.58,-1,-1,UNKNOWN,None
138.908,97.976,1636.658,-4.933,2.617,60.71,0.0126,10,Middle,13.34,-1,-1,UNKNOWN,None
138.939,97.994,1636.938,-4.901,2.649,60.78,0.0126,10,Middle,13.06,-1,-1,UNKNOWN,None
138.948,98.01,1637.087,-4.883,2.667,60.8,0.0126,10,Middle,12.91,-1,-1,UNKNOWN,Left_Broken
138.956,98.026,1637.367,-4.851,2.699,60.83,0.0126,10,Middle,12.63,-1,-1,UNKNOWN,None
138.981,98.042,1637.648,-4.817,2.733,60.83,0.0126,10,Middle,12.35,-1,-1,UNKNOWN,None
138.998,98.058,1637.934,-4.782,2.768,60.81,0.0126,10,Middle,12.07,-1,-1,UNKNOWN,None
139.016,98.074,1638.221,-4.747,2.803,60.77,0.0126,10,Middle,11.78,-1,-1,UNKNOWN,None
139.032,98.09,1638.5,-4.712,2.838,60.72,0.0126,10,Middle,11.5,-1,-1,UNKNOWN,None
139.042,98.106,1638.851,-4.668,2.882,60.64,0.0126,10,Middle,11.15,-1,-1,UNKNOWN,None
139.053,98.122,1638.99,-4.651,2.899,60.61,0.0126,10,Middle,11.01,-1,-1,UNKNOWN,None
139.08,98.138,1639.296,-4.611,2.939,60.52,0.0126,10,Middle,10.7,-1,-1,UNKNOWN,None
139.097,98.154,1639.574,-4.575,2.975,60.44,0.0126,10,Middle,10.43,-1,-1,UNKNOWN,None
139.113,98.17,1639.851,-4.539,3.011,60.35,0.0126,10,Middle,10.15,-1,-1,UNKNOWN,None
139.131,98.186,1640.152,-4.499,3.051,60.25,0.0126,10,Middle,9.85,-1,-1,UNKNOWN,None
139.15,98.205,1640.453,-4.458,3.092,60.15,0.0126,10,Middle,9.55,-1,-1,UNKNOWN,None
139.158,98.218,1640.591,-4.44,3.11,60.1,0.0014,10,Middle,9.41,-1,-1,UNKNOWN,None
139.177,98.234,1640.905,-4.397,3.153,59.99,0.0011,10,Middle,9.1,-1,-1,UNKNOWN,None
139.195,98.25,1641.202,-4.357,3.193,59.89,0.0005,10,Middle,8.8,-1,-1,UNKNOWN,None
139.204,98.266,1641.35,-4.336,3.214,59.84,0.0002,10,Middle,8.65,-1,-1,UNKNOWN,Left_Broken
139.212,98.282,1641.633,-4.297,3.253,59.76,-0.0001,10,Middle,8.37,-1,-1,UNKNOWN,None
139.238,98.298,1641.917,-4.258,3.292,59.69,-0.0002,10,Middle,8.08,-1,-1,UNKNOWN,None
139.256,98.314,1642.202,-4.219,3.331,59.64,-0.0005,10,Middle,7.8,-1,-1,UNKNOWN,None
139.256,98.329,1642.366,-4.196,3.354,59.62,-0.0005,10,Middle,7.63,-1,-1,UNKNOWN,None
139.274,98.345,1642.671,-4.153,3.397,59.59,-0.0005,10,Middle,7.33,-1,-1,UNKNOWN,None
139.303,98.361,1642.977,-4.11,3.44,59.59,-0.0008,10,Middle,7.02,-1,-1,UNKNOWN,None
139.311,98.377,1643.251,-4.072,3.478,59.62,-0.0008,10,Middle,6.75,-1,-1,UNKNOWN,None
139.336,98.393,1643.524,-4.033,3.517,59.67,-0.0009,10,Middle,6.48,-1,-1,UNKNOWN,None
139.345,98.409,1643.802,-3.994,3.556,59.75,-0.0009,10,Middle,6.2,-1,-1,UNKNOWN,None
139.362,98.425,1644.076,-3.955,3.595,59.84,-0.0012,10,Middle,5.92,-1,-1,UNKNOWN,None
139.387,98.442,1644.351,-3.916,3.634,59.94,-0.0014,10,Middle,5.65,-1,-1,UNKNOWN,None
139.395,98.457,1644.626,-3.876,3.674,60.07,-0.0017,10,Middle,5.37,-1,-1,UNKNOWN,None
139.403,98.473,1644.766,-3.856,3.694,60.13,-0.0017,10,Middle,5.23,-1,-1,UNKNOWN,None
139.42,98.489,1645.045,-3.816,3.734,60.27,-0.0017,10,Middle,4.95,-1,-1,UNKNOWN,None
139.448,98.505,1645.361,-3.771,3.779,60.41,-0.0017,10,Middle,4.64,-1,-1,UNKNOWN,None
139.448,98.521,1645.563,-3.742,3.808,60.5,-0.0017,10,Middle,4.44,-1,-1,UNKNOWN,None
139.46,98.537,1645.841,-3.702,3.848,60.6,-0.0017,10,Middle,4.16,-1,-1,UNKNOWN,None
139.485,98.553,1646.119,-3.662,3.888,60.68,-0.0017,10,Middle,3.88,-1,-1,UNKNOWN,None
139.51,98.569,1646.398,-3.622,3.928,60.73,-0.0052,10,Middle,3.6,-1,-1,UNKNOWN,None
139.51,98.585,1646.537,-3.602,3.948,60.75,-0.0052,10,Middle,3.46,-1,-1,UNKNOWN,None
139.543,98.601,1646.955,-3.543,4.007,60.77,-0.0052,10,Middle,3.05,-1,-1,UNKNOWN,None
139.543,98.617,1647.094,-3.523,4.027,60.77,-0.0063,10,Middle,2.91,-1,-1,UNKNOWN,None
139.568,98.633,1647.513,-3.463,4.087,60.73,-0.0063,10,Middle,2.49,-1,-1,UNKNOWN,None
139.593,98.649,1647.791,-3.423,4.127,60.69,-0.0063,10,Middle,2.21,-1,-1,UNKNOWN,None
139.61,98.669,1648.069,-3.384,4.166,60.64,-0.0063,10,Middle,1.93,-1,-1,UNKNOWN,None
139.618,98.679,1648.208,-3.364,4.186,60.61,-0.0063,10,Middle,1.79,-1,-1,UNKNOWN,None
139.627,98.697,1648.519,-3.321,4.229,60.53,-0.0072,10,Middle,1.48,-1,-1,UNKNOWN,None
139.65,98.713,1648.899,-3.267,4.283,60.42,-0.0072,10,Middle,1.1,-1,-1,UNKNOWN,None
139.66,98.729,1649.038,-3.248,4.302,60.38,-0.0072,10,Middle,0.96,-1,-1,UNKNOWN,None
139.676,98.745,1649.314,-3.209,4.341,60.3,-0.0072,10,Middle,0.69,-1,-1,UNKNOWN,None
139.701,98.761,1649.59,-3.17,4.38,60.2,-0.0084,10,Middle,0.41,-1,-1,UNKNOWN,None
139.719,98.777,1649.883,-3.13,4.42,60.11,-0.0088,10,Middle,0.12,-1,-1,UNKNOWN,None
139.737,98.793,1650.18,-3.089,4.461,60.01,-0.0091,11,Right,149.82,-1,-1,UNKNOWN,None
139.746,98.81,1650.495,-3.045,4.505,59.92,-0.0095,11,Right,149.51,-1,-1,UNKNOWN,None
139.756,98.826,1650.654,-3.024,4.526,59.87,-0.01,11,Right,149.35,-1,-1,UNKNOWN,None
139.783,98.842,1650.94,-2.985,4.565,59.81,-0.0107,11,Right,149.06,-1,-1,UNKNOWN,None
139.783,98.858,1651.081,-2.966,4.584,59.78,-0.0111,11,Right,148.92,-1,-1,UNKNOWN,None
139.8,98.874,1651.355,-2.929,4.621,59.74,-0.0116,11,Right,148.64,-1,-1,UNKNOWN,None
139.833,98.892,1651.766,-2.874,4.676,59.72,-0.0121,11,Right,148.23,-1,-1,UNKNOWN,Left_Broken
139.833,98.906,1651.903,-2.855,4.695,59.72,-0.0127,11,Right,148.1,-1,-1,UNKNOWN,None
139.867,98.922,1652.314,-2.801,4.749,59.76,-0.0133,11,Right,147.69,-1,-1,UNKNOWN,None
139.883,98.938,1652.589,-2.765,4.785,59.82,-0.0139,11,Right,147.41,-1,-1,UNKNOWN,None
139.892,98.954,1652.864,-2.73,4.82,59.9,-0.0146,11,Right,147.14,-1,-1,UNKNOWN,None
139.9,98.972,1653.001,-2.712,4.838,59.94,-0.0153,11,Right,147.0,-1,-1,UNKNOWN,None
139.917,98.986,1653.291,-2.675,4.875,60.05,-0.0161,11,Right,146.71,-1,-1,UNKNOWN,None
139.943,99.002,1653.578,-2.639,4.911,60.18,-0.0165,11,Right,146.42,-1,-1,UNKNOWN,None
139.96,99.018,1653.855,-2.605,4.945,60.31,-0.0172,11,Right,146.15,-1,-1,UNKNOWN,None
139.968,99.034,1654.133,-2.57,4.98,60.45,-0.0172,11,Right,145.87,-1,-1,UNKNOWN,None
139.985,99.05,1654.411,-2.536,5.014,60.59,-0.0172,11,Right,145.59,-1,-1,UNKNOWN,None
140.01,99.066,1654.69,-2.502,5.048,60.72,-0.0172,11,Right,145.31,-1,-1,UNKNOWN,None
140.027,99.082,1654.971,-2.469,5.081,60.83,-0.0172,11,Right,145.03,-1,-1,UNKNOWN,None
140.036,99.098,1655.131,-2.45,5.1,60.89,-0.0193,11,Right,144.87,-1,-1,UNKNOWN,None
140.055,99.114,1655.454,-2.412,5.138,60.98,-0.0193,11,Right,144.55,-1,-1,UNKNOWN,Left_Broken
140.064,99.13,1655.735,-2.38,5.17,61.05,-0.0193,11,Right,144.27,-1,-1,UNKNOWN,None
140.089,99.146,1656.016,-2.348,5.202,61.09,-0.0193,11,Right,143.98,-1,-1,UNKNOWN,None
140.097,99.162,1656.297,-2.317,5.233,61.11,-0.0197,11,Right,143.7,-1,-1,UNKNOWN,None
140.114,99.178,1656.58,-2.285,5.265,61.11,-0.0197,11,Right,143.42,-1,-1,UNKNOWN,None
140.132,99.194,1656.896,-2.251,5.299,61.08,-0.0197,11,Right,143.1,-1,-1,UNKNOWN,None
140.141,99.21,1657.048,-2.235,5.315,61.06,-0.0197,11,Right,142.95,-1,-1,UNKNOWN,None
140.167,99.226,1657.329,-2.205,5.345,61.02,-0.0197,11,Right,142.67,-1,-1,UNKNOWN,None
140.183,99.242,1657.61,-2.176,5.374,60.96,-0.0197,11,Right,142.39,-1,-1,UNKNOWN,None
140.192,99.258,1657.891,-2.147,5.403,60.9,-0.0197,11,Right,142.11,-1,-1,UNKNOWN,None
140.217,99.274,1658.171,-2.119,5.431,60.82,-0.0197,11,Right,141.83,-1,-1,UNKNOWN,None
140.235,99.29,1658.475,-2.089,5.461,60.73,-0.0197,11,Right,141.53,-1,-1,UNKNOWN,None
140.251,99.306,1658.754,-2.062,5.488,60.64,-0.0197,11,Right,141.25,-1,-1,UNKNOWN,None
140.261,99.322,1658.918,-2.047,5.503,60.59,-0.0197,11,Right,141.08,-1,-1,UNKNOWN,None
140.278,99.337,1659.204,-2.02,5.53,60.49,-0.0197,11,Right,140.8,-1,-1,UNKNOWN,None
140.297,99.353,1659.509,-1.992,5.558,60.38,-0.0197,11,Right,140.49,-1,-1,UNKNOWN,None
140.315,99.369,1659.814,-1.965,5.585,60.28,-0.0197,11,Right,140.19,-1,-1,UNKNOWN,None
140.315,99.383,1659.814,-1.965,5.585,60.28,-0.0197,11,Right,140.19,-1,-1,UNKNOWN,None
140.34,99.401,1660.239,-1.928,5.622,60.12,-0.0197,11,Right,139.76,-1,-1,UNKNOWN,None
140.358,99.417,1660.537,-1.903,5.647,60.02,-0.0197,11,Right,139.46,-1,-1,UNKNOWN,None
140.358,99.433,1660.73,-1.887,5.663,59.96,-0.0197,11,Right,139.27,-1,-1,UNKNOWN,None
140.387,99.449,1661.144,-1.853,5.697,59.81,-0.0197,11,Right,138.86,-1,-1,UNKNOWN,None
140.403,99.465,1661.422,-1.831,5.719,59.71,-0.0197,11,Right,138.58,-1,-1,UNKNOWN,None
140.428,99.481,1661.698,-1.811,5.739,59.62,-0.0197,11,Right,138.3,-1,-1,UNKNOWN,None
140.428,99.497,1661.839,-1.8,5.75,59.58,-0.0196,11,Right,138.16,-1,-1,UNKNOWN,None
140.454,99.513,1662.123,-1.779,5.771,59.5,-0.0196,11,Right,137.88,-1,-1,UNKNOWN,None
140.471,99.529,1662.402,-1.759,5.791,59.44,-0.0193,11,Right,137.6,-1,-1,UNKNOWN,None
140.481,99.545,1662.718,-1.738,5.812,59.38,-0.019,11,Right,137.28,-1,-1,UNKNOWN,None
140.499,99.561,1662.993,-1.719,5.831,59.36,-0.0186,11,Right,137.01,-1,-1,UNKNOWN,None
140.515,99.577,1663.267,-1.701,5.849,59.35,-0.0181,11,Right,136.73,-1,-1,UNKNOWN,None
140.524,99.593,1663.404,-1.693,5.857,59.35,-0.0174,11,Right,136.6,-1,-1,UNKNOWN,None
140.54,99.609,1663.679,-1.676,5.874,59.38,-0.0168,11,Right,136.32,-1,-1,UNKNOWN,None
140.565,99.625,1663.953,-1.659,5.891,59.43,-0.0161,11,Right,136.05,-1,-1,UNKNOWN,None
140.585,99.641,1664.285,-1.64,5.91,59.52,-0.0153,11,Right,135.71,-1,-1,UNKNOWN,None
140.594,99.657,1664.575,-1.623,5.927,59.62,-0.0146,11,Right,135.42,-1,-1,UNKNOWN,None
140.612,99.673,1664.73,-1.615,5.935,59.68,-0.0139,11,Right,135.27,-1,-1,UNKNOWN,None
140.629,99.689,1665.01,-1.6,5.95,59.8,-0.0133,11,Right,134.99,-1,-1,UNKNOWN,None
140.646,99.705,1665.287,-1.585,5.965,59.93,-0.0127,11,Right,134.71,-1,-1,UNKNOWN,None
140.663,99.721,1665.564,-1.571,5.979,60.07,-0.0121,11,Right,134.44,-1,-1,UNKNOWN,None
140.663,99.737,1665.73,-1.563,5.987,60.16,-0.0121,11,Right,134.27,-1,-1,UNKNOWN,None
140.689,99.753,1666.148,-1.543,6.007,60.38,-0.0121,11,Right,133.85,-1,-1,UNKNOWN,None
140.707,99.769,1666.442,-1.529,6.021,60.52,-0.0121,11,Right,133.56,-1,-1,UNKNOWN,None
140.715,99.785,1666.606,-1.522,6.028,60.6,-0.0111,11,Right,133.39,-1,-1,UNKNOWN,None
140.734,99.802,1666.902,-1.509,6.041,60.71,-0.0111,11,Right,133.1,-1,-1,UNKNOWN,None
140.759,99.818,1667.184,-1.497,6.053,60.8,-0.0111,11,Right,132.82,-1,-1,UNKNOWN,None
140.776,99.834,1667.465,-1.485,6.065,60.88,-0.0111,11,Right,132.53,-1,-1,UNKNOWN,None
140.792,99.85,1667.747,-1.474,6.076,60.94,-0.0111,11,Right,132.25,-1,-1,UNKNOWN,None
140.792,99.866,1667.888,-1.469,6.081,60.96,-0.0111,11,Right,132.11,-1,-1,UNKNOWN,None
140.809,99.88,1668.17,-1.458,6.092,60.98,-0.011,11,Right,131.83,-1,-1,UNKNOWN,None
140.842,99.898,1668.593,-1.443,6.107,60.97,-0.011,11,Right,131.41,-1,-1,UNKNOWN,None
140.852,99.914,1668.758,-1.438,6.112,60.96,-0.011,11,Right,131.24,-1,-1,UNKNOWN,None
140.871,99.93,1669.083,-1.427,6.123,60.92,-0.0104,11,Right,130.92,-1,-1,UNKNOWN,None
140.889,99.946,1669.383,-1.417,6.133,60.87,-0.0104,11,Right,130.62,-1,-1,UNKNOWN,None
140.906,99.962,1669.675,-1.408,6.142,60.8,-0.0104,11,Right,130.32,-1,-1,UNKNOWN,None
140.915,99.978,1669.957,-1.4,6.15,60.73,-0.01,11,Right,130.04,-1,-1,UNKNOWN,None
140.931,99.992,1670.237,-1.392,6.158,60.66,-0.01,11,Right,129.76,-1,-1,UNKNOWN,None
140.94,100.01,1670.377,-1.388,6.162,60.62,-0.0098,11,Right,129.62,-1,-1,UNKNOWN,None
140.965,100.026,1670.798,-1.377,6.173,60.49,-0.0098,11,Right,129.2,-1,-1,UNKNOWN,None
140.981,100.042,1670.938,-1.374,6.176,60.45,-0.0098,11,Right,129.06,-1,-1,UNKNOWN,None
140.998,100.056,1671.217,-1.367,6.183,60.36,-0.0098,11,Right,128.78,-1,-1,UNKNOWN,None
141.006,100.074,1671.496,-1.361,6.189,60.26,-0.0098,11,Right,128.5,-1,-1,UNKNOWN,None
141.031,100.09,1671.775,-1.355,6.195,60.17,-0.0095,11,Right,128.23,-1,-1,UNKNOWN,None
141.049,100.106,1672.065,-1.349,6.201,60.07,-0.0095,11,Right,127.94,-1,-1,UNKNOWN,None
141.057,100.122,1672.353,-1.343,6.207,59.96,-0.0095,11,Right,127.65,-1,-1,UNKNOWN,None
141.075,100.138,1672.644,-1.338,6.212,59.85,-0.0095,11,Right,127.36,-1,-1,UNKNOWN,None
141.092,100.154,1672.928,-1.333,6.217,59.75,-0.0095,11,Right,127.07,-1,-1,UNKNOWN,None
141.109,100.17,1673.206,-1.328,6.222,59.66,-0.0095,11,Right,126.79,-1,-1,UNKNOWN,None
141.126,100.186,1673.345,-1.326,6.224,59.62,-0.0095,11,Right,126.66,-1,-1,UNKNOWN,None
141.142,100.202,1673.621,-1.322,6.228,59.54,-0.0095,11,Right,126.38,-1,-1,UNKNOWN,None
141.159,100.218,1673.896,-1.318,6.232,59.47,-0.0095,11,Right,126.1,-1,-1,UNKNOWN,None
141.176,100.234,1674.171,-1.315,6.235,59.43,-0.0095,11,Right,125.83,-1,-1,UNKNOWN,None
141.192,100.25,1674.446,-1.311,6.239,59.4,-0.0095,11,Right,125.55,-1,-1,UNKNOWN,None
141.206,100.266,1674.668,-1.309,6.241,59.39,-0.0095,11,Right,125.33,-1,-1,UNKNOWN,None
141.206,100.282,1674.917,-1.307,6.243,59.39,-0.0095,11,Right,125.08,-1,-1,UNKNOWN,None
141.221,100.298,1675.058,-1.305,6.245,59.4,-0.0095,11,Right,124.94,-1,-1,UNKNOWN,None
141.249,100.314,1675.517,-1.302,6.248,59.48,-0.0095,11,Right,124.48,-1,-1,UNKNOWN,None
141.257,100.329,1675.655,-1.301,6.249,59.52,-0.0094,11,Right,124.35,-1,-1,UNKNOWN,None
141.282,100.345,1676.069,-1.298,6.252,59.65,-0.0094,11,Right,123.93,-1,-1,UNKNOWN,None
141.299,100.361,1676.345,-1.297,6.253,59.76,-0.0094,11,Right,123.65,-1,-1,UNKNOWN,None
141.307,100.377,1676.484,-1.297,6.253,59.82,-0.0091,11,Right,123.52,-1,-1,UNKNOWN,None
141.324,100.393,1676.776,-1.296,6.254,59.96,-0.0091,11,Right,123.22,-1,-1,UNKNOWN,None
141.351,100.409,1677.077,-1.295,6.255,60.11,-0.0088,11,Right,122.92,-1,-1,UNKNOWN,None
141.36,100.425,1677.363,-1.295,6.255,60.27,-0.0088,11,Right,122.64,-1,-1,UNKNOWN,None
141.368,100.441,1677.506,-1.295,6.255,60.34,-0.0088,11,Right,122.49,-1,-1,UNKNOWN,None
141.386,100.457,1677.839,-1.295,6.255,60.51,-0.0088,11,Right,122.16,-1,-1,UNKNOWN,None
141.405,100.473,1678.119,-1.295,6.255,60.64,-0.0088,11,Right,121.88,-1,-1,UNKNOWN,None
141.422,100.489,1678.4,-1.296,6.254,60.74,-0.0088,11,Right,121.6,-1,-1,UNKNOWN,None
141.438,100.505,1678.682,-1.297,6.253,60.82,-0.0088,11,Right,121.32,-1,-1,UNKNOWN,None
141.447,100.521,1678.831,-1.297,6.253,60.85,-0.0088,11,Right,121.17,-1,-1,UNKNOWN,None
141.464,100.537,1679.113,-1.299,6.251,60.88,-0.0088,11,Right,120.89,-1,-1,UNKNOWN,None
141.497,100.553,1679.536,-1.301,6.249,60.88,-0.0088,11,Right,120.46,-1,-1,UNKNOWN,None
141.514,100.569,1679.822,-1.303,6.247,60.86,-0.0053,11,Right,120.18,-1,-1,UNKNOWN,None
141.522,100.585,1680.103,-1.305,6.245,60.82,-0.0053,11,Right,119.9,-1,-1,UNKNOWN,None
141.531,100.601,1680.269,-1.306,6.244,60.79,-0.0053,11,Right,119.73,-1,-1,UNKNOWN,None
141.557,100.617,1680.55,-1.309,6.241,60.74,-0.0053,11,Right,119.45,-1,-1,UNKNOWN,None
141.574,100.633,1680.831,-1.311,6.239,60.67,-0.0053,11,Right,119.17,-1,-1,UNKNOWN,None
141.591,100.649,1681.112,-1.314,6.236,60.6,-0.0033,11,Right,118.89,-1,-1,UNKNOWN,None
141.607,100.665,1681.392,-1.317,6.233,60.52,-0.0033,11,Right,118.61,-1,-1,UNKNOWN,None
141.616,100.681,1681.672,-1.32,6.23,60.44,-0.0033,11,Right,118.33,-1,-1,UNKNOWN,None
141.624,100.697,1681.812,-1.322,6.228,60.4,-0.0027,11,Right,118.19,-1,-1,UNKNOWN,None
141.65,100.713,1682.265,-1.327,6.223,60.25,-0.0027,11,Right,117.74,-1,-1,UNKNOWN,None
141.659,100.729,1682.427,-1.329,6.221,60.2,-0.0027,11,Right,117.57,-1,-1,UNKNOWN,None
141.687,100.745,1682.728,-1.333,6.217,60.09,-0.0027,11,Right,117.27,-1,-1,UNKNOWN,None
141.687,100.761,1682.867,-1.335,6.215,60.04,-0.0027,11,Right,117.13,-1,-1,UNKNOWN,None
141.721,100.777,1683.296,-1.341,6.209,59.89,-0.0027,11,Right,116.7,-1,-1,UNKNOWN,None
141.738,100.793,1683.577,-1.346,6.204,59.79,-0.0027,11,Right,116.42,-1,-1,UNKNOWN,None
141.746,100.808,1683.853,-1.35,6.2,59.69,-0.0024,11,Right,116.15,-1,-1,UNKNOWN,None
141.763,100.826,1684.129,-1.354,6.196,59.6,-0.0021,11,Right,115.87,-1,-1,UNKNOWN,None
141.78,100.842,1684.405,-1.358,6.192,59.52,-0.0018,11,Right,115.6,-1,-1,UNKNOWN,None
141.799,100.858,1684.585,-1.361,6.189,59.47,-0.0014,11,Right,115.42,-1,-1,UNKNOWN,None
141.799,100.874,1684.729,-1.364,6.186,59.44,-0.0008,11,Right,115.27,-1,-1,UNKNOWN,None
141.816,100.89,1685.004,-1.368,6.182,59.38,-0.0001,11,Right,115.0,-1,-1,UNKNOWN,None
141.849,100.906,1685.416,-1.375,6.175,59.33,0.0007,11,Right,114.58,-1,-1,UNKNOWN,None
141.866,100.922,1685.69,-1.38,6.17,59.33,0.0014,11,Right,114.31,-1,-1,UNKNOWN,None
141.874,100.938,1685.965,-1.385,6.165,59.34,0.0018,11,Right,114.04,-1,-1,UNKNOWN,None
141.891,100.954,1686.24,-1.39,6.16,59.38,0.0023,11,Right,113.76,-1,-1,UNKNOWN,None
141.908,100.97,1686.515,-1.394,6.156,59.44,0.0028,11,Right,113.49,-1,-1,UNKNOWN,None
141.924,100.986,1686.79,-1.399,6.151,59.52,0.003,11,Right,113.21,-1,-1,UNKNOWN,None
141.941,101.002,1687.066,-1.404,6.146,59.62,0.003,11,Right,112.93,-1,-1,UNKNOWN,None
141.949,101.018,1687.204,-1.406,6.144,59.68,0.0033,11,Right,112.8,-1,-1,UNKNOWN,None
141.974,101.034,1687.481,-1.411,6.139,59.8,0.0033,11,Right,112.52,-1,-1,UNKNOWN,None
141.991,101.05,1687.758,-1.416,6.134,59.93,0.0033,11,Right,112.24,-1,-1,UNKNOWN,None
142.008,101.066,1688.036,-1.421,6.129,60.07,0.0033,11,Right,111.96,-1,-1,UNKNOWN,None
142.024,101.082,1688.315,-1.425,6.125,60.22,0.0033,11,Right,111.68,-1,-1,UNKNOWN,None
142.033,101.098,1688.594,-1.43,6.12,60.37,0.0033,11,Right,111.41,-1,-1,UNKNOWN,None
142.058,101.114,1688.874,-1.435,6.115,60.51,0.0033,11,Right,111.13,-1,-1,UNKNOWN,None
142.074,101.13,1689.155,-1.44,6.11,60.63,0.0033,11,Right,110.85,-1,-1,UNKNOWN,None
142.083,101.146,1689.436,-1.444,6.106,60.75,0.0033,11,Right,110.56,-1,-1,UNKNOWN,None
142.108,101.162,1689.717,-1.449,6.101,60.86,0.0033,11,Right,110.28,-1,-1,UNKNOWN,None
142.116,101.178,1689.999,-1.453,6.097,60.96,0.0033,11,Right,110.0,-1,-1,UNKNOWN,None
142.133,101.194,1690.282,-1.458,6.092,61.05,0.0033,11,Right,109.72,-1,-1,UNKNOWN,None
142.141,101.21,1690.435,-1.46,6.09,61.1,0.0033,11,Right,109.57,-1,-1,UNKNOWN,None
142.167,101.226,1690.718,-1.465,6.085,61.17,0.0033,11,Right,109.28,-1,-1,UNKNOWN,None
142.183,101.242,1691.001,-1.469,6.081,61.22,0.0033,11,Right,109.0,-1,-1,UNKNOWN,None
142.192,101.258,1691.285,-1.473,6.077,61.24,0.0033,11,Right,108.72,-1,-1,UNKNOWN,None
142.208,101.274,1691.426,-1.476,6.074,61.25,0.0033,11,Right,108.57,-1,-1,UNKNOWN,None
142.217,101.29,1691.71,-1.48,6.07,61.24,0.0033,11,Right,108.29,-1,-1,UNKNOWN,None
142.25,101.306,1692.135,-1.486,6.064,61.2,0.0033,11,Right,107.86,-1,-1,UNKNOWN,None
142.267,101.322,1692.418,-1.49,6.06,61.15,0.0033,11,Right,107.58,-1,-1,UNKNOWN,None
142.275,101.337,1692.701,-1.494,6.056,61.09,0.0033,11,Right,107.3,-1,-1,UNKNOWN,None
142.283,101.353,1692.842,-1.496,6.054,61.06,0.0033,11,Right,107.16,-1,-1,UNKNOWN,None
142.308,101.369,1693.125,-1.499,6.051,61.0,0.0033,11,Right,106.88,-1,-1,UNKNOWN,None
142.317,101.385,1693.412,-1.503,6.047,60.93,0.0033,11,Right,106.59,-1,-1,UNKNOWN,None
142.342,101.401,1693.694,-1.507,6.043,60.86,0.0033,11,Right,106.31,-1,-1,UNKNOWN,None
142.359,101.417,1693.975,-1.51,6.04,60.77,0.0033,11,Right,106.03,-1,-1,UNKNOWN,None
142.375,101.433,1694.256,-1.514,6.036,60.69,0.0033,11,Right,105.74,-1,-1,UNKNOWN,None
142.392,101.449,1694.536,-1.517,6.033,60.6,0.0033,11,Right,105.46,-1,-1,UNKNOWN,None
142.4,101.467,1694.817,-1.52,6.03,60.5,0.0033,11,Right,105.18,-1,-1,UNKNOWN,None
142.409,101.481,1694.957,-1.522,6.028,60.45,0.0033,11,Right,105.04,-1,-1,UNKNOWN,None
142.442,101.497,1695.379,-1.526,6.024,60.3,0.0033,11,Right,104.62,-1,-1,UNKNOWN,None
142.45,101.513,1695.657,-1.529,6.021,60.19,0.0033,11,Right,104.34,-1,-1,UNKNOWN,None
142.467,101.529,1695.936,-1.532,6.018,60.09,0.0033,11,Right,104.06,-1,-1,UNKNOWN,None
142.484,101.545,1696.214,-1.535,6.015,59.98,0.0033,11,Right,103.79,-1,-1,UNKNOWN,None
142.492,101.561,1696.352,-1.536,6.014,59.93,-0.0012,11,Right,103.65,-1,-1,UNKNOWN,None
142.509,101.577,1696.629,-1.539,6.011,59.82,-0.0017,11,Right,103.37,-1,-1,UNKNOWN,None
142.534,101.593,1696.906,-1.542,6.008,59.72,-0.0021,11,Right,103.09,-1,-1,UNKNOWN,None
142.55,101.609,1697.182,-1.544,6.006,59.63,-0.0027,11,Right,102.82,-1,-1,UNKNOWN,None
142.567,101.625,1697.458,-1.547,6.003,59.55,-0.0028,11,Right,102.54,-1,-1,UNKNOWN,None
142.575,101.641,1697.733,-1.55,6.0,59.48,-0.0031,11,Right,102.27,-1,-1,UNKNOWN,None
142.584,101.657,1697.871,-1.551,5.999,59.45,-0.0031,11,Right,102.13,-1,-1,UNKNOWN,None
142.584,101.673,1697.871,-1.551,5.999,59.45,-0.0031,11,Right,102.13,-1,-1,UNKNOWN,None
142.627,101.689,1698.581,-1.558,5.992,59.38,-0.0031,11,Right,101.42,-1,-1,UNKNOWN,None
142.635,101.705,1698.734,-1.559,5.991,59.39,-0.0031,11,Right,101.27,-1,-1,UNKNOWN,None
142.663,101.721,1699.036,-1.562,5.988,59.41,-0.0031,11,Right,100.96,-1,-1,UNKNOWN,None
142.681,101.737,1699.332,-1.565,5.985,59.47,-0.0031,11,Right,100.67,-1,-1,UNKNOWN,None
142.697,101.753,1699.61,-1.568,5.982,59.54,-0.0031,11,Right,100.39,-1,-1,UNKNOWN,None
142.715,101.769,1699.898,-1.571,5.979,59.64,-0.0031,11,Right,100.1,-1,-1,UNKNOWN,None
142.723,101.785,1700.174,-1.574,5.976,59.75,-0.0031,11,Right,99.83,-1,-1,UNKNOWN,None
142.74,101.802,1700.452,-1.577,5.973,59.87,-0.0031,11,Right,99.55,-1,-1,UNKNOWN,None
142.759,101.818,1700.633,-1.579,5.971,59.96,-0.0031,11,Right,99.37,-1,-1,UNKNOWN,None
142.767,101.834,1700.911,-1.582,5.968,60.1,-0.0031,11,Right,99.09,-1,-1,UNKNOWN,None
142.776,101.85,1701.05,-1.583,5.967,60.17,-0.0031,11,Right,98.95,-1,-1,UNKNOWN,None
142.792,101.866,1701.329,-1.586,5.964,60.32,-0.0031,11,Right,98.67,-1,-1,UNKNOWN,None
142.817,101.882,1701.749,-1.591,5.959,60.53,-0.0031,11,Right,98.25,-1,-1,UNKNOWN,None
142.842,101.898,1702.03,-1.594,5.956,60.65,-0.0031,11,Right,97.97,-1,-1,UNKNOWN,None
142.859,101.914,1702.311,-1.598,5.952,60.74,-0.0031,11,Right,97.69,-1,-1,UNKNOWN,None
142.868,101.93,1702.457,-1.599,5.951,60.78,-0.0028,11,Right,97.54,-1,-1,UNKNOWN,None
142.887,101.946,1702.781,-1.603,5.947,60.85,-0.0028,11,Right,97.22,-1,-1,UNKNOWN,None
142.904,101.962,1703.066,-1.607,5.943,60.88,-0.0028,11,Right,96.93,-1,-1,UNKNOWN,None
142.92,101.978,1703.348,-1.611,5.939,60.88,-0.0028,11,Right,96.65,-1,-1,UNKNOWN,None
142.92,101.994,1703.489,-1.612,5.938,60.88,-0.0028,11,Right,96.51,-1,-1,UNKNOWN,None
142.954,102.01,1703.915,-1.618,5.932,60.84,-0.0028,11,Right,96.09,-1,-1,UNKNOWN,None
142.971,102.026,1704.196,-1.622,5.928,60.8,-0.0024,11,Right,95.8,-1,-1,UNKNOWN,None
142.979,102.042,1704.478,-1.625,5.925,60.75,-0.0024,11,Right,95.52,-1,-1,UNKNOWN,None
142.996,102.058,1704.759,-1.629,5.921,60.69,-0.0024,11,Right,95.24,-1,-1,UNKNOWN,None
143.012,102.074,1705.039,-1.633,5.917,60.63,-0.0021,11,Right,94.96,-1,-1,UNKNOWN,None
143.037,102.09,1705.32,-1.637,5.913,60.57,-0.0021,11,Right,94.68,-1,-1,UNKNOWN,None
143.046,102.106,1705.46,-1.639,5.911,60.53,-0.0021,11,Right,94.54,-1,-1,UNKNOWN,None
143.054,102.122,1705.74,-1.643,5.907,60.45,-0.0021,11,Right,94.26,-1,-1,UNKNOWN,None
143.08,102.138,1706.034,-1.648,5.902,60.36,-0.0018,11,Right,93.97,-1,-1,UNKNOWN,None
143.096,102.154,1706.313,-1.652,5.898,60.28,-0.0018,11,Right,93.69,-1,-1,UNKNOWN,None
143.096,102.17,1706.452,-1.654,5.896,60.23,-0.0018,11,Right,93.55,-1,-1,UNKNOWN,None
143.13,102.186,1706.87,-1.661,5.889,60.09,-0.0018,11,Right,93.13,-1,-1,UNKNOWN,None
143.147,102.202,1707.164,-1.665,5.885,59.99,-0.0018,11,Right,92.84,-1,-1,UNKNOWN,None
143.165,102.221,1707.462,-1.67,5.88,59.89,-0.0018,11,Right,92.54,-1,-1,UNKNOWN,None
143.175,102.234,1707.62,-1.673,5.877,59.84,-0.0018,11,Right,92.38,-1,-1,UNKNOWN,None
143.188,102.248,1707.834,-1.676,5.874,59.77,-0.0018,11,Right,92.17,-1,-1,UNKNOWN,None
143.204,102.266,1708.242,-1.683,5.867,59.67,-0.0018,11,Right,91.76,-1,-1,UNKNOWN,None
143.221,102.282,1708.39,-1.685,5.865,59.63,-0.0017,11,Right,91.61,-1,-1,UNKNOWN,None
143.221,102.301,1708.575,-1.689,5.861,59.6,-0.0017,11,Right,91.42,-1,-1,UNKNOWN,None
143.249,102.312,1708.991,-1.696,5.854,59.55,-0.0017,11,Right,91.01,-1,-1,UNKNOWN,None
143.275,102.329,1709.272,-1.701,5.849,59.54,-0.0014,11,Right,90.73,-1,-1,UNKNOWN,None
143.283,102.345,1709.548,-1.705,5.845,59.56,-0.0014,11,Right,90.45,-1,-1,UNKNOWN,None
143.308,102.361,1709.824,-1.71,5.84,59.6,-0.0014,11,Right,90.18,-1,-1,UNKNOWN,None
143.316,102.377,1709.962,-1.713,5.837,59.63,-0.0014,11,Right,90.04,-1,-1,UNKNOWN,None
143.334,102.393,1710.258,-1.718,5.832,59.71,-0.0014,11,Right,89.74,-1,-1,UNKNOWN,None
143.351,102.409,1710.535,-1.723,5.827,59.8,-0.0012,11,Right,89.47,-1,-1,UNKNOWN,None
143.359,102.425,1710.812,-1.728,5.822,59.91,-0.0012,11,Right,89.19,-1,-1,UNKNOWN,None
143.376,102.441,1710.951,-1.731,5.819,59.97,-0.0012,11,Right,89.05,-1,-1,UNKNOWN,None
143.393,102.457,1711.368,-1.739,5.811,60.16,-0.0012,11,Right,88.63,-1,-1,UNKNOWN,None
143.409,102.473,1711.647,-1.744,5.806,60.31,-0.0012,11,Right,88.35,-1,-1,UNKNOWN,None
143.426,102.489,1711.789,-1.747,5.803,60.38,-0.0012,11,Right,88.21,-1,-1,UNKNOWN,None
143.445,102.505,1712.116,-1.753,5.797,60.54,-0.0012,11,Right,87.88,-1,-1,UNKNOWN,None
143.462,102.521,1712.399,-1.758,5.792,60.67,-0.0012,11,Right,87.6,-1,-1,UNKNOWN,None
143.479,102.537,1712.68,-1.764,5.786,60.78,-0.0012,11,Right,87.32,-1,-1,UNKNOWN,None
143.496,102.553,1712.966,-1.769,5.781,60.88,-0.0012,11,Right,87.03,-1,-1,UNKNOWN,None
143.496,102.569,1713.107,-1.772,5.778,60.92,-0.0012,11,Right,86.89,-1,-1,UNKNOWN,None
143.529,102.585,1713.531,-1.781,5.769,61.02,-0.0012,11,Right,86.47,-1,-1,UNKNOWN,None
143.546,102.601,1713.813,-1.786,5.764,61.05,-0.0012,11,Right,86.19,-1,-1,UNKNOWN,None
143.555,102.617,1714.114,-1.792,5.758,61.06,-0.0009,11,Right,85.89,-1,-1,UNKNOWN,None
143.574,102.633,1714.295,-1.796,5.754,61.06,-0.0009,11,Right,85.71,-1,-1,UNKNOWN,None
143.583,102.649,1714.577,-1.802,5.748,61.04,-0.0009,11,Right,85.42,-1,-1,UNKNOWN,None
143.608,102.665,1714.859,-1.807,5.743,61.01,-0.0009,11,Right,85.14,-1,-1,UNKNOWN,None
143.626,102.681,1715.168,-1.814,5.736,60.95,-0.0009,11,Right,84.83,-1,-1,UNKNOWN,None
143.634,102.697,1715.45,-1.82,5.73,60.89,-0.0009,11,Right,84.55,-1,-1,UNKNOWN,None
143.651,102.713,1715.741,-1.826,5.724,60.82,-0.0009,11,Right,84.26,-1,-1,UNKNOWN,None
143.66,102.729,1715.881,-1.829,5.721,60.78,-0.0009,11,Right,84.12,-1,-1,UNKNOWN,None
143.676,102.745,1716.162,-1.835,5.715,60.7,0.0014,11,Right,83.84,-1,-1,UNKNOWN,None
143.693,102.761,1716.443,-1.84,5.71,60.61,0.0014,11,Right,83.56,-1,-1,UNKNOWN,None
143.718,102.777,1716.723,-1.846,5.704,60.52,0.0014,11,Right,83.28,-1,-1,UNKNOWN,None
143.729,102.793,1717.05,-1.853,5.697,60.41,0.0014,11,Right,82.95,-1,-1,UNKNOWN,None
143.748,102.81,1717.221,-1.857,5.693,60.35,0.0014,11,Right,82.78,-1,-1,UNKNOWN,None
143.767,102.826,1717.54,-1.863,5.687,60.24,0.0014,11,Right,82.46,-1,-1,UNKNOWN,None
143.784,102.842,1717.824,-1.869,5.681,60.14,0.0014,11,Right,82.18,-1,-1,UNKNOWN,None
143.792,102.858,1718.102,-1.875,5.675,60.03,0.0014,11,Right,81.9,-1,-1,UNKNOWN,None
143.809,102.874,1718.38,-1.881,5.669,59.92,0.0014,11,Right,81.62,-1,-1,UNKNOWN,None
143.834,102.89,1718.657,-1.886,5.664,59.82,0.0017,11,Right,81.34,-1,-1,UNKNOWN,None
143.85,102.906,1718.933,-1.892,5.658,59.72,0.0017,11,Right,81.07,-1,-1,UNKNOWN,None
143.867,102.922,1719.209,-1.898,5.652,59.62,0.0017,11,Right,80.79,-1,-1,UNKNOWN,None
143.884,102.938,1719.485,-1.903,5.647,59.53,0.0017,11,Right,80.52,-1,-1,UNKNOWN,None
143.896,102.954,1719.691,-1.907,5.643,59.48,0.0017,11,Right,80.31,-1,-1,UNKNOWN,None
143.896,102.97,1719.828,-1.91,5.64,59.44,0.0017,11,Right,80.17,-1,-1,UNKNOWN,None
143.913,102.986,1720.111,-1.916,5.634,59.38,0.0017,11,Right,79.89,-1,-1,UNKNOWN,None
143.947,103.002,1720.523,-1.924,5.626,59.34,0.0017,11,Right,79.48,-1,-1,UNKNOWN,None
143.955,103.018,1720.804,-1.93,5.62,59.33,0.0017,11,Right,79.2,-1,-1,UNKNOWN,None
143.973,103.034,1721.09,-1.936,5.614,59.35,0.0017,11,Right,78.91,-1,-1,UNKNOWN,None
143.981,103.05,1721.227,-1.938,5.612,59.36,0.0017,11,Right,78.77,-1,-1,UNKNOWN,None
143.998,103.066,1721.502,-1.944,5.606,59.42,0.0017,11,Right,78.5,-1,-1,UNKNOWN,None
144.023,103.082,1721.786,-1.949,5.601,59.49,0.0017,11,Right,78.21,-1,-1,UNKNOWN,None
144.04,103.098,1722.066,-1.955,5.595,59.59,0.0017,11,Right,77.93,-1,-1,UNKNOWN,None
144.058,103.114,1722.36,-1.96,5.59,59.7,0.0017,11,Right,77.64,-1,-1,UNKNOWN,None
144.076,103.136,1722.666,-1.966,5.584,59.84,0.0017,11,Right,77.33,-1,-1,UNKNOWN,None
144.085,103.144,1722.814,-1.969,5.581,59.91,0.0017,11,Right,77.19,-1,-1,UNKNOWN,None
144.102,103.162,1723.101,-1.974,5.576,60.06,0.0017,11,Right,76.9,-1,-1,UNKNOWN,None
144.121,103.178,1723.408,-1.98,5.57,60.22,0.0017,11,Right,76.59,-1,-1,UNKNOWN,None
144.121,103.194,1723.547,-1.983,5.567,60.29,0.0017,11,Right,76.45,-1,-1,UNKNOWN,None
144.155,103.21,1723.975,-1.991,5.559,60.51,0.0017,11,Right,76.02,-1,-1,UNKNOWN,None
144.163,103.226,1724.256,-1.996,5.554,60.62,0.0017,11,Right,75.74,-1,-1,UNKNOWN,None
144.18,103.242,1724.542,-2.001,5.549,60.73,0.0017,11,Right,75.46,-1,-1,UNKNOWN,None
144.188,103.258,1724.682,-2.004,5.546,60.78,0.0017,11,Right,75.32,-1,-1,UNKNOWN,None
144.213,103.274,1724.964,-2.009,5.541,60.86,0.0017,11,Right,75.04,-1,-1,UNKNOWN,None
144.222,103.29,1725.246,-2.014,5.536,60.92,0.0017,11,Right,74.75,-1,-1,UNKNOWN,None
144.238,103.306,1725.528,-2.018,5.532,60.97,0.0017,11,Right,74.47,-1,-1,UNKNOWN,None
144.263,103.322,1725.81,-2.023,5.527,61.02,0.0017,11,Right,74.19,-1,-1,UNKNOWN,None
144.263,103.337,1725.952,-2.026,5.524,61.04,0.0017,11,Right,74.05,-1,-1,UNKNOWN,None
144.29,103.353,1726.406,-2.034,5.516,61.07,0.0017,11,Right,73.59,-1,-1,UNKNOWN,None
144.307,103.369,1726.689,-2.038,5.512,61.08,0.0017,11,Right,73.31,-1,-1,UNKNOWN,None
144.332,103.388,1726.985,-2.043,5.507,61.08,0.0017,11,Right,73.02,-1,-1,UNKNOWN,None
144.332,103.401,1727.126,-2.046,5.504,61.08,0.0017,11,Right,72.87,-1,-1,UNKNOWN,None
144.357,103.417,1727.409,-2.05,5.5,61.06,0.0017,11,Right,72.59,-1,-1,UNKNOWN,None
144.374,103.433,1727.691,-2.055,5.495,61.02,0.0017,11,Right,72.31,-1,-1,UNKNOWN,None
144.391,103.449,1727.974,-2.059,5.491,60.97,0.0017,11,Right,72.03,-1,-1,UNKNOWN,None
144.391,103.465,1728.115,-2.062,5.488,60.95,0.0017,11,Right,71.89,-1,-1,UNKNOWN,None
144.407,103.481,1728.396,-2.066,5.484,60.88,0.0018,11,Right,71.6,-1,-1,UNKNOWN,None
144.424,103.497,1728.678,-2.071,5.479,60.81,0.0018,11,Right,71.32,-1,-1,UNKNOWN,None
144.441,103.513,1728.974,-2.075,5.475,60.73,0.0018,11,Right,71.03,-1,-1,UNKNOWN,None
144.469,103.529,1729.286,-2.08,5.47,60.64,0.0018,11,Right,70.71,-1,-1,UNKNOWN,None
144.488,103.545,1729.616,-2.085,5.465,60.53,0.0018,11,Right,70.38,-1,-1,UNKNOWN,None
144.502,103.561,1729.846,-2.088,5.462,60.46,0.0018,11,Right,70.15,-1,-1,UNKNOWN,None
144.502,103.577,1729.986,-2.09,5.46,60.41,0.0018,11,Right,70.01,-1,-1,UNKNOWN,None
144.519,103.593,1730.265,-2.095,5.455,60.31,0.0018,11,Right,69.73,-1,-1,UNKNOWN,None
144.535,103.609,1730.546,-2.099,5.451,60.21,0.0018,11,Right,69.45,-1,-1,UNKNOWN,None
144.56,103.625,1730.963,-2.105,5.445,60.06,0.0018,11,Right,69.04,-1,-1,UNKNOWN,None
144.577,103.641,1731.248,-2.109,5.441,59.95,0.0018,11,Right,68.75,-1,-1,UNKNOWN,None
144.595,103.657,1731.541,-2.113,5.437,59.84,0.0018,11,Right,68.46,-1,-1,UNKNOWN,None
144.603,103.673,1731.686,-2.115,5.435,59.78,0.0018,11,Right,68.31,-1,-1,UNKNOWN,None
144.62,103.689,1731.964,-2.118,5.432,59.68,0.0018,11,Right,68.04,-1,-1,UNKNOWN,None
144.646,103.705,1732.24,-2.122,5.428,59.59,0.0018,11,Right,67.76,-1,-1,UNKNOWN,None
144.663,103.721,1732.536,-2.126,5.424,59.51,0.0018,11,Right,67.46,-1,-1,UNKNOWN,None
144.681,103.735,1732.818,-2.13,5.42,59.44,0.0018,11,Right,67.18,-1,-1,UNKNOWN,None
144.697,103.753,1733.096,-2.133,5.417,59.39,0.0018,11,Right,66.9,-1,-1,UNKNOWN,None
144.714,103.769,1733.371,-2.137,5.413,59.36,0.0018,11,Right,66.63,-1,-1,UNKNOWN,None
144.722,103.785,1733.645,-2.14,5.41,59.35,0.0018,11,Right,66.35,-1,-1,UNKNOWN,None
144.74,103.802,1733.934,-2.144,5.406,59.37,0.0018,11,Right,66.07,-1,-1,UNKNOWN,None
144.748,103.818,1734.072,-2.145,5.405,59.39,0.0018,11,Right,65.93,-1,-1,UNKNOWN,None
144.765,103.834,1734.362,-2.149,5.401,59.44,0.0018,11,Right,65.64,-1,-1,UNKNOWN,None
144.791,103.85,1734.639,-2.152,5.398,59.51,0.0018,11,Right,65.36,-1,-1,UNKNOWN,None
144.808,103.866,1734.922,-2.155,5.395,59.61,0.0018,11,Right,65.08,-1,-1,UNKNOWN,None
144.816,103.882,1735.198,-2.158,5.392,59.72,0.0018,11,Right,64.8,-1,-1,UNKNOWN,None
144.841,103.898,1735.475,-2.161,5.389,59.84,0.0018,11,Right,64.53,-1,-1,UNKNOWN,None
144.858,103.914,1735.752,-2.165,5.385,59.97,0.0018,11,Right,64.25,-1,-1,UNKNOWN,None
144.875,103.93,1736.037,-2.168,5.382,60.12,0.0018,11,Right,63.96,-1,-1,UNKNOWN,None
144.892,103.946,1736.316,-2.171,5.379,60.27,0.0018,11,Right,63.68,-1,-1,UNKNOWN,None
144.9,103.962,1736.596,-2.174,5.376,60.42,0.0018,11,Right,63.4,-1,-1,UNKNOWN,None
144.917,103.978,1736.876,-2.176,5.374,60.56,0.0018,11,Right,63.12,-1,-1,UNKNOWN,None
144.933,103.994,1737.016,-2.178,5.372,60.62,0.0018,11,Right,62.98,-1,-1,UNKNOWN,None
144.942,104.013,1737.297,-2.181,5.369,60.73,0.0018,11,Right,62.7,-1,-1,UNKNOWN,None
144.968,104.026,1737.606,-2.184,5.366,60.82,0.0018,11,Right,62.39,-1,-1,UNKNOWN,None
144.985,104.042,1737.887,-2.186,5.364,60.87,0.0018,11,Right,62.11,-1,-1,UNKNOWN,None
144.993,104.058,1738.169,-2.189,5.361,60.89,0.0018,11,Right,61.83,-1,-1,UNKNOWN,None
145.01,104.074,1738.455,-2.192,5.358,60.89,0.0018,11,Right,61.55,-1,-1,UNKNOWN,None
145.035,104.088,1738.737,-2.194,5.356,60.88,0.0018,11,Right,61.26,-1,-1,UNKNOWN,None
145.035,104.106,1738.878,-2.196,5.354,60.86,0.0018,11,Right,61.12,-1,-1,UNKNOWN,None
145.064,104.122,1739.223,-2.199,5.351,60.81,0.0018,11,Right,60.78,-1,-1,UNKNOWN,None
145.064,104.138,1739.364,-2.2,5.35,60.79,0.0018,11,Right,60.64,-1,-1,UNKNOWN,None
145.081,104.154,1739.645,-2.202,5.348,60.73,0.0018,11,Right,60.35,-1,-1,UNKNOWN,None
145.114,104.17,1740.068,-2.206,5.344,60.62,0.0018,11,Right,59.93,-1,-1,UNKNOWN,None
145.131,104.186,1740.348,-2.208,5.342,60.54,0.0018,11,Right,59.65,-1,-1,UNKNOWN,None
145.142,104.202,1740.534,-2.209,5.341,60.48,0.0018,11,Right,59.47,-1,-1,UNKNOWN,None
145.142,104.218,1740.812,-2.211,5.339,60.4,0.0018,11,Right,59.19,-1,-1,UNKNOWN,None
145.175,104.234,1741.092,-2.214,5.336,60.3,0.0018,11,Right,58.91,-1,-1,UNKNOWN,None
145.192,104.25,1741.37,-2.216,5.334,60.21,0.0018,11,Right,58.63,-1,-1,UNKNOWN,None
145.192,104.266,1741.51,-2.217,5.333,60.16,0.0018,11,Right,58.49,-1,-1,UNKNOWN,None
145.226,104.282,1741.95,-2.22,5.33,60.0,0.0018,11,Right,58.05,-1,-1,UNKNOWN,None
145.226,104.298,1742.179,-2.221,5.329,59.91,0.0018,11,Right,57.82,-1,-1,UNKNOWN,None
145.256,104.32,1742.588,-2.224,5.326,59.77,0.0018,11,Right,57.41,-1,-1,UNKNOWN,None
145.265,104.327,1742.727,-2.225,5.325,59.72,0.0018,11,Right,57.27,-1,-1,UNKNOWN,None
145.29,104.345,1743.003,-2.227,5.323,59.63,0.0018,11,Right,57.0,-1,-1,UNKNOWN,None
145.298,104.361,1743.293,-2.228,5.322,59.55,0.0021,11,Right,56.71,-1,-1,UNKNOWN,None
145.324,104.377,1743.568,-2.23,5.32,59.49,0.0021,11,Right,56.43,-1,-1,UNKNOWN,None
145.324,104.393,1743.706,-2.231,5.319,59.47,0.0021,11,Right,56.29,-1,-1,UNKNOWN,None
145.341,104.409,1743.981,-2.232,5.318,59.43,0.0023,11,Right,56.02,-1,-1,UNKNOWN,None
145.366,104.425,1744.256,-2.234,5.316,59.42,0.0023,11,Right,55.74,-1,-1,UNKNOWN,None
145.374,104.439,1744.531,-2.235,5.315,59.42,0.0023,11,Right,55.47,-1,-1,UNKNOWN,None
145.399,104.457,1744.806,-2.236,5.314,59.45,0.0025,11,Right,55.19,-1,-1,UNKNOWN,None
145.407,104.473,1745.082,-2.238,5.312,59.51,0.0028,11,Right,54.92,-1,-1,UNKNOWN,None
145.416,104.492,1745.219,-2.238,5.312,59.54,0.0028,11,Right,54.78,-1,-1,UNKNOWN,None
145.443,104.51,1745.679,-2.24,5.31,59.69,0.0028,11,Right,54.32,-1,-1,UNKNOWN,None
145.468,104.521,1745.956,-2.241,5.309,59.8,0.0028,11,Right,54.04,-1,-1,UNKNOWN,None
145.477,104.537,1746.095,-2.242,5.308,59.86,0.0028,11,Right,53.91,-1,-1,UNKNOWN,None
145.494,104.553,1746.386,-2.243,5.307,60.0,0.0028,11,Right,53.61,-1,-1,UNKNOWN,None
145.511,104.569,1746.664,-2.244,5.306,60.14,0.0028,11,Right,53.34,-1,-1,UNKNOWN,None
145.511,104.585,1746.803,-2.244,5.306,60.21,0.0028,11,Right,53.2,-1,-1,UNKNOWN,None
145.528,104.601,1747.083,-2.245,5.305,60.35,0.0028,11,Right,52.92,-1,-1,UNKNOWN,None
145.562,104.617,1747.527,-2.246,5.304,60.53,0.0028,11,Right,52.47,-1,-1,UNKNOWN,None
145.562,104.633,1747.677,-2.246,5.304,60.58,0.0028,11,Right,52.32,-1,-1,UNKNOWN,None
145.58,104.649,1747.971,-2.247,5.303,60.66,0.0028,11,Right,52.03,-1,-1,UNKNOWN,None
145.605,104.665,1748.252,-2.248,5.302,60.71,0.0028,11,Right,51.75,-1,-1,UNKNOWN,None
145.622,104.681,1748.533,-2.248,5.302,60.72,0.0028,11,Right,51.47,-1,-1,UNKNOWN,None
145.639,104.697,1748.814,-2.248,5.302,60.72,0.0014,11,Right,51.19,-1,-1,UNKNOWN,None
145.655,104.713,1749.095,-2.249,5.301,60.7,0.0014,11,Right,50.9,-1,-1,UNKNOWN,None
145.655,104.731,1749.236,-2.249,5.301,60.68,0.0014,11,Right,50.76,-1,-1,UNKNOWN,None
145.682,104.743,1749.547,-2.249,5.301,60.64,0.0014,11,Right,50.45,-1,-1,UNKNOWN,None
145.682,104.761,1749.734,-2.249,5.301,60.61,0.0014,11,Right,50.27,-1,-1,UNKNOWN,None
145.718,104.777,1750.154,-2.249,5.301,60.52,0.0014,11,Right,49.85,-1,-1,UNKNOWN,None
145.718,104.793,1750.294,-2.249,5.301,60.49,0.0014,11,Right,49.71,-1,-1,UNKNOWN,None
145.752,104.81,1750.714,-2.25,5.3,60.38,0.0014,11,Right,49.29,-1,-1,UNKNOWN,None
145.76,104.826,1750.993,-2.25,5.3,60.29,0.0014,11,Right,49.01,-1,-1,UNKNOWN,None
145.777,104.842,1751.272,-2.249,5.301,60.21,0.0014,11,Right,48.73,-1,-1,UNKNOWN,None
145.803,104.858,1751.569,-2.249,5.301,60.11,0.0014,11,Right,48.43,-1,-1,UNKNOWN,None
145.812,104.874,1751.876,-2.249,5.301,60.01,0.0021,11,Right,48.12,-1,-1,UNKNOWN,None
145.821,104.89,1752.015,-2.249,5.301,59.96,0.0021,11,Right,47.99,-1,-1,UNKNOWN,None
145.838,104.906,1752.292,-2.249,5.301,59.87,0.0021,11,Right,47.71,-1,-1,UNKNOWN,None
145.863,104.922,1752.577,-2.248,5.302,59.77,0.0021,11,Right,47.42,-1,-1,UNKNOWN,None
145.881,104.938,1752.869,-2.248,5.302,59.67,0.0018,11,Right,47.13,-1,-1,UNKNOWN,None
145.898,104.954,1753.157,-2.247,5.303,59.59,0.0017,11,Right,46.84,-1,-1,UNKNOWN,None
145.915,104.97,1753.432,-2.247,5.303,59.51,0.0017,11,Right,46.57,-1,-1,UNKNOWN,None
145.932,104.986,1753.708,-2.246,5.304,59.45,0.0017,11,Right,46.29,-1,-1,UNKNOWN,None
145.94,105.002,1753.983,-2.246,5.304,59.41,0.0017,11,Right,46.02,-1,-1,UNKNOWN,None
145.957,105.018,1754.131,-2.245,5.305,59.39,0.0017,11,Right,45.87,-1,-1,UNKNOWN,None
145.966,105.034,1754.471,-2.244,5.306,59.37,0.0017,11,Right,45.53,-1,-1,UNKNOWN,None
145.978,105.05,1754.664,-2.244,5.306,59.38,0.0018,11,Right,45.34,-1,-1,UNKNOWN,None
146.007,105.066,1754.945,-2.243,5.307,59.4,0.0018,11,Right,45.05,-1,-1,UNKNOWN,None
146.023,105.082,1755.221,-2.242,5.308,59.45,0.0018,11,Right,44.78,-1,-1,UNKNOWN,None
146.04,105.098,1755.496,-2.241,5.309,59.52,0.0018,11,Right,44.5,-1,-1,UNKNOWN,None
146.048,105.114,1755.772,-2.24,5.31,59.61,0.0018,11,Right,44.23,-1,-1,UNKNOWN,None
146.073,105.131,1756.048,-2.239,5.311,59.72,0.0018,11,Right,43.95,-1,-1,UNKNOWN,None
146.073,105.146,1756.249,-2.239,5.311,59.81,0.0018,11,Right,43.75,-1,-1,UNKNOWN,None
146.103,105.162,1756.542,-2.237,5.313,59.94,0.0018,11,Right,43.46,-1,-1,UNKNOWN,None
146.103,105.178,1756.681,-2.237,5.313,60.01,0.0018,11,Right,43.32,-1,-1,UNKNOWN,None
146.136,105.194,1757.099,-2.235,5.315,60.23,0.0018,11,Right,42.9,-1,-1,UNKNOWN,None
146.153,105.21,1757.378,-2.234,5.316,60.38,0.0018,11,Right,42.62,-1,-1,UNKNOWN,None
146.17,105.226,1757.658,-2.232,5.318,60.51,0.0018,11,Right,42.34,-1,-1,UNKNOWN,None
146.187,105.242,1757.954,-2.231,5.319,60.64,0.0018,11,Right,42.05,-1,-1,UNKNOWN,None
146.196,105.258,1758.243,-2.23,5.32,60.74,0.0018,11,Right,41.76,-1,-1,UNKNOWN,None
146.204,105.274,1758.385,-2.229,5.321,60.77,0.0018,11,Right,41.61,-1,-1,UNKNOWN,None
146.221,105.29,1758.667,-2.227,5.323,60.82,0.0018,11,Right,41.33,-1,-1,UNKNOWN,None
146.238,105.306,1758.948,-2.226,5.324,60.84,0.0018,11,Right,41.05,-1,-1,UNKNOWN,None
146.246,105.322,1759.104,-2.225,5.325,60.85,0.0018,11,Right,40.9,-1,-1,UNKNOWN,None
146.273,105.337,1759.572,-2.222,5.328,60.82,0.0018,11,Right,40.43,-1,-1,UNKNOWN,None
146.292,105.353,1759.855,-2.22,5.33,60.78,0.0021,11,Right,40.14,-1,-1,UNKNOWN,None
146.308,105.369,1759.998,-2.219,5.331,60.75,0.0021,11,Right,40.0,-1,-1,UNKNOWN,None
146.317,105.385,1760.282,-2.218,5.332,60.7,0.0021,11,Right,39.72,-1,-1,UNKNOWN,None
146.343,105.401,1760.591,-2.216,5.334,60.63,0.0021,11,Right,39.41,-1,-1,UNKNOWN,None
146.36,105.417,1760.871,-2.214,5.336,60.56,0.0021,11,Right,39.13,-1,-1,UNKNOWN,None
146.36,105.433,1761.011,-2.213,5.337,60.52,0.0021,11,Right,38.99,-1,-1,UNKNOWN,None
146.388,105.449,1761.34,-2.21,5.34,60.42,0.0021,11,Right,38.66,-1,-1,UNKNOWN,None
146.406,105.465,1761.643,-2.208,5.342,60.32,0.0021,11,Right,38.36,-1,-1,UNKNOWN,None
146.414,105.481,1761.923,-2.206,5.344,60.23,0.0021,11,Right,38.08,-1,-1,UNKNOWN,None
146.44,105.497,1762.21,-2.204,5.346,60.13,0.0021,11,Right,37.79,-1,-1,UNKNOWN,None
146.457,105.513,1762.488,-2.201,5.349,60.03,0.0021,11,Right,37.51,-1,-1,UNKNOWN,None
146.473,105.529,1762.766,-2.199,5.351,59.93,0.0021,11,Right,37.23,-1,-1,UNKNOWN,None
146.49,105.545,1763.043,-2.197,5.353,59.82,0.0018,11,Right,36.96,-1,-1,UNKNOWN,None
146.507,105.561,1763.319,-2.194,5.356,59.72,0.0018,11,Right,36.68,-1,-1,UNKNOWN,None
146.515,105.577,1763.597,-2.192,5.358,59.63,0.0018,11,Right,36.4,-1,-1,UNKNOWN,None
146.532,105.598,1763.872,-2.19,5.36,59.55,0.0018,11,Right,36.13,-1,-1,UNKNOWN,None
146.548,105.609,1764.01,-2.188,5.362,59.51,0.0018,11,Right,35.99,-1,-1,UNKNOWN,None
146.557,105.628,1764.285,-2.186,5.364,59.44,0.0018,11,Right,35.71,-1,-1,UNKNOWN,None
146.573,105.639,1764.56,-2.183,5.367,59.39,0.0018,11,Right,35.44,-1,-1,UNKNOWN,None
146.598,105.657,1764.835,-2.18,5.37,59.36,0.0018,11,Right,35.16,-1,-1,UNKNOWN,None
146.615,105.673,1765.11,-2.178,5.372,59.35,0.0018,11,Right,34.89,-1,-1,UNKNOWN,None
146.615,105.689,1765.247,-2.176,5.374,59.35,0.0018,11,Right,34.75,-1,-1,UNKNOWN,None
146.632,105.705,1765.522,-2.174,5.376,59.37,0.0014,11,Right,34.48,-1,-1,UNKNOWN,None
146.666,105.721,1765.945,-2.169,5.381,59.45,0.0011,11,Right,34.05,-1,-1,UNKNOWN,None
146.674,105.737,1766.221,-2.166,5.384,59.53,0.0011,11,Right,33.78,-1,-1,UNKNOWN,None
146.691,105.754,1766.37,-2.165,5.385,59.58,0.0011,11,Right,33.63,-1,-1,UNKNOWN,None
146.703,105.768,1766.75,-2.161,5.389,59.73,0.0011,11,Right,33.25,-1,-1,UNKNOWN,None
146.731,105.786,1767.028,-2.158,5.392,59.85,0.0011,11,Right,32.97,-1,-1,UNKNOWN,None
146.74,105.803,1767.317,-2.154,5.396,59.99,0.0011,11,Right,32.68,-1,-1,UNKNOWN,None
146.757,105.819,1767.466,-2.153,5.397,60.07,0.0011,11,Right,32.53,-1,-1,UNKNOWN,None
146.776,105.835,1767.786,-2.149,5.401,60.24,0.0011,11,Right,32.21,-1,-1,UNKNOWN,None
146.793,105.856,1768.205,-2.144,5.406,60.46,0.0011,11,Right,31.79,-1,-1,UNKNOWN,None
146.81,105.867,1768.346,-2.143,5.407,60.52,0.0011,11,Right,31.65,-1,-1,UNKNOWN,None
146.81,105.883,1768.486,-2.141,5.409,60.58,0.0011,11,Right,31.51,-1,-1,UNKNOWN,None
146.836,105.899,1768.928,-2.136,5.414,60.74,0.0011,11,Right,31.07,-1,-1,UNKNOWN,None
146.844,105.915,1769.074,-2.134,5.416,60.77,0.0011,11,Right,30.93,-1,-1,UNKNOWN,None
146.861,105.931,1769.358,-2.13,5.42,60.82,-0.0035,11,Right,30.64,-1,-1,UNKNOWN,None
146.878,105.947,1769.644,-2.127,5.423,60.84,-0.0035,11,Right,30.36,-1,-1,UNKNOWN,None
146.903,105.963,1769.926,-2.124,5.426,60.84,-0.0035,11,Right,30.07,-1,-1,UNKNOWN,None
146.923,105.979,1770.25,-2.12,5.43,60.81,-0.0095,11,Right,29.75,-1,-1,UNKNOWN,None
146.938,105.995,1770.517,-2.117,5.433,60.78,-0.0116,11,Right,29.48,-1,-1,UNKNOWN,None
146.955,106.011,1770.802,-2.114,5.436,60.75,-0.0135,11,Right,29.2,-1,-1,UNKNOWN,None
146.972,106.027,1771.083,-2.112,5.438,60.71,-0.0153,11,Right,28.92,-1,-1,UNKNOWN,None
146.98,106.043,1771.364,-2.11,5.44,60.68,-0.0165,11,Right,28.64,-1,-1,UNKNOWN,None
147.006,106.059,1771.648,-2.107,5.443,60.66,-0.0165,11,Right,28.35,-1,-1,UNKNOWN,None
147.006,106.075,1771.837,-2.106,5.444,60.64,-0.0165,11,Right,28.16,-1,-1,UNKNOWN,None
147.036,106.091,1772.167,-2.104,5.446,60.61,-0.0186,11,Right,27.83,-1,-1,UNKNOWN,None
147.045,106.107,1772.447,-2.103,5.447,60.58,-0.0186,11,Right,27.55,-1,-1,UNKNOWN,None
147.053,106.123,1772.587,-2.102,5.448,60.56,-0.0186,11,Right,27.41,-1,-1,UNKNOWN,None
147.086,106.139,1773.007,-2.101,5.449,60.5,-0.0186,11,Right,26.99,-1,-1,UNKNOWN,None
147.086,106.155,1773.147,-2.101,5.449,60.47,-0.0186,11,Right,26.85,-1,-1,UNKNOWN,None
147.103,106.171,1773.427,-2.101,5.449,60.4,-0.0186,11,Right,26.57,-1,-1,UNKNOWN,None
147.128,106.187,1773.707,-2.101,5.449,60.33,-0.0186,11,Right,26.29,-1,-1,UNKNOWN,None
147.128,106.203,1773.846,-2.101,5.449,60.29,-0.0186,11,Right,26.15,-1,-1,UNKNOWN,None
147.136,106.217,1773.986,-2.102,5.448,60.25,-0.0186,11,Right,26.01,-1,-1,UNKNOWN,None
147.161,106.235,1774.403,-2.103,5.447,60.12,-0.0186,11,Right,25.6,-1,-1,UNKNOWN,None
147.186,106.249,1774.821,-2.106,5.444,59.98,-0.0244,11,Right,25.18,-1,-1,UNKNOWN,None
147.211,106.266,1775.099,-2.108,5.442,59.88,-0.0251,11,Right,24.9,-1,-1,UNKNOWN,None
147.211,106.283,1775.237,-2.109,5.441,59.84,-0.0255,11,Right,24.76,-1,-1,UNKNOWN,None
147.237,106.299,1775.671,-2.114,5.436,59.71,-0.0255,11,Right,24.33,-1,-1,UNKNOWN,None
147.256,106.315,1775.835,-2.117,5.433,59.67,-0.0255,11,Right,24.17,-1,-1,UNKNOWN,None
147.272,106.33,1776.111,-2.121,5.429,59.61,-0.0255,11,Right,23.89,-1,-1,UNKNOWN,None
147.289,106.346,1776.387,-2.126,5.424,59.56,-0.0255,11,Right,23.61,-1,-1,UNKNOWN,None
147.307,106.362,1776.686,-2.132,5.418,59.53,-0.0255,11,Right,23.31,-1,-1,UNKNOWN,None
147.317,106.378,1776.848,-2.135,5.415,59.53,-0.0251,11,Right,23.15,-1,-1,UNKNOWN,None
147.335,106.394,1777.142,-2.142,5.408,59.54,-0.0248,11,Right,22.86,-1,-1,UNKNOWN,None
147.343,106.408,1777.418,-2.149,5.401,59.57,-0.0244,11,Right,22.58,-1,-1,UNKNOWN,None
147.368,106.426,1777.694,-2.156,5.394,59.62,-0.0241,11,Right,22.31,-1,-1,UNKNOWN,None
147.385,106.442,1777.97,-2.164,5.386,59.7,-0.0241,11,Right,22.03,-1,-1,UNKNOWN,None
147.395,106.458,1778.134,-2.17,5.38,59.75,-0.0241,11,Right,21.87,-1,-1,UNKNOWN,None
147.415,106.474,1778.472,-2.181,5.369,59.88,-0.0241,11,Right,21.53,-1,-1,UNKNOWN,None
147.432,106.49,1778.75,-2.191,5.359,60.0,-0.0241,11,Right,21.25,-1,-1,UNKNOWN,None
147.432,106.506,1778.889,-2.196,5.354,60.07,-0.0241,11,Right,21.11,-1,-1,UNKNOWN,None
147.457,106.522,1779.31,-2.212,5.338,60.27,-0.0241,11,Right,20.69,-1,-1,UNKNOWN,None
147.482,106.538,1779.589,-2.224,5.326,60.39,-0.0241,11,Right,20.41,-1,-1,UNKNOWN,None
147.499,106.554,1779.869,-2.237,5.313,60.5,-0.0241,11,Right,20.13,-1,-1,UNKNOWN,None
147.515,106.57,1780.149,-2.25,5.3,60.58,-0.0241,11,Right,19.85,-1,-1,UNKNOWN,None
147.524,106.586,1780.44,-2.264,5.286,60.64,-0.0241,11,Right,19.56,-1,-1,UNKNOWN,None
147.533,106.602,1780.581,-2.271,5.279,60.66,-0.0228,11,Right,19.42,-1,-1,UNKNOWN,None
147.549,106.618,1780.862,-2.286,5.264,60.68,-0.0223,11,Right,19.14,-1,-1,UNKNOWN,None
147.574,106.634,1781.142,-2.302,5.248,60.68,-0.0223,11,Right,18.86,-1,-1,UNKNOWN,None
147.591,106.65,1781.423,-2.318,5.232,60.67,-0.0223,11,Right,18.58,-1,-1,UNKNOWN,None
147.608,106.666,1781.703,-2.334,5.216,60.64,-0.0223,11,Right,18.3,-1,-1,UNKNOWN,None
147.625,106.682,1781.997,-2.352,5.198,60.59,-0.02,11,Right,18.0,-1,-1,UNKNOWN,None
147.643,106.698,1782.293,-2.371,5.179,60.54,-0.02,11,Right,17.71,-1,-1,UNKNOWN,None
147.651,106.714,1782.433,-2.381,5.169,60.51,-0.02,11,Right,17.57,-1,-1,UNKNOWN,None
147.671,106.73,1782.768,-2.403,5.147,60.43,-0.02,11,Right,17.23,-1,-1,UNKNOWN,None
147.688,106.746,1783.054,-2.423,5.127,60.34,-0.02,11,Right,16.95,-1,-1,UNKNOWN,None
147.697,106.762,1783.335,-2.444,5.106,60.26,-0.02,11,Right,16.66,-1,-1,UNKNOWN,None
147.723,106.778,1783.635,-2.466,5.084,60.16,-0.02,11,Right,16.37,-1,-1,UNKNOWN,None
147.732,106.794,1783.781,-2.477,5.073,60.11,-0.0196,11,Right,16.22,-1,-1,UNKNOWN,None
147.758,106.811,1784.222,-2.512,5.038,59.96,-0.0196,11,Right,15.78,-1,-1,UNKNOWN,Left_Broken
147.758,106.827,1784.36,-2.523,5.027,59.92,-0.0181,11,Right,15.64,-1,-1,UNKNOWN,None
147.785,106.843,1784.659,-2.547,5.003,59.81,-0.017,11,Right,15.34,-1,-1,UNKNOWN,None
147.793,106.859,1784.942,-2.571,4.979,59.72,-0.0155,11,Right,15.06,-1,-1,UNKNOWN,None
147.81,106.875,1785.217,-2.595,4.955,59.63,-0.0137,11,Right,14.78,-1,-1,UNKNOWN,None
147.836,106.891,1785.498,-2.62,4.93,59.56,-0.0123,11,Right,14.5,-1,-1,UNKNOWN,None
147.852,106.907,1785.773,-2.644,4.906,59.5,-0.01,11,Right,14.23,-1,-1,UNKNOWN,None
147.861,106.923,1786.047,-2.669,4.881,59.45,-0.0078,11,Right,13.95,-1,-1,UNKNOWN,None
147.877,106.939,1786.321,-2.694,4.856,59.43,-0.0053,11,Right,13.68,-1,-1,UNKNOWN,None
147.886,106.955,1786.46,-2.707,4.843,59.42,-0.0028,11,Right,13.54,-1,-1,UNKNOWN,None
147.912,106.971,1786.748,-2.734,4.816,59.42,-0.0005,11,Right,13.25,-1,-1,UNKNOWN,None
147.928,106.987,1787.022,-2.76,4.79,59.45,0.0021,11,Right,12.98,-1,-1,UNKNOWN,None
147.946,107.001,1787.319,-2.789,4.761,59.51,0.0042,11,Right,12.68,-1,-1,UNKNOWN,None
147.964,107.019,1787.604,-2.816,4.734,59.59,0.006,11,Right,12.4,-1,-1,UNKNOWN,None
147.98,107.035,1787.883,-2.843,4.707,59.68,0.0081,11,Right,12.12,-1,-1,UNKNOWN,None
147.98,107.051,1788.026,-2.857,4.693,59.74,0.0092,11,Right,11.97,-1,-1,UNKNOWN,None
147.997,107.067,1788.312,-2.884,4.666,59.86,0.0101,11,Right,11.69,-1,-1,UNKNOWN,None
148.015,107.083,1788.588,-2.911,4.639,59.99,0.0107,11,Right,11.41,-1,-1,UNKNOWN,Left_Broken
148.04,107.099,1788.865,-2.938,4.612,60.13,0.0109,11,Right,11.14,-1,-1,UNKNOWN,None
148.056,107.115,1789.143,-2.965,4.585,60.28,0.0109,11,Right,10.86,-1,-1,UNKNOWN,None
148.065,107.131,1789.421,-2.992,4.558,60.42,0.0109,11,Right,10.58,-1,-1,UNKNOWN,None
148.081,107.147,1789.7,-3.019,4.531,60.56,0.0109,11,Right,10.3,-1,-1,UNKNOWN,None
148.107,107.163,1789.983,-3.046,4.504,60.68,0.0109,11,Right,10.02,-1,-1,UNKNOWN,None
148.123,107.179,1790.264,-3.073,4.477,60.78,0.0101,11,Right,9.74,-1,-1,UNKNOWN,None
148.14,107.195,1790.546,-3.1,4.45,60.86,0.0092,11,Right,9.45,-1,-1,UNKNOWN,None
148.157,107.211,1790.827,-3.127,4.423,60.94,0.0092,11,Right,9.17,-1,-1,UNKNOWN,None
148.165,107.227,1791.108,-3.154,4.396,61.0,0.0076,11,Right,8.89,-1,-1,UNKNOWN,None
148.173,107.243,1791.248,-3.167,4.383,61.03,0.0072,11,Right,8.75,-1,-1,UNKNOWN,None
148.19,107.259,1791.53,-3.194,4.356,61.09,0.0072,11,Right,8.47,-1,-1,UNKNOWN,None
148.207,107.277,1791.812,-3.221,4.329,61.14,0.0072,11,Right,8.19,-1,-1,UNKNOWN,None
148.232,107.291,1792.093,-3.247,4.303,61.17,0.0072,11,Right,7.91,-1,-1,UNKNOWN,None
148.248,107.307,1792.376,-3.274,4.276,61.19,0.0072,11,Right,7.62,-1,-1,UNKNOWN,None
148.265,107.323,1792.66,-3.3,4.25,61.19,0.0072,11,Right,7.34,-1,-1,UNKNOWN,None
148.265,107.338,1792.804,-3.314,4.236,61.17,0.0072,11,Right,7.2,-1,-1,UNKNOWN,None
148.294,107.354,1793.151,-3.346,4.204,61.13,0.0072,11,Right,6.85,-1,-1,UNKNOWN,None
148.303,107.37,1793.432,-3.372,4.178,61.09,0.0072,11,Right,6.57,-1,-1,UNKNOWN,None
148.329,107.388,1793.734,-3.399,4.151,61.02,0.0072,11,Right,6.27,-1,-1,UNKNOWN,None
148.337,107.402,1794.015,-3.424,4.126,60.95,0.0069,11,Right,5.98,-1,-1,UNKNOWN,None
148.362,107.418,1794.296,-3.45,4.1,60.88,0.0069,11,Right,5.7,-1,-1,UNKNOWN,None
148.379,107.434,1794.58,-3.475,4.075,60.8,0.0069,11,Right,5.42,-1,-1,UNKNOWN,None
148.396,107.45,1794.861,-3.5,4.05,60.71,0.0069,11,Right,5.14,-1,-1,UNKNOWN,None
148.404,107.466,1795.14,-3.524,4.026,60.64,0.0065,11,Right,4.86,-1,-1,UNKNOWN,None
148.412,107.482,1795.28,-3.536,4.014,60.6,0.006,11,Right,4.72,-1,-1,UNKNOWN,None
148.429,107.498,1795.559,-3.561,3.989,60.53,0.006,11,Right,4.44,-1,-1,UNKNOWN,None
148.454,107.514,1795.843,-3.585,3.965,60.47,0.006,11,Right,4.16,-1,-1,UNKNOWN,None
148.473,107.532,1796.149,-3.611,3.939,60.4,0.006,11,Right,3.85,-1,-1,UNKNOWN,None
148.49,107.546,1796.432,-3.635,3.915,60.32,0.006,11,Right,3.57,-1,-1,UNKNOWN,None
148.507,107.562,1796.716,-3.659,3.891,60.24,0.006,11,Right,3.28,-1,-1,UNKNOWN,None
148.517,107.578,1796.885,-3.673,3.877,60.18,0.0021,11,Right,3.12,-1,-1,UNKNOWN,None
148.532,107.594,1797.274,-3.705,3.845,60.06,0.0021,11,Right,2.73,-1,-1,UNKNOWN,None
148.548,107.61,1797.55,-3.728,3.822,59.96,0.0021,11,Right,2.45,-1,-1,UNKNOWN,None
148.565,107.626,1797.827,-3.751,3.799,59.87,-0.0018,11,Right,2.17,-1,-1,UNKNOWN,None
148.573,107.642,1797.964,-3.762,3.788,59.82,-0.0037,11,Right,2.04,-1,-1,UNKNOWN,None
148.598,107.658,1798.24,-3.785,3.765,59.73,-0.006,11,Right,1.76,-1,-1,UNKNOWN,None
148.615,107.674,1798.516,-3.808,3.742,59.64,-0.0086,11,Right,1.48,-1,-1,UNKNOWN,None
148.615,107.69,1798.653,-3.819,3.731,59.6,-0.011,11,Right,1.35,-1,-1,UNKNOWN,None
148.64,107.706,1799.065,-3.854,3.696,59.5,-0.0133,11,Right,0.94,-1,-1,UNKNOWN,None
148.648,107.722,1799.202,-3.865,3.685,59.48,-0.0155,11,Right,0.8,-1,-1,UNKNOWN,None
148.674,107.738,1799.631,-3.901,3.649,59.42,-0.0174,11,Right,0.37,-1,-1,UNKNOWN,None
148.691,107.754,1799.911,-3.925,3.625,59.41,-0.019,11,Right,0.09,-1,-1,UNKNOWN,None
148.7,107.773,1800.056,-3.938,3.612,59.42,-0.02,12,Left,149.94,-1,-1,UNKNOWN,None
148.717,107.786,1800.33,-3.962,3.588,59.44,-0.0206,12,Left,149.67,-1,-1,UNKNOWN,None
148.734,107.803,1800.604,-3.986,3.564,59.49,-0.0206,12,Left,149.4,-1,-1,UNKNOWN,None
148.75,107.819,1800.879,-4.01,3.54,59.56,-0.0206,12,Left,149.12,-1,-1,UNKNOWN,None
148.775,107.835,1801.153,-4.035,3.515,59.65,-0.02,12,Left,148.85,-1,-1,UNKNOWN,None
148.792,107.851,1801.429,-4.06,3.49,59.76,-0.0186,12,Left,148.57,-1,-1,UNKNOWN,None
148.8,107.867,1801.705,-4.086,3.464,59.88,-0.0172,12,Left,148.3,-1,-1,UNKNOWN,None
148.809,107.883,1801.843,-4.099,3.451,59.94,-0.0151,12,Left,148.16,-1,-1,UNKNOWN,None
148.834,107.899,1802.272,-4.139,3.411,60.16,-0.013,12,Left,147.73,-1,-1,UNKNOWN,None
148.861,107.915,1802.572,-4.168,3.382,60.32,-0.013,12,Left,147.43,-1,-1,UNKNOWN,None
148.869,107.931,1802.85,-4.194,3.356,60.47,-0.0079,12,Left,147.15,-1,-1,UNKNOWN,None
148.877,107.947,1802.99,-4.208,3.342,60.55,-0.0079,12,Left,147.01,-1,-1,UNKNOWN,None
148.906,107.963,1803.332,-4.241,3.309,60.73,-0.0021,12,Left,146.67,-1,-1,UNKNOWN,None
148.923,107.979,1803.612,-4.268,3.282,60.88,0.0014,12,Left,146.39,-1,-1,UNKNOWN,None
148.94,107.995,1803.895,-4.296,3.254,61.03,0.0014,12,Left,146.11,-1,-1,UNKNOWN,None
148.956,108.011,1804.178,-4.324,3.226,61.17,0.0097,12,Left,145.82,-1,-1,UNKNOWN,None
148.965,108.027,1804.46,-4.351,3.199,61.32,0.0097,12,Left,145.54,-1,-1,UNKNOWN,None
148.982,108.043,1804.749,-4.38,3.17,61.46,0.0097,12,Left,145.25,-1,-1,UNKNOWN,None
148.99,108.059,1804.891,-4.393,3.157,61.52,0.0097,12,Left,145.11,-1,-1,UNKNOWN,None
149.007,108.075,1805.175,-4.421,3.129,61.63,0.0097,12,Left,144.83,-1,-1,UNKNOWN,None
149.023,108.091,1805.317,-4.435,3.115,61.68,0.0097,12,Left,144.68,-1,-1,UNKNOWN,None
149.04,108.107,1805.744,-4.477,3.073,61.77,0.022,12,Left,144.26,-1,-1,UNKNOWN,Left_Broken
149.057,108.123,1806.029,-4.504,3.046,61.81,0.022,12,Left,143.97,-1,-1,UNKNOWN,None
149.082,108.139,1806.314,-4.531,3.019,61.82,0.022,12,Left,143.69,-1,-1,UNKNOWN,None
149.102,108.155,1806.654,-4.564,2.986,61.8,0.022,12,Left,143.35,-1,-1,UNKNOWN,None
149.102,108.171,1806.801,-4.577,2.973,61.79,0.0202,12,Left,143.2,-1,-1,UNKNOWN,None
149.119,108.187,1807.086,-4.604,2.946,61.75,0.0186,12,Left,142.91,-1,-1,UNKNOWN,None
149.144,108.203,1807.37,-4.63,2.92,61.71,0.0186,12,Left,142.63,-1,-1,UNKNOWN,None
149.16,108.219,1807.655,-4.656,2.894,61.65,0.0186,12,Left,142.35,-1,-1,UNKNOWN,None
149.177,108.236,1807.939,-4.682,2.868,61.59,0.0117,12,Left,142.06,-1,-1,UNKNOWN,None
149.195,108.251,1808.239,-4.709,2.841,61.51,0.0117,12,Left,141.76,-1,-1,UNKNOWN,None
149.212,108.267,1808.542,-4.737,2.813,61.44,0.0076,12,Left,141.46,-1,-1,UNKNOWN,None
149.221,108.283,1808.834,-4.763,2.787,61.36,0.0076,12,Left,141.17,-1,-1,UNKNOWN,None
149.23,108.299,1809.007,-4.778,2.772,61.31,0.0042,12,Left,140.99,-1,-1,UNKNOWN,None
149.251,108.315,1809.337,-4.807,2.743,61.21,0.0042,12,Left,140.66,-1,-1,UNKNOWN,None
149.268,108.33,1809.635,-4.833,2.717,61.11,0.0042,12,Left,140.37,-1,-1,UNKNOWN,None
149.277,108.346,1809.775,-4.845,2.705,61.07,0.0042,12,Left,140.22,-1,-1,UNKNOWN,Left_Broken
149.302,108.362,1810.057,-4.87,2.68,60.97,0.0023,12,Left,139.94,-1,-1,UNKNOWN,None
149.318,108.378,1810.337,-4.894,2.656,60.87,0.0023,12,Left,139.66,-1,-1,UNKNOWN,None
149.335,108.394,1810.618,-4.918,2.632,60.78,0.0023,12,Left,139.38,-1,-1,UNKNOWN,None
149.352,108.41,1810.898,-4.942,2.608,60.69,0.0023,12,Left,139.1,-1,-1,UNKNOWN,None
149.368,108.426,1811.178,-4.965,2.585,60.6,0.0023,12,Left,138.82,-1,-1,UNKNOWN,None
149.368,108.442,1811.318,-4.977,2.573,60.55,0.0023,12,Left,138.68,-1,-1,UNKNOWN,None
149.385,108.458,1811.599,-5.001,2.549,60.46,0.0023,12,Left,138.4,-1,-1,UNKNOWN,None
149.419,108.474,1812.029,-5.036,2.514,60.3,0.0023,12,Left,137.97,-1,-1,UNKNOWN,None
149.429,108.49,1812.193,-5.05,2.5,60.24,0.0023,12,Left,137.81,-1,-1,UNKNOWN,None
149.438,108.507,1812.476,-5.073,2.477,60.13,0.0069,12,Left,137.52,-1,-1,UNKNOWN,None
149.463,108.522,1812.758,-5.095,2.455,60.03,0.0069,12,Left,137.24,-1,-1,UNKNOWN,None
149.471,108.538,1813.039,-5.118,2.432,59.92,0.0069,12,Left,136.96,-1,-1,UNKNOWN,None
149.48,108.554,1813.189,-5.13,2.42,59.87,0.0097,12,Left,136.81,-1,-1,UNKNOWN,None
149.515,108.57,1813.618,-5.163,2.387,59.71,0.0107,12,Left,136.38,-1,-1,UNKNOWN,None
149.532,108.586,1813.893,-5.184,2.366,59.61,0.0116,12,Left,136.11,-1,-1,UNKNOWN,None
149.54,108.602,1814.18,-5.206,2.344,59.52,0.012,12,Left,135.82,-1,-1,UNKNOWN,None
149.559,108.618,1814.337,-5.218,2.332,59.48,0.0126,12,Left,135.66,-1,-1,UNKNOWN,None
149.576,108.634,1814.627,-5.239,2.311,59.41,0.0126,12,Left,135.37,-1,-1,UNKNOWN,None
149.595,108.65,1814.933,-5.262,2.288,59.36,0.0126,12,Left,135.07,-1,-1,UNKNOWN,None
149.604,108.666,1815.226,-5.283,2.267,59.34,0.0116,12,Left,134.77,-1,-1,UNKNOWN,None
149.613,108.682,1815.363,-5.293,2.257,59.33,0.0107,12,Left,134.64,-1,-1,UNKNOWN,None
149.629,108.698,1815.642,-5.312,2.238,59.34,0.0097,12,Left,134.36,-1,-1,UNKNOWN,None
149.655,108.714,1815.93,-5.333,2.217,59.38,0.0088,12,Left,134.07,-1,-1,UNKNOWN,None
149.673,108.73,1816.216,-5.352,2.198,59.44,0.0079,12,Left,133.78,-1,-1,UNKNOWN,None
149.673,108.746,1816.354,-5.362,2.188,59.47,0.0072,12,Left,133.65,-1,-1,UNKNOWN,None
149.706,108.762,1816.766,-5.39,2.16,59.61,0.0068,12,Left,133.23,-1,-1,UNKNOWN,None
149.715,108.776,1817.042,-5.408,2.142,59.72,0.0068,12,Left,132.96,-1,-1,UNKNOWN,None
149.74,108.794,1817.318,-5.427,2.123,59.85,0.0068,12,Left,132.68,-1,-1,UNKNOWN,None
149.756,108.811,1817.595,-5.445,2.105,59.98,0.0069,12,Left,132.4,-1,-1,UNKNOWN,None
149.765,108.834,1817.873,-5.463,2.087,60.13,0.0076,12,Left,132.13,-1,-1,UNKNOWN,None
149.781,108.841,1818.012,-5.472,2.078,60.2,0.0076,12,Left,131.99,-1,-1,UNKNOWN,None
149.79,108.859,1818.291,-5.489,2.061,60.36,0.0095,12,Left,131.71,-1,-1,UNKNOWN,None
149.815,108.875,1818.57,-5.507,2.043,60.53,0.0095,12,Left,131.43,-1,-1,UNKNOWN,None
149.823,108.891,1818.851,-5.524,2.026,60.69,0.0095,12,Left,131.15,-1,-1,UNKNOWN,None
149.848,108.907,1819.132,-5.541,2.009,60.85,0.0095,12,Left,130.87,-1,-1,UNKNOWN,None
149.865,108.923,1819.414,-5.558,1.992,60.99,0.0095,12,Left,130.59,-1,-1,UNKNOWN,None
149.881,108.939,1819.699,-5.575,1.975,61.11,0.0151,12,Left,130.3,-1,-1,UNKNOWN,None
149.89,108.955,1819.982,-5.591,1.959,61.21,0.0151,12,Left,130.02,-1,-1,UNKNOWN,None
149.908,108.971,1820.295,-5.608,1.942,61.31,0.0162,12,Left,129.71,-1,-1,UNKNOWN,None
149.925,108.987,1820.579,-5.624,1.926,61.38,0.0162,12,Left,129.42,-1,-1,UNKNOWN,None
149.942,109.003,1820.73,-5.632,1.918,61.41,0.0162,12,Left,129.27,-1,-1,UNKNOWN,None
149.959,109.019,1821.015,-5.647,1.903,61.46,0.0162,12,Left,128.99,-1,-1,UNKNOWN,None
149.977,109.035,1821.321,-5.663,1.887,61.48,0.0178,12,Left,128.68,-1,-1,UNKNOWN,None
149.985,109.051,1821.605,-5.677,1.873,61.48,0.0178,12,Left,128.39,-1,-1,UNKNOWN,None
150.002,109.067,1821.89,-5.69,1.86,61.47,0.0178,12,Left,128.11,-1,-1,UNKNOWN,None
150.027,109.083,1822.174,-5.704,1.846,61.45,0.0178,12,Left,127.83,-1,-1,UNKNOWN,None
150.043,109.099,1822.458,-5.717,1.833,61.41,0.0178,12,Left,127.54,-1,-1,UNKNOWN,None
150.052,109.115,1822.742,-5.729,1.821,61.36,0.0178,12,Left,127.26,-1,-1,UNKNOWN,None
150.069,109.131,1823.033,-5.741,1.809,61.3,0.0178,12,Left,126.97,-1,-1,UNKNOWN,None
150.086,109.147,1823.326,-5.753,1.797,61.22,0.0178,12,Left,126.67,-1,-1,UNKNOWN,None
150.103,109.167,1823.609,-5.764,1.786,61.15,0.0178,12,Left,126.39,-1,-1,UNKNOWN,None
150.111,109.179,1823.75,-5.77,1.78,61.12,0.0178,12,Left,126.25,-1,-1,UNKNOWN,None
150.136,109.195,1824.032,-5.78,1.77,61.04,0.0178,12,Left,125.97,-1,-1,UNKNOWN,None
150.144,109.211,1824.315,-5.79,1.76,60.96,0.0178,12,Left,125.69,-1,-1,UNKNOWN,None
150.153,109.227,1824.456,-5.795,1.755,60.92,0.0178,12,Left,125.54,-1,-1,UNKNOWN,None
150.169,109.244,1824.737,-5.804,1.746,60.83,0.0178,12,Left,125.26,-1,-1,UNKNOWN,None
150.196,109.257,1825.183,-5.818,1.732,60.67,0.0178,12,Left,124.82,-1,-1,UNKNOWN,None
150.212,109.275,1825.464,-5.826,1.724,60.57,0.0178,12,Left,124.54,-1,-1,UNKNOWN,None
150.229,109.291,1825.744,-5.834,1.716,60.47,0.0178,12,Left,124.26,-1,-1,UNKNOWN,None
150.237,109.307,1825.884,-5.837,1.713,60.42,0.0178,12,Left,124.12,-1,-1,UNKNOWN,None
150.246,109.323,1826.082,-5.842,1.708,60.34,0.0178,12,Left,123.92,-1,-1,UNKNOWN,None
150.274,109.338,1826.361,-5.849,1.701,60.24,0.0178,12,Left,123.64,-1,-1,UNKNOWN,None
150.296,109.354,1826.715,-5.856,1.694,60.1,0.0178,12,Left,123.28,-1,-1,UNKNOWN,None
150.312,109.37,1826.993,-5.862,1.688,59.99,0.0178,12,Left,123.01,-1,-1,UNKNOWN,None
150.312,109.386,1827.132,-5.864,1.686,59.94,0.0181,12,Left,122.87,-1,-1,UNKNOWN,None
150.337,109.402,1827.547,-5.871,1.679,59.77,0.0183,12,Left,122.45,-1,-1,UNKNOWN,None
150.362,109.418,1827.824,-5.875,1.675,59.68,0.0183,12,Left,122.18,-1,-1,UNKNOWN,None
150.379,109.434,1828.099,-5.878,1.672,59.59,0.0183,12,Left,121.9,-1,-1,UNKNOWN,None
150.387,109.45,1828.375,-5.881,1.669,59.51,0.0183,12,Left,121.62,-1,-1,UNKNOWN,None
150.404,109.466,1828.666,-5.883,1.667,59.44,0.0183,12,Left,121.33,-1,-1,UNKNOWN,None
150.413,109.482,1828.819,-5.884,1.666,59.42,0.0183,12,Left,121.18,-1,-1,UNKNOWN,None
150.431,109.498,1829.106,-5.886,1.664,59.38,0.0183,12,Left,120.89,-1,-1,UNKNOWN,None
150.458,109.514,1829.408,-5.887,1.663,59.37,0.0183,12,Left,120.59,-1,-1,UNKNOWN,None
150.468,109.53,1829.715,-5.887,1.663,59.39,0.0183,12,Left,120.28,-1,-1,UNKNOWN,None
150.485,109.548,1829.99,-5.887,1.663,59.43,0.0183,12,Left,120.01,-1,-1,UNKNOWN,None
150.502,109.562,1830.128,-5.887,1.663,59.46,0.0183,12,Left,119.87,-1,-1,UNKNOWN,None
150.51,109.578,1830.404,-5.886,1.664,59.53,0.0183,12,Left,119.6,-1,-1,UNKNOWN,None
150.535,109.594,1830.68,-5.884,1.666,59.62,0.0183,12,Left,119.32,-1,-1,UNKNOWN,None
150.543,109.61,1830.956,-5.882,1.668,59.73,0.0183,12,Left,119.04,-1,-1,UNKNOWN,None
150.569,109.626,1831.243,-5.88,1.67,59.85,0.0181,12,Left,118.76,-1,-1,UNKNOWN,None
150.586,109.642,1831.521,-5.877,1.673,59.99,0.0169,12,Left,118.48,-1,-1,UNKNOWN,None
150.602,109.658,1831.799,-5.874,1.676,60.13,0.0148,12,Left,118.2,-1,-1,UNKNOWN,None
150.619,109.674,1832.078,-5.87,1.68,60.28,0.0148,12,Left,117.92,-1,-1,UNKNOWN,None
150.63,109.69,1832.267,-5.867,1.683,60.38,0.0148,12,Left,117.73,-1,-1,UNKNOWN,None
150.651,109.706,1832.619,-5.861,1.689,60.56,0.0053,12,Left,117.38,-1,-1,UNKNOWN,None
150.66,109.722,1832.9,-5.856,1.694,60.71,0.0053,12,Left,117.1,-1,-1,UNKNOWN,None
150.676,109.738,1833.181,-5.851,1.699,60.84,0.0053,12,Left,116.82,-1,-1,UNKNOWN,None
150.701,109.754,1833.463,-5.846,1.704,60.96,0.0053,12,Left,116.54,-1,-1,UNKNOWN,None
150.71,109.77,1833.604,-5.843,1.707,61.01,0.0053,12,Left,116.4,-1,-1,UNKNOWN,None
150.718,109.786,1833.887,-5.837,1.713,61.09,-0.0033,12,Left,116.11,-1,-1,UNKNOWN,None
150.735,109.803,1834.17,-5.831,1.719,61.16,-0.0033,12,Left,115.83,-1,-1,UNKNOWN,None
150.751,109.819,1834.453,-5.825,1.725,61.21,-0.0035,12,Left,115.55,-1,-1,UNKNOWN,None
150.779,109.835,1834.792,-5.817,1.733,61.25,-0.0035,12,Left,115.21,-1,-1,UNKNOWN,None
150.788,109.851,1835.076,-5.81,1.74,61.26,-0.0035,12,Left,114.92,-1,-1,UNKNOWN,None
150.804,109.867,1835.359,-5.804,1.746,61.24,-0.0035,12,Left,114.64,-1,-1,UNKNOWN,None
150.821,109.883,1835.643,-5.797,1.753,61.21,-0.0035,12,Left,114.36,-1,-1,UNKNOWN,None
150.829,109.899,1835.8,-5.793,1.757,61.19,-0.0035,12,Left,114.2,-1,-1,UNKNOWN,None
150.856,109.915,1836.091,-5.786,1.764,61.14,-0.0035,12,Left,113.91,-1,-1,UNKNOWN,None
150.873,109.934,1836.374,-5.779,1.771,61.08,-0.0035,12,Left,113.63,-1,-1,UNKNOWN,None
150.891,109.947,1836.68,-5.771,1.779,61.0,0.0075,12,Left,113.32,-1,-1,UNKNOWN,None
150.9,109.963,1836.987,-5.763,1.787,60.91,0.0075,12,Left,113.01,-1,-1,UNKNOWN,None
150.917,109.979,1837.269,-5.755,1.795,60.83,0.0075,12,Left,112.73,-1,-1,UNKNOWN,None
150.934,109.995,1837.549,-5.747,1.803,60.74,0.0075,12,Left,112.45,-1,-1,UNKNOWN,None
150.951,110.011,1837.691,-5.743,1.807,60.69,0.0075,12,Left,112.31,-1,-1,UNKNOWN,None
150.967,110.027,1837.972,-5.735,1.815,60.6,0.0075,12,Left,112.03,-1,-1,UNKNOWN,None
150.984,110.043,1838.255,-5.726,1.824,60.5,0.0075,12,Left,111.75,-1,-1,UNKNOWN,None
150.992,110.059,1838.534,-5.717,1.833,60.4,0.0116,12,Left,111.47,-1,-1,UNKNOWN,None
151.009,110.075,1838.813,-5.709,1.841,60.3,0.0116,12,Left,111.19,-1,-1,UNKNOWN,None
151.017,110.091,1838.958,-5.704,1.846,60.25,0.0116,12,Left,111.04,-1,-1,UNKNOWN,None
151.051,110.107,1839.375,-5.69,1.86,60.1,0.0116,12,Left,110.62,-1,-1,UNKNOWN,None
151.068,110.123,1839.653,-5.681,1.869,60.0,0.0116,12,Left,110.35,-1,-1,UNKNOWN,None
151.076,110.139,1839.93,-5.671,1.879,59.9,0.0113,12,Left,110.07,-1,-1,UNKNOWN,None
151.093,110.155,1840.207,-5.661,1.889,59.8,0.0113,12,Left,109.79,-1,-1,UNKNOWN,None
151.118,110.171,1840.483,-5.651,1.899,59.71,0.0111,12,Left,109.52,-1,-1,UNKNOWN,None
151.126,110.187,1840.621,-5.646,1.904,59.67,0.0107,12,Left,109.38,-1,-1,UNKNOWN,None
151.134,110.203,1840.897,-5.636,1.914,59.59,0.0095,12,Left,109.1,-1,-1,UNKNOWN,None
151.151,110.219,1841.174,-5.625,1.925,59.52,0.0084,12,Left,108.83,-1,-1,UNKNOWN,None
151.176,110.235,1841.449,-5.614,1.936,59.48,0.0079,12,Left,108.55,-1,-1,UNKNOWN,None
151.184,110.251,1841.724,-5.604,1.946,59.44,0.0069,12,Left,108.28,-1,-1,UNKNOWN,None
151.193,110.267,1841.862,-5.598,1.952,59.44,0.006,12,Left,108.14,-1,-1,UNKNOWN,None
151.226,110.283,1842.274,-5.581,1.969,59.44,0.0056,12,Left,107.73,-1,-1,UNKNOWN,None
151.234,110.299,1842.549,-5.57,1.98,59.48,0.005,12,Left,107.45,-1,-1,UNKNOWN,None
151.259,110.315,1842.824,-5.558,1.992,59.53,0.005,12,Left,107.18,-1,-1,UNKNOWN,None
151.259,110.33,1842.962,-5.552,1.998,59.57,0.005,12,Left,107.04,-1,-1,UNKNOWN,None
151.276,110.346,1843.258,-5.539,2.011,59.66,0.005,12,Left,106.74,-1,-1,UNKNOWN,None
151.303,110.362,1843.54,-5.527,2.023,59.77,0.005,12,Left,106.46,-1,-1,UNKNOWN,None
151.319,110.378,1843.817,-5.515,2.035,59.89,0.005,12,Left,106.18,-1,-1,UNKNOWN,None
151.336,110.394,1844.094,-5.502,2.048,60.02,0.005,12,Left,105.91,-1,-1,UNKNOWN,None
151.344,110.41,1844.372,-5.489,2.061,60.16,0.005,12,Left,105.63,-1,-1,UNKNOWN,None
151.353,110.426,1844.511,-5.483,2.067,60.23,0.005,12,Left,105.49,-1,-1,UNKNOWN,None
151.386,110.442,1844.933,-5.463,2.087,60.44,0.005,12,Left,105.07,-1,-1,UNKNOWN,None
151.403,110.458,1845.213,-5.45,2.1,60.55,0.005,12,Left,104.79,-1,-1,UNKNOWN,None
151.412,110.475,1845.373,-5.442,2.108,60.6,0.005,12,Left,104.63,-1,-1,UNKNOWN,None
151.429,110.49,1845.654,-5.428,2.122,60.68,0.005,12,Left,104.35,-1,-1,UNKNOWN,None
151.446,110.506,1845.947,-5.414,2.136,60.73,0.003,12,Left,104.05,-1,-1,UNKNOWN,None
151.463,110.522,1846.228,-5.4,2.15,60.75,0.0018,12,Left,103.77,-1,-1,UNKNOWN,None
151.48,110.538,1846.509,-5.386,2.164,60.75,0.0018,12,Left,103.49,-1,-1,UNKNOWN,None
151.488,110.554,1846.79,-5.372,2.178,60.74,0.0002,12,Left,103.21,-1,-1,UNKNOWN,None
151.496,110.57,1846.93,-5.365,2.185,60.73,0.0002,12,Left,103.07,-1,-1,UNKNOWN,None
151.513,110.586,1847.211,-5.35,2.2,60.69,0.0002,12,Left,102.79,-1,-1,UNKNOWN,None
151.547,110.602,1847.636,-5.329,2.221,60.61,0.0002,12,Left,102.36,-1,-1,UNKNOWN,None
151.564,110.618,1847.922,-5.314,2.236,60.54,0.0002,12,Left,102.08,-1,-1,UNKNOWN,None
151.564,110.634,1848.08,-5.306,2.244,60.5,0.0002,12,Left,101.92,-1,-1,UNKNOWN,None
151.591,110.65,1848.375,-5.29,2.26,60.42,0.0002,12,Left,101.62,-1,-1,UNKNOWN,None
151.607,110.666,1848.654,-5.276,2.274,60.34,-0.0052,12,Left,101.35,-1,-1,UNKNOWN,None
151.616,110.682,1848.933,-5.261,2.289,60.25,-0.0052,12,Left,101.07,-1,-1,UNKNOWN,None
151.632,110.698,1849.211,-5.247,2.303,60.16,-0.0052,12,Left,100.79,-1,-1,UNKNOWN,None
151.649,110.714,1849.489,-5.233,2.317,60.07,-0.0052,12,Left,100.51,-1,-1,UNKNOWN,None
151.674,110.73,1849.773,-5.218,2.332,59.97,-0.0052,12,Left,100.23,-1,-1,UNKNOWN,None
151.674,110.746,1849.933,-5.21,2.34,59.91,-0.0056,12,Left,100.07,-1,-1,UNKNOWN,None
151.701,110.76,1850.21,-5.196,2.354,59.81,-0.0056,12,Left,99.79,-1,-1,UNKNOWN,None
151.718,110.778,1850.5,-5.181,2.369,59.71,-0.0056,12,Left,99.5,-1,-1,UNKNOWN,None
151.736,110.794,1850.798,-5.166,2.384,59.62,-0.0056,12,Left,99.2,-1,-1,UNKNOWN,None
151.753,110.811,1851.074,-5.152,2.398,59.55,-0.0056,12,Left,98.93,-1,-1,UNKNOWN,None
151.77,110.827,1851.349,-5.138,2.412,59.49,-0.0056,12,Left,98.65,-1,-1,UNKNOWN,None
151.778,110.843,1851.624,-5.124,2.426,59.44,-0.0056,12,Left,98.38,-1,-1,UNKNOWN,None
151.795,110.859,1851.899,-5.11,2.44,59.41,-0.0056,12,Left,98.1,-1,-1,UNKNOWN,None
151.812,110.875,1852.207,-5.095,2.455,59.41,-0.0056,12,Left,97.79,-1,-1,UNKNOWN,None
151.822,110.891,1852.355,-5.088,2.462,59.42,-0.0059,12,Left,97.64,-1,-1,UNKNOWN,None
151.847,110.907,1852.63,-5.074,2.476,59.45,-0.0063,12,Left,97.37,-1,-1,UNKNOWN,None
151.856,110.923,1852.905,-5.061,2.489,59.5,-0.0068,12,Left,97.09,-1,-1,UNKNOWN,None
151.872,110.939,1853.188,-5.048,2.502,59.58,-0.0072,12,Left,96.81,-1,-1,UNKNOWN,None
151.902,110.955,1853.536,-5.031,2.519,59.7,-0.0072,12,Left,96.46,-1,-1,UNKNOWN,None
151.911,110.971,1853.675,-5.025,2.525,59.76,-0.0075,12,Left,96.32,-1,-1,UNKNOWN,None
151.919,110.987,1853.97,-5.011,2.539,59.88,-0.0078,12,Left,96.03,-1,-1,UNKNOWN,None
151.945,111.003,1854.247,-4.998,2.552,60.02,-0.0078,12,Left,95.75,-1,-1,UNKNOWN,None
151.945,111.019,1854.386,-4.992,2.558,60.09,-0.0078,12,Left,95.61,-1,-1,UNKNOWN,None
151.979,111.035,1854.817,-4.973,2.577,60.31,-0.0078,12,Left,95.18,-1,-1,UNKNOWN,None
151.989,111.051,1855.117,-4.959,2.591,60.47,-0.0078,12,Left,94.88,-1,-1,UNKNOWN,None
152.005,111.067,1855.398,-4.947,2.603,60.61,-0.0078,12,Left,94.6,-1,-1,UNKNOWN,None
152.014,111.083,1855.545,-4.941,2.609,60.68,-0.0078,12,Left,94.45,-1,-1,UNKNOWN,None
152.04,111.099,1855.837,-4.929,2.621,60.8,-0.0078,12,Left,94.16,-1,-1,UNKNOWN,None
152.056,111.115,1856.119,-4.917,2.633,60.9,-0.0075,12,Left,93.88,-1,-1,UNKNOWN,None
152.065,111.131,1856.401,-4.905,2.645,60.98,-0.0072,12,Left,93.6,-1,-1,UNKNOWN,None
152.09,111.147,1856.683,-4.894,2.656,61.06,-0.0072,12,Left,93.32,-1,-1,UNKNOWN,None
152.098,111.163,1856.968,-4.883,2.667,61.13,-0.0072,12,Left,93.03,-1,-1,UNKNOWN,None
152.123,111.179,1857.254,-4.872,2.678,61.21,-0.0072,12,Left,92.75,-1,-1,UNKNOWN,None
152.14,111.195,1857.538,-4.861,2.689,61.29,-0.0072,12,Left,92.46,-1,-1,UNKNOWN,None
152.149,111.211,1857.833,-4.85,2.7,61.35,-0.0072,12,Left,92.17,-1,-1,UNKNOWN,None
152.166,111.227,1857.978,-4.844,2.706,61.37,-0.0072,12,Left,92.02,-1,-1,UNKNOWN,None
152.183,111.243,1858.262,-4.834,2.716,61.4,-0.0072,12,Left,91.74,-1,-1,UNKNOWN,None
152.191,111.259,1858.546,-4.824,2.726,61.4,-0.0072,12,Left,91.45,-1,-1,UNKNOWN,None
152.199,111.275,1858.688,-4.819,2.731,61.4,-0.0072,12,Left,91.31,-1,-1,UNKNOWN,None
152.235,111.291,1859.158,-4.803,2.747,61.35,-0.0072,12,Left,90.84,-1,-1,UNKNOWN,None
152.252,111.305,1859.442,-4.793,2.757,61.3,-0.0072,12,Left,90.56,-1,-1,UNKNOWN,None
152.26,111.323,1859.725,-4.784,2.766,61.24,-0.0072,12,Left,90.27,-1,-1,UNKNOWN,None
152.277,111.338,1860.008,-4.775,2.775,61.18,-0.0072,12,Left,89.99,-1,-1,UNKNOWN,None
152.285,111.354,1860.15,-4.77,2.78,61.14,-0.0072,12,Left,89.85,-1,-1,UNKNOWN,None
152.302,111.37,1860.432,-4.762,2.788,61.06,-0.0072,12,Left,89.57,-1,-1,UNKNOWN,None
152.318,111.386,1860.717,-4.753,2.797,60.98,-0.0072,12,Left,89.28,-1,-1,UNKNOWN,None
152.344,111.402,1861.001,-4.745,2.805,60.88,-0.0072,12,Left,89.0,-1,-1,UNKNOWN,None
152.362,111.418,1861.307,-4.736,2.814,60.78,-0.0072,12,Left,88.69,-1,-1,UNKNOWN,None
152.379,111.434,1861.59,-4.728,2.822,60.68,-0.0072,12,Left,88.41,-1,-1,UNKNOWN,None
152.395,111.45,1861.87,-4.72,2.83,60.58,-0.0072,12,Left,88.13,-1,-1,UNKNOWN,None
152.404,111.466,1862.018,-4.717,2.833,60.53,-0.0072,12,Left,87.98,-1,-1,UNKNOWN,None
152.422,111.482,1862.314,-4.709,2.841,60.42,-0.0072,12,Left,87.69,-1,-1,UNKNOWN,None
152.439,111.498,1862.595,-4.702,2.848,60.31,-0.0072,12,Left,87.4,-1,-1,UNKNOWN,None
152.447,111.514,1862.874,-4.695,2.855,60.2,-0.0072,12,Left,87.13,-1,-1,UNKNOWN,None
152.472,111.53,1863.152,-4.688,2.862,60.1,-0.0072,12,Left,86.85,-1,-1,UNKNOWN,Left_Broken
152.48,111.546,1863.43,-4.682,2.868,59.99,-0.0072,12,Left,86.57,-1,-1,UNKNOWN,None
152.489,111.562,1863.569,-4.679,2.871,59.93,-0.0047,12,Left,86.43,-1,-1,UNKNOWN,None
152.514,111.578,1863.984,-4.67,2.88,59.77,-0.0044,12,Left,86.02,-1,-1,UNKNOWN,None
152.539,111.594,1864.271,-4.664,2.886,59.67,-0.0043,12,Left,85.73,-1,-1,UNKNOWN,None
152.539,111.61,1864.452,-4.66,2.89,59.61,-0.004,12,Left,85.55,-1,-1,UNKNOWN,None
152.567,111.626,1864.727,-4.654,2.896,59.53,-0.004,12,Left,85.27,-1,-1,UNKNOWN,None
152.567,111.642,1864.865,-4.651,2.899,59.5,-0.0037,12,Left,85.14,-1,-1,UNKNOWN,None
152.602,111.658,1865.305,-4.643,2.907,59.41,-0.0037,12,Left,84.69,-1,-1,UNKNOWN,None
152.618,111.674,1865.58,-4.638,2.912,59.38,-0.0037,12,Left,84.42,-1,-1,UNKNOWN,None
152.629,111.69,1865.756,-4.635,2.915,59.38,-0.0037,12,Left,84.24,-1,-1,UNKNOWN,None
152.64,111.706,1866.079,-4.629,2.921,59.38,-0.0037,12,Left,83.92,-1,-1,UNKNOWN,None
152.649,111.722,1866.217,-4.627,2.923,59.4,-0.0037,12,Left,83.78,-1,-1,UNKNOWN,None
152.678,111.738,1866.565,-4.621,2.929,59.46,-0.0043,12,Left,83.43,-1,-1,UNKNOWN,None
152.695,111.754,1866.841,-4.616,2.934,59.53,-0.0047,12,Left,83.16,-1,-1,UNKNOWN,None
152.712,111.77,1867.118,-4.612,2.938,59.62,-0.0047,12,Left,82.88,-1,-1,UNKNOWN,Left_Broken
152.728,111.786,1867.394,-4.608,2.942,59.73,-0.0047,12,Left,82.61,-1,-1,UNKNOWN,None
152.745,111.803,1867.671,-4.604,2.946,59.85,-0.0047,12,Left,82.33,-1,-1,UNKNOWN,None
152.762,111.819,1867.949,-4.6,2.95,59.99,-0.0047,12,Left,82.05,-1,-1,UNKNOWN,None
152.77,111.835,1868.227,-4.596,2.954,60.13,-0.0047,12,Left,81.77,-1,-1,UNKNOWN,None
152.795,111.851,1868.506,-4.593,2.957,60.28,-0.0047,12,Left,81.49,-1,-1,UNKNOWN,None
152.804,111.867,1868.802,-4.589,2.961,60.44,-0.0047,12,Left,81.2,-1,-1,UNKNOWN,None
152.812,111.883,1868.971,-4.587,2.963,60.52,-0.0047,12,Left,81.03,-1,-1,UNKNOWN,None
152.823,111.899,1869.117,-4.585,2.965,60.59,-0.0047,12,Left,80.88,-1,-1,UNKNOWN,None
152.858,111.915,1869.565,-4.58,2.97,60.77,-0.0047,12,Left,80.43,-1,-1,UNKNOWN,None
152.866,111.931,1869.847,-4.577,2.973,60.84,-0.0047,12,Left,80.15,-1,-1,UNKNOWN,None
152.891,111.947,1870.129,-4.574,2.976,60.89,-0.0047,12,Left,79.87,-1,-1,UNKNOWN,None
152.908,111.963,1870.41,-4.572,2.978,60.91,-0.0047,12,Left,79.59,-1,-1,UNKNOWN,None
152.924,111.979,1870.692,-4.569,2.981,60.9,-0.0047,12,Left,79.31,-1,-1,UNKNOWN,None
152.933,111.995,1870.974,-4.567,2.983,60.88,-0.0047,12,Left,79.03,-1,-1,UNKNOWN,None
152.95,112.011,1871.263,-4.564,2.986,60.84,-0.0047,12,Left,78.74,-1,-1,UNKNOWN,None
152.967,112.027,1871.412,-4.563,2.987,60.82,-0.0047,12,Left,78.59,-1,-1,UNKNOWN,None
152.967,112.043,1871.552,-4.562,2.988,60.79,-0.0047,12,Left,78.45,-1,-1,UNKNOWN,None
153.006,112.059,1872.067,-4.558,2.992,60.67,-0.0068,12,Left,77.93,-1,-1,UNKNOWN,None
153.006,112.075,1872.207,-4.558,2.992,60.63,-0.0068,12,Left,77.79,-1,-1,UNKNOWN,None
153.022,112.091,1872.488,-4.556,2.994,60.56,-0.0068,12,Left,77.51,-1,-1,UNKNOWN,None
153.031,112.107,1872.629,-4.555,2.995,60.52,-0.0068,12,Left,77.37,-1,-1,UNKNOWN,None
153.065,112.123,1873.06,-4.553,2.997,60.38,-0.0068,12,Left,76.94,-1,-1,UNKNOWN,None
153.065,112.139,1873.205,-4.553,2.997,60.34,-0.0068,12,Left,76.8,-1,-1,UNKNOWN,None
153.084,112.162,1873.645,-4.551,2.999,60.19,-0.0068,12,Left,76.35,-1,-1,UNKNOWN,None
153.117,112.171,1873.924,-4.55,3.0,60.09,-0.0068,12,Left,76.08,-1,-1,UNKNOWN,None
153.125,112.187,1874.202,-4.55,3.0,59.99,-0.0068,12,Left,75.8,-1,-1,UNKNOWN,None
153.133,112.203,1874.34,-4.55,3.0,59.94,-0.0056,12,Left,75.66,-1,-1,UNKNOWN,None
153.15,112.221,1874.618,-4.549,3.001,59.84,-0.0052,12,Left,75.38,-1,-1,UNKNOWN,None
153.167,112.235,1874.894,-4.549,3.001,59.75,-0.0043,12,Left,75.11,-1,-1,UNKNOWN,None
153.192,112.251,1875.173,-4.549,3.001,59.66,-0.0037,12,Left,74.83,-1,-1,UNKNOWN,None
153.2,112.271,1875.449,-4.549,3.001,59.58,-0.0033,12,Left,74.55,-1,-1,UNKNOWN,None
153.208,112.283,1875.587,-4.549,3.001,59.54,-0.0033,12,Left,74.41,-1,-1,UNKNOWN,None
153.225,112.299,1875.862,-4.549,3.001,59.49,-0.0027,12,Left,74.14,-1,-1,UNKNOWN,None
153.242,112.315,1876.138,-4.55,3.0,59.45,-0.0024,12,Left,73.86,-1,-1,UNKNOWN,None
153.275,112.33,1876.55,-4.55,3.0,59.42,-0.0021,12,Left,73.45,-1,-1,UNKNOWN,None
153.284,112.346,1876.831,-4.551,2.999,59.43,-0.0018,12,Left,73.17,-1,-1,UNKNOWN,None
153.309,112.362,1877.107,-4.551,2.999,59.47,-0.0018,12,Left,72.89,-1,-1,UNKNOWN,None
153.317,112.378,1877.245,-4.552,2.998,59.49,-0.0018,12,Left,72.76,-1,-1,UNKNOWN,None
153.325,112.394,1877.52,-4.553,2.997,59.56,-0.0018,12,Left,72.48,-1,-1,UNKNOWN,None
153.342,112.41,1877.797,-4.554,2.996,59.65,-0.0018,12,Left,72.2,-1,-1,UNKNOWN,None
153.367,112.426,1878.073,-4.555,2.995,59.75,-0.0018,12,Left,71.93,-1,-1,UNKNOWN,None
153.384,112.442,1878.357,-4.556,2.994,59.87,-0.0018,12,Left,71.64,-1,-1,UNKNOWN,None
153.392,112.458,1878.634,-4.557,2.993,60.01,-0.0018,12,Left,71.37,-1,-1,UNKNOWN,None
153.41,112.474,1878.941,-4.558,2.992,60.16,-0.0018,12,Left,71.06,-1,-1,UNKNOWN,None
153.428,112.49,1879.231,-4.56,2.99,60.3,-0.0018,12,Left,70.77,-1,-1,UNKNOWN,None
153.437,112.506,1879.373,-4.561,2.989,60.37,-0.0018,12,Left,70.63,-1,-1,UNKNOWN,None
153.453,112.522,1879.655,-4.562,2.988,60.49,-0.0018,12,Left,70.34,-1,-1,UNKNOWN,None
153.471,112.538,1879.807,-4.563,2.987,60.55,-0.0018,12,Left,70.19,-1,-1,UNKNOWN,None
153.498,112.554,1880.272,-4.566,2.984,60.68,-0.0018,12,Left,69.73,-1,-1,UNKNOWN,None
153.507,112.57,1880.557,-4.568,2.982,60.72,-0.0005,12,Left,69.44,-1,-1,UNKNOWN,None
153.525,112.586,1880.853,-4.57,2.98,60.73,-0.0005,12,Left,69.15,-1,-1,UNKNOWN,None
153.542,112.602,1881.006,-4.571,2.979,60.73,-0.0005,12,Left,68.99,-1,-1,UNKNOWN,None
153.559,112.618,1881.287,-4.572,2.978,60.72,-0.0005,12,Left,68.71,-1,-1,UNKNOWN,None
153.567,112.634,1881.571,-4.574,2.976,60.68,-0.0005,12,Left,68.43,-1,-1,UNKNOWN,None
153.595,112.65,1881.906,-4.577,2.973,60.63,-0.0005,12,Left,68.09,-1,-1,UNKNOWN,None
153.604,112.666,1882.186,-4.579,2.971,60.57,-0.0005,12,Left,67.81,-1,-1,UNKNOWN,None
153.62,112.682,1882.466,-4.581,2.969,60.5,-0.0005,12,Left,67.53,-1,-1,UNKNOWN,None
153.629,112.698,1882.606,-4.582,2.968,60.46,-0.0005,12,Left,67.39,-1,-1,UNKNOWN,None
153.645,112.714,1882.888,-4.584,2.966,60.38,-0.0005,12,Left,67.11,-1,-1,UNKNOWN,None
153.674,112.73,1883.228,-4.586,2.964,60.28,-0.0005,12,Left,66.77,-1,-1,UNKNOWN,None
153.682,112.746,1883.507,-4.589,2.961,60.18,-0.0005,12,Left,66.49,-1,-1,UNKNOWN,None
153.707,112.762,1883.785,-4.591,2.959,60.09,-0.0005,12,Left,66.21,-1,-1,UNKNOWN,None
153.716,112.778,1884.063,-4.593,2.957,59.99,-0.0005,12,Left,65.94,-1,-1,UNKNOWN,None
153.741,112.794,1884.341,-4.595,2.955,59.89,0.006,12,Left,65.66,-1,-1,UNKNOWN,None
153.749,112.811,1884.618,-4.597,2.953,59.79,0.0068,12,Left,65.38,-1,-1,UNKNOWN,None
153.766,112.827,1884.894,-4.599,2.951,59.7,0.0076,12,Left,65.11,-1,-1,UNKNOWN,None
153.782,112.843,1885.032,-4.6,2.95,59.66,0.0084,12,Left,64.97,-1,-1,UNKNOWN,None
153.791,112.859,1885.41,-4.602,2.948,59.56,0.0091,12,Left,64.59,-1,-1,UNKNOWN,None
153.805,112.875,1885.41,-4.602,2.948,59.56,0.0091,12,Left,64.59,-1,-1,UNKNOWN,None
153.832,112.891,1885.854,-4.605,2.945,59.47,0.0109,12,Left,64.15,-1,-1,UNKNOWN,None
153.832,112.907,1886.004,-4.605,2.945,59.45,0.0116,12,Left,64.0,-1,-1,UNKNOWN,None
153.867,112.923,1886.43,-4.607,2.943,59.43,0.0116,12,Left,63.57,-1,-1,UNKNOWN,None
153.884,112.937,1886.717,-4.608,2.942,59.44,0.0116,12,Left,63.28,-1,-1,UNKNOWN,None
153.884,112.955,1886.861,-4.608,2.942,59.46,0.0116,12,Left,63.14,-1,-1,UNKNOWN,None
153.91,112.971,1887.275,-4.609,2.941,59.54,0.0116,12,Left,62.73,-1,-1,UNKNOWN,None
153.926,112.987,1887.413,-4.609,2.941,59.58,0.0116,12,Left,62.59,-1,-1,UNKNOWN,None
153.943,113.003,1887.689,-4.61,2.94,59.66,0.0116,12,Left,62.31,-1,-1,UNKNOWN,None
153.96,113.019,1887.965,-4.61,2.94,59.77,0.0116,12,Left,62.03,-1,-1,UNKNOWN,None
153.976,113.035,1888.242,-4.609,2.941,59.89,0.0113,12,Left,61.76,-1,-1,UNKNOWN,None
153.993,113.051,1888.52,-4.609,2.941,60.02,0.0107,12,Left,61.48,-1,-1,UNKNOWN,None
154.001,113.067,1888.798,-4.608,2.942,60.16,0.0107,12,Left,61.2,-1,-1,UNKNOWN,None
154.018,113.083,1889.078,-4.607,2.943,60.3,0.0107,12,Left,60.92,-1,-1,UNKNOWN,None
154.043,113.099,1889.357,-4.606,2.944,60.43,0.0107,12,Left,60.64,-1,-1,UNKNOWN,None
154.051,113.115,1889.497,-4.606,2.944,60.49,0.0107,12,Left,60.5,-1,-1,UNKNOWN,None
154.073,113.131,1889.862,-4.604,2.946,60.63,0.0107,12,Left,60.14,-1,-1,UNKNOWN,None
154.09,113.149,1890.145,-4.602,2.948,60.7,0.0107,12,Left,59.85,-1,-1,UNKNOWN,None
154.098,113.163,1890.427,-4.6,2.95,60.74,0.0107,12,Left,59.57,-1,-1,UNKNOWN,None
154.115,113.179,1890.708,-4.597,2.953,60.75,0.0107,12,Left,59.29,-1,-1,UNKNOWN,None
154.14,113.195,1890.99,-4.595,2.955,60.75,0.0107,12,Left,59.01,-1,-1,UNKNOWN,None
154.148,113.211,1891.271,-4.592,2.958,60.72,0.0095,12,Left,58.73,-1,-1,UNKNOWN,None
154.165,113.227,1891.418,-4.59,2.96,60.7,0.0095,12,Left,58.58,-1,-1,UNKNOWN,None
154.184,113.243,1891.735,-4.586,2.964,60.65,0.0095,12,Left,58.27,-1,-1,UNKNOWN,None
154.184,113.259,1891.886,-4.584,2.966,60.62,0.0095,12,Left,58.11,-1,-1,UNKNOWN,None
154.21,113.275,1892.307,-4.578,2.972,60.52,0.0095,12,Left,57.69,-1,-1,UNKNOWN,None
154.235,113.291,1892.587,-4.574,2.976,60.45,0.0095,12,Left,57.41,-1,-1,UNKNOWN,None
154.252,113.307,1892.866,-4.57,2.98,60.37,0.0095,12,Left,57.13,-1,-1,UNKNOWN,None
154.268,113.323,1893.146,-4.565,2.985,60.28,0.0095,12,Left,56.85,-1,-1,UNKNOWN,None
154.277,113.338,1893.291,-4.562,2.988,60.24,0.0095,12,Left,56.71,-1,-1,UNKNOWN,None
154.285,113.354,1893.573,-4.557,2.993,60.15,0.0095,12,Left,56.43,-1,-1,UNKNOWN,None
154.312,113.37,1893.881,-4.551,2.999,60.05,0.0095,12,Left,56.12,-1,-1,UNKNOWN,None
154.33,113.386,1894.17,-4.545,3.005,59.95,0.0095,12,Left,55.83,-1,-1,UNKNOWN,None
154.339,113.402,1894.332,-4.542,3.008,59.9,0.0084,12,Left,55.67,-1,-1,UNKNOWN,None
154.363,113.418,1894.723,-4.533,3.017,59.77,0.0069,12,Left,55.28,-1,-1,UNKNOWN,None
154.373,113.434,1894.894,-4.529,3.021,59.71,0.0053,12,Left,55.11,-1,-1,UNKNOWN,None
154.391,113.45,1895.194,-4.522,3.028,59.62,0.0037,12,Left,54.81,-1,-1,UNKNOWN,None
154.409,113.466,1895.495,-4.515,3.035,59.54,0.0021,12,Left,54.5,-1,-1,UNKNOWN,None
154.427,113.482,1895.785,-4.508,3.042,59.48,0.0002,12,Left,54.21,-1,-1,UNKNOWN,None
154.436,113.498,1896.067,-4.501,3.049,59.44,-0.0014,12,Left,53.93,-1,-1,UNKNOWN,None
154.454,113.514,1896.228,-4.497,3.053,59.42,-0.0033,12,Left,53.77,-1,-1,UNKNOWN,None
154.472,113.53,1896.524,-4.49,3.06,59.41,-0.0053,12,Left,53.48,-1,-1,UNKNOWN,None
154.482,113.546,1896.859,-4.481,3.069,59.43,-0.0075,12,Left,53.14,-1,-1,UNKNOWN,None
154.502,113.562,1897.03,-4.477,3.073,59.45,-0.0094,12,Left,52.97,-1,-1,UNKNOWN,None
154.511,113.578,1897.305,-4.47,3.08,59.51,-0.0114,12,Left,52.69,-1,-1,UNKNOWN,None
154.536,113.594,1897.581,-4.463,3.087,59.58,-0.0133,12,Left,52.42,-1,-1,UNKNOWN,None
154.552,113.61,1897.857,-4.457,3.093,59.68,-0.0149,12,Left,52.14,-1,-1,UNKNOWN,None
154.572,113.626,1898.182,-4.449,3.101,59.81,-0.0161,12,Left,51.82,-1,-1,UNKNOWN,None
154.581,113.642,1898.336,-4.446,3.104,59.87,-0.017,12,Left,51.66,-1,-1,UNKNOWN,None
154.591,113.658,1898.651,-4.439,3.111,60.02,-0.0174,12,Left,51.35,-1,-1,UNKNOWN,None
154.619,113.674,1898.968,-4.432,3.118,60.19,-0.0178,12,Left,51.03,-1,-1,UNKNOWN,None
154.629,113.69,1899.13,-4.429,3.121,60.28,-0.0181,12,Left,50.87,-1,-1,UNKNOWN,None
154.647,113.708,1899.44,-4.422,3.128,60.45,-0.0181,12,Left,50.56,-1,-1,UNKNOWN,None
154.656,113.722,1899.721,-4.417,3.133,60.61,-0.0181,12,Left,50.28,-1,-1,UNKNOWN,None
154.673,113.738,1900.009,-4.412,3.138,60.77,-0.0181,12,Left,49.99,-1,-1,UNKNOWN,None
154.689,113.754,1900.334,-4.407,3.143,60.96,-0.0181,12,Left,49.67,-1,-1,UNKNOWN,None
154.711,113.77,1900.515,-4.404,3.146,61.06,-0.0181,12,Left,49.49,-1,-1,UNKNOWN,None
154.728,113.786,1900.799,-4.4,3.15,61.21,-0.0181,12,Left,49.2,-1,-1,UNKNOWN,None
154.736,113.803,1901.083,-4.396,3.154,61.34,-0.0181,12,Left,48.92,-1,-1,UNKNOWN,None
154.744,113.819,1901.225,-4.394,3.156,61.4,-0.0181,12,Left,48.78,-1,-1,UNKNOWN,None
154.769,113.835,1901.652,-4.389,3.161,61.52,-0.0181,12,Left,48.35,-1,-1,UNKNOWN,None
154.786,113.851,1901.937,-4.387,3.163,61.57,-0.0181,12,Left,48.06,-1,-1,UNKNOWN,None
154.811,113.867,1902.228,-4.384,3.166,61.58,-0.0162,12,Left,47.77,-1,-1,UNKNOWN,None
154.82,113.883,1902.513,-4.382,3.168,61.58,-0.0162,12,Left,47.49,-1,-1,UNKNOWN,None
154.837,113.899,1902.811,-4.381,3.169,61.56,-0.0162,12,Left,47.19,-1,-1,UNKNOWN,None
154.862,113.915,1903.095,-4.38,3.17,61.52,-0.0162,12,Left,46.9,-1,-1,UNKNOWN,None
154.862,113.931,1903.243,-4.379,3.171,61.5,-0.0162,12,Left,46.76,-1,-1,UNKNOWN,None
154.888,113.947,1903.538,-4.379,3.171,61.44,-0.0162,12,Left,46.46,-1,-1,UNKNOWN,None
154.888,113.963,1903.68,-4.379,3.171,61.4,-0.0162,12,Left,46.32,-1,-1,UNKNOWN,None
154.922,113.979,1904.11,-4.379,3.171,61.29,-0.0111,12,Left,45.89,-1,-1,UNKNOWN,None
154.922,113.995,1904.252,-4.38,3.17,61.25,-0.0111,12,Left,45.75,-1,-1,UNKNOWN,None
154.955,114.011,1904.68,-4.381,3.169,61.13,-0.0111,12,Left,45.32,-1,-1,UNKNOWN,None
154.972,114.025,1904.963,-4.383,3.167,61.04,-0.0111,12,Left,45.04,-1,-1,UNKNOWN,None
154.972,114.043,1905.104,-4.384,3.166,60.99,-0.0111,12,Left,44.9,-1,-1,UNKNOWN,None
154.997,114.06,1905.533,-4.387,3.163,60.84,-0.0111,12,Left,44.47,-1,-1,UNKNOWN,None
155.022,114.075,1905.814,-4.39,3.16,60.74,-0.0111,12,Left,44.19,-1,-1,UNKNOWN,None
155.022,114.091,1905.954,-4.391,3.159,60.69,-0.0111,12,Left,44.05,-1,-1,UNKNOWN,None
155.039,114.107,1906.235,-4.394,3.156,60.59,-0.0111,12,Left,43.77,-1,-1,UNKNOWN,None
155.056,114.123,1906.531,-4.398,3.152,60.47,-0.0111,12,Left,43.47,-1,-1,UNKNOWN,None
155.073,114.139,1906.81,-4.402,3.148,60.37,-0.0111,12,Left,43.19,-1,-1,UNKNOWN,None
155.09,114.155,1907.089,-4.406,3.144,60.26,-0.0111,12,Left,42.91,-1,-1,UNKNOWN,None
155.115,114.171,1907.368,-4.411,3.139,60.15,-0.0111,12,Left,42.63,-1,-1,UNKNOWN,None
155.131,114.189,1907.646,-4.416,3.134,60.04,-0.0111,12,Left,42.35,-1,-1,UNKNOWN,None
155.14,114.203,1907.785,-4.418,3.132,59.98,-0.0111,12,Left,42.22,-1,-1,UNKNOWN,None
155.161,114.219,1908.14,-4.425,3.125,59.84,0.0025,12,Left,41.86,-1,-1,UNKNOWN,None
155.173,114.235,1908.472,-4.432,3.118,59.71,0.0025,12,Left,41.53,-1,-1,UNKNOWN,None
155.189,114.251,1908.61,-4.435,3.115,59.66,0.0025,12,Left,41.39,-1,-1,UNKNOWN,None
155.199,114.267,1908.929,-4.442,3.108,59.55,0.0025,12,Left,41.07,-1,-1,UNKNOWN,None
155.217,114.283,1909.204,-4.448,3.102,59.46,0.0025,12,Left,40.8,-1,-1,UNKNOWN,None
155.234,114.299,1909.479,-4.454,3.096,59.39,0.0025,12,Left,40.52,-1,-1,UNKNOWN,None
155.242,114.315,1909.616,-4.457,3.093,59.36,0.0025,12,Left,40.38,-1,-1,UNKNOWN,None
155.275,114.33,1910.028,-4.466,3.084,59.3,0.0025,12,Left,39.97,-1,-1,UNKNOWN,None
155.285,114.346,1910.182,-4.47,3.08,59.29,0.0025,12,Left,39.82,-1,-1,UNKNOWN,None
155.294,114.364,1910.332,-4.474,3.076,59.29,0.0025,12,Left,39.67,-1,-1,UNKNOWN,None
155.294,114.378,1910.504,-4.478,3.072,59.29,0.0025,12,Left,39.5,-1,-1,UNKNOWN,None
155.332,114.394,1911.093,-4.492,3.058,59.37,0.0025,12,Left,38.91,-1,-1,UNKNOWN,None
155.348,114.41,1911.368,-4.499,3.051,59.44,0.0025,12,Left,38.63,-1,-1,UNKNOWN,None
155.357,114.426,1911.508,-4.502,3.048,59.49,0.0028,12,Left,38.49,-1,-1,UNKNOWN,None
155.382,114.442,1911.79,-4.509,3.041,59.59,0.0028,12,Left,38.21,-1,-1,UNKNOWN,None
155.399,114.458,1912.069,-4.516,3.034,59.71,0.0028,12,Left,37.93,-1,-1,UNKNOWN,None
155.416,114.474,1912.346,-4.523,3.027,59.83,0.0028,12,Left,37.65,-1,-1,UNKNOWN,None
155.433,114.49,1912.64,-4.531,3.019,59.98,0.0028,12,Left,37.36,-1,-1,UNKNOWN,None
155.451,114.506,1912.938,-4.538,3.012,60.14,0.0028,12,Left,37.06,-1,-1,UNKNOWN,None
155.46,114.522,1913.228,-4.545,3.005,60.3,0.0028,12,Left,36.77,-1,-1,UNKNOWN,None
155.477,114.538,1913.376,-4.549,3.001,60.39,0.0028,12,Left,36.62,-1,-1,UNKNOWN,None
155.486,114.554,1913.656,-4.556,2.994,60.54,0.0028,12,Left,36.34,-1,-1,UNKNOWN,None
155.511,114.57,1913.937,-4.563,2.987,60.7,0.0028,12,Left,36.06,-1,-1,UNKNOWN,None
155.519,114.586,1914.218,-4.57,2.98,60.84,0.0033,12,Left,35.78,-1,-1,UNKNOWN,None
155.544,114.602,1914.5,-4.577,2.973,60.99,0.0033,12,Left,35.5,-1,-1,UNKNOWN,None
155.544,114.618,1914.641,-4.581,2.969,61.06,0.0033,12,Left,35.36,-1,-1,UNKNOWN,None
155.571,114.634,1915.107,-4.592,2.958,61.29,0.0033,12,Left,34.89,-1,-1,UNKNOWN,None
155.58,114.65,1915.263,-4.596,2.954,61.35,0.0033,12,Left,34.74,-1,-1,UNKNOWN,None
155.607,114.666,1915.568,-4.603,2.947,61.47,0.0033,12,Left,34.43,-1,-1,UNKNOWN,Left_Broken
155.621,114.682,1915.947,-4.612,2.938,61.57,0.0033,12,Left,34.05,-1,-1,UNKNOWN,None
155.638,114.698,1916.099,-4.616,2.934,61.6,0.0033,12,Left,33.9,-1,-1,UNKNOWN,None
155.655,114.714,1916.396,-4.623,2.927,61.62,0.0033,12,Left,33.6,-1,-1,UNKNOWN,None
155.664,114.73,1916.689,-4.63,2.92,61.62,0.0033,12,Left,33.31,-1,-1,UNKNOWN,None
155.672,114.746,1916.832,-4.633,2.917,61.62,0.0033,12,Left,33.17,-1,-1,UNKNOWN,None
155.704,114.762,1917.233,-4.642,2.908,61.57,0.0033,12,Left,32.77,-1,-1,UNKNOWN,None
155.712,114.778,1917.519,-4.648,2.902,61.53,0.0037,12,Left,32.48,-1,-1,UNKNOWN,None
155.739,114.794,1917.831,-4.655,2.895,61.46,0.0037,12,Left,32.17,-1,-1,UNKNOWN,None
155.748,114.811,1918.136,-4.662,2.888,61.39,0.0037,12,Left,31.86,-1,-1,UNKNOWN,None
155.767,114.827,1918.298,-4.665,2.885,61.35,0.0037,12,Left,31.7,-1,-1,UNKNOWN,None
155.776,114.843,1918.625,-4.672,2.878,61.26,0.0037,12,Left,31.37,-1,-1,UNKNOWN,None
155.786,114.859,1918.767,-4.675,2.875,61.21,0.0037,12,Left,31.23,-1,-1,UNKNOWN,None
155.819,114.875,1919.191,-4.684,2.866,61.08,0.0037,12,Left,30.81,-1,-1,UNKNOWN,None
155.836,114.889,1919.474,-4.69,2.86,60.98,0.0037,12,Left,30.53,-1,-1,UNKNOWN,None
155.852,114.907,1919.756,-4.695,2.855,60.88,0.0037,12,Left,30.24,-1,-1,UNKNOWN,Left_Broken
155.861,114.923,1920.037,-4.701,2.849,60.78,0.0037,12,Left,29.96,-1,-1,UNKNOWN,None
155.877,114.939,1920.178,-4.703,2.847,60.73,0.0037,12,Left,29.82,-1,-1,UNKNOWN,None
155.889,114.955,1920.519,-4.71,2.84,60.6,0.0037,12,Left,29.48,-1,-1,UNKNOWN,None
155.915,114.971,1920.817,-4.715,2.835,60.49,0.0037,12,Left,29.18,-1,-1,UNKNOWN,None
155.932,114.987,1921.103,-4.72,2.83,60.38,0.0037,12,Left,28.9,-1,-1,UNKNOWN,None
155.941,115.003,1921.386,-4.725,2.825,60.27,0.0042,12,Left,28.61,-1,-1,UNKNOWN,None
155.958,115.019,1921.669,-4.73,2.82,60.16,0.0042,12,Left,28.33,-1,-1,UNKNOWN,None
155.975,115.035,1921.821,-4.733,2.817,60.1,0.0042,12,Left,28.18,-1,-1,UNKNOWN,None
155.992,115.051,1922.1,-4.738,2.812,59.99,0.0042,12,Left,27.9,-1,-1,UNKNOWN,None
156.003,115.067,1922.45,-4.743,2.807,59.86,0.0042,12,Left,27.55,-1,-1,UNKNOWN,None
156.023,115.083,1922.609,-4.746,2.804,59.8,0.0042,12,Left,27.39,-1,-1,UNKNOWN,None
156.04,115.099,1922.9,-4.75,2.8,59.69,0.0042,12,Left,27.1,-1,-1,UNKNOWN,None
156.049,115.115,1923.192,-4.755,2.795,59.6,0.0042,12,Left,26.81,-1,-1,UNKNOWN,None
156.066,115.131,1923.47,-4.759,2.791,59.52,0.0042,12,Left,26.53,-1,-1,UNKNOWN,None
156.083,115.147,1923.746,-4.763,2.787,59.46,0.0042,12,Left,26.25,-1,-1,UNKNOWN,None
156.108,115.163,1924.021,-4.767,2.783,59.42,0.004,12,Left,25.98,-1,-1,UNKNOWN,None
156.116,115.179,1924.296,-4.77,2.78,59.39,0.004,12,Left,25.7,-1,-1,UNKNOWN,None
156.134,115.195,1924.587,-4.774,2.776,59.39,0.004,12,Left,25.41,-1,-1,UNKNOWN,None
156.142,115.211,1924.725,-4.776,2.774,59.39,0.004,12,Left,25.28,-1,-1,UNKNOWN,None
156.167,115.227,1925.0,-4.779,2.771,59.43,0.004,12,Left,25.0,-1,-1,UNKNOWN,None
156.184,115.243,1925.275,-4.783,2.767,59.48,0.004,12,Left,24.72,-1,-1,UNKNOWN,None
156.201,115.259,1925.553,-4.786,2.764,59.56,0.004,12,Left,24.45,-1,-1,UNKNOWN,None
156.218,115.275,1925.837,-4.789,2.761,59.66,0.004,12,Left,24.16,-1,-1,UNKNOWN,None
156.235,115.291,1926.122,-4.792,2.758,59.77,0.004,12,Left,23.88,-1,-1,UNKNOWN,None
156.252,115.307,1926.402,-4.795,2.755,59.9,0.004,12,Left,23.6,-1,-1,UNKNOWN,None
156.261,115.324,1926.685,-4.798,2.752,60.04,0.004,12,Left,23.31,-1,-1,UNKNOWN,None
156.269,115.338,1926.824,-4.799,2.751,60.11,0.004,12,Left,23.18,-1,-1,UNKNOWN,None
156.286,115.354,1927.103,-4.802,2.748,60.26,0.004,12,Left,22.9,-1,-1,UNKNOWN,None
156.311,115.37,1927.386,-4.804,2.746,60.4,0.004,12,Left,22.61,-1,-1,UNKNOWN,None
156.328,115.386,1927.667,-4.807,2.743,60.52,0.004,12,Left,22.33,-1,-1,UNKNOWN,None
156.347,115.402,1927.992,-4.809,2.741,60.64,0.004,12,Left,22.01,-1,-1,UNKNOWN,None
156.355,115.418,1928.273,-4.811,2.739,60.72,0.004,12,Left,21.73,-1,-1,UNKNOWN,None
156.364,115.434,1928.425,-4.813,2.737,60.75,0.004,12,Left,21.57,-1,-1,UNKNOWN,None
156.381,115.454,1928.714,-4.815,2.735,60.78,0.004,12,Left,21.29,-1,-1,UNKNOWN,None
156.398,115.466,1928.996,-4.817,2.733,60.78,0.004,12,Left,21.0,-1,-1,UNKNOWN,None
156.423,115.482,1929.277,-4.818,2.732,60.77,0.004,12,Left,20.72,-1,-1,UNKNOWN,None
156.44,115.498,1929.558,-4.82,2.73,60.74,0.004,12,Left,20.44,-1,-1,UNKNOWN,None
156.448,115.514,1929.839,-4.821,2.729,60.69,0.004,12,Left,20.16,-1,-1,UNKNOWN,None
156.465,115.53,1930.12,-4.823,2.727,60.64,0.004,12,Left,19.88,-1,-1,UNKNOWN,None
156.49,115.546,1930.401,-4.824,2.726,60.57,0.004,12,Left,19.6,-1,-1,UNKNOWN,None
156.499,115.562,1930.709,-4.825,2.725,60.49,0.004,12,Left,19.29,-1,-1,UNKNOWN,None
156.508,115.578,1930.873,-4.826,2.724,60.44,0.0197,12,Left,19.13,-1,-1,UNKNOWN,None
156.518,115.594,1931.012,-4.826,2.724,60.4,0.0197,12,Left,18.99,-1,-1,UNKNOWN,None
156.543,115.61,1931.431,-4.827,2.723,60.26,0.0197,12,Left,18.57,-1,-1,UNKNOWN,None
156.56,115.626,1931.71,-4.827,2.723,60.17,0.0197,12,Left,18.29,-1,-1,UNKNOWN,None
156.568,115.642,1931.849,-4.826,2.724,60.12,0.0197,12,Left,18.15,-1,-1,UNKNOWN,None
156.595,115.658,1932.307,-4.825,2.725,59.96,0.0197,12,Left,17.69,-1,-1,UNKNOWN,None
156.613,115.674,1932.596,-4.824,2.726,59.85,0.0312,12,Left,17.4,-1,-1,UNKNOWN,None
156.629,115.69,1932.734,-4.823,2.727,59.8,0.0322,12,Left,17.27,-1,-1,UNKNOWN,None
156.646,115.706,1933.011,-4.821,2.729,59.7,0.033,12,Left,16.99,-1,-1,UNKNOWN,None
156.654,115.722,1933.287,-4.818,2.732,59.61,0.0331,12,Left,16.71,-1,-1,UNKNOWN,None
156.68,115.738,1933.567,-4.814,2.736,59.53,0.0331,12,Left,16.43,-1,-1,UNKNOWN,None
156.696,115.754,1933.843,-4.81,2.74,59.46,0.0331,12,Left,16.16,-1,-1,UNKNOWN,None
156.705,115.77,1933.981,-4.808,2.742,59.43,0.0331,12,Left,16.02,-1,-1,UNKNOWN,None
156.73,115.786,1934.399,-4.8,2.75,59.37,0.0331,12,Left,15.6,-1,-1,UNKNOWN,None
156.739,115.803,1934.71,-4.793,2.757,59.36,0.033,12,Left,15.29,-1,-1,UNKNOWN,None
156.758,115.819,1934.861,-4.79,2.76,59.37,0.0324,12,Left,15.14,-1,-1,UNKNOWN,None
156.766,115.835,1935.136,-4.783,2.767,59.39,0.032,12,Left,14.86,-1,-1,UNKNOWN,None
156.791,115.851,1935.411,-4.775,2.775,59.44,0.032,12,Left,14.59,-1,-1,UNKNOWN,None
156.791,115.867,1935.549,-4.771,2.779,59.47,0.032,12,Left,14.45,-1,-1,UNKNOWN,None
156.826,115.885,1935.975,-4.757,2.793,59.61,0.032,12,Left,14.03,-1,-1,UNKNOWN,None
156.834,115.9,1936.251,-4.747,2.803,59.71,0.032,12,Left,13.75,-1,-1,UNKNOWN,None
156.851,115.916,1936.389,-4.742,2.808,59.77,0.032,12,Left,13.61,-1,-1,UNKNOWN,None
156.876,115.932,1936.805,-4.725,2.825,59.96,0.032,12,Left,13.2,-1,-1,UNKNOWN,Left_Broken
156.892,115.948,1937.083,-4.713,2.837,60.1,0.032,12,Left,12.92,-1,-1,UNKNOWN,None
156.903,115.964,1937.4,-4.698,2.852,60.27,0.032,12,Left,12.6,-1,-1,UNKNOWN,None
156.92,115.98,1937.539,-4.691,2.859,60.34,0.032,12,Left,12.46,-1,-1,UNKNOWN,None
156.936,115.996,1937.819,-4.677,2.873,60.48,0.032,12,Left,12.18,-1,-1,UNKNOWN,None
156.953,116.012,1938.099,-4.662,2.888,60.61,0.0324,12,Left,11.9,-1,-1,UNKNOWN,None
156.97,116.028,1938.38,-4.646,2.904,60.73,0.0324,12,Left,11.62,-1,-1,UNKNOWN,None
156.986,116.044,1938.661,-4.629,2.921,60.83,0.0324,12,Left,11.34,-1,-1,UNKNOWN,None
157.003,116.06,1938.942,-4.611,2.939,60.91,0.0324,12,Left,11.06,-1,-1,UNKNOWN,None
157.011,116.076,1939.224,-4.592,2.958,60.97,0.0324,12,Left,10.78,-1,-1,UNKNOWN,None
157.036,116.092,1939.505,-4.573,2.977,60.99,0.0324,12,Left,10.49,-1,-1,UNKNOWN,None
157.053,116.108,1939.788,-4.552,2.998,61.0,0.0324,12,Left,10.21,-1,-1,UNKNOWN,None
157.07,116.124,1940.07,-4.531,3.019,60.98,0.0324,12,Left,9.93,-1,-1,UNKNOWN,None
157.078,116.14,1940.351,-4.509,3.041,60.94,0.0324,12,Left,9.65,-1,-1,UNKNOWN,None
157.086,116.156,1940.492,-4.497,3.053,60.92,0.0324,12,Left,9.51,-1,-1,UNKNOWN,None
157.111,116.172,1940.772,-4.474,3.076,60.86,0.033,12,Left,9.23,-1,-1,UNKNOWN,None
157.128,116.188,1941.053,-4.449,3.101,60.8,0.033,12,Left,8.95,-1,-1,UNKNOWN,None
157.145,116.204,1941.333,-4.424,3.126,60.73,0.033,12,Left,8.67,-1,-1,UNKNOWN,Left_Broken
157.161,116.218,1941.613,-4.398,3.152,60.65,0.033,12,Left,8.39,-1,-1,UNKNOWN,None
157.17,116.236,1941.892,-4.371,3.179,60.57,0.033,12,Left,8.11,-1,-1,UNKNOWN,None
157.186,116.252,1942.171,-4.343,3.207,60.48,0.033,12,Left,7.83,-1,-1,UNKNOWN,None
157.203,116.268,1942.478,-4.312,3.238,60.38,0.033,12,Left,7.52,-1,-1,UNKNOWN,None
157.213,116.284,1942.667,-4.292,3.258,60.31,0.033,12,Left,7.33,-1,-1,UNKNOWN,None
157.241,116.3,1942.945,-4.261,3.289,60.21,0.033,12,Left,7.06,-1,-1,UNKNOWN,None
157.249,116.316,1943.221,-4.23,3.32,60.11,0.033,12,Left,6.78,-1,-1,UNKNOWN,None
157.266,116.331,1943.497,-4.198,3.352,60.0,0.033,12,Left,6.5,-1,-1,UNKNOWN,None
157.283,116.347,1943.772,-4.166,3.384,59.89,0.0312,12,Left,6.23,-1,-1,UNKNOWN,None
157.299,116.361,1944.047,-4.132,3.418,59.79,0.0311,12,Left,5.95,-1,-1,UNKNOWN,None
157.308,116.379,1944.185,-4.115,3.435,59.74,0.0308,12,Left,5.82,-1,-1,UNKNOWN,None
157.333,116.395,1944.596,-4.063,3.487,59.6,0.0306,12,Left,5.4,-1,-1,UNKNOWN,None
157.352,116.411,1944.775,-4.039,3.511,59.55,0.0302,12,Left,5.23,-1,-1,UNKNOWN,None
157.37,116.427,1945.071,-3.999,3.551,59.48,0.0302,12,Left,4.93,-1,-1,UNKNOWN,None
157.379,116.443,1945.379,-3.957,3.593,59.42,0.0299,12,Left,4.62,-1,-1,UNKNOWN,None
157.399,116.459,1945.547,-3.933,3.617,59.4,0.0296,12,Left,4.45,-1,-1,UNKNOWN,None
157.418,116.475,1945.849,-3.89,3.66,59.39,0.0292,12,Left,4.15,-1,-1,UNKNOWN,None
157.418,116.491,1945.985,-3.87,3.68,59.39,0.0285,12,Left,4.01,-1,-1,UNKNOWN,None
157.452,116.507,1946.406,-3.807,3.743,59.43,0.0273,12,Left,3.59,-1,-1,UNKNOWN,None
157.468,116.523,1946.679,-3.766,3.784,59.48,0.026,12,Left,3.32,-1,-1,UNKNOWN,None
157.477,116.539,1946.951,-3.723,3.827,59.56,0.025,12,Left,3.05,-1,-1,UNKNOWN,None
157.502,116.555,1947.224,-3.68,3.87,59.66,0.0241,12,Left,2.78,-1,-1,UNKNOWN,None
157.51,116.571,1947.36,-3.658,3.892,59.71,0.0234,12,Left,2.64,-1,-1,UNKNOWN,None
157.528,116.587,1947.652,-3.611,3.939,59.84,0.0225,12,Left,2.35,-1,-1,UNKNOWN,None
157.545,116.603,1947.926,-3.565,3.985,59.97,0.0213,12,Left,2.07,-1,-1,UNKNOWN,None
157.553,116.619,1948.2,-3.519,4.031,60.11,0.0199,12,Left,1.8,-1,-1,UNKNOWN,None
157.561,116.635,1948.337,-3.496,4.054,60.18,0.0199,12,Left,1.66,-1,-1,UNKNOWN,None
157.595,116.651,1948.76,-3.423,4.127,60.41,0.0199,12,Left,1.24,-1,-1,UNKNOWN,None
157.612,116.665,1949.036,-3.374,4.176,60.55,0.0167,12,Left,0.96,-1,-1,UNKNOWN,None
157.62,116.683,1949.313,-3.325,4.225,60.68,0.0167,12,Left,0.69,-1,-1,UNKNOWN,None
157.637,116.699,1949.59,-3.275,4.275,60.8,0.0167,12,Left,0.41,-1,-1,UNKNOWN,None
157.654,116.715,1949.867,-3.224,4.326,60.9,0.0167,12,Left,0.13,-1,-1,UNKNOWN,None
157.673,116.731,1950.053,-3.19,4.36,60.96,0.0167,13,Right,149.95,-1,-1,UNKNOWN,None
157.69,116.747,1950.331,-3.138,4.412,61.02,0.0167,13,Right,149.67,-1,-1,UNKNOWN,None
157.69,116.763,1950.47,-3.112,4.438,61.03,0.0167,13,Right,149.53,-1,-1,UNKNOWN,None
157.715,116.779,1950.747,-3.059,4.491,61.05,0.0167,13,Right,149.25,-1,-1,UNKNOWN,Left_Broken
157.74,116.795,1951.164,-2.979,4.571,61.03,0.0167,13,Right,148.84,-1,-1,UNKNOWN,None
157.756,116.812,1951.441,-2.925,4.625,61.0,0.0167,13,Right,148.56,-1,-1,UNKNOWN,None
157.773,116.828,1951.718,-2.87,4.68,60.96,0.0167,13,Right,148.28,-1,-1,UNKNOWN,None
157.782,116.844,1951.998,-2.814,4.736,60.9,0.0069,13,Right,148.0,-1,-1,UNKNOWN,None
157.798,116.858,1952.136,-2.787,4.763,60.87,0.0069,13,Right,147.86,-1,-1,UNKNOWN,None
157.807,116.876,1952.412,-2.731,4.819,60.8,0.0069,13,Right,147.59,-1,-1,UNKNOWN,None
157.823,116.892,1952.688,-2.675,4.875,60.72,0.0069,13,Right,147.31,-1,-1,UNKNOWN,None
157.84,116.908,1952.963,-2.619,4.931,60.64,0.0072,13,Right,147.04,-1,-1,UNKNOWN,None
157.865,116.924,1953.238,-2.562,4.988,60.56,0.0072,13,Right,146.76,-1,-1,UNKNOWN,None
157.882,116.94,1953.512,-2.506,5.044,60.47,0.0072,13,Right,146.49,-1,-1,UNKNOWN,None
157.882,116.956,1953.649,-2.477,5.073,60.42,0.0072,13,Right,146.35,-1,-1,UNKNOWN,None
157.91,116.972,1953.977,-2.409,5.141,60.32,0.0072,13,Right,146.02,-1,-1,UNKNOWN,None
157.91,116.988,1954.271,-2.347,5.203,60.22,0.0072,13,Right,145.73,-1,-1,UNKNOWN,None
157.945,117.004,1954.543,-2.289,5.261,60.12,0.0072,13,Right,145.46,-1,-1,UNKNOWN,None
157.953,117.02,1954.679,-2.26,5.29,60.07,0.0072,13,Right,145.32,-1,-1,UNKNOWN,None
157.978,117.036,1955.087,-2.173,5.377,59.92,0.0072,13,Right,144.91,-1,-1,UNKNOWN,Left_Broken
157.995,117.052,1955.357,-2.114,5.436,59.81,0.006,13,Right,144.64,-1,-1,UNKNOWN,None
158.01,117.068,1955.603,-2.061,5.489,59.72,0.005,13,Right,144.4,-1,-1,UNKNOWN,None
158.018,117.084,1955.873,-2.002,5.548,59.63,0.0046,13,Right,144.13,-1,-1,UNKNOWN,None
158.043,117.1,1956.142,-1.943,5.607,59.54,0.004,13,Right,143.86,-1,-1,UNKNOWN,None
158.043,117.116,1956.276,-1.914,5.636,59.5,0.0034,13,Right,143.72,-1,-1,UNKNOWN,None
158.069,117.132,1956.698,-1.821,5.729,59.4,0.003,13,Right,143.3,-1,-1,UNKNOWN,None
158.086,117.148,1956.972,-1.761,5.789,59.36,0.0023,13,Right,143.03,-1,-1,UNKNOWN,None
158.104,117.164,1957.128,-1.726,5.824,59.34,0.0014,13,Right,142.87,-1,-1,UNKNOWN,None
158.123,117.18,1957.425,-1.66,5.89,59.33,0.0009,13,Right,142.57,-1,-1,UNKNOWN,None
158.139,117.196,1957.693,-1.6,5.95,59.35,0.0005,13,Right,142.31,-1,-1,UNKNOWN,None
158.156,117.212,1957.963,-1.54,6.01,59.39,0.0002,13,Right,142.04,-1,-1,UNKNOWN,None
158.165,117.228,1958.248,-1.477,6.073,59.45,-0.0001,13,Right,141.75,-1,-1,UNKNOWN,None
158.182,117.244,1958.517,-1.416,6.134,59.53,-0.0001,13,Right,141.48,-1,-1,UNKNOWN,None
158.199,117.26,1958.786,-1.356,6.194,59.63,-0.0002,13,Right,141.21,-1,-1,UNKNOWN,None
158.207,117.276,1958.921,-1.326,6.224,59.69,-0.0002,13,Right,141.08,-1,-1,UNKNOWN,None
158.232,117.29,1959.196,-1.264,6.286,59.81,-0.0002,13,Right,140.8,-1,-1,UNKNOWN,None
158.241,117.308,1959.478,-1.2,6.35,59.95,-0.0002,13,Right,140.52,-1,-1,UNKNOWN,Right_Broken
158.267,117.324,1959.75,-1.139,6.411,60.1,-0.0002,13,Right,140.25,-1,-1,UNKNOWN,None
158.283,117.337,1960.021,-1.078,6.472,60.25,-0.0002,13,Right,139.98,-1,-1,UNKNOWN,None
158.283,117.355,1960.206,-1.036,6.514,60.35,-0.0002,13,Right,139.79,-1,-1,UNKNOWN,None
158.308,117.371,1960.57,-0.954,6.596,60.54,-0.0002,13,Right,139.43,-1,-1,UNKNOWN,None
158.325,117.387,1960.846,-0.892,6.658,60.69,-0.0002,13,Right,139.15,-1,-1,UNKNOWN,None
158.342,117.403,1961.121,-0.829,6.721,60.82,-0.0002,13,Right,138.88,-1,-1,UNKNOWN,None
158.358,117.419,1961.258,-0.798,6.752,60.88,-0.0002,13,Right,138.74,-1,-1,UNKNOWN,None
158.376,117.435,1961.547,-0.733,6.817,61.0,-0.0002,13,Right,138.45,-1,-1,UNKNOWN,None
158.384,117.451,1961.822,-0.67,6.88,61.08,-0.0024,13,Right,138.18,-1,-1,UNKNOWN,None
158.401,117.467,1962.099,-0.608,6.942,61.15,-0.0024,13,Right,137.9,-1,-1,UNKNOWN,None
158.426,117.483,1962.375,-0.545,7.005,61.19,-0.0024,13,Right,137.62,-1,-1,UNKNOWN,None
158.434,117.499,1962.652,-0.483,7.067,61.21,-0.0024,13,Right,137.35,-1,-1,UNKNOWN,None
158.459,117.515,1962.928,-0.42,7.13,61.21,-0.0024,13,Right,137.07,-1,-1,UNKNOWN,None
158.476,117.531,1963.204,-0.357,7.193,61.19,-0.0024,13,Right,136.8,-1,-1,UNKNOWN,None
158.485,117.547,1963.485,-0.294,7.256,61.15,-0.0024,13,Right,136.52,-1,-1,UNKNOWN,None
158.501,117.563,1963.762,-0.231,7.319,61.1,-0.0024,13,Right,136.24,-1,-1,UNKNOWN,Right_Broken
158.51,117.579,1963.915,-0.197,7.353,61.06,-0.0024,13,Right,136.08,-1,-1,UNKNOWN,None
158.537,117.595,1964.209,-0.13,7.42,60.99,-0.0024,13,Right,135.79,-1,-1,UNKNOWN,None
158.537,117.611,1964.347,-0.099,7.451,60.96,-0.0024,13,Right,135.65,-1,-1,UNKNOWN,None
158.57,117.627,1964.76,-0.006,7.544,60.83,-0.0024,13,Right,135.24,-1,-1,UNKNOWN,None
158.587,117.643,1965.042,0.058,7.608,60.74,-0.0024,13,Right,134.96,-1,-1,UNKNOWN,None
158.604,117.659,1965.317,0.12,7.67,60.65,-0.0024,13,Right,134.68,-1,-1,UNKNOWN,None
158.613,117.675,1965.473,0.155,7.705,60.6,-0.0024,13,Right,134.53,-1,-1,UNKNOWN,None
158.627,117.691,1965.692,0.204,7.754,60.52,-0.0024,13,Right,134.31,-1,-1,UNKNOWN,None
158.648,117.707,1966.047,0.284,7.834,60.39,-0.0024,13,Right,133.95,-1,-1,UNKNOWN,None
158.648,117.723,1966.184,0.315,7.865,60.34,-0.0024,13,Right,133.82,-1,-1,UNKNOWN,None
158.682,117.739,1966.592,0.407,7.957,60.18,-0.0024,13,Right,133.41,-1,-1,UNKNOWN,None
158.698,117.755,1966.863,0.468,8.018,60.07,-0.0024,13,Right,133.14,-1,-1,UNKNOWN,None
158.716,117.771,1967.14,0.53,8.08,59.96,-0.0024,13,Right,132.86,-1,-1,UNKNOWN,None
158.724,117.787,1967.411,0.59,8.14,59.85,-0.0248,13,Right,132.59,-1,-1,UNKNOWN,None
158.749,117.802,1967.681,0.65,8.2,59.75,-0.0254,13,Right,132.32,-1,-1,UNKNOWN,None
158.766,117.82,1967.951,0.709,8.259,59.65,-0.0258,13,Right,132.05,-1,-1,UNKNOWN,None
158.775,117.836,1968.102,0.742,8.292,59.6,-0.026,13,Right,131.9,-1,-1,UNKNOWN,Right_Broken
158.792,117.852,1968.371,0.8,8.35,59.51,-0.0264,13,Right,131.63,-1,-1,UNKNOWN,None
158.809,117.868,1968.65,0.86,8.41,59.44,-0.0264,13,Right,131.35,-1,-1,UNKNOWN,None
158.809,117.884,1968.785,0.889,8.439,59.42,-0.0264,13,Right,131.22,-1,-1,UNKNOWN,None
158.842,117.9,1969.188,0.975,8.525,59.36,-0.0267,13,Right,130.81,-1,-1,UNKNOWN,None
158.85,117.916,1969.457,1.031,8.581,59.34,-0.0267,13,Right,130.54,-1,-1,UNKNOWN,None
158.867,117.932,1969.726,1.087,8.637,59.35,-0.0267,13,Right,130.27,-1,-1,UNKNOWN,None
158.884,117.946,1969.995,1.143,8.693,59.39,-0.0267,13,Right,130.01,-1,-1,UNKNOWN,None
158.909,117.964,1970.264,1.198,8.748,59.44,-0.0267,13,Right,129.74,-1,-1,UNKNOWN,None
158.925,117.98,1970.534,1.253,8.803,59.52,-0.0267,13,Right,129.47,-1,-1,UNKNOWN,None
158.934,117.996,1970.812,1.309,8.859,59.62,-0.0267,13,Right,129.19,-1,-1,UNKNOWN,None
158.952,118.012,1970.958,1.338,8.888,59.67,-0.027,13,Right,129.04,-1,-1,UNKNOWN,None
158.96,118.028,1971.274,1.4,8.95,59.81,-0.0274,13,Right,128.73,-1,-1,UNKNOWN,None
158.983,118.044,1971.607,1.465,9.015,59.97,-0.0283,13,Right,128.39,-1,-1,UNKNOWN,None
158.991,118.06,1971.743,1.491,9.041,60.04,-0.0295,13,Right,128.26,-1,-1,UNKNOWN,None
159.008,118.076,1972.017,1.543,9.093,60.19,-0.0295,13,Right,127.98,-1,-1,UNKNOWN,None
159.033,118.092,1972.291,1.595,9.145,60.34,-0.0295,13,Right,127.71,-1,-1,UNKNOWN,Right_Broken
159.033,118.108,1972.429,1.62,9.17,60.41,-0.0295,13,Right,127.57,-1,-1,UNKNOWN,None
159.062,118.124,1972.913,1.709,9.259,60.65,-0.0365,13,Right,127.09,-1,-1,UNKNOWN,None
159.071,118.14,1973.051,1.734,9.284,60.71,-0.0365,13,Right,126.95,-1,-1,UNKNOWN,None
159.087,118.156,1973.328,1.783,9.333,60.82,-0.0365,13,Right,126.67,-1,-1,UNKNOWN,None
159.104,118.173,1973.609,1.832,9.382,60.91,-0.0365,13,Right,126.39,-1,-1,UNKNOWN,None
159.131,118.188,1973.923,1.886,9.436,60.99,-0.0365,13,Right,126.08,-1,-1,UNKNOWN,None
159.15,118.204,1974.229,1.937,9.487,61.03,-0.0427,13,Right,125.77,-1,-1,UNKNOWN,None
159.159,118.22,1974.522,1.985,9.535,61.05,-0.0427,13,Right,125.48,-1,-1,UNKNOWN,None
159.167,118.236,1974.662,2.008,9.558,61.05,-0.0427,13,Right,125.34,-1,-1,UNKNOWN,None
159.193,118.252,1974.959,2.055,9.605,61.03,-0.0427,13,Right,125.04,-1,-1,UNKNOWN,None
159.21,118.268,1975.238,2.098,9.648,60.99,-0.0462,13,Right,124.76,-1,-1,UNKNOWN,None
159.218,118.284,1975.517,2.14,9.69,60.95,-0.0462,13,Right,124.48,-1,-1,UNKNOWN,None
159.244,118.3,1975.818,2.184,9.734,60.88,-0.0462,13,Right,124.18,-1,-1,UNKNOWN,None
159.254,118.316,1976.129,2.228,9.778,60.81,-0.0462,13,Right,123.87,-1,-1,UNKNOWN,None
159.263,118.331,1976.282,2.25,9.8,60.76,-0.0497,13,Right,123.72,-1,-1,UNKNOWN,None
159.289,118.347,1976.569,2.289,9.839,60.68,-0.0497,13,Right,123.43,-1,-1,UNKNOWN,None
159.306,118.363,1976.847,2.325,9.875,60.59,-0.0497,13,Right,123.15,-1,-1,UNKNOWN,None
159.306,118.379,1976.986,2.343,9.893,60.54,-0.0497,13,Right,123.01,-1,-1,UNKNOWN,None
159.331,118.395,1977.414,2.396,9.946,60.39,-0.0497,13,Right,122.59,-1,-1,UNKNOWN,None
159.348,118.411,1977.692,2.429,9.979,60.28,-0.0497,13,Right,122.31,-1,-1,UNKNOWN,None
159.365,118.427,1977.969,2.461,10.011,60.18,-0.0497,13,Right,122.03,-1,-1,UNKNOWN,None
159.373,118.443,1978.115,2.477,10.027,60.12,-0.052,13,Right,121.88,-1,-1,UNKNOWN,None
159.391,118.459,1978.392,2.507,10.057,60.01,-0.052,13,Right,121.61,-1,-1,UNKNOWN,None
159.416,118.475,1978.668,2.535,10.085,59.9,-0.052,13,Right,121.33,-1,-1,UNKNOWN,None
159.424,118.491,1978.943,2.562,10.112,59.79,-0.0509,13,Right,121.06,-1,-1,UNKNOWN,None
159.449,118.507,1979.219,2.588,10.138,59.69,-0.05,13,Right,120.78,-1,-1,UNKNOWN,None
159.457,118.523,1979.494,2.612,10.162,59.59,-0.049,13,Right,120.51,-1,-1,UNKNOWN,None
159.474,118.539,1979.768,2.636,10.186,59.5,-0.0483,13,Right,120.23,-1,-1,UNKNOWN,None
159.491,118.555,1980.043,2.657,10.207,59.42,-0.0475,13,Right,119.96,-1,-1,UNKNOWN,None
159.517,118.571,1980.332,2.679,10.229,59.35,-0.0471,13,Right,119.67,-1,-1,UNKNOWN,None
159.525,118.587,1980.613,2.699,10.249,59.31,-0.0465,13,Right,119.39,-1,-1,UNKNOWN,None
159.534,118.603,1980.75,2.708,10.258,59.29,-0.0459,13,Right,119.25,-1,-1,UNKNOWN,None
159.559,118.619,1981.028,2.726,10.276,59.27,-0.0455,13,Right,118.97,-1,-1,UNKNOWN,None
159.576,118.635,1981.302,2.742,10.292,59.28,-0.0452,13,Right,118.7,-1,-1,UNKNOWN,None
159.592,118.651,1981.576,2.757,10.307,59.31,-0.045,13,Right,118.42,-1,-1,UNKNOWN,None
159.601,118.667,1981.851,2.77,10.32,59.36,-0.0446,13,Right,118.15,-1,-1,UNKNOWN,None
159.626,118.683,1982.125,2.783,10.333,59.43,-0.0439,13,Right,117.87,-1,-1,UNKNOWN,None
159.634,118.699,1982.401,2.794,10.344,59.52,-0.0434,13,Right,117.6,-1,-1,UNKNOWN,None
159.659,118.715,1982.676,2.804,10.354,59.63,-0.0427,13,Right,117.32,-1,-1,UNKNOWN,None
159.676,118.729,1982.953,2.812,10.362,59.74,-0.0418,13,Right,117.05,-1,-1,UNKNOWN,None
159.676,118.747,1983.093,2.816,10.366,59.81,-0.0411,13,Right,116.91,-1,-1,UNKNOWN,None
159.705,118.763,1983.449,2.825,10.375,59.98,-0.0404,13,Right,116.55,-1,-1,UNKNOWN,None
159.705,118.779,1983.588,2.828,10.378,60.06,-0.0399,13,Right,116.41,-1,-1,UNKNOWN,None
159.722,118.795,1983.867,2.833,10.383,60.21,-0.0399,13,Right,116.13,-1,-1,UNKNOWN,None
159.747,118.812,1984.288,2.838,10.388,60.43,-0.0399,13,Right,115.71,-1,-1,UNKNOWN,None
159.772,118.828,1984.568,2.84,10.39,60.57,-0.0399,13,Right,115.43,-1,-1,UNKNOWN,None
159.781,118.844,1984.871,2.841,10.391,60.7,-0.0344,13,Right,115.13,-1,-1,UNKNOWN,None
159.799,118.86,1985.155,2.84,10.39,60.82,-0.0344,13,Right,114.85,-1,-1,UNKNOWN,None
159.815,118.876,1985.299,2.839,10.389,60.87,-0.0344,13,Right,114.7,-1,-1,UNKNOWN,None
159.824,118.892,1985.581,2.837,10.387,60.95,-0.0344,13,Right,114.42,-1,-1,UNKNOWN,None
159.849,118.908,1985.864,2.834,10.384,61.01,-0.0344,13,Right,114.14,-1,-1,UNKNOWN,None
159.857,118.924,1986.146,2.83,10.38,61.03,-0.0344,13,Right,113.85,-1,-1,UNKNOWN,None
159.874,118.94,1986.429,2.824,10.374,61.04,-0.0344,13,Right,113.57,-1,-1,UNKNOWN,None
159.882,118.956,1986.57,2.821,10.371,61.03,-0.0344,13,Right,113.43,-1,-1,UNKNOWN,None
159.909,118.972,1987.056,2.809,10.359,60.98,-0.0145,13,Right,112.94,-1,-1,UNKNOWN,None
159.919,118.988,1987.197,2.805,10.355,60.96,-0.0114,13,Right,112.8,-1,-1,UNKNOWN,None
159.936,119.004,1987.479,2.796,10.346,60.92,-0.0114,13,Right,112.52,-1,-1,UNKNOWN,None
159.961,119.02,1987.76,2.787,10.337,60.86,-0.0114,13,Right,112.24,-1,-1,UNKNOWN,None
159.977,119.036,1988.042,2.777,10.327,60.79,-0.0114,13,Right,111.96,-1,-1,UNKNOWN,None
159.994,119.052,1988.323,2.766,10.316,60.72,-0.0114,13,Right,111.68,-1,-1,UNKNOWN,None
159.994,119.073,1988.463,2.761,10.311,60.68,-0.0002,13,Right,111.54,-1,-1,UNKNOWN,None
160.027,119.084,1988.883,2.743,10.293,60.56,-0.0002,13,Right,111.12,-1,-1,UNKNOWN,None
160.044,119.1,1989.163,2.731,10.281,60.47,0.0042,13,Right,110.84,-1,-1,UNKNOWN,None
160.061,119.116,1989.443,2.719,10.269,60.39,0.0042,13,Right,110.56,-1,-1,UNKNOWN,None
160.069,119.132,1989.721,2.706,10.256,60.3,0.0042,13,Right,110.28,-1,-1,UNKNOWN,None
160.086,119.148,1990.008,2.692,10.242,60.21,0.0042,13,Right,109.99,-1,-1,UNKNOWN,None
160.105,119.164,1990.173,2.684,10.234,60.15,0.0042,13,Right,109.83,-1,-1,UNKNOWN,None
160.122,119.18,1990.469,2.67,10.22,60.05,0.0165,13,Right,109.53,-1,-1,UNKNOWN,None
160.131,119.196,1990.747,2.656,10.206,59.95,0.0165,13,Right,109.25,-1,-1,UNKNOWN,None
160.156,119.212,1991.024,2.643,10.193,59.85,0.0209,13,Right,108.98,-1,-1,UNKNOWN,None
160.172,119.228,1991.302,2.629,10.179,59.75,0.0225,13,Right,108.7,-1,-1,UNKNOWN,None
160.181,119.244,1991.58,2.616,10.166,59.66,0.0244,13,Right,108.42,-1,-1,UNKNOWN,None
160.198,119.26,1991.855,2.602,10.152,59.58,0.0255,13,Right,108.14,-1,-1,UNKNOWN,None
160.214,119.276,1992.13,2.589,10.139,59.5,0.0264,13,Right,107.87,-1,-1,UNKNOWN,None
160.231,119.292,1992.405,2.577,10.127,59.45,0.0271,13,Right,107.59,-1,-1,UNKNOWN,None
160.239,119.308,1992.543,2.57,10.12,59.43,0.0273,13,Right,107.46,-1,-1,UNKNOWN,None
160.256,119.324,1992.818,2.558,10.108,59.39,0.0273,13,Right,107.18,-1,-1,UNKNOWN,None
160.273,119.339,1993.1,2.546,10.096,59.38,0.0273,13,Right,106.9,-1,-1,UNKNOWN,None
160.298,119.355,1993.377,2.534,10.084,59.39,0.0273,13,Right,106.62,-1,-1,UNKNOWN,None
160.315,119.371,1993.652,2.522,10.072,59.43,0.0271,13,Right,106.35,-1,-1,UNKNOWN,None
160.332,119.387,1993.927,2.512,10.062,59.49,0.0269,13,Right,106.07,-1,-1,UNKNOWN,None
160.348,119.41,1994.341,2.496,10.046,59.61,0.0261,13,Right,105.66,-1,-1,UNKNOWN,None
160.357,119.417,1994.341,2.496,10.046,59.61,0.0261,13,Right,105.66,-1,-1,UNKNOWN,None
160.373,119.435,1994.759,2.481,10.031,59.77,0.0244,13,Right,105.24,-1,-1,UNKNOWN,None
160.39,119.451,1994.897,2.476,10.026,59.83,0.0228,13,Right,105.1,-1,-1,UNKNOWN,None
160.398,119.467,1995.175,2.467,10.017,59.96,0.0209,13,Right,104.83,-1,-1,UNKNOWN,None
160.415,119.483,1995.453,2.459,10.009,60.1,0.019,13,Right,104.55,-1,-1,UNKNOWN,None
160.441,119.499,1995.74,2.45,10.0,60.26,0.019,13,Right,104.26,-1,-1,UNKNOWN,None
160.441,119.515,1995.88,2.446,9.996,60.33,0.0143,13,Right,104.12,-1,-1,UNKNOWN,None
160.457,119.531,1996.16,2.439,9.989,60.48,0.0143,13,Right,103.84,-1,-1,UNKNOWN,None
160.482,119.547,1996.581,2.428,9.978,60.7,0.0143,13,Right,103.42,-1,-1,UNKNOWN,None
160.502,119.563,1996.778,2.423,9.973,60.8,0.0143,13,Right,103.22,-1,-1,UNKNOWN,None
160.52,119.579,1997.078,2.416,9.966,60.93,0.0056,13,Right,102.92,-1,-1,UNKNOWN,None
160.537,119.595,1997.36,2.41,9.96,61.04,0.004,13,Right,102.64,-1,-1,UNKNOWN,None
160.553,119.611,1997.643,2.404,9.954,61.15,0.004,13,Right,102.36,-1,-1,UNKNOWN,None
160.553,119.627,1997.785,2.402,9.952,61.2,0.004,13,Right,102.22,-1,-1,UNKNOWN,None
160.578,119.643,1998.21,2.394,9.944,61.34,0.004,13,Right,101.79,-1,-1,UNKNOWN,None
160.595,119.659,1998.353,2.391,9.941,61.38,0.004,13,Right,101.65,-1,-1,UNKNOWN,None
160.615,119.675,1998.7,2.385,9.935,61.45,-0.0017,13,Right,101.3,-1,-1,UNKNOWN,None
160.632,119.691,1998.985,2.381,9.931,61.5,-0.0017,13,Right,101.01,-1,-1,UNKNOWN,None
160.649,119.707,1999.27,2.376,9.926,61.52,-0.0017,13,Right,100.73,-1,-1,UNKNOWN,None
160.657,119.723,1999.554,2.372,9.922,61.52,-0.0035,13,Right,100.45,-1,-1,UNKNOWN,None
160.665,119.739,1999.697,2.37,9.92,61.52,-0.0035,13,Right,100.3,-1,-1,UNKNOWN,None
160.691,119.755,2000.138,2.364,9.914,61.48,-0.0035,13,Right,99.86,-1,-1,UNKNOWN,None
160.708,119.771,2000.423,2.36,9.91,61.44,-0.0035,13,Right,99.58,-1,-1,UNKNOWN,None
160.725,119.787,2000.707,2.357,9.907,61.38,-0.0035,13,Right,99.29,-1,-1,UNKNOWN,None
160.741,119.804,2000.991,2.353,9.903,61.31,-0.006,13,Right,99.01,-1,-1,UNKNOWN,None
160.758,119.82,2001.274,2.35,9.9,61.24,-0.006,13,Right,98.73,-1,-1,UNKNOWN,None
160.766,119.836,2001.423,2.348,9.898,61.2,-0.006,13,Right,98.58,-1,-1,UNKNOWN,None
160.783,119.852,2001.707,2.344,9.894,61.12,-0.006,13,Right,98.29,-1,-1,UNKNOWN,None
160.8,119.868,2001.99,2.341,9.891,61.03,-0.006,13,Right,98.01,-1,-1,UNKNOWN,None
160.817,119.884,2002.272,2.337,9.887,60.94,-0.006,13,Right,97.73,-1,-1,UNKNOWN,None
160.842,119.9,2002.554,2.334,9.884,60.84,-0.006,13,Right,97.45,-1,-1,UNKNOWN,None
160.85,119.916,2002.835,2.331,9.881,60.74,-0.006,13,Right,97.16,-1,-1,UNKNOWN,None
160.875,119.932,2003.116,2.327,9.877,60.64,-0.006,13,Right,96.88,-1,-1,UNKNOWN,None
160.886,119.948,2003.435,2.323,9.873,60.52,-0.006,13,Right,96.57,-1,-1,UNKNOWN,None
160.902,119.964,2003.715,2.32,9.87,60.42,-0.006,13,Right,96.29,-1,-1,UNKNOWN,None
160.919,119.98,2003.854,2.318,9.868,60.36,-0.006,13,Right,96.15,-1,-1,UNKNOWN,None
160.937,119.996,2004.159,2.314,9.864,60.25,-0.0047,13,Right,95.84,-1,-1,UNKNOWN,None
160.946,120.012,2004.441,2.31,9.86,60.14,-0.0037,13,Right,95.56,-1,-1,UNKNOWN,None
160.962,120.028,2004.719,2.306,9.856,60.04,-0.0037,13,Right,95.28,-1,-1,UNKNOWN,None
160.987,120.044,2004.997,2.302,9.852,59.93,-0.0037,13,Right,95.0,-1,-1,UNKNOWN,None
161.004,120.058,2005.275,2.298,9.848,59.83,-0.0014,13,Right,94.73,-1,-1,UNKNOWN,None
161.021,120.076,2005.554,2.295,9.845,59.72,-0.0005,13,Right,94.45,-1,-1,UNKNOWN,None
161.029,120.092,2005.83,2.291,9.841,59.63,0.0005,13,Right,94.17,-1,-1,UNKNOWN,None
161.046,120.108,2006.106,2.287,9.837,59.54,0.0011,13,Right,93.89,-1,-1,UNKNOWN,None
161.063,120.124,2006.245,2.285,9.835,59.5,0.0018,13,Right,93.76,-1,-1,UNKNOWN,None
161.074,120.14,2006.588,2.28,9.83,59.42,0.0023,13,Right,93.41,-1,-1,UNKNOWN,None
161.092,120.156,2006.866,2.276,9.826,59.38,0.0028,13,Right,93.13,-1,-1,UNKNOWN,None
161.109,120.172,2007.141,2.272,9.822,59.35,0.003,13,Right,92.86,-1,-1,UNKNOWN,None
161.125,120.188,2007.415,2.268,9.818,59.34,0.0033,13,Right,92.58,-1,-1,UNKNOWN,None
161.134,120.204,2007.58,2.266,9.816,59.35,0.0033,13,Right,92.42,-1,-1,UNKNOWN,None
161.161,120.22,2007.866,2.262,9.812,59.38,0.0033,13,Right,92.13,-1,-1,UNKNOWN,None
161.178,120.236,2008.145,2.258,9.808,59.44,0.0033,13,Right,91.86,-1,-1,UNKNOWN,None
161.186,120.252,2008.282,2.256,9.806,59.47,0.0033,13,Right,91.72,-1,-1,UNKNOWN,None
161.199,120.268,2008.672,2.25,9.8,59.6,0.0033,13,Right,91.33,-1,-1,UNKNOWN,None
161.22,120.284,2008.993,2.246,9.796,59.72,0.0033,13,Right,91.01,-1,-1,UNKNOWN,None
161.229,120.3,2009.161,2.244,9.794,59.8,0.0033,13,Right,90.84,-1,-1,UNKNOWN,None
161.248,120.316,2009.441,2.24,9.79,59.93,0.003,13,Right,90.56,-1,-1,UNKNOWN,None
161.264,120.331,2009.756,2.236,9.786,60.09,0.0025,13,Right,90.24,-1,-1,UNKNOWN,None
161.275,120.347,2009.952,2.233,9.783,60.19,0.0025,13,Right,90.05,-1,-1,UNKNOWN,None
161.304,120.363,2010.246,2.229,9.779,60.35,0.0025,13,Right,89.75,-1,-1,UNKNOWN,None
161.313,120.379,2010.552,2.225,9.775,60.51,0.0025,13,Right,89.45,-1,-1,UNKNOWN,None
161.331,120.395,2010.839,2.221,9.771,60.63,0.0025,13,Right,89.16,-1,-1,UNKNOWN,None
161.348,120.411,2011.129,2.218,9.768,60.74,0.0025,13,Right,88.87,-1,-1,UNKNOWN,None
161.357,120.427,2011.278,2.216,9.766,60.78,0.0025,13,Right,88.72,-1,-1,UNKNOWN,None
161.374,120.443,2011.572,2.212,9.762,60.83,0.0025,13,Right,88.43,-1,-1,UNKNOWN,None
161.403,120.459,2011.914,2.208,9.758,60.86,0.0025,13,Right,88.09,-1,-1,UNKNOWN,None
161.412,120.475,2012.055,2.206,9.756,60.86,0.0025,13,Right,87.94,-1,-1,UNKNOWN,None
161.432,120.491,2012.399,2.202,9.752,60.85,0.0025,13,Right,87.6,-1,-1,UNKNOWN,None
161.449,120.507,2012.68,2.199,9.749,60.81,-0.0056,13,Right,87.32,-1,-1,UNKNOWN,None
161.465,120.523,2012.962,2.195,9.745,60.77,-0.0056,13,Right,87.04,-1,-1,UNKNOWN,None
161.482,120.539,2013.243,2.192,9.742,60.72,-0.0033,13,Right,86.76,-1,-1,UNKNOWN,None
161.49,120.555,2013.528,2.188,9.738,60.65,-0.0033,13,Right,86.47,-1,-1,UNKNOWN,None
161.516,120.571,2013.81,2.184,9.734,60.58,0.0005,13,Right,86.19,-1,-1,UNKNOWN,None
161.524,120.587,2014.09,2.181,9.731,60.51,0.0005,13,Right,85.91,-1,-1,UNKNOWN,None
161.541,120.603,2014.37,2.178,9.728,60.43,0.0005,13,Right,85.63,-1,-1,UNKNOWN,None
161.557,120.619,2014.51,2.176,9.726,60.38,0.0062,13,Right,85.49,-1,-1,UNKNOWN,None
161.574,120.635,2014.929,2.171,9.721,60.25,0.0084,13,Right,85.07,-1,-1,UNKNOWN,None
161.582,120.651,2015.069,2.17,9.72,60.21,0.0084,13,Right,84.93,-1,-1,UNKNOWN,None
161.608,120.667,2015.359,2.167,9.717,60.12,0.0111,13,Right,84.64,-1,-1,UNKNOWN,None
161.625,120.683,2015.637,2.164,9.714,60.03,0.0111,13,Right,84.36,-1,-1,UNKNOWN,None
161.641,120.699,2015.915,2.162,9.712,59.95,0.013,13,Right,84.08,-1,-1,UNKNOWN,None
161.65,120.715,2016.192,2.159,9.709,59.86,0.0132,13,Right,83.81,-1,-1,UNKNOWN,None
161.675,120.731,2016.469,2.157,9.707,59.78,0.0132,13,Right,83.53,-1,-1,UNKNOWN,None
161.691,120.747,2016.746,2.155,9.705,59.71,0.0132,13,Right,83.25,-1,-1,UNKNOWN,None
161.708,120.763,2017.022,2.154,9.704,59.65,0.0132,13,Right,82.98,-1,-1,UNKNOWN,None
161.72,120.779,2017.217,2.153,9.703,59.62,0.013,13,Right,82.78,-1,-1,UNKNOWN,None
161.736,120.795,2017.493,2.152,9.702,59.59,0.012,13,Right,82.51,-1,-1,UNKNOWN,None
161.745,120.812,2017.769,2.151,9.701,59.58,0.0111,13,Right,82.23,-1,-1,UNKNOWN,None
161.761,120.828,2018.045,2.15,9.7,59.58,0.0092,13,Right,81.96,-1,-1,UNKNOWN,None
161.778,120.844,2018.321,2.149,9.699,59.62,0.0069,13,Right,81.68,-1,-1,UNKNOWN,None
161.795,120.86,2018.597,2.149,9.699,59.67,0.005,13,Right,81.4,-1,-1,UNKNOWN,None
161.811,120.876,2018.874,2.148,9.698,59.75,0.0033,13,Right,81.13,-1,-1,UNKNOWN,None
161.836,120.892,2019.151,2.148,9.698,59.84,0.0018,13,Right,80.85,-1,-1,UNKNOWN,None
161.853,120.908,2019.428,2.148,9.698,59.95,0.0009,13,Right,80.57,-1,-1,UNKNOWN,None
161.861,120.924,2019.706,2.147,9.697,60.07,0.0002,13,Right,80.29,-1,-1,UNKNOWN,None
161.882,120.94,2019.909,2.147,9.697,60.17,0.0002,13,Right,80.09,-1,-1,UNKNOWN,None
161.894,120.956,2020.25,2.147,9.697,60.33,0.0002,13,Right,79.75,-1,-1,UNKNOWN,None
161.919,120.972,2020.53,2.148,9.698,60.46,-0.0005,13,Right,79.47,-1,-1,UNKNOWN,None
161.927,120.988,2020.67,2.148,9.698,60.53,-0.0005,13,Right,79.33,-1,-1,UNKNOWN,None
161.936,121.004,2020.95,2.148,9.698,60.65,-0.0005,13,Right,79.05,-1,-1,UNKNOWN,None
161.961,121.02,2021.232,2.148,9.698,60.76,-0.0005,13,Right,78.77,-1,-1,UNKNOWN,None
161.969,121.036,2021.513,2.149,9.699,60.85,-0.0005,13,Right,78.49,-1,-1,UNKNOWN,None
161.994,121.052,2021.795,2.149,9.699,60.91,-0.0005,13,Right,78.21,-1,-1,UNKNOWN,None
162.002,121.066,2022.077,2.15,9.7,60.94,-0.0005,13,Right,77.92,-1,-1,UNKNOWN,None
162.019,121.084,2022.218,2.15,9.7,60.95,0.0069,13,Right,77.78,-1,-1,UNKNOWN,None
162.044,121.1,2022.641,2.152,9.702,60.94,0.0069,13,Right,77.36,-1,-1,UNKNOWN,None
162.061,121.116,2022.924,2.153,9.703,60.92,0.0069,13,Right,77.08,-1,-1,UNKNOWN,None
162.077,121.132,2023.205,2.154,9.704,60.88,0.0069,13,Right,76.79,-1,-1,UNKNOWN,None
162.086,121.148,2023.487,2.156,9.706,60.82,0.0069,13,Right,76.51,-1,-1,UNKNOWN,None
162.102,121.164,2023.771,2.157,9.707,60.76,0.0095,13,Right,76.23,-1,-1,UNKNOWN,None
162.12,121.18,2023.92,2.158,9.708,60.72,0.0095,13,Right,76.08,-1,-1,UNKNOWN,None
162.137,121.196,2024.206,2.16,9.71,60.65,0.0095,13,Right,75.79,-1,-1,UNKNOWN,None
162.154,121.212,2024.502,2.163,9.713,60.56,0.0095,13,Right,75.5,-1,-1,UNKNOWN,None
162.164,121.228,2024.67,2.164,9.714,60.51,0.0095,13,Right,75.33,-1,-1,UNKNOWN,None
162.182,121.244,2025.102,2.168,9.718,60.37,0.0095,13,Right,74.9,-1,-1,UNKNOWN,None
162.198,121.26,2025.381,2.171,9.721,60.28,0.0075,13,Right,74.62,-1,-1,UNKNOWN,None
162.223,121.284,2025.799,2.175,9.725,60.13,0.0075,13,Right,74.2,-1,-1,UNKNOWN,None
162.232,121.29,2025.799,2.175,9.725,60.13,0.0075,13,Right,74.2,-1,-1,UNKNOWN,None
162.248,121.308,2026.077,2.178,9.728,60.03,0.0028,13,Right,73.92,-1,-1,UNKNOWN,None
162.265,121.322,2026.354,2.181,9.731,59.94,0.0005,13,Right,73.65,-1,-1,UNKNOWN,None
162.273,121.339,2026.632,2.184,9.734,59.85,-0.0014,13,Right,73.37,-1,-1,UNKNOWN,None
162.298,121.361,2027.047,2.189,9.739,59.73,-0.0033,13,Right,72.95,-1,-1,UNKNOWN,None
162.307,121.369,2027.185,2.19,9.74,59.69,-0.0052,13,Right,72.82,-1,-1,UNKNOWN,None
162.324,121.387,2027.477,2.194,9.744,59.63,-0.0056,13,Right,72.52,-1,-1,UNKNOWN,None
162.333,121.403,2027.627,2.195,9.745,59.61,-0.0068,13,Right,72.37,-1,-1,UNKNOWN,None
162.35,121.419,2027.905,2.199,9.749,59.58,-0.0075,13,Right,72.09,-1,-1,UNKNOWN,None
162.376,121.435,2028.194,2.202,9.752,59.57,-0.0075,13,Right,71.81,-1,-1,UNKNOWN,None
162.385,121.451,2028.493,2.205,9.755,59.59,-0.0075,13,Right,71.51,-1,-1,UNKNOWN,None
162.412,121.467,2028.784,2.208,9.758,59.63,-0.0075,13,Right,71.22,-1,-1,UNKNOWN,None
162.428,121.483,2029.063,2.211,9.761,59.7,-0.0068,13,Right,70.94,-1,-1,UNKNOWN,None
162.437,121.499,2029.346,2.214,9.764,59.78,-0.0059,13,Right,70.65,-1,-1,UNKNOWN,None
162.445,121.515,2029.492,2.215,9.765,59.84,-0.0047,13,Right,70.51,-1,-1,UNKNOWN,None
162.472,121.531,2029.792,2.218,9.768,59.95,-0.0035,13,Right,70.21,-1,-1,UNKNOWN,None
162.489,121.547,2030.076,2.221,9.771,60.08,-0.0027,13,Right,69.92,-1,-1,UNKNOWN,None
162.489,121.563,2030.215,2.223,9.773,60.15,-0.0027,13,Right,69.79,-1,-1,UNKNOWN,None
162.506,121.579,2030.494,2.226,9.776,60.28,-0.0005,13,Right,69.51,-1,-1,UNKNOWN,None
162.539,121.595,2030.918,2.23,9.78,60.5,-0.0005,13,Right,69.08,-1,-1,UNKNOWN,None
162.548,121.611,2031.218,2.233,9.783,60.64,-0.0005,13,Right,68.78,-1,-1,UNKNOWN,None
162.557,121.627,2031.38,2.234,9.784,60.72,-0.0005,13,Right,68.62,-1,-1,UNKNOWN,None
162.575,121.644,2031.662,2.237,9.787,60.83,-0.0005,13,Right,68.34,-1,-1,UNKNOWN,None
162.601,121.659,2031.955,2.24,9.79,60.92,-0.0005,13,Right,68.04,-1,-1,UNKNOWN,None
162.618,121.675,2032.237,2.243,9.793,60.99,-0.0005,13,Right,67.76,-1,-1,UNKNOWN,None
162.634,121.691,2032.52,2.246,9.796,61.02,-0.0005,13,Right,67.48,-1,-1,UNKNOWN,None
162.651,121.707,2032.802,2.248,9.798,61.02,-0.0005,13,Right,67.2,-1,-1,UNKNOWN,None
162.668,121.723,2033.085,2.251,9.801,61.01,-0.0005,13,Right,66.92,-1,-1,UNKNOWN,None
162.676,121.739,2033.372,2.253,9.803,60.98,-0.0005,13,Right,66.63,-1,-1,UNKNOWN,None
162.693,121.755,2033.654,2.256,9.806,60.94,-0.0005,13,Right,66.35,-1,-1,UNKNOWN,None
162.701,121.772,2033.795,2.257,9.807,60.91,-0.0005,13,Right,66.21,-1,-1,UNKNOWN,None
162.735,121.787,2034.217,2.261,9.811,60.81,-0.0005,13,Right,65.78,-1,-1,UNKNOWN,None
162.743,121.804,2034.358,2.262,9.812,60.78,-0.0005,13,Right,65.64,-1,-1,UNKNOWN,None
162.768,121.826,2034.783,2.266,9.816,60.66,-0.0005,13,Right,65.22,-1,-1,UNKNOWN,None
162.768,121.836,2034.923,2.267,9.817,60.61,-0.0005,13,Right,65.08,-1,-1,UNKNOWN,None
162.794,121.852,2035.211,2.269,9.819,60.52,-0.0005,13,Right,64.79,-1,-1,UNKNOWN,None
162.802,121.868,2035.491,2.272,9.822,60.43,-0.0005,13,Right,64.51,-1,-1,UNKNOWN,None
162.827,121.884,2035.771,2.274,9.824,60.33,-0.0098,13,Right,64.23,-1,-1,UNKNOWN,None
162.835,121.9,2036.049,2.276,9.826,60.23,-0.0098,13,Right,63.95,-1,-1,UNKNOWN,None
162.86,121.916,2036.328,2.278,9.828,60.13,-0.0098,13,Right,63.67,-1,-1,UNKNOWN,None
162.869,121.932,2036.467,2.278,9.828,60.08,-0.0098,13,Right,63.53,-1,-1,UNKNOWN,None
162.879,121.948,2036.794,2.28,9.83,59.96,-0.0098,13,Right,63.21,-1,-1,UNKNOWN,None
162.906,121.964,2037.09,2.282,9.832,59.85,-0.0098,13,Right,62.91,-1,-1,UNKNOWN,None
162.923,121.98,2037.367,2.283,9.833,59.75,-0.0091,13,Right,62.63,-1,-1,UNKNOWN,None
162.923,121.996,2037.505,2.283,9.833,59.7,-0.0084,13,Right,62.49,-1,-1,UNKNOWN,None
162.956,122.012,2037.92,2.285,9.835,59.57,-0.0078,13,Right,62.08,-1,-1,UNKNOWN,None
162.965,122.028,2038.213,2.285,9.835,59.5,-0.0069,13,Right,61.79,-1,-1,UNKNOWN,None
162.974,122.044,2038.359,2.286,9.836,59.46,-0.006,13,Right,61.64,-1,-1,UNKNOWN,None
162.999,122.06,2038.634,2.286,9.836,59.42,-0.0056,13,Right,61.37,-1,-1,UNKNOWN,None
163.018,122.076,2038.943,2.287,9.837,59.38,-0.0052,13,Right,61.06,-1,-1,UNKNOWN,None
163.035,122.092,2039.22,2.287,9.837,59.38,-0.0047,13,Right,60.78,-1,-1,UNKNOWN,None
163.043,122.108,2039.495,2.287,9.837,59.39,-0.0044,13,Right,60.5,-1,-1,UNKNOWN,None
163.06,122.124,2039.774,2.287,9.837,59.43,-0.0044,13,Right,60.23,-1,-1,UNKNOWN,None
163.085,122.14,2040.049,2.287,9.837,59.5,-0.0044,13,Right,59.95,-1,-1,UNKNOWN,None
163.093,122.156,2040.325,2.287,9.837,59.58,-0.0044,13,Right,59.68,-1,-1,UNKNOWN,None
163.11,122.172,2040.606,2.287,9.837,59.68,-0.0047,13,Right,59.39,-1,-1,UNKNOWN,None
163.119,122.188,2040.753,2.286,9.836,59.74,-0.0053,13,Right,59.25,-1,-1,UNKNOWN,None
163.144,122.204,2041.03,2.286,9.836,59.86,-0.0063,13,Right,58.97,-1,-1,UNKNOWN,None
163.161,122.22,2041.308,2.285,9.835,60.0,-0.0078,13,Right,58.69,-1,-1,UNKNOWN,None
163.178,122.236,2041.586,2.284,9.834,60.14,-0.0088,13,Right,58.41,-1,-1,UNKNOWN,None
163.194,122.252,2041.865,2.283,9.833,60.29,-0.0088,13,Right,58.13,-1,-1,UNKNOWN,None
163.211,122.268,2042.145,2.281,9.831,60.44,-0.0088,13,Right,57.86,-1,-1,UNKNOWN,None
163.211,122.284,2042.285,2.28,9.83,60.51,-0.0088,13,Right,57.72,-1,-1,UNKNOWN,None
163.236,122.3,2042.706,2.278,9.828,60.7,-0.0088,13,Right,57.29,-1,-1,UNKNOWN,None
163.261,122.316,2042.996,2.275,9.825,60.8,-0.0088,13,Right,57.0,-1,-1,UNKNOWN,None
163.261,122.331,2043.158,2.274,9.824,60.84,-0.0111,13,Right,56.84,-1,-1,UNKNOWN,None
163.288,122.347,2043.453,2.271,9.821,60.9,-0.0111,13,Right,56.55,-1,-1,UNKNOWN,None
163.297,122.363,2043.739,2.269,9.819,60.93,-0.0111,13,Right,56.26,-1,-1,UNKNOWN,None
163.322,122.379,2044.027,2.266,9.816,60.93,-0.0104,13,Right,55.97,-1,-1,UNKNOWN,None
163.339,122.395,2044.309,2.262,9.812,60.92,-0.0104,13,Right,55.69,-1,-1,UNKNOWN,None
163.348,122.411,2044.603,2.259,9.809,60.89,-0.0094,13,Right,55.4,-1,-1,UNKNOWN,None
163.365,122.427,2044.901,2.255,9.805,60.85,-0.0088,13,Right,55.1,-1,-1,UNKNOWN,None
163.383,122.443,2045.046,2.253,9.803,60.83,-0.0088,13,Right,54.95,-1,-1,UNKNOWN,None
163.4,122.459,2045.338,2.249,9.799,60.78,-0.0088,13,Right,54.66,-1,-1,UNKNOWN,None
163.417,122.475,2045.619,2.244,9.794,60.72,-0.0088,13,Right,54.38,-1,-1,UNKNOWN,None
163.433,122.491,2045.9,2.24,9.79,60.65,-0.0088,13,Right,54.1,-1,-1,UNKNOWN,None
163.433,122.507,2046.04,2.237,9.787,60.61,-0.0088,13,Right,53.96,-1,-1,UNKNOWN,None
163.467,122.523,2046.461,2.23,9.78,60.49,-0.0088,13,Right,53.54,-1,-1,UNKNOWN,None
163.477,122.539,2046.642,2.227,9.777,60.43,-0.0088,13,Right,53.36,-1,-1,UNKNOWN,None
163.499,122.555,2047.012,2.219,9.769,60.31,-0.0088,13,Right,52.99,-1,-1,UNKNOWN,None
163.516,122.571,2047.291,2.214,9.764,60.21,-0.0088,13,Right,52.71,-1,-1,UNKNOWN,None
163.524,122.586,2047.569,2.208,9.758,60.11,-0.0088,13,Right,52.43,-1,-1,UNKNOWN,None
163.533,122.603,2047.708,2.205,9.755,60.06,-0.0088,13,Right,52.29,-1,-1,UNKNOWN,None
163.549,122.619,2048.009,2.198,9.748,59.95,-0.0088,13,Right,51.99,-1,-1,UNKNOWN,None
163.568,122.635,2048.302,2.191,9.741,59.84,-0.0002,13,Right,51.7,-1,-1,UNKNOWN,None
163.586,122.651,2048.605,2.184,9.734,59.73,-0.0002,13,Right,51.39,-1,-1,UNKNOWN,None
163.595,122.669,2048.762,2.18,9.73,59.68,-0.0005,13,Right,51.24,-1,-1,UNKNOWN,None
163.623,122.683,2049.074,2.173,9.723,59.58,-0.0008,13,Right,50.93,-1,-1,UNKNOWN,None
163.632,122.699,2049.385,2.165,9.715,59.49,-0.0009,13,Right,50.61,-1,-1,UNKNOWN,None
163.66,122.715,2049.686,2.157,9.707,59.43,-0.0009,13,Right,50.31,-1,-1,UNKNOWN,None
163.66,122.731,2049.841,2.153,9.703,59.41,-0.0009,13,Right,50.16,-1,-1,UNKNOWN,None
163.689,122.747,2050.154,2.145,9.695,59.37,-0.0009,13,Right,49.85,-1,-1,UNKNOWN,None
163.698,122.763,2050.444,2.138,9.688,59.37,-0.0009,13,Right,49.56,-1,-1,UNKNOWN,None
163.723,122.779,2050.722,2.13,9.68,59.39,-0.0009,13,Right,49.28,-1,-1,UNKNOWN,None
163.732,122.795,2050.997,2.122,9.672,59.43,-0.0009,13,Right,49.0,-1,-1,UNKNOWN,None
163.748,122.812,2051.272,2.115,9.665,59.49,-0.0009,13,Right,48.73,-1,-1,UNKNOWN,None
163.773,122.828,2051.55,2.107,9.657,59.58,-0.0009,13,Right,48.45,-1,-1,UNKNOWN,None
163.782,122.844,2051.831,2.099,9.649,59.68,-0.0008,13,Right,48.17,-1,-1,UNKNOWN,None
163.799,122.86,2052.108,2.091,9.641,59.79,-0.0008,13,Right,47.89,-1,-1,UNKNOWN,None
163.807,122.876,2052.246,2.087,9.637,59.86,-0.0008,13,Right,47.75,-1,-1,UNKNOWN,None
163.824,122.894,2052.524,2.079,9.629,59.99,-0.0008,13,Right,47.48,-1,-1,UNKNOWN,None
163.849,122.908,2052.802,2.071,9.621,60.14,-0.0008,13,Right,47.2,-1,-1,UNKNOWN,None
163.857,122.922,2053.081,2.063,9.613,60.29,-0.0008,13,Right,46.92,-1,-1,UNKNOWN,None
163.874,122.94,2053.363,2.054,9.604,60.44,-0.0008,13,Right,46.64,-1,-1,UNKNOWN,None
163.899,122.956,2053.643,2.046,9.596,60.58,-0.0008,13,Right,46.36,-1,-1,UNKNOWN,None
163.916,122.972,2053.924,2.037,9.587,60.7,-0.0008,13,Right,46.08,-1,-1,UNKNOWN,None
163.932,122.988,2054.205,2.029,9.579,60.8,-0.0008,13,Right,45.79,-1,-1,UNKNOWN,None
163.941,123.004,2054.488,2.02,9.57,60.86,-0.0008,13,Right,45.51,-1,-1,UNKNOWN,None
163.958,123.02,2054.785,2.011,9.561,60.9,-0.0008,13,Right,45.21,-1,-1,UNKNOWN,None
163.967,123.036,2054.931,2.007,9.557,60.91,0.0005,13,Right,45.07,-1,-1,UNKNOWN,None
163.992,123.052,2055.213,1.998,9.548,60.91,0.0005,13,Right,44.79,-1,-1,UNKNOWN,None
163.992,123.068,2055.354,1.994,9.544,60.91,0.0005,13,Right,44.65,-1,-1,UNKNOWN,None
164.025,123.084,2055.777,1.981,9.531,60.87,0.0005,13,Right,44.22,-1,-1,UNKNOWN,None
164.025,123.1,2055.917,1.976,9.526,60.84,0.0005,13,Right,44.08,-1,-1,UNKNOWN,None
164.05,123.116,2056.34,1.963,9.513,60.76,0.0037,13,Right,43.66,-1,-1,UNKNOWN,None
164.075,123.132,2056.62,1.955,9.505,60.7,0.0037,13,Right,43.38,-1,-1,UNKNOWN,None
164.092,123.148,2056.911,1.946,9.496,60.62,0.0037,13,Right,43.09,-1,-1,UNKNOWN,None
164.109,123.164,2057.191,1.937,9.487,60.54,0.0065,13,Right,42.81,-1,-1,UNKNOWN,None
164.126,123.178,2057.471,1.929,9.479,60.46,0.0065,13,Right,42.53,-1,-1,UNKNOWN,None
164.142,123.196,2057.751,1.921,9.471,60.37,0.0076,13,Right,42.25,-1,-1,UNKNOWN,None
164.151,123.212,2058.031,1.912,9.462,60.28,0.0076,13,Right,41.97,-1,-1,UNKNOWN,None
164.167,123.228,2058.17,1.908,9.458,60.24,0.0076,13,Right,41.83,-1,-1,UNKNOWN,None
164.184,123.244,2058.451,1.9,9.45,60.14,0.0079,13,Right,41.55,-1,-1,UNKNOWN,None
164.201,123.26,2058.731,1.893,9.443,60.04,0.0079,13,Right,41.27,-1,-1,UNKNOWN,None
164.218,123.276,2059.009,1.885,9.435,59.94,0.0079,13,Right,40.99,-1,-1,UNKNOWN,None
164.226,123.292,2059.286,1.877,9.427,59.84,0.0079,13,Right,40.71,-1,-1,UNKNOWN,None
164.234,123.308,2059.425,1.874,9.424,59.79,0.0075,13,Right,40.58,-1,-1,UNKNOWN,None
164.268,123.324,2059.839,1.863,9.413,59.65,0.0068,13,Right,40.16,-1,-1,UNKNOWN,None
164.284,123.339,2060.115,1.856,9.406,59.57,0.0062,13,Right,39.88,-1,-1,UNKNOWN,None
164.293,123.355,2060.261,1.852,9.402,59.53,0.0056,13,Right,39.74,-1,-1,UNKNOWN,None
164.314,123.374,2060.599,1.843,9.393,59.45,0.0049,13,Right,39.4,-1,-1,UNKNOWN,None
164.314,123.387,2060.737,1.84,9.39,59.43,0.0042,13,Right,39.26,-1,-1,UNKNOWN,None
164.34,123.403,2061.026,1.833,9.383,59.39,0.0037,13,Right,38.97,-1,-1,UNKNOWN,None
164.361,123.419,2061.373,1.825,9.375,59.37,0.003,13,Right,38.63,-1,-1,UNKNOWN,None
164.361,123.435,2061.511,1.821,9.371,59.38,0.0025,13,Right,38.49,-1,-1,UNKNOWN,None
164.387,123.451,2061.937,1.811,9.361,59.42,0.0018,13,Right,38.06,-1,-1,UNKNOWN,None
164.412,123.467,2062.219,1.805,9.355,59.48,0.0017,13,Right,37.78,-1,-1,UNKNOWN,None
164.42,123.483,2062.495,1.799,9.349,59.56,0.0014,13,Right,37.51,-1,-1,UNKNOWN,None
164.437,123.499,2062.771,1.792,9.342,59.66,0.0014,13,Right,37.23,-1,-1,UNKNOWN,None
164.454,123.515,2063.048,1.786,9.336,59.78,0.0014,13,Right,36.95,-1,-1,UNKNOWN,None
164.462,123.531,2063.187,1.783,9.333,59.84,0.0014,13,Right,36.81,-1,-1,UNKNOWN,None
164.487,123.547,2063.464,1.777,9.327,59.97,0.0014,13,Right,36.54,-1,-1,UNKNOWN,None
164.501,123.563,2063.834,1.769,9.319,60.16,0.0014,13,Right,36.17,-1,-1,UNKNOWN,None
164.517,123.579,2064.113,1.763,9.313,60.31,0.0014,13,Right,35.89,-1,-1,UNKNOWN,None
164.538,123.595,2064.323,1.759,9.309,60.43,0.0014,13,Right,35.68,-1,-1,UNKNOWN,None
164.557,123.611,2064.629,1.753,9.303,60.58,0.0014,13,Right,35.37,-1,-1,UNKNOWN,None
164.565,123.627,2064.918,1.747,9.297,60.71,0.0014,13,Right,35.08,-1,-1,UNKNOWN,None
164.582,123.643,2065.059,1.744,9.294,60.77,0.0014,13,Right,34.94,-1,-1,UNKNOWN,None
164.591,123.659,2065.36,1.738,9.288,60.86,0.0014,13,Right,34.64,-1,-1,UNKNOWN,None
164.617,123.675,2065.642,1.733,9.283,60.91,0.0014,13,Right,34.36,-1,-1,UNKNOWN,None
164.625,123.691,2065.924,1.727,9.277,60.94,0.0014,13,Right,34.08,-1,-1,UNKNOWN,None
164.65,123.707,2066.206,1.722,9.272,60.94,0.0014,13,Right,33.79,-1,-1,UNKNOWN,None
164.658,123.723,2066.488,1.716,9.266,60.93,0.0014,13,Right,33.51,-1,-1,UNKNOWN,None
164.675,123.739,2066.77,1.711,9.261,60.89,0.0014,13,Right,33.23,-1,-1,UNKNOWN,None
164.692,123.755,2067.052,1.706,9.256,60.85,0.0014,13,Right,32.95,-1,-1,UNKNOWN,None
164.717,123.771,2067.333,1.701,9.251,60.79,0.0014,13,Right,32.67,-1,-1,UNKNOWN,None
164.717,123.787,2067.51,1.697,9.247,60.75,0.0014,13,Right,32.49,-1,-1,UNKNOWN,None
164.735,123.804,2067.797,1.692,9.242,60.67,0.0014,13,Right,32.2,-1,-1,UNKNOWN,None
164.761,123.82,2068.078,1.687,9.237,60.59,0.0014,13,Right,31.92,-1,-1,UNKNOWN,None
164.777,123.836,2068.358,1.682,9.232,60.51,0.0014,13,Right,31.64,-1,-1,UNKNOWN,None
164.795,123.852,2068.656,1.677,9.227,60.42,0.0014,13,Right,31.34,-1,-1,UNKNOWN,None
164.812,123.868,2068.938,1.672,9.222,60.32,0.0014,13,Right,31.06,-1,-1,UNKNOWN,None
164.829,123.884,2069.217,1.667,9.217,60.23,0.0014,13,Right,30.78,-1,-1,UNKNOWN,None
164.838,123.9,2069.519,1.662,9.212,60.12,0.0014,13,Right,30.48,-1,-1,UNKNOWN,None
164.856,123.916,2069.679,1.66,9.21,60.06,0.0014,13,Right,30.32,-1,-1,UNKNOWN,None
164.866,123.932,2069.991,1.654,9.204,59.94,0.0014,13,Right,30.01,-1,-1,UNKNOWN,None
164.892,123.948,2070.276,1.65,9.2,59.84,0.0014,13,Right,29.72,-1,-1,UNKNOWN,None
164.909,123.964,2070.559,1.645,9.195,59.73,0.0014,13,Right,29.44,-1,-1,UNKNOWN,None
164.919,123.98,2070.715,1.643,9.193,59.68,0.0014,13,Right,29.28,-1,-1,UNKNOWN,None
164.927,123.996,2071.001,1.638,9.188,59.59,0.0014,13,Right,29.0,-1,-1,UNKNOWN,None
164.944,124.012,2071.277,1.634,9.184,59.51,0.0014,13,Right,28.72,-1,-1,UNKNOWN,None
164.969,124.028,2071.552,1.629,9.179,59.45,0.0014,13,Right,28.45,-1,-1,UNKNOWN,None
164.978,124.044,2071.829,1.625,9.175,59.4,0.0014,13,Right,28.17,-1,-1,UNKNOWN,None
165.003,124.06,2072.103,1.621,9.171,59.37,0.0011,13,Right,27.9,-1,-1,UNKNOWN,None
165.019,124.076,2072.378,1.616,9.166,59.36,0.0009,13,Right,27.62,-1,-1,UNKNOWN,None
165.028,124.09,2072.653,1.612,9.162,59.37,0.0007,13,Right,27.35,-1,-1,UNKNOWN,None
165.053,124.108,2072.928,1.608,9.158,59.41,0.0005,13,Right,27.07,-1,-1,UNKNOWN,None
165.061,124.122,2073.203,1.604,9.154,59.47,-0.0002,13,Right,26.8,-1,-1,UNKNOWN,None
165.086,124.14,2073.482,1.6,9.15,59.55,-0.0009,13,Right,26.52,-1,-1,UNKNOWN,None
165.095,124.156,2073.758,1.595,9.145,59.65,-0.0018,13,Right,26.24,-1,-1,UNKNOWN,None
165.103,124.172,2073.896,1.593,9.143,59.7,-0.0031,13,Right,26.1,-1,-1,UNKNOWN,None
165.128,124.188,2074.173,1.589,9.139,59.82,-0.0043,13,Right,25.83,-1,-1,UNKNOWN,None
165.145,124.204,2074.45,1.585,9.135,59.96,-0.0053,13,Right,25.55,-1,-1,UNKNOWN,None
165.161,124.22,2074.728,1.58,9.13,60.1,-0.0068,13,Right,25.27,-1,-1,UNKNOWN,None
165.178,124.236,2075.007,1.576,9.126,60.25,-0.0068,13,Right,24.99,-1,-1,UNKNOWN,None
165.195,124.252,2075.286,1.571,9.121,60.4,-0.0068,13,Right,24.71,-1,-1,UNKNOWN,None
165.203,124.268,2075.566,1.566,9.116,60.53,-0.0068,13,Right,24.43,-1,-1,UNKNOWN,None
165.228,124.282,2075.847,1.561,9.111,60.65,-0.0068,13,Right,24.15,-1,-1,UNKNOWN,None
165.245,124.3,2076.129,1.557,9.107,60.75,-0.0068,13,Right,23.87,-1,-1,UNKNOWN,None
165.245,124.316,2076.27,1.554,9.104,60.79,-0.0068,13,Right,23.73,-1,-1,UNKNOWN,None
165.27,124.331,2076.698,1.546,9.096,60.86,-0.0068,13,Right,23.3,-1,-1,UNKNOWN,None
165.287,124.347,2076.85,1.543,9.093,60.87,-0.0068,13,Right,23.15,-1,-1,UNKNOWN,None
165.304,124.363,2077.135,1.538,9.088,60.87,-0.0068,13,Right,22.86,-1,-1,UNKNOWN,None
165.321,124.379,2077.417,1.532,9.082,60.84,-0.0068,13,Right,22.58,-1,-1,UNKNOWN,None
165.338,124.395,2077.699,1.527,9.077,60.81,-0.0068,13,Right,22.3,-1,-1,UNKNOWN,None
165.346,124.411,2077.98,1.521,9.071,60.76,-0.0068,13,Right,22.02,-1,-1,UNKNOWN,None
165.371,124.431,2078.266,1.515,9.065,60.7,-0.0404,13,Right,21.73,-1,-1,UNKNOWN,None
165.379,124.443,2078.547,1.508,9.058,60.62,-0.0448,13,Right,21.45,-1,-1,UNKNOWN,None
165.396,124.459,2078.827,1.5,9.05,60.55,-0.0474,13,Right,21.17,-1,-1,UNKNOWN,None
165.413,124.475,2079.115,1.491,9.041,60.48,-0.0474,13,Right,20.88,-1,-1,UNKNOWN,None
165.43,124.491,2079.396,1.481,9.031,60.41,-0.0474,13,Right,20.6,-1,-1,UNKNOWN,None
165.438,124.507,2079.535,1.476,9.026,60.38,-0.0474,13,Right,20.46,-1,-1,UNKNOWN,None
165.464,124.523,2079.82,1.466,9.016,60.29,-0.0474,13,Right,20.18,-1,-1,UNKNOWN,None
165.472,124.539,2080.159,1.452,9.002,60.18,-0.0474,13,Right,19.84,-1,-1,UNKNOWN,None
165.492,124.555,2080.437,1.44,8.99,60.09,-0.0474,13,Right,19.56,-1,-1,UNKNOWN,None
165.501,124.571,2080.588,1.433,8.983,60.04,-0.0474,13,Right,19.41,-1,-1,UNKNOWN,None
165.518,124.587,2080.87,1.419,8.969,59.93,-0.0669,13,Right,19.13,-1,-1,UNKNOWN,None
165.543,124.604,2081.146,1.404,8.954,59.82,-0.0686,13,Right,18.85,-1,-1,UNKNOWN,None
165.56,124.619,2081.423,1.388,8.938,59.72,-0.0696,13,Right,18.58,-1,-1,UNKNOWN,None
165.577,124.635,2081.698,1.371,8.921,59.62,-0.0706,13,Right,18.3,-1,-1,UNKNOWN,None
165.585,124.651,2081.973,1.352,8.902,59.53,-0.0715,13,Right,18.03,-1,-1,UNKNOWN,None
165.61,124.667,2082.248,1.332,8.882,59.46,-0.0721,13,Right,17.75,-1,-1,UNKNOWN,Right_Broken
165.618,124.683,2082.523,1.311,8.861,59.4,-0.0721,13,Right,17.48,-1,-1,UNKNOWN,None
165.636,124.7,2082.804,1.288,8.838,59.36,-0.0721,13,Right,17.2,-1,-1,UNKNOWN,None
165.652,124.715,2083.078,1.264,8.814,59.33,-0.0721,13,Right,16.92,-1,-1,UNKNOWN,None
165.669,124.731,2083.352,1.239,8.789,59.33,-0.0721,13,Right,16.65,-1,-1,UNKNOWN,None
165.677,124.747,2083.492,1.225,8.775,59.34,-0.0721,13,Right,16.51,-1,-1,UNKNOWN,None
165.702,124.763,2083.766,1.197,8.747,59.38,-0.0718,13,Right,16.23,-1,-1,UNKNOWN,None
165.72,124.779,2084.055,1.166,8.716,59.44,-0.0711,13,Right,15.94,-1,-1,UNKNOWN,None
165.728,124.795,2084.33,1.135,8.685,59.51,-0.0702,13,Right,15.67,-1,-1,UNKNOWN,None
165.754,124.812,2084.612,1.102,8.652,59.61,-0.0687,13,Right,15.39,-1,-1,UNKNOWN,None
165.754,124.828,2084.779,1.081,8.631,59.67,-0.0671,13,Right,15.22,-1,-1,UNKNOWN,None
165.786,124.844,2085.145,1.034,8.584,59.83,-0.065,13,Right,14.85,-1,-1,UNKNOWN,None
165.806,124.86,2085.461,0.991,8.541,59.98,-0.0629,13,Right,14.54,-1,-1,UNKNOWN,None
165.814,124.876,2085.737,0.951,8.501,60.12,-0.0606,13,Right,14.26,-1,-1,UNKNOWN,None
165.831,124.892,2085.875,0.931,8.481,60.19,-0.0586,13,Right,14.13,-1,-1,UNKNOWN,None
165.849,124.908,2086.185,0.884,8.434,60.37,-0.0586,13,Right,13.81,-1,-1,UNKNOWN,None
165.849,124.924,2086.323,0.862,8.412,60.44,-0.0586,13,Right,13.68,-1,-1,UNKNOWN,None
165.883,124.94,2086.739,0.795,8.345,60.66,-0.0586,13,Right,13.26,-1,-1,UNKNOWN,Right_Broken
165.891,124.956,2086.878,0.772,8.322,60.72,-0.0586,13,Right,13.12,-1,-1,UNKNOWN,None
165.918,124.972,2087.323,0.694,8.244,60.9,-0.0586,13,Right,12.68,-1,-1,UNKNOWN,None
165.928,124.988,2087.5,0.662,8.212,60.95,-0.0586,13,Right,12.5,-1,-1,UNKNOWN,None
165.939,125.004,2087.814,0.604,8.154,61.01,-0.0586,13,Right,12.19,-1,-1,UNKNOWN,None
165.956,125.02,2088.097,0.549,8.099,61.02,-0.0586,13,Right,11.9,-1,-1,UNKNOWN,None
165.973,125.036,2088.374,0.494,8.044,61.02,-0.0388,13,Right,11.63,-1,-1,UNKNOWN,None
165.989,125.052,2088.651,0.438,7.988,61.01,-0.036,13,Right,11.35,-1,-1,UNKNOWN,None
165.998,125.068,2088.819,0.403,7.953,61.0,-0.036,13,Right,11.18,-1,-1,UNKNOWN,None
166.026,125.084,2089.117,0.34,7.89,60.96,-0.036,13,Right,10.88,-1,-1,UNKNOWN,None
166.034,125.1,2089.392,0.28,7.83,60.91,-0.036,13,Right,10.61,-1,-1,UNKNOWN,None
166.059,125.116,2089.667,0.219,7.769,60.85,-0.036,13,Right,10.33,-1,-1,UNKNOWN,None
166.059,125.132,2089.805,0.188,7.738,60.81,-0.0225,13,Right,10.2,-1,-1,UNKNOWN,None
166.076,125.148,2090.145,0.11,7.66,60.73,-0.0225,13,Right,9.85,-1,-1,UNKNOWN,None
166.105,125.164,2090.419,0.046,7.596,60.65,-0.0225,13,Right,9.58,-1,-1,UNKNOWN,None
166.121,125.18,2090.692,-0.018,7.532,60.56,-0.0145,13,Right,9.31,-1,-1,UNKNOWN,None
166.138,125.196,2090.967,-0.085,7.465,60.47,-0.0145,13,Right,9.03,-1,-1,UNKNOWN,None
166.155,125.212,2091.239,-0.151,7.399,60.38,-0.0145,13,Right,8.76,-1,-1,UNKNOWN,None
166.163,125.228,2091.51,-0.219,7.331,60.29,-0.0069,13,Right,8.49,-1,-1,UNKNOWN,None
166.18,125.244,2091.781,-0.287,7.263,60.19,-0.0047,13,Right,8.22,-1,-1,UNKNOWN,Right_Broken
166.196,125.258,2092.05,-0.355,7.195,60.11,-0.0027,13,Right,7.95,-1,-1,UNKNOWN,None
166.214,125.276,2092.329,-0.427,7.123,60.02,-0.0027,13,Right,7.67,-1,-1,UNKNOWN,None
166.23,125.292,2092.597,-0.496,7.054,59.94,0.0017,13,Right,7.4,-1,-1,UNKNOWN,None
166.248,125.308,2092.75,-0.536,7.014,59.89,0.0033,13,Right,7.25,-1,-1,UNKNOWN,None
166.257,125.324,2093.017,-0.606,6.944,59.82,0.0044,13,Right,6.98,-1,-1,UNKNOWN,None
166.282,125.339,2093.285,-0.677,6.873,59.76,0.006,13,Right,6.71,-1,-1,UNKNOWN,None
166.29,125.355,2093.552,-0.748,6.802,59.71,0.0076,13,Right,6.45,-1,-1,UNKNOWN,None
166.298,125.371,2093.686,-0.784,6.766,59.69,0.0092,13,Right,6.31,-1,-1,UNKNOWN,None
166.332,125.387,2094.086,-0.891,6.659,59.66,0.0107,13,Right,5.91,-1,-1,UNKNOWN,None
166.34,125.403,2094.357,-0.964,6.586,59.66,0.0117,13,Right,5.64,-1,-1,UNKNOWN,None
166.357,125.419,2094.63,-1.037,6.513,59.68,0.0132,13,Right,5.37,-1,-1,UNKNOWN,None
166.366,125.435,2094.784,-1.079,6.471,59.71,0.0146,13,Right,5.22,-1,-1,UNKNOWN,None
166.392,125.451,2095.059,-1.153,6.397,59.77,0.0158,13,Right,4.94,-1,-1,UNKNOWN,None
166.392,125.467,2095.193,-1.189,6.361,59.81,0.0171,13,Right,4.81,-1,-1,UNKNOWN,None
166.422,125.483,2095.536,-1.282,6.268,59.93,0.0181,13,Right,4.46,-1,-1,UNKNOWN,None
166.446,125.499,2095.92,-1.386,6.164,60.09,0.019,13,Right,4.08,-1,-1,UNKNOWN,Right_Broken
166.446,125.515,2096.067,-1.425,6.125,60.16,0.019,13,Right,3.93,-1,-1,UNKNOWN,None
166.472,125.531,2096.336,-1.497,6.053,60.29,0.019,13,Right,3.66,-1,-1,UNKNOWN,None
166.488,125.547,2096.606,-1.57,5.98,60.41,0.019,13,Right,3.39,-1,-1,UNKNOWN,None
166.497,125.563,2096.877,-1.642,5.908,60.53,0.019,13,Right,3.12,-1,-1,UNKNOWN,None
166.522,125.579,2097.148,-1.714,5.836,60.62,0.019,13,Right,2.85,-1,-1,UNKNOWN,None
166.53,125.595,2097.419,-1.786,5.764,60.69,0.019,13,Right,2.58,-1,-1,UNKNOWN,None
166.559,125.615,2097.761,-1.877,5.673,60.74,0.019,13,Right,2.24,-1,-1,UNKNOWN,None
166.568,125.627,2097.906,-1.915,5.635,60.75,0.019,13,Right,2.09,-1,-1,UNKNOWN,None
166.585,125.643,2098.178,-1.986,5.564,60.75,0.019,13,Right,1.82,-1,-1,UNKNOWN,None
166.593,125.659,2098.466,-2.061,5.489,60.73,0.0206,13,Right,1.53,-1,-1,UNKNOWN,None
166.612,125.675,2098.779,-2.142,5.408,60.69,0.0209,13,Right,1.22,-1,-1,UNKNOWN,None
166.631,125.691,2098.926,-2.18,5.37,60.67,0.0216,13,Right,1.07,-1,-1,UNKNOWN,None
166.647,125.707,2099.202,-2.251,5.299,60.63,0.0228,13,Right,0.8,-1,-1,UNKNOWN,Left_Broken
166.647,125.723,2099.338,-2.286,5.264,60.62,0.0228,13,Right,0.66,-1,-1,UNKNOWN,None
166.681,125.739,2099.746,-2.389,5.161,60.56,0.0228,13,Right,0.25,-1,-1,UNKNOWN,None
166.693,125.755,2100.082,-2.473,5.077,60.49,0.0228,14,Middle,149.92,-1,-1,UNKNOWN,None
166.701,125.771,2100.218,-2.507,5.043,60.46,0.0228,14,Middle,149.78,-1,-1,UNKNOWN,None
166.719,125.787,2100.498,-2.576,4.974,60.39,0.0228,14,Middle,149.5,-1,-1,UNKNOWN,None
166.735,125.804,2100.77,-2.643,4.907,60.31,0.0228,14,Middle,149.23,-1,-1,UNKNOWN,None
166.76,125.82,2101.041,-2.709,4.841,60.23,0.0228,14,Middle,148.96,-1,-1,UNKNOWN,None
166.777,125.836,2101.311,-2.774,4.776,60.14,0.0228,14,Middle,148.69,-1,-1,UNKNOWN,None
166.785,125.852,2101.582,-2.839,4.711,60.04,0.0228,14,Middle,148.42,-1,-1,UNKNOWN,None
166.81,125.868,2101.852,-2.903,4.647,59.95,0.0228,14,Middle,148.15,-1,-1,UNKNOWN,None
166.827,125.884,2102.122,-2.966,4.584,59.84,0.0455,14,Middle,147.88,-1,-1,UNKNOWN,None
166.835,125.9,2102.391,-3.028,4.522,59.74,0.0464,14,Middle,147.61,-1,-1,UNKNOWN,None
166.86,125.916,2102.661,-3.089,4.461,59.64,0.0464,14,Middle,147.34,-1,-1,UNKNOWN,None
166.877,125.94,2102.93,-3.149,4.401,59.56,0.0464,14,Middle,147.07,-1,-1,UNKNOWN,Left_Broken
166.885,125.946,2103.064,-3.179,4.371,59.52,0.0464,14,Middle,146.94,-1,-1,UNKNOWN,None
166.894,125.964,2103.333,-3.237,4.313,59.45,0.0464,14,Middle,146.67,-1,-1,UNKNOWN,None
166.919,125.98,2103.737,-3.323,4.227,59.37,0.0462,14,Middle,146.26,-1,-1,UNKNOWN,None
166.937,125.996,2103.899,-3.357,4.193,59.35,0.0459,14,Middle,146.1,-1,-1,UNKNOWN,None
166.954,126.012,2104.168,-3.413,4.137,59.34,0.0455,14,Middle,145.83,-1,-1,UNKNOWN,None
166.962,126.028,2104.437,-3.467,4.083,59.35,0.0448,14,Middle,145.56,-1,-1,UNKNOWN,None
166.987,126.044,2104.707,-3.521,4.029,59.38,0.0436,14,Middle,145.29,-1,-1,UNKNOWN,None
166.995,126.06,2104.979,-3.574,3.976,59.43,0.042,14,Middle,145.02,-1,-1,UNKNOWN,None
167.02,126.076,2105.25,-3.626,3.924,59.51,0.0401,14,Middle,144.75,-1,-1,UNKNOWN,None
167.029,126.092,2105.523,-3.678,3.872,59.6,0.0382,14,Middle,144.48,-1,-1,UNKNOWN,None
167.055,126.108,2105.813,-3.731,3.819,59.72,0.0363,14,Middle,144.19,-1,-1,UNKNOWN,None
167.063,126.124,2105.949,-3.756,3.794,59.78,0.0346,14,Middle,144.05,-1,-1,UNKNOWN,None
167.072,126.14,2106.323,-3.823,3.727,59.96,0.0327,14,Middle,143.68,-1,-1,UNKNOWN,None
167.086,126.156,2106.472,-3.849,3.701,60.04,0.0306,14,Middle,143.53,-1,-1,UNKNOWN,None
167.121,126.174,2106.888,-3.921,3.629,60.26,0.0306,14,Middle,143.11,-1,-1,UNKNOWN,None
167.129,126.188,2107.029,-3.945,3.605,60.34,0.0306,14,Middle,142.97,-1,-1,UNKNOWN,None
167.146,126.204,2107.305,-3.991,3.559,60.48,0.0306,14,Middle,142.69,-1,-1,UNKNOWN,None
167.163,126.22,2107.589,-4.037,3.513,60.62,0.0306,14,Middle,142.41,-1,-1,UNKNOWN,None
167.174,126.236,2107.772,-4.066,3.484,60.69,0.0306,14,Middle,142.23,-1,-1,UNKNOWN,None
167.195,126.252,2108.126,-4.122,3.428,60.8,0.0306,14,Middle,141.87,-1,-1,UNKNOWN,None
167.204,126.268,2108.417,-4.166,3.384,60.85,0.0306,14,Middle,141.58,-1,-1,UNKNOWN,None
167.222,126.284,2108.712,-4.21,3.34,60.88,0.0306,14,Middle,141.29,-1,-1,UNKNOWN,None
167.239,126.3,2108.998,-4.252,3.298,60.87,0.0306,14,Middle,141.0,-1,-1,UNKNOWN,None
167.256,126.316,2109.139,-4.272,3.278,60.86,0.0306,14,Middle,140.86,-1,-1,UNKNOWN,None
167.264,126.331,2109.421,-4.312,3.238,60.83,0.0306,14,Middle,140.58,-1,-1,UNKNOWN,None
167.281,126.347,2109.71,-4.351,3.199,60.78,0.0306,14,Middle,140.29,-1,-1,UNKNOWN,None
167.29,126.363,2109.849,-4.37,3.18,60.76,0.0213,14,Middle,140.15,-1,-1,UNKNOWN,None
167.323,126.379,2110.268,-4.425,3.125,60.66,0.0213,14,Middle,139.73,-1,-1,UNKNOWN,Left_Broken
167.332,126.395,2110.579,-4.465,3.085,60.58,0.0213,14,Middle,139.42,-1,-1,UNKNOWN,None
167.342,126.411,2110.735,-4.485,3.065,60.54,0.0213,14,Middle,139.26,-1,-1,UNKNOWN,None
167.368,126.427,2111.013,-4.519,3.031,60.45,0.0213,14,Middle,138.99,-1,-1,UNKNOWN,None
167.376,126.443,2111.34,-4.559,2.991,60.35,0.0213,14,Middle,138.66,-1,-1,UNKNOWN,None
167.387,126.459,2111.582,-4.588,2.962,60.26,0.0234,14,Middle,138.42,-1,-1,UNKNOWN,None
167.414,126.475,2111.78,-4.61,2.94,60.2,0.0234,14,Middle,138.22,-1,-1,UNKNOWN,None
167.432,126.491,2112.075,-4.644,2.906,60.09,0.0234,14,Middle,137.93,-1,-1,UNKNOWN,None
167.45,126.507,2112.374,-4.677,2.873,59.98,0.0234,14,Middle,137.63,-1,-1,UNKNOWN,None
167.458,126.523,2112.65,-4.706,2.844,59.88,0.0273,14,Middle,137.35,-1,-1,UNKNOWN,None
167.484,126.539,2112.941,-4.737,2.813,59.77,0.0283,14,Middle,137.06,-1,-1,UNKNOWN,None
167.501,126.555,2113.216,-4.764,2.786,59.67,0.0287,14,Middle,136.78,-1,-1,UNKNOWN,None
167.509,126.571,2113.491,-4.791,2.759,59.59,0.0287,14,Middle,136.51,-1,-1,UNKNOWN,None
167.526,126.587,2113.765,-4.817,2.733,59.51,0.0287,14,Middle,136.23,-1,-1,UNKNOWN,None
167.534,126.603,2113.902,-4.83,2.72,59.48,0.0287,14,Middle,136.1,-1,-1,UNKNOWN,None
167.551,126.619,2114.177,-4.855,2.695,59.43,0.0285,14,Middle,135.82,-1,-1,UNKNOWN,Left_Broken
167.567,126.637,2114.459,-4.879,2.671,59.4,0.0279,14,Middle,135.54,-1,-1,UNKNOWN,None
167.593,126.651,2114.733,-4.903,2.647,59.38,0.0273,14,Middle,135.27,-1,-1,UNKNOWN,None
167.601,126.667,2115.007,-4.925,2.625,59.39,0.0267,14,Middle,134.99,-1,-1,UNKNOWN,None
167.618,126.683,2115.281,-4.947,2.603,59.43,0.0257,14,Middle,134.72,-1,-1,UNKNOWN,None
167.635,126.699,2115.555,-4.968,2.582,59.48,0.0248,14,Middle,134.44,-1,-1,UNKNOWN,None
167.66,126.715,2115.83,-4.988,2.562,59.56,0.0237,14,Middle,134.17,-1,-1,UNKNOWN,None
167.676,126.731,2116.106,-5.008,2.542,59.66,0.0232,14,Middle,133.89,-1,-1,UNKNOWN,None
167.685,126.747,2116.389,-5.028,2.522,59.77,0.0228,14,Middle,133.61,-1,-1,UNKNOWN,None
167.702,126.763,2116.669,-5.046,2.504,59.89,0.0228,14,Middle,133.33,-1,-1,UNKNOWN,None
167.721,126.779,2116.841,-5.057,2.493,59.98,0.0228,14,Middle,133.16,-1,-1,UNKNOWN,None
167.721,126.795,2117.073,-5.072,2.478,60.09,0.0228,14,Middle,132.93,-1,-1,UNKNOWN,None
167.751,126.812,2117.49,-5.097,2.453,60.32,0.0228,14,Middle,132.51,-1,-1,UNKNOWN,None
167.759,126.828,2117.636,-5.105,2.445,60.4,0.0229,14,Middle,132.36,-1,-1,UNKNOWN,None
167.768,126.844,2117.776,-5.113,2.437,60.47,0.0229,14,Middle,132.22,-1,-1,UNKNOWN,None
167.801,126.86,2118.196,-5.136,2.414,60.69,0.0229,14,Middle,131.8,-1,-1,UNKNOWN,None
167.818,126.876,2118.477,-5.15,2.4,60.82,0.0229,14,Middle,131.52,-1,-1,UNKNOWN,None
167.835,126.892,2118.759,-5.163,2.387,60.92,0.0229,14,Middle,131.24,-1,-1,UNKNOWN,None
167.843,126.908,2119.041,-5.176,2.374,61.0,0.0229,14,Middle,130.96,-1,-1,UNKNOWN,None
167.86,126.924,2119.323,-5.188,2.362,61.04,0.0229,14,Middle,130.68,-1,-1,UNKNOWN,None
167.885,126.94,2119.606,-5.2,2.35,61.06,0.0229,14,Middle,130.39,-1,-1,UNKNOWN,None
167.893,126.954,2119.888,-5.211,2.339,61.06,0.0292,14,Middle,130.11,-1,-1,UNKNOWN,None
167.901,126.972,2120.03,-5.216,2.334,61.05,0.0299,14,Middle,129.97,-1,-1,UNKNOWN,None
167.927,126.988,2120.46,-5.23,2.32,61.01,0.0299,14,Middle,129.54,-1,-1,UNKNOWN,None
167.935,127.004,2120.603,-5.234,2.316,60.99,0.0299,14,Middle,129.4,-1,-1,UNKNOWN,None
167.962,127.021,2120.909,-5.243,2.307,60.94,0.0299,14,Middle,129.09,-1,-1,UNKNOWN,None
167.972,127.036,2121.215,-5.251,2.299,60.87,0.0299,14,Middle,128.78,-1,-1,UNKNOWN,None
167.998,127.05,2121.515,-5.257,2.293,60.79,0.0299,14,Middle,128.48,-1,-1,UNKNOWN,None
168.006,127.068,2121.796,-5.263,2.287,60.71,0.0299,14,Middle,128.2,-1,-1,UNKNOWN,None
168.014,127.084,2121.955,-5.266,2.284,60.67,0.0299,14,Middle,128.05,-1,-1,UNKNOWN,None
168.042,127.1,2122.258,-5.27,2.28,60.57,0.0299,14,Middle,127.74,-1,-1,UNKNOWN,None
168.058,127.116,2122.538,-5.273,2.277,60.48,0.0299,14,Middle,127.46,-1,-1,UNKNOWN,None
168.067,127.132,2122.846,-5.276,2.274,60.37,0.028,14,Middle,127.15,-1,-1,UNKNOWN,None
168.086,127.148,2123.149,-5.278,2.272,60.26,0.028,14,Middle,126.85,-1,-1,UNKNOWN,None
168.103,127.164,2123.288,-5.279,2.271,60.21,0.028,14,Middle,126.71,-1,-1,UNKNOWN,None
168.12,127.18,2123.566,-5.279,2.271,60.11,0.028,14,Middle,126.43,-1,-1,UNKNOWN,None
168.136,127.196,2123.844,-5.279,2.271,60.01,0.028,14,Middle,126.16,-1,-1,UNKNOWN,None
168.153,127.212,2124.122,-5.278,2.272,59.9,0.028,14,Middle,125.88,-1,-1,UNKNOWN,None
168.161,127.228,2124.399,-5.277,2.273,59.79,0.0194,14,Middle,125.6,-1,-1,UNKNOWN,None
168.186,127.244,2124.675,-5.275,2.275,59.69,0.0178,14,Middle,125.32,-1,-1,UNKNOWN,None
168.186,127.26,2124.813,-5.273,2.277,59.64,0.0162,14,Middle,125.19,-1,-1,UNKNOWN,None
168.211,127.276,2125.227,-5.268,2.282,59.51,0.0151,14,Middle,124.77,-1,-1,UNKNOWN,None
168.236,127.292,2125.502,-5.264,2.286,59.43,0.0142,14,Middle,124.5,-1,-1,UNKNOWN,None
168.253,127.306,2125.777,-5.26,2.29,59.37,0.0135,14,Middle,124.22,-1,-1,UNKNOWN,None
168.27,127.324,2126.051,-5.255,2.295,59.33,0.0135,14,Middle,123.95,-1,-1,UNKNOWN,None
168.27,127.339,2126.189,-5.252,2.298,59.31,0.0135,14,Middle,123.81,-1,-1,UNKNOWN,None
168.296,127.355,2126.479,-5.246,2.304,59.3,0.0135,14,Middle,123.52,-1,-1,UNKNOWN,None
168.296,127.371,2126.643,-5.242,2.308,59.3,0.0132,14,Middle,123.36,-1,-1,UNKNOWN,None
168.322,127.387,2127.059,-5.231,2.319,59.35,0.0132,14,Middle,122.94,-1,-1,UNKNOWN,None
168.348,127.403,2127.336,-5.224,2.326,59.41,0.013,14,Middle,122.66,-1,-1,UNKNOWN,None
168.348,127.419,2127.476,-5.22,2.33,59.45,0.0127,14,Middle,122.52,-1,-1,UNKNOWN,None
168.373,127.435,2127.89,-5.207,2.343,59.59,0.0127,14,Middle,122.11,-1,-1,UNKNOWN,None
168.39,127.451,2128.038,-5.202,2.348,59.64,0.0126,14,Middle,121.96,-1,-1,UNKNOWN,None
168.399,127.467,2128.314,-5.193,2.357,59.76,0.0123,14,Middle,121.69,-1,-1,UNKNOWN,None
168.424,127.483,2128.599,-5.182,2.368,59.9,0.0116,14,Middle,121.4,-1,-1,UNKNOWN,None
168.441,127.499,2128.876,-5.172,2.378,60.04,0.0107,14,Middle,121.12,-1,-1,UNKNOWN,None
168.457,127.515,2129.155,-5.161,2.389,60.19,0.0107,14,Middle,120.85,-1,-1,UNKNOWN,None
168.474,127.531,2129.434,-5.15,2.4,60.34,0.0107,14,Middle,120.57,-1,-1,UNKNOWN,None
168.474,127.547,2129.645,-5.141,2.409,60.44,0.0107,14,Middle,120.36,-1,-1,UNKNOWN,None
168.501,127.563,2130.027,-5.125,2.425,60.62,0.0056,14,Middle,119.97,-1,-1,UNKNOWN,None
168.509,127.579,2130.171,-5.119,2.431,60.68,0.0056,14,Middle,119.83,-1,-1,UNKNOWN,None
168.526,127.595,2130.452,-5.106,2.444,60.79,0.0056,14,Middle,119.55,-1,-1,UNKNOWN,None
168.552,127.611,2130.754,-5.092,2.458,60.89,0.0056,14,Middle,119.25,-1,-1,UNKNOWN,None
168.561,127.627,2131.035,-5.079,2.471,60.96,0.0056,14,Middle,118.96,-1,-1,UNKNOWN,None
168.586,127.643,2131.318,-5.066,2.484,61.0,0.0056,14,Middle,118.68,-1,-1,UNKNOWN,None
168.595,127.659,2131.613,-5.051,2.499,61.01,0.0056,14,Middle,118.39,-1,-1,UNKNOWN,None
168.612,127.675,2131.897,-5.037,2.513,61.0,-0.0043,14,Middle,118.1,-1,-1,UNKNOWN,None
168.628,127.691,2132.179,-5.023,2.527,60.98,-0.0043,14,Middle,117.82,-1,-1,UNKNOWN,None
168.645,127.707,2132.461,-5.009,2.541,60.94,-0.0043,14,Middle,117.54,-1,-1,UNKNOWN,None
168.662,127.723,2132.743,-4.995,2.555,60.89,-0.0043,14,Middle,117.26,-1,-1,UNKNOWN,None
168.68,127.739,2132.911,-4.986,2.564,60.85,-0.0043,14,Middle,117.09,-1,-1,UNKNOWN,None
168.69,127.755,2133.225,-4.97,2.58,60.78,-0.0043,14,Middle,116.78,-1,-1,UNKNOWN,None
168.715,127.771,2133.506,-4.956,2.594,60.7,-0.0043,14,Middle,116.49,-1,-1,UNKNOWN,None
168.732,127.787,2133.786,-4.942,2.608,60.62,-0.0146,14,Middle,116.21,-1,-1,UNKNOWN,None
168.732,127.804,2133.956,-4.933,2.617,60.57,-0.0146,14,Middle,116.04,-1,-1,UNKNOWN,None
168.76,127.82,2134.263,-4.918,2.632,60.47,-0.0146,14,Middle,115.74,-1,-1,UNKNOWN,None
168.777,127.836,2134.543,-4.904,2.646,60.38,-0.0146,14,Middle,115.46,-1,-1,UNKNOWN,None
168.794,127.852,2134.822,-4.89,2.66,60.28,-0.0146,14,Middle,115.18,-1,-1,UNKNOWN,None
168.811,127.868,2135.118,-4.876,2.674,60.18,-0.0146,14,Middle,114.88,-1,-1,UNKNOWN,None
168.824,127.884,2135.321,-4.866,2.684,60.1,-0.0146,14,Middle,114.68,-1,-1,UNKNOWN,None
168.832,127.9,2135.628,-4.851,2.699,59.99,-0.0146,14,Middle,114.37,-1,-1,UNKNOWN,None
168.857,127.916,2135.883,-4.84,2.71,59.89,-0.0251,14,Middle,114.12,-1,-1,UNKNOWN,None
168.867,127.932,2136.197,-4.826,2.724,59.78,-0.0258,14,Middle,113.8,-1,-1,UNKNOWN,None
168.885,127.948,2136.473,-4.814,2.736,59.68,-0.026,14,Middle,113.53,-1,-1,UNKNOWN,None
168.901,127.964,2136.748,-4.802,2.748,59.59,-0.026,14,Middle,113.25,-1,-1,UNKNOWN,None
168.918,127.98,2137.024,-4.791,2.759,59.52,-0.026,14,Middle,112.98,-1,-1,UNKNOWN,None
168.926,127.996,2137.162,-4.786,2.764,59.49,-0.026,14,Middle,112.84,-1,-1,UNKNOWN,None
168.951,128.012,2137.574,-4.77,2.78,59.42,-0.0258,14,Middle,112.43,-1,-1,UNKNOWN,None
168.96,128.028,2137.711,-4.766,2.784,59.4,-0.0251,14,Middle,112.29,-1,-1,UNKNOWN,None
168.985,128.044,2137.987,-4.756,2.794,59.39,-0.0244,14,Middle,112.01,-1,-1,UNKNOWN,None
168.993,128.06,2138.262,-4.747,2.803,59.4,-0.0232,14,Middle,111.74,-1,-1,UNKNOWN,None
169.018,128.074,2138.537,-4.739,2.811,59.43,-0.0219,14,Middle,111.46,-1,-1,UNKNOWN,None
169.018,128.092,2138.695,-4.734,2.816,59.46,-0.0204,14,Middle,111.3,-1,-1,UNKNOWN,None
169.039,128.108,2139.1,-4.722,2.828,59.57,-0.0188,14,Middle,110.9,-1,-1,UNKNOWN,None
169.064,128.124,2139.293,-4.717,2.833,59.64,-0.0174,14,Middle,110.71,-1,-1,UNKNOWN,None
169.082,128.14,2139.602,-4.709,2.841,59.76,-0.0158,14,Middle,110.4,-1,-1,UNKNOWN,None
169.101,128.156,2139.914,-4.702,2.848,59.9,-0.0145,14,Middle,110.09,-1,-1,UNKNOWN,None
169.109,128.172,2140.192,-4.696,2.854,60.03,-0.0127,14,Middle,109.81,-1,-1,UNKNOWN,None
169.126,128.188,2140.47,-4.69,2.86,60.18,-0.0127,14,Middle,109.53,-1,-1,UNKNOWN,None
169.143,128.204,2140.749,-4.685,2.865,60.32,-0.0127,14,Middle,109.25,-1,-1,UNKNOWN,None
169.159,128.222,2141.029,-4.68,2.87,60.45,-0.0127,14,Middle,108.97,-1,-1,UNKNOWN,None
169.168,128.236,2141.169,-4.678,2.872,60.51,-0.0127,14,Middle,108.83,-1,-1,UNKNOWN,None
169.193,128.252,2141.449,-4.674,2.876,60.62,-0.0127,14,Middle,108.55,-1,-1,UNKNOWN,None
169.201,128.268,2141.73,-4.67,2.88,60.7,-0.0127,14,Middle,108.27,-1,-1,UNKNOWN,None
169.218,128.284,2142.012,-4.666,2.884,60.75,-0.0127,14,Middle,107.99,-1,-1,UNKNOWN,None
169.243,128.3,2142.293,-4.664,2.886,60.77,-0.0127,14,Middle,107.71,-1,-1,UNKNOWN,None
169.251,128.316,2142.574,-4.661,2.889,60.77,-0.0127,14,Middle,107.43,-1,-1,UNKNOWN,None
169.276,128.331,2142.861,-4.659,2.891,60.75,-0.0127,14,Middle,107.14,-1,-1,UNKNOWN,None
169.288,128.347,2143.049,-4.658,2.892,60.73,-0.0127,14,Middle,106.95,-1,-1,UNKNOWN,None
169.3,128.363,2143.26,-4.657,2.893,60.69,-0.0127,14,Middle,106.74,-1,-1,UNKNOWN,None
169.32,128.379,2143.587,-4.655,2.895,60.63,-0.0127,14,Middle,106.41,-1,-1,UNKNOWN,None
169.32,128.395,2143.728,-4.655,2.895,60.6,-0.0127,14,Middle,106.27,-1,-1,UNKNOWN,None
169.336,128.411,2144.008,-4.655,2.895,60.53,-0.011,14,Middle,105.99,-1,-1,UNKNOWN,None
169.37,128.427,2144.438,-4.655,2.895,60.41,-0.011,14,Middle,105.56,-1,-1,UNKNOWN,Left_Broken
169.387,128.443,2144.717,-4.655,2.895,60.32,-0.011,14,Middle,105.28,-1,-1,UNKNOWN,None
169.395,128.459,2145.002,-4.656,2.894,60.23,-0.011,14,Middle,105.0,-1,-1,UNKNOWN,None
169.404,128.475,2145.179,-4.657,2.893,60.17,-0.011,14,Middle,104.82,-1,-1,UNKNOWN,None
169.431,128.491,2145.465,-4.658,2.892,60.07,-0.011,14,Middle,104.54,-1,-1,UNKNOWN,None
169.44,128.507,2145.754,-4.66,2.89,59.97,-0.011,14,Middle,104.25,-1,-1,UNKNOWN,None
169.449,128.523,2145.892,-4.661,2.889,59.92,-0.0102,14,Middle,104.11,-1,-1,UNKNOWN,None
169.474,128.539,2146.308,-4.665,2.885,59.77,-0.0098,14,Middle,103.69,-1,-1,UNKNOWN,None
169.5,128.557,2146.599,-4.668,2.882,59.68,-0.0094,14,Middle,103.4,-1,-1,UNKNOWN,None
169.5,128.571,2146.76,-4.67,2.88,59.63,-0.0088,14,Middle,103.24,-1,-1,UNKNOWN,None
169.528,128.587,2147.064,-4.674,2.876,59.54,-0.0084,14,Middle,102.94,-1,-1,UNKNOWN,None
169.528,128.603,2147.212,-4.676,2.874,59.51,-0.0078,14,Middle,102.79,-1,-1,UNKNOWN,None
169.555,128.617,2147.645,-4.682,2.868,59.43,-0.0069,14,Middle,102.35,-1,-1,UNKNOWN,None
169.58,128.633,2147.92,-4.686,2.864,59.41,-0.0063,14,Middle,102.08,-1,-1,UNKNOWN,None
169.588,128.651,2148.058,-4.688,2.862,59.4,-0.0053,14,Middle,101.94,-1,-1,UNKNOWN,Left_Broken
169.605,128.667,2148.472,-4.695,2.855,59.42,-0.0043,14,Middle,101.53,-1,-1,UNKNOWN,None
169.622,128.683,2148.755,-4.7,2.85,59.47,-0.0031,14,Middle,101.24,-1,-1,UNKNOWN,None
169.63,128.699,2148.893,-4.703,2.847,59.5,-0.0024,14,Middle,101.11,-1,-1,UNKNOWN,None
169.647,128.715,2149.168,-4.708,2.842,59.57,-0.0009,14,Middle,100.83,-1,-1,UNKNOWN,None
169.672,128.731,2149.445,-4.713,2.837,59.67,0.0005,14,Middle,100.56,-1,-1,UNKNOWN,None
169.689,128.747,2149.724,-4.719,2.831,59.78,0.0014,14,Middle,100.28,-1,-1,UNKNOWN,None
169.697,128.763,2149.863,-4.722,2.828,59.84,0.0023,14,Middle,100.14,-1,-1,UNKNOWN,None
169.712,128.779,2150.289,-4.73,2.82,60.04,0.0028,14,Middle,99.71,-1,-1,UNKNOWN,None
169.731,128.795,2150.568,-4.736,2.814,60.19,0.0028,14,Middle,99.43,-1,-1,UNKNOWN,None
169.756,128.812,2150.848,-4.742,2.808,60.33,0.0028,14,Middle,99.15,-1,-1,UNKNOWN,None
169.773,128.826,2151.127,-4.748,2.802,60.46,0.0028,14,Middle,98.87,-1,-1,UNKNOWN,None
169.781,128.844,2151.408,-4.754,2.796,60.58,0.0028,14,Middle,98.59,-1,-1,UNKNOWN,None
169.799,128.86,2151.565,-4.757,2.793,60.63,0.0028,14,Middle,98.43,-1,-1,UNKNOWN,None
169.817,128.876,2151.878,-4.764,2.786,60.72,0.0028,14,Middle,98.12,-1,-1,UNKNOWN,None
169.835,128.892,2152.172,-4.77,2.78,60.77,0.0028,14,Middle,97.83,-1,-1,UNKNOWN,None
169.851,128.908,2152.454,-4.776,2.774,60.78,0.0028,14,Middle,97.55,-1,-1,UNKNOWN,None
169.86,128.924,2152.738,-4.782,2.768,60.78,0.0028,14,Middle,97.26,-1,-1,UNKNOWN,None
169.878,128.94,2153.051,-4.789,2.761,60.75,0.0028,14,Middle,96.95,-1,-1,UNKNOWN,None
169.895,128.956,2153.192,-4.792,2.758,60.73,0.0028,14,Middle,96.81,-1,-1,UNKNOWN,None
169.904,128.972,2153.473,-4.799,2.751,60.68,0.0028,14,Middle,96.53,-1,-1,UNKNOWN,None
169.92,128.988,2153.753,-4.805,2.745,60.63,0.0028,14,Middle,96.25,-1,-1,UNKNOWN,None
169.945,129.004,2154.034,-4.811,2.739,60.56,0.0028,14,Middle,95.97,-1,-1,UNKNOWN,None
169.962,129.02,2154.314,-4.817,2.733,60.49,0.0028,14,Middle,95.69,-1,-1,UNKNOWN,None
169.979,129.036,2154.594,-4.823,2.727,60.41,0.0028,14,Middle,95.41,-1,-1,UNKNOWN,None
169.987,129.052,2154.873,-4.829,2.721,60.33,0.0028,14,Middle,95.13,-1,-1,UNKNOWN,None
170.012,129.068,2155.152,-4.835,2.715,60.24,0.0028,14,Middle,94.85,-1,-1,UNKNOWN,None
170.029,129.084,2155.43,-4.841,2.709,60.15,0.0028,14,Middle,94.57,-1,-1,UNKNOWN,None
170.045,129.1,2155.708,-4.846,2.704,60.05,0.0028,14,Middle,94.29,-1,-1,UNKNOWN,None
170.054,129.116,2155.986,-4.852,2.698,59.95,0.0028,14,Middle,94.01,-1,-1,UNKNOWN,None
170.07,129.132,2156.263,-4.858,2.692,59.85,0.0028,14,Middle,93.74,-1,-1,UNKNOWN,None
170.079,129.148,2156.411,-4.861,2.689,59.8,0.0028,14,Middle,93.59,-1,-1,UNKNOWN,None
170.096,129.164,2156.727,-4.867,2.683,59.69,0.0028,14,Middle,93.27,-1,-1,UNKNOWN,None
170.116,129.18,2157.027,-4.873,2.677,59.6,0.0028,14,Middle,92.97,-1,-1,UNKNOWN,None
170.141,129.196,2157.302,-4.879,2.671,59.53,0.0028,14,Middle,92.7,-1,-1,UNKNOWN,None
170.15,129.212,2157.581,-4.884,2.666,59.46,0.0028,14,Middle,92.42,-1,-1,UNKNOWN,None
170.166,129.228,2157.856,-4.889,2.661,59.42,0.0028,14,Middle,92.14,-1,-1,UNKNOWN,None
170.175,129.244,2157.995,-4.892,2.658,59.4,0.0028,14,Middle,92.0,-1,-1,UNKNOWN,None
170.192,129.26,2158.271,-4.897,2.653,59.39,0.0028,14,Middle,91.73,-1,-1,UNKNOWN,None
170.217,129.276,2158.547,-4.902,2.648,59.39,0.0028,14,Middle,91.45,-1,-1,UNKNOWN,None
170.225,129.292,2158.822,-4.907,2.643,59.42,0.0028,14,Middle,91.18,-1,-1,UNKNOWN,None
170.25,129.308,2159.097,-4.912,2.638,59.48,0.003,14,Middle,90.9,-1,-1,UNKNOWN,None
170.258,129.324,2159.373,-4.917,2.633,59.55,0.003,14,Middle,90.63,-1,-1,UNKNOWN,None
170.267,129.339,2159.519,-4.92,2.63,59.6,0.0033,14,Middle,90.48,-1,-1,UNKNOWN,None
170.292,129.355,2159.934,-4.927,2.623,59.75,0.0033,14,Middle,90.07,-1,-1,UNKNOWN,None
170.309,129.371,2160.211,-4.932,2.618,59.88,0.0033,14,Middle,89.79,-1,-1,UNKNOWN,None
170.326,129.387,2160.489,-4.936,2.614,60.01,0.0033,14,Middle,89.51,-1,-1,UNKNOWN,None
170.334,129.403,2160.628,-4.938,2.612,60.08,0.0033,14,Middle,89.37,-1,-1,UNKNOWN,None
170.359,129.419,2160.906,-4.943,2.607,60.22,0.0033,14,Middle,89.09,-1,-1,UNKNOWN,None
170.378,129.435,2161.231,-4.948,2.602,60.38,0.0033,14,Middle,88.77,-1,-1,UNKNOWN,None
170.387,129.451,2161.511,-4.952,2.598,60.51,0.0033,14,Middle,88.49,-1,-1,UNKNOWN,None
170.412,129.467,2161.794,-4.957,2.593,60.61,0.0033,14,Middle,88.21,-1,-1,UNKNOWN,None
170.422,129.483,2161.971,-4.959,2.591,60.66,0.0033,14,Middle,88.03,-1,-1,UNKNOWN,None
170.433,129.499,2162.289,-4.964,2.586,60.72,0.0033,14,Middle,87.71,-1,-1,UNKNOWN,None
170.449,129.515,2162.583,-4.968,2.582,60.75,0.0033,14,Middle,87.42,-1,-1,UNKNOWN,None
170.467,129.529,2162.865,-4.972,2.578,60.75,0.0033,14,Middle,87.14,-1,-1,UNKNOWN,None
170.492,129.545,2163.15,-4.976,2.574,60.73,0.0033,14,Middle,86.85,-1,-1,UNKNOWN,None
170.5,129.563,2163.431,-4.98,2.57,60.69,0.0033,14,Middle,86.57,-1,-1,UNKNOWN,None
170.509,129.579,2163.583,-4.982,2.568,60.67,0.0033,14,Middle,86.42,-1,-1,UNKNOWN,None
170.526,129.595,2163.863,-4.985,2.565,60.61,0.0033,14,Middle,86.14,-1,-1,UNKNOWN,None
170.551,129.611,2164.144,-4.989,2.561,60.55,0.0033,14,Middle,85.86,-1,-1,UNKNOWN,None
170.568,129.627,2164.424,-4.992,2.558,60.48,0.0033,14,Middle,85.58,-1,-1,UNKNOWN,None
170.584,129.643,2164.703,-4.996,2.554,60.4,0.0033,14,Middle,85.3,-1,-1,UNKNOWN,None
170.584,129.659,2164.843,-4.997,2.553,60.35,0.0033,14,Middle,85.16,-1,-1,UNKNOWN,None
170.619,129.675,2165.278,-5.002,2.548,60.21,0.0033,14,Middle,84.72,-1,-1,UNKNOWN,None
170.628,129.691,2165.573,-5.005,2.545,60.11,0.0033,14,Middle,84.43,-1,-1,UNKNOWN,None
170.646,129.707,2165.865,-5.008,2.542,60.01,0.0033,14,Middle,84.14,-1,-1,UNKNOWN,None
170.662,129.723,2166.004,-5.01,2.54,59.96,-0.0021,14,Middle,84.0,-1,-1,UNKNOWN,None
170.679,129.739,2166.281,-5.013,2.537,59.86,-0.0024,14,Middle,83.72,-1,-1,UNKNOWN,None
170.696,129.755,2166.558,-5.016,2.534,59.77,-0.0027,14,Middle,83.44,-1,-1,UNKNOWN,None
170.712,129.771,2166.834,-5.019,2.531,59.68,-0.0028,14,Middle,83.17,-1,-1,UNKNOWN,None
170.729,129.787,2167.11,-5.021,2.529,59.6,-0.0028,14,Middle,82.89,-1,-1,UNKNOWN,None
170.746,129.804,2167.386,-5.024,2.526,59.54,-0.0028,14,Middle,82.61,-1,-1,UNKNOWN,None
170.762,129.821,2167.661,-5.027,2.523,59.49,-0.0028,14,Middle,82.34,-1,-1,UNKNOWN,None
170.771,129.836,2167.937,-5.03,2.52,59.46,-0.0028,14,Middle,82.06,-1,-1,UNKNOWN,None
170.787,129.852,2168.212,-5.033,2.517,59.45,-0.0028,14,Middle,81.79,-1,-1,UNKNOWN,None
170.812,129.868,2168.487,-5.036,2.514,59.46,-0.0028,14,Middle,81.51,-1,-1,UNKNOWN,None
170.829,129.882,2168.763,-5.039,2.511,59.49,-0.0028,14,Middle,81.24,-1,-1,UNKNOWN,None
170.829,129.9,2168.9,-5.04,2.51,59.52,-0.0027,14,Middle,81.1,-1,-1,UNKNOWN,None
170.854,129.916,2169.314,-5.045,2.505,59.63,-0.0027,14,Middle,80.69,-1,-1,UNKNOWN,None
170.871,129.932,2169.591,-5.048,2.502,59.72,-0.0027,14,Middle,80.41,-1,-1,UNKNOWN,None
170.887,129.948,2169.867,-5.051,2.499,59.83,-0.0024,14,Middle,80.13,-1,-1,UNKNOWN,None
170.904,129.964,2170.006,-5.052,2.498,59.9,-0.0024,14,Middle,79.99,-1,-1,UNKNOWN,None
170.924,129.98,2170.335,-5.056,2.494,60.05,-0.0024,14,Middle,79.67,-1,-1,UNKNOWN,None
170.94,129.996,2170.613,-5.059,2.491,60.19,-0.0024,14,Middle,79.39,-1,-1,UNKNOWN,None
170.949,130.012,2170.893,-5.062,2.488,60.33,-0.0024,14,Middle,79.11,-1,-1,UNKNOWN,None
170.966,130.028,2171.051,-5.064,2.486,60.41,-0.0024,14,Middle,78.95,-1,-1,UNKNOWN,None
170.988,130.044,2171.417,-5.069,2.481,60.57,-0.0024,14,Middle,78.58,-1,-1,UNKNOWN,None
170.997,130.06,2171.713,-5.072,2.478,60.67,-0.0024,14,Middle,78.29,-1,-1,UNKNOWN,None
171.006,130.076,2171.871,-5.074,2.476,60.71,-0.0024,14,Middle,78.13,-1,-1,UNKNOWN,None
171.032,130.099,2172.293,-5.079,2.471,60.77,-0.0024,14,Middle,77.71,-1,-1,UNKNOWN,None
171.049,130.108,2172.442,-5.081,2.469,60.78,-0.0024,14,Middle,77.56,-1,-1,UNKNOWN,None
171.049,130.124,2172.595,-5.083,2.467,60.78,-0.0024,14,Middle,77.41,-1,-1,UNKNOWN,None
171.068,130.14,2172.955,-5.088,2.462,60.77,-0.0024,14,Middle,77.04,-1,-1,UNKNOWN,None
171.096,130.156,2173.237,-5.091,2.459,60.75,-0.0024,14,Middle,76.76,-1,-1,UNKNOWN,None
171.105,130.172,2173.52,-5.095,2.455,60.71,-0.0024,14,Middle,76.48,-1,-1,UNKNOWN,None
171.13,130.188,2173.801,-5.099,2.451,60.66,-0.0024,14,Middle,76.2,-1,-1,UNKNOWN,None
171.13,130.204,2173.943,-5.101,2.449,60.62,-0.0024,14,Middle,76.06,-1,-1,UNKNOWN,None
171.146,130.221,2174.247,-5.105,2.445,60.55,-0.0024,14,Middle,75.75,-1,-1,UNKNOWN,None
171.181,130.236,2174.667,-5.111,2.439,60.43,-0.0024,14,Middle,75.33,-1,-1,UNKNOWN,None
171.189,130.252,2174.946,-5.115,2.435,60.35,-0.0017,14,Middle,75.05,-1,-1,UNKNOWN,None
171.198,130.268,2175.1,-5.117,2.433,60.3,-0.0017,14,Middle,74.9,-1,-1,UNKNOWN,None
171.224,130.284,2175.379,-5.121,2.429,60.21,-0.0017,14,Middle,74.62,-1,-1,UNKNOWN,None
171.241,130.298,2175.668,-5.125,2.425,60.12,-0.0017,14,Middle,74.33,-1,-1,UNKNOWN,None
171.241,130.316,2175.807,-5.127,2.423,60.07,-0.0017,14,Middle,74.19,-1,-1,UNKNOWN,None
171.274,130.338,2176.365,-5.136,2.414,59.87,-0.0017,14,Middle,73.63,-1,-1,UNKNOWN,None
171.291,130.347,2176.504,-5.138,2.412,59.82,-0.0012,14,Middle,73.5,-1,-1,UNKNOWN,None
171.301,130.363,2176.8,-5.143,2.407,59.71,-0.0009,14,Middle,73.2,-1,-1,UNKNOWN,None
171.317,130.379,2177.077,-5.147,2.403,59.61,-0.0009,14,Middle,72.92,-1,-1,UNKNOWN,None
171.342,130.395,2177.353,-5.151,2.399,59.52,-0.0008,14,Middle,72.65,-1,-1,UNKNOWN,None
171.351,130.411,2177.49,-5.154,2.396,59.48,-0.0005,14,Middle,72.51,-1,-1,UNKNOWN,None
171.367,130.427,2177.765,-5.158,2.392,59.41,-0.0002,14,Middle,72.23,-1,-1,UNKNOWN,None
171.384,130.443,2178.04,-5.162,2.388,59.36,-0.0001,14,Middle,71.96,-1,-1,UNKNOWN,None
171.401,130.459,2178.315,-5.167,2.383,59.32,0.0005,14,Middle,71.69,-1,-1,UNKNOWN,None
171.417,130.475,2178.589,-5.171,2.379,59.3,0.0009,14,Middle,71.41,-1,-1,UNKNOWN,None
171.434,130.491,2178.864,-5.176,2.374,59.3,0.0011,14,Middle,71.14,-1,-1,UNKNOWN,None
171.451,130.507,2179.138,-5.18,2.37,59.32,0.0014,14,Middle,70.86,-1,-1,UNKNOWN,None
171.467,130.523,2179.413,-5.185,2.365,59.37,0.0018,14,Middle,70.59,-1,-1,UNKNOWN,None
171.484,130.539,2179.688,-5.189,2.361,59.44,0.0023,14,Middle,70.31,-1,-1,UNKNOWN,None
171.492,130.555,2179.963,-5.194,2.356,59.52,0.0025,14,Middle,70.04,-1,-1,UNKNOWN,None
171.501,130.571,2180.115,-5.196,2.354,59.58,0.0028,14,Middle,69.88,-1,-1,UNKNOWN,None
171.518,130.587,2180.391,-5.201,2.349,59.69,0.0028,14,Middle,69.61,-1,-1,UNKNOWN,None
171.544,130.603,2180.675,-5.205,2.345,59.82,0.003,14,Middle,69.33,-1,-1,UNKNOWN,None
171.56,130.619,2180.952,-5.209,2.341,59.96,0.003,14,Middle,69.05,-1,-1,UNKNOWN,None
171.577,130.635,2181.23,-5.214,2.336,60.11,0.003,14,Middle,68.77,-1,-1,UNKNOWN,None
171.585,130.651,2181.509,-5.218,2.332,60.26,0.003,14,Middle,68.49,-1,-1,UNKNOWN,None
171.594,130.667,2181.649,-5.22,2.33,60.34,0.003,14,Middle,68.35,-1,-1,UNKNOWN,None
171.619,130.683,2182.069,-5.227,2.323,60.55,0.003,14,Middle,67.93,-1,-1,UNKNOWN,None
171.635,130.697,2182.349,-5.231,2.319,60.67,0.003,14,Middle,67.65,-1,-1,UNKNOWN,None
171.652,130.715,2182.631,-5.235,2.315,60.77,0.003,14,Middle,67.37,-1,-1,UNKNOWN,None
171.669,130.731,2182.912,-5.239,2.311,60.84,0.003,14,Middle,67.09,-1,-1,UNKNOWN,None
171.685,130.747,2183.194,-5.243,2.307,60.88,0.003,14,Middle,66.81,-1,-1,UNKNOWN,None
171.702,130.763,2183.476,-5.247,2.303,60.9,0.003,14,Middle,66.52,-1,-1,UNKNOWN,None
171.71,130.779,2183.617,-5.249,2.301,60.89,0.003,14,Middle,66.38,-1,-1,UNKNOWN,None
171.735,130.795,2183.899,-5.253,2.297,60.88,0.003,14,Middle,66.1,-1,-1,UNKNOWN,None
171.735,130.812,2184.04,-5.255,2.295,60.86,0.003,14,Middle,65.96,-1,-1,UNKNOWN,None
171.769,130.828,2184.462,-5.261,2.289,60.8,0.003,14,Middle,65.54,-1,-1,UNKNOWN,None
171.786,130.844,2184.749,-5.264,2.286,60.74,0.003,14,Middle,65.25,-1,-1,UNKNOWN,None
171.796,130.86,2185.091,-5.269,2.281,60.65,0.003,14,Middle,64.91,-1,-1,UNKNOWN,None
171.815,130.876,2185.377,-5.272,2.278,60.58,0.003,14,Middle,64.62,-1,-1,UNKNOWN,None
171.831,130.892,2185.657,-5.276,2.274,60.49,0.003,14,Middle,64.34,-1,-1,UNKNOWN,None
171.849,130.908,2185.817,-5.278,2.272,60.44,0.003,14,Middle,64.18,-1,-1,UNKNOWN,None
171.858,130.924,2186.101,-5.281,2.269,60.35,0.003,14,Middle,63.9,-1,-1,UNKNOWN,None
171.876,130.94,2186.418,-5.285,2.265,60.24,0.003,14,Middle,63.58,-1,-1,UNKNOWN,None
171.885,130.956,2186.589,-5.287,2.263,60.18,0.003,14,Middle,63.41,-1,-1,UNKNOWN,None
171.904,130.972,2186.884,-5.29,2.26,60.07,0.003,14,Middle,63.12,-1,-1,UNKNOWN,None
171.93,130.988,2187.162,-5.293,2.257,59.97,0.003,14,Middle,62.84,-1,-1,UNKNOWN,None
171.938,131.004,2187.44,-5.296,2.254,59.87,0.0002,14,Middle,62.56,-1,-1,UNKNOWN,None
171.946,131.02,2187.579,-5.297,2.253,59.82,0.0002,14,Middle,62.42,-1,-1,UNKNOWN,None
171.971,131.036,2187.997,-5.302,2.248,59.67,0.0002,14,Middle,62.0,-1,-1,UNKNOWN,None
171.997,131.053,2188.275,-5.304,2.246,59.59,0.0002,14,Middle,61.73,-1,-1,UNKNOWN,None
172.007,131.068,2188.445,-5.306,2.244,59.54,0.0002,14,Middle,61.56,-1,-1,UNKNOWN,None
172.025,131.084,2188.747,-5.309,2.241,59.47,0.0002,14,Middle,61.25,-1,-1,UNKNOWN,None
172.043,131.1,2189.048,-5.312,2.238,59.42,0.0002,14,Middle,60.95,-1,-1,UNKNOWN,None
172.062,131.114,2189.347,-5.315,2.235,59.39,0.0002,14,Middle,60.65,-1,-1,UNKNOWN,None
172.062,131.132,2189.505,-5.317,2.233,59.39,0.0002,14,Middle,60.5,-1,-1,UNKNOWN,None
172.079,131.148,2189.782,-5.319,2.231,59.4,0.0002,14,Middle,60.22,-1,-1,UNKNOWN,None
172.105,131.164,2190.058,-5.322,2.228,59.43,0.0002,14,Middle,59.94,-1,-1,UNKNOWN,None
172.113,131.18,2190.346,-5.324,2.226,59.49,0.0002,14,Middle,59.65,-1,-1,UNKNOWN,None
172.13,131.196,2190.622,-5.327,2.223,59.57,0.0002,14,Middle,59.38,-1,-1,UNKNOWN,None
172.155,131.212,2190.898,-5.329,2.221,59.67,0.0002,14,Middle,59.1,-1,-1,UNKNOWN,None
172.165,131.228,2191.066,-5.331,2.219,59.73,0.0002,14,Middle,58.93,-1,-1,UNKNOWN,None
172.186,131.244,2191.411,-5.334,2.216,59.88,0.0002,14,Middle,58.59,-1,-1,UNKNOWN,None
172.203,131.26,2191.688,-5.336,2.214,60.02,0.0002,14,Middle,58.31,-1,-1,UNKNOWN,None
172.22,131.276,2191.967,-5.339,2.211,60.16,0.0002,14,Middle,58.03,-1,-1,UNKNOWN,None
172.236,131.296,2192.246,-5.341,2.209,60.3,0.0002,14,Middle,57.75,-1,-1,UNKNOWN,None
172.245,131.306,2192.525,-5.344,2.206,60.44,0.0002,14,Middle,57.47,-1,-1,UNKNOWN,None
172.27,131.324,2192.806,-5.346,2.204,60.56,-0.0002,14,Middle,57.19,-1,-1,UNKNOWN,None
172.286,131.339,2193.086,-5.348,2.202,60.66,-0.0002,14,Middle,56.91,-1,-1,UNKNOWN,None
172.295,131.356,2193.227,-5.349,2.201,60.71,-0.0002,14,Middle,56.77,-1,-1,UNKNOWN,None
172.303,131.371,2193.508,-5.352,2.198,60.79,-0.0002,14,Middle,56.49,-1,-1,UNKNOWN,None
172.328,131.387,2193.799,-5.354,2.196,60.85,-0.0002,14,Middle,56.2,-1,-1,UNKNOWN,None
172.346,131.403,2194.099,-5.357,2.193,60.88,-0.0014,14,Middle,55.9,-1,-1,UNKNOWN,None
172.355,131.419,2194.395,-5.359,2.191,60.89,-0.0014,14,Middle,55.61,-1,-1,UNKNOWN,None
172.372,131.435,2194.543,-5.361,2.189,60.88,-0.0014,14,Middle,55.46,-1,-1,UNKNOWN,None
172.389,131.451,2194.818,-5.363,2.187,60.86,-0.0014,14,Middle,55.18,-1,-1,UNKNOWN,None
172.402,131.467,2195.177,-5.366,2.184,60.81,-0.0014,14,Middle,54.82,-1,-1,UNKNOWN,None
172.427,131.483,2195.459,-5.369,2.181,60.76,-0.0014,14,Middle,54.54,-1,-1,UNKNOWN,None
172.444,131.499,2195.745,-5.371,2.179,60.7,-0.0014,14,Middle,54.25,-1,-1,UNKNOWN,None
172.46,131.515,2196.026,-5.374,2.176,60.63,-0.0014,14,Middle,53.97,-1,-1,UNKNOWN,None
172.469,131.531,2196.166,-5.375,2.175,60.59,-0.0014,14,Middle,53.83,-1,-1,UNKNOWN,None
172.489,131.547,2196.511,-5.378,2.172,60.5,-0.0014,14,Middle,53.49,-1,-1,UNKNOWN,None
172.506,131.563,2196.791,-5.38,2.17,60.42,-0.0014,14,Middle,53.21,-1,-1,UNKNOWN,None
172.524,131.581,2197.101,-5.383,2.167,60.34,-0.0014,14,Middle,52.9,-1,-1,UNKNOWN,None
172.534,131.595,2197.406,-5.386,2.164,60.26,-0.0014,14,Middle,52.59,-1,-1,UNKNOWN,None
172.542,131.611,2197.545,-5.387,2.163,60.21,-0.0014,14,Middle,52.45,-1,-1,UNKNOWN,None
172.567,131.627,2197.824,-5.39,2.16,60.13,-0.0014,14,Middle,52.18,-1,-1,UNKNOWN,None
172.585,131.643,2198.116,-5.393,2.157,60.03,-0.0014,14,Middle,51.88,-1,-1,UNKNOWN,None
172.603,131.659,2198.411,-5.396,2.154,59.94,-0.0014,14,Middle,51.59,-1,-1,UNKNOWN,None
172.619,131.675,2198.688,-5.398,2.152,59.84,-0.0014,14,Middle,51.31,-1,-1,UNKNOWN,None
172.628,131.691,2198.965,-5.401,2.149,59.75,-0.0014,14,Middle,51.04,-1,-1,UNKNOWN,None
172.653,131.707,2199.241,-5.404,2.146,59.66,-0.0014,14,Middle,50.76,-1,-1,UNKNOWN,None
172.669,131.723,2199.517,-5.407,2.143,59.58,-0.0014,14,Middle,50.48,-1,-1,UNKNOWN,None
172.678,131.739,2199.793,-5.409,2.141,59.51,-0.0014,14,Middle,50.21,-1,-1,UNKNOWN,None
172.686,131.755,2199.93,-5.411,2.139,59.48,-0.0014,14,Middle,50.07,-1,-1,UNKNOWN,None
172.712,131.771,2200.215,-5.414,2.136,59.44,-0.0014,14,Middle,49.78,-1,-1,UNKNOWN,None
172.729,131.787,2200.498,-5.417,2.133,59.41,-0.0014,14,Middle,49.5,-1,-1,UNKNOWN,None
172.738,131.804,2200.82,-5.42,2.13,59.4,-0.0014,14,Middle,49.18,-1,-1,UNKNOWN,None
172.758,131.82,2200.974,-5.422,2.128,59.4,-0.0014,14,Middle,49.03,-1,-1,UNKNOWN,None
172.758,131.836,2201.169,-5.424,2.126,59.42,-0.0014,14,Middle,48.83,-1,-1,UNKNOWN,None
172.787,131.852,2201.604,-5.429,2.121,59.51,-0.0014,14,Middle,48.4,-1,-1,UNKNOWN,None
172.805,131.868,2201.888,-5.432,2.118,59.59,-0.0014,14,Middle,48.11,-1,-1,UNKNOWN,None
172.821,131.884,2202.167,-5.435,2.115,59.69,-0.0014,14,Middle,47.83,-1,-1,UNKNOWN,None
172.838,131.9,2202.445,-5.439,2.111,59.81,-0.0014,14,Middle,47.56,-1,-1,UNKNOWN,None
172.855,131.916,2202.722,-5.442,2.108,59.93,-0.0012,14,Middle,47.28,-1,-1,UNKNOWN,None
172.863,131.932,2202.861,-5.443,2.107,60.0,-0.0009,14,Middle,47.14,-1,-1,UNKNOWN,None
172.889,131.948,2203.15,-5.447,2.103,60.15,-0.0009,14,Middle,46.85,-1,-1,UNKNOWN,None
172.889,131.964,2203.289,-5.449,2.101,60.22,-0.0009,14,Middle,46.71,-1,-1,UNKNOWN,None
172.923,131.98,2203.73,-5.454,2.096,60.43,-0.0009,14,Middle,46.27,-1,-1,UNKNOWN,None
172.942,131.996,2204.037,-5.458,2.092,60.55,-0.0009,14,Middle,45.96,-1,-1,UNKNOWN,None
172.95,132.012,2204.317,-5.461,2.089,60.64,-0.0009,14,Middle,45.68,-1,-1,UNKNOWN,None
172.975,132.028,2204.598,-5.465,2.085,60.69,-0.0009,14,Middle,45.4,-1,-1,UNKNOWN,None
172.975,132.044,2204.739,-5.466,2.084,60.71,-0.0009,14,Middle,45.26,-1,-1,UNKNOWN,None
172.992,132.06,2205.02,-5.47,2.08,60.73,-0.0009,14,Middle,44.98,-1,-1,UNKNOWN,None
173.017,132.076,2205.305,-5.474,2.076,60.72,-0.0009,14,Middle,44.7,-1,-1,UNKNOWN,None
173.025,132.092,2205.445,-5.475,2.075,60.71,-0.0009,14,Middle,44.55,-1,-1,UNKNOWN,None
173.041,132.108,2205.855,-5.481,2.069,60.66,-0.0009,14,Middle,44.15,-1,-1,UNKNOWN,None
173.058,132.124,2206.135,-5.484,2.066,60.61,-0.0009,14,Middle,43.86,-1,-1,UNKNOWN,None
173.075,132.14,2206.416,-5.488,2.062,60.55,0.0017,14,Middle,43.58,-1,-1,UNKNOWN,None
173.1,132.156,2206.696,-5.492,2.058,60.48,0.0017,14,Middle,43.3,-1,-1,UNKNOWN,None
173.116,132.172,2206.976,-5.495,2.055,60.4,0.0017,14,Middle,43.02,-1,-1,UNKNOWN,None
173.125,132.189,2207.269,-5.499,2.051,60.31,0.0017,14,Middle,42.73,-1,-1,UNKNOWN,None
173.143,132.204,2207.563,-5.503,2.047,60.22,0.0017,14,Middle,42.44,-1,-1,UNKNOWN,None
173.151,132.22,2207.702,-5.505,2.045,60.17,0.0017,14,Middle,42.3,-1,-1,UNKNOWN,None
173.168,132.236,2207.98,-5.508,2.042,60.08,0.0017,14,Middle,42.02,-1,-1,UNKNOWN,None
173.193,132.252,2208.258,-5.512,2.038,59.98,0.0017,14,Middle,41.74,-1,-1,UNKNOWN,None
173.21,132.268,2208.536,-5.515,2.035,59.88,0.0017,14,Middle,41.46,-1,-1,UNKNOWN,None
173.226,132.284,2208.812,-5.519,2.031,59.78,0.0017,14,Middle,41.19,-1,-1,UNKNOWN,None
173.235,132.3,2209.093,-5.522,2.028,59.69,0.0017,14,Middle,40.91,-1,-1,UNKNOWN,None
173.251,132.314,2209.369,-5.526,2.024,59.61,0.0017,14,Middle,40.63,-1,-1,UNKNOWN,None
173.269,132.331,2209.65,-5.529,2.021,59.54,0.0017,14,Middle,40.35,-1,-1,UNKNOWN,None
173.285,132.345,2209.788,-5.531,2.019,59.51,0.0017,14,Middle,40.21,-1,-1,UNKNOWN,None
173.302,132.363,2210.067,-5.534,2.016,59.46,0.0017,14,Middle,39.93,-1,-1,UNKNOWN,None
173.31,132.379,2210.343,-5.538,2.012,59.43,0.0018,14,Middle,39.66,-1,-1,UNKNOWN,None
173.327,132.395,2210.617,-5.541,2.009,59.42,0.0021,14,Middle,39.38,-1,-1,UNKNOWN,None
173.353,132.411,2210.91,-5.545,2.005,59.43,0.0023,14,Middle,39.09,-1,-1,UNKNOWN,None
173.371,132.427,2211.211,-5.548,2.002,59.47,0.0023,14,Middle,38.79,-1,-1,UNKNOWN,None
173.388,132.441,2211.487,-5.551,1.999,59.54,0.0025,14,Middle,38.51,-1,-1,UNKNOWN,None
173.396,132.459,2211.625,-5.553,1.997,59.57,0.0028,14,Middle,38.38,-1,-1,UNKNOWN,None
173.416,132.475,2211.955,-5.557,1.993,59.69,0.0028,14,Middle,38.04,-1,-1,UNKNOWN,None
173.434,132.491,2212.251,-5.56,1.99,59.8,0.0028,14,Middle,37.75,-1,-1,UNKNOWN,None
173.451,132.507,2212.528,-5.563,1.987,59.93,0.003,14,Middle,37.47,-1,-1,UNKNOWN,None
173.46,132.523,2212.819,-5.566,1.984,60.07,0.0033,14,Middle,37.18,-1,-1,UNKNOWN,None
173.477,132.539,2213.098,-5.569,1.981,60.21,0.0033,14,Middle,36.9,-1,-1,UNKNOWN,None
173.494,132.555,2213.384,-5.572,1.978,60.36,0.0033,14,Middle,36.62,-1,-1,UNKNOWN,None
173.51,132.571,2213.523,-5.573,1.977,60.43,0.0033,14,Middle,36.48,-1,-1,UNKNOWN,None
173.529,132.587,2213.834,-5.576,1.974,60.57,0.0046,14,Middle,36.17,-1,-1,UNKNOWN,None
173.538,132.603,2214.138,-5.579,1.971,60.69,0.0046,14,Middle,35.86,-1,-1,UNKNOWN,None
173.555,132.619,2214.422,-5.581,1.969,60.78,0.0056,14,Middle,35.58,-1,-1,UNKNOWN,None
173.581,132.635,2214.707,-5.584,1.966,60.86,0.0056,14,Middle,35.29,-1,-1,UNKNOWN,None
173.591,132.651,2214.882,-5.585,1.965,60.9,0.0068,14,Middle,35.12,-1,-1,UNKNOWN,None
173.608,132.667,2215.175,-5.588,1.962,60.96,0.0068,14,Middle,34.83,-1,-1,UNKNOWN,None
173.625,132.683,2215.457,-5.59,1.96,60.99,0.0069,14,Middle,34.54,-1,-1,UNKNOWN,None
173.644,132.699,2215.782,-5.592,1.958,61.02,0.0069,14,Middle,34.22,-1,-1,UNKNOWN,None
173.652,132.715,2216.064,-5.594,1.956,61.02,0.0069,14,Middle,33.94,-1,-1,UNKNOWN,None
173.669,132.731,2216.347,-5.595,1.955,61.0,0.0069,14,Middle,33.65,-1,-1,UNKNOWN,None
173.686,132.747,2216.629,-5.597,1.953,60.97,0.0069,14,Middle,33.37,-1,-1,UNKNOWN,None
173.703,132.763,2216.777,-5.597,1.953,60.94,0.0069,14,Middle,33.22,-1,-1,UNKNOWN,None
173.72,132.779,2217.061,-5.598,1.952,60.89,0.0069,14,Middle,32.94,-1,-1,UNKNOWN,None
173.728,132.795,2217.42,-5.6,1.95,60.81,0.0069,14,Middle,32.58,-1,-1,UNKNOWN,None
173.75,132.812,2217.709,-5.601,1.949,60.73,0.0069,14,Middle,32.29,-1,-1,UNKNOWN,None
173.77,132.828,2217.906,-5.601,1.949,60.67,0.0069,14,Middle,32.09,-1,-1,UNKNOWN,None
173.789,132.844,2218.225,-5.602,1.948,60.58,0.0069,14,Middle,31.78,-1,-1,UNKNOWN,None
173.805,132.86,2218.505,-5.602,1.948,60.49,0.0069,14,Middle,31.49,-1,-1,UNKNOWN,None
173.814,132.876,2218.645,-5.602,1.948,60.44,0.0069,14,Middle,31.35,-1,-1,UNKNOWN,None
173.834,132.892,2218.983,-5.602,1.948,60.33,0.0069,14,Middle,31.02,-1,-1,UNKNOWN,None
173.85,132.908,2219.262,-5.602,1.948,60.23,0.0069,14,Middle,30.74,-1,-1,UNKNOWN,None
173.859,132.924,2219.541,-5.602,1.948,60.13,0.0069,14,Middle,30.46,-1,-1,UNKNOWN,None
173.875,132.94,2219.818,-5.602,1.948,60.03,0.0069,14,Middle,30.18,-1,-1,UNKNOWN,None
173.901,132.956,2220.113,-5.601,1.949,59.92,0.0065,14,Middle,29.89,-1,-1,UNKNOWN,None
173.911,132.972,2220.405,-5.6,1.95,59.81,0.006,14,Middle,29.6,-1,-1,UNKNOWN,None
173.928,132.988,2220.561,-5.6,1.95,59.76,0.006,14,Middle,29.44,-1,-1,UNKNOWN,None
173.946,133.004,2220.854,-5.599,1.951,59.67,0.0058,14,Middle,29.15,-1,-1,UNKNOWN,None
173.946,133.02,2221.0,-5.598,1.952,59.62,0.0056,14,Middle,29.0,-1,-1,UNKNOWN,None
173.972,133.036,2221.424,-5.596,1.954,59.52,0.0053,14,Middle,28.58,-1,-1,UNKNOWN,None
173.993,133.052,2221.625,-5.595,1.955,59.49,0.0053,14,Middle,28.38,-1,-1,UNKNOWN,None
174.01,133.068,2221.912,-5.593,1.957,59.46,0.0053,14,Middle,28.09,-1,-1,UNKNOWN,None
174.021,133.084,2222.25,-5.591,1.959,59.44,0.0053,14,Middle,27.75,-1,-1,UNKNOWN,None
174.041,133.1,2222.425,-5.589,1.961,59.45,0.0053,14,Middle,27.57,-1,-1,UNKNOWN,None
174.041,133.116,2222.573,-5.588,1.962,59.47,0.0053,14,Middle,27.43,-1,-1,UNKNOWN,None
174.059,133.132,2222.91,-5.585,1.965,59.53,0.0053,14,Middle,27.09,-1,-1,UNKNOWN,None
174.079,133.148,2223.193,-5.583,1.967,59.6,0.0053,14,Middle,26.81,-1,-1,UNKNOWN,None
174.105,133.164,2223.476,-5.58,1.97,59.69,0.0053,14,Middle,26.52,-1,-1,UNKNOWN,None
174.121,133.18,2223.756,-5.577,1.973,59.8,0.0053,14,Middle,26.24,-1,-1,UNKNOWN,None
174.13,133.196,2223.895,-5.576,1.974,59.86,0.0053,14,Middle,26.11,-1,-1,UNKNOWN,None
174.153,133.212,2224.273,-5.572,1.978,60.03,0.0053,14,Middle,25.73,-1,-1,UNKNOWN,None
174.17,133.226,2224.563,-5.568,1.982,60.18,0.0053,14,Middle,25.44,-1,-1,UNKNOWN,None
174.179,133.244,2224.854,-5.565,1.985,60.33,0.0053,14,Middle,25.15,-1,-1,UNKNOWN,None
174.197,133.26,2225.152,-5.561,1.989,60.47,0.005,14,Middle,24.85,-1,-1,UNKNOWN,None
174.213,133.276,2225.432,-5.557,1.993,60.59,0.005,14,Middle,24.57,-1,-1,UNKNOWN,None
174.231,133.292,2225.584,-5.555,1.995,60.66,0.0049,14,Middle,24.42,-1,-1,UNKNOWN,None
174.239,133.308,2225.865,-5.551,1.999,60.78,0.0049,14,Middle,24.13,-1,-1,UNKNOWN,None
174.267,133.324,2226.202,-5.546,2.004,60.91,0.0042,14,Middle,23.8,-1,-1,UNKNOWN,None
174.277,133.34,2226.505,-5.541,2.009,61.02,0.0042,14,Middle,23.49,-1,-1,UNKNOWN,None
174.294,133.355,2226.798,-5.537,2.013,61.12,0.0042,14,Middle,23.2,-1,-1,UNKNOWN,None
174.312,133.371,2226.955,-5.534,2.016,61.17,0.0042,14,Middle,23.05,-1,-1,UNKNOWN,None
174.321,133.387,2227.263,-5.529,2.021,61.24,0.0042,14,Middle,22.74,-1,-1,UNKNOWN,None
174.339,133.403,2227.568,-5.524,2.026,61.28,0.0042,14,Middle,22.43,-1,-1,UNKNOWN,None
174.357,133.419,2227.861,-5.518,2.032,61.29,0.0042,14,Middle,22.14,-1,-1,UNKNOWN,None
174.374,133.435,2228.151,-5.513,2.037,61.28,0.0042,14,Middle,21.85,-1,-1,UNKNOWN,None
174.382,133.451,2228.293,-5.511,2.039,61.26,0.0042,14,Middle,21.71,-1,-1,UNKNOWN,None
174.407,133.467,2228.576,-5.505,2.045,61.23,0.0042,14,Middle,21.42,-1,-1,UNKNOWN,None
174.424,133.483,2228.871,-5.499,2.051,61.18,0.0042,14,Middle,21.13,-1,-1,UNKNOWN,None
174.441,133.499,2229.154,-5.494,2.056,61.11,0.0042,14,Middle,20.85,-1,-1,UNKNOWN,None
174.458,133.515,2229.436,-5.488,2.062,61.04,0.0042,14,Middle,20.56,-1,-1,UNKNOWN,None
174.458,133.531,2229.578,-5.485,2.065,61.0,0.0042,14,Middle,20.42,-1,-1,UNKNOWN,None
174.483,133.545,2230.0,-5.476,2.074,60.88,0.0033,14,Middle,20.0,-1,-1,UNKNOWN,None
174.508,133.563,2230.286,-5.47,2.08,60.79,0.0033,14,Middle,19.71,-1,-1,UNKNOWN,None
174.508,133.579,2230.426,-5.467,2.083,60.75,0.0033,14,Middle,19.57,-1,-1,UNKNOWN,None
174.533,133.595,2230.847,-5.457,2.093,60.61,0.0033,14,Middle,19.15,-1,-1,UNKNOWN,None
174.55,133.611,2231.128,-5.451,2.099,60.51,0.0033,14,Middle,18.87,-1,-1,UNKNOWN,None
174.566,133.627,2231.268,-5.448,2.102,60.47,0.0033,14,Middle,18.73,-1,-1,UNKNOWN,None
174.575,133.643,2231.553,-5.441,2.109,60.36,0.0033,14,Middle,18.45,-1,-1,UNKNOWN,None
174.6,133.659,2231.833,-5.434,2.116,60.26,0.0033,14,Middle,18.17,-1,-1,UNKNOWN,None
174.617,133.675,2232.111,-5.427,2.123,60.16,0.0033,14,Middle,17.89,-1,-1,UNKNOWN,None
174.625,133.691,2232.389,-5.421,2.129,60.05,0.0033,14,Middle,17.61,-1,-1,UNKNOWN,None
174.642,133.707,2232.667,-5.414,2.136,59.95,0.0085,14,Middle,17.33,-1,-1,UNKNOWN,None
174.658,133.723,2232.944,-5.406,2.144,59.84,0.0113,14,Middle,17.06,-1,-1,UNKNOWN,None
174.683,133.739,2233.22,-5.399,2.151,59.75,0.0143,14,Middle,16.78,-1,-1,UNKNOWN,None
174.7,133.755,2233.497,-5.391,2.159,59.66,0.0178,14,Middle,16.5,-1,-1,UNKNOWN,None
174.708,133.771,2233.772,-5.383,2.167,59.58,0.0209,14,Middle,16.23,-1,-1,UNKNOWN,None
174.725,133.787,2234.048,-5.374,2.176,59.52,0.0238,14,Middle,15.95,-1,-1,UNKNOWN,None
174.742,133.804,2234.334,-5.364,2.186,59.47,0.0269,14,Middle,15.67,-1,-1,UNKNOWN,None
174.751,133.82,2234.478,-5.359,2.191,59.46,0.0292,14,Middle,15.52,-1,-1,UNKNOWN,None
174.776,133.836,2234.753,-5.35,2.2,59.44,0.0312,14,Middle,15.25,-1,-1,UNKNOWN,None
174.793,133.852,2235.028,-5.339,2.211,59.45,0.033,14,Middle,14.97,-1,-1,UNKNOWN,None
174.793,133.868,2235.165,-5.334,2.216,59.46,0.0341,14,Middle,14.83,-1,-1,UNKNOWN,None
174.809,133.884,2235.441,-5.322,2.228,59.51,0.0353,14,Middle,14.56,-1,-1,UNKNOWN,None
174.834,133.9,2235.716,-5.31,2.24,59.57,0.0357,14,Middle,14.28,-1,-1,UNKNOWN,None
174.847,133.916,2236.166,-5.289,2.261,59.72,0.0362,14,Middle,13.83,-1,-1,UNKNOWN,None
174.861,133.932,2236.338,-5.281,2.269,59.78,0.0362,14,Middle,13.66,-1,-1,UNKNOWN,None
174.888,133.948,2236.615,-5.267,2.283,59.9,0.0362,14,Middle,13.39,-1,-1,UNKNOWN,None
174.905,133.964,2236.892,-5.252,2.298,60.03,0.0362,14,Middle,13.11,-1,-1,UNKNOWN,None
174.913,133.98,2237.17,-5.236,2.314,60.17,0.0362,14,Middle,12.83,-1,-1,UNKNOWN,None
174.93,133.996,2237.449,-5.219,2.331,60.31,0.0362,14,Middle,12.55,-1,-1,UNKNOWN,None
174.938,134.012,2237.588,-5.211,2.339,60.37,0.0362,14,Middle,12.41,-1,-1,UNKNOWN,None
174.964,134.028,2238.009,-5.184,2.366,60.57,0.0362,14,Middle,11.99,-1,-1,UNKNOWN,None
174.989,134.044,2238.29,-5.165,2.385,60.7,0.0362,14,Middle,11.71,-1,-1,UNKNOWN,None
174.997,134.06,2238.43,-5.155,2.395,60.76,0.0362,14,Middle,11.57,-1,-1,UNKNOWN,None
175.019,134.076,2238.797,-5.129,2.421,60.92,0.0362,14,Middle,11.2,-1,-1,UNKNOWN,None
175.028,134.092,2239.116,-5.104,2.446,61.02,0.0362,14,Middle,10.88,-1,-1,UNKNOWN,None
175.047,134.108,2239.419,-5.08,2.47,61.09,0.0362,14,Middle,10.58,-1,-1,UNKNOWN,None
175.055,134.124,2239.562,-5.069,2.481,61.11,0.0362,14,Middle,10.44,-1,-1,UNKNOWN,None
175.081,134.14,2239.845,-5.045,2.505,61.13,0.0362,14,Middle,10.15,-1,-1,UNKNOWN,None
175.089,134.156,2240.134,-5.019,2.531,61.12,0.0362,14,Middle,9.87,-1,-1,UNKNOWN,None
175.114,134.172,2240.416,-4.993,2.557,61.1,0.0362,14,Middle,9.58,-1,-1,UNKNOWN,None
175.114,134.188,2240.561,-4.98,2.57,61.08,0.0362,14,Middle,9.44,-1,-1,UNKNOWN,None
175.148,134.204,2240.985,-4.939,2.611,61.0,0.0362,14,Middle,9.01,-1,-1,UNKNOWN,None
175.165,134.22,2241.266,-4.91,2.64,60.94,0.0362,14,Middle,8.73,-1,-1,UNKNOWN,None
175.173,134.236,2241.546,-4.881,2.669,60.86,0.0362,14,Middle,8.45,-1,-1,UNKNOWN,None
175.182,134.252,2241.686,-4.866,2.684,60.82,0.0362,14,Middle,8.31,-1,-1,UNKNOWN,None
175.207,134.268,2242.105,-4.819,2.731,60.69,0.0362,14,Middle,7.89,-1,-1,UNKNOWN,Left_Broken
175.223,134.284,2242.384,-4.787,2.763,60.6,0.0362,14,Middle,7.62,-1,-1,UNKNOWN,None
175.24,134.3,2242.523,-4.771,2.779,60.55,0.0362,14,Middle,7.48,-1,-1,UNKNOWN,None
175.257,134.316,2242.801,-4.737,2.813,60.45,0.0362,14,Middle,7.2,-1,-1,UNKNOWN,None
175.265,134.331,2243.079,-4.702,2.848,60.35,0.0362,14,Middle,6.92,-1,-1,UNKNOWN,None
175.282,134.347,2243.356,-4.667,2.883,60.24,0.0362,14,Middle,6.64,-1,-1,UNKNOWN,None
175.307,134.363,2243.635,-4.63,2.92,60.14,0.0362,14,Middle,6.36,-1,-1,UNKNOWN,None
175.323,134.379,2243.911,-4.593,2.957,60.03,0.0362,14,Middle,6.09,-1,-1,UNKNOWN,None
175.333,134.395,2244.062,-4.572,2.978,59.97,0.0362,14,Middle,5.94,-1,-1,UNKNOWN,None
175.343,134.41,2244.373,-4.528,3.022,59.84,0.0315,14,Middle,5.63,-1,-1,UNKNOWN,None
175.36,134.427,2244.656,-4.487,3.063,59.73,0.0306,14,Middle,5.34,-1,-1,UNKNOWN,None
175.386,134.443,2244.945,-4.445,3.105,59.63,0.0287,14,Middle,5.05,-1,-1,UNKNOWN,None
175.403,134.459,2245.218,-4.403,3.147,59.54,0.0273,14,Middle,4.78,-1,-1,UNKNOWN,None
175.42,134.475,2245.49,-4.361,3.189,59.47,0.0257,14,Middle,4.51,-1,-1,UNKNOWN,None
175.436,134.491,2245.762,-4.319,3.231,59.41,0.0241,14,Middle,4.24,-1,-1,UNKNOWN,None
175.445,134.507,2246.036,-4.274,3.276,59.37,0.0225,14,Middle,3.96,-1,-1,UNKNOWN,None
175.462,134.523,2246.178,-4.251,3.299,59.35,0.0209,14,Middle,3.82,-1,-1,UNKNOWN,Left_Broken
175.48,134.539,2246.475,-4.202,3.348,59.34,0.0193,14,Middle,3.52,-1,-1,UNKNOWN,None
175.489,134.556,2246.748,-4.156,3.394,59.36,0.0177,14,Middle,3.25,-1,-1,UNKNOWN,None
175.514,134.571,2247.019,-4.11,3.44,59.4,0.0158,14,Middle,2.98,-1,-1,UNKNOWN,None
175.523,134.585,2247.301,-4.061,3.489,59.46,0.0142,14,Middle,2.7,-1,-1,UNKNOWN,None
175.54,134.603,2247.586,-4.011,3.539,59.55,0.0127,14,Middle,2.41,-1,-1,UNKNOWN,None
175.548,134.619,2247.746,-3.983,3.567,59.61,0.0111,14,Middle,2.25,-1,-1,UNKNOWN,None
175.567,134.635,2248.018,-3.934,3.616,59.72,0.0097,14,Middle,1.98,-1,-1,UNKNOWN,None
175.583,134.651,2248.315,-3.881,3.669,59.85,0.0081,14,Middle,1.69,-1,-1,UNKNOWN,None
175.604,134.667,2248.639,-3.821,3.729,60.02,0.0062,14,Middle,1.36,-1,-1,UNKNOWN,None
175.621,134.683,2248.914,-3.77,3.78,60.16,0.0062,14,Middle,1.09,-1,-1,UNKNOWN,None
175.638,134.699,2249.188,-3.719,3.831,60.31,0.0025,14,Middle,0.81,-1,-1,UNKNOWN,None
175.646,134.715,2249.36,-3.687,3.863,60.4,0.0025,14,Middle,0.64,-1,-1,UNKNOWN,None
175.676,134.731,2249.675,-3.628,3.922,60.57,0.0025,14,Middle,0.32,-1,-1,UNKNOWN,None
175.684,134.747,2249.968,-3.572,3.978,60.72,-0.0043,14,Middle,0.03,-1,-1,UNKNOWN,None
175.693,134.763,2250.113,-3.544,4.006,60.79,-0.0043,15,Left,149.89,-1,-1,UNKNOWN,None
175.71,134.779,2250.393,-3.491,4.059,60.92,-0.0043,15,Left,149.61,-1,-1,UNKNOWN,None
175.736,134.795,2250.67,-3.438,4.112,61.03,-0.0121,15,Left,149.33,-1,-1,UNKNOWN,None
175.753,134.812,2250.966,-3.381,4.169,61.13,-0.0146,15,Left,149.03,-1,-1,UNKNOWN,None
175.767,134.828,2251.326,-3.312,4.238,61.24,-0.0172,15,Left,148.67,-1,-1,UNKNOWN,None
175.775,134.844,2251.466,-3.285,4.265,61.29,-0.0196,15,Left,148.53,-1,-1,UNKNOWN,None
175.8,134.86,2251.745,-3.232,4.318,61.38,-0.0196,15,Left,148.26,-1,-1,UNKNOWN,None
175.817,134.876,2252.024,-3.178,4.372,61.47,-0.0196,15,Left,147.98,-1,-1,UNKNOWN,None
175.833,134.892,2252.304,-3.125,4.425,61.55,-0.0196,15,Left,147.7,-1,-1,UNKNOWN,None
175.842,134.908,2252.584,-3.072,4.478,61.62,-0.0196,15,Left,147.42,-1,-1,UNKNOWN,None
175.867,134.924,2252.865,-3.019,4.531,61.67,-0.0196,15,Left,147.14,-1,-1,UNKNOWN,Left_Broken
175.883,134.941,2253.145,-2.966,4.584,61.69,-0.0196,15,Left,146.85,-1,-1,UNKNOWN,None
175.9,134.956,2253.426,-2.913,4.637,61.68,-0.0196,15,Left,146.57,-1,-1,UNKNOWN,None
175.909,134.972,2253.711,-2.86,4.69,61.66,-0.0314,15,Left,146.29,-1,-1,UNKNOWN,None
175.934,134.993,2253.991,-2.809,4.741,61.62,-0.0315,15,Left,146.01,-1,-1,UNKNOWN,None
175.942,135.004,2254.272,-2.758,4.792,61.58,-0.0315,15,Left,145.73,-1,-1,UNKNOWN,None
175.959,135.02,2254.552,-2.707,4.843,61.53,-0.0315,15,Left,145.45,-1,-1,UNKNOWN,None
175.977,135.036,2254.727,-2.676,4.874,61.49,-0.0315,15,Left,145.27,-1,-1,UNKNOWN,None
175.994,135.052,2255.014,-2.625,4.925,61.42,-0.0315,15,Left,144.99,-1,-1,UNKNOWN,None
176.003,135.068,2255.342,-2.568,4.982,61.33,-0.0315,15,Left,144.66,-1,-1,UNKNOWN,None
176.026,135.084,2255.541,-2.533,5.017,61.27,-0.0315,15,Left,144.46,-1,-1,UNKNOWN,None
176.035,135.1,2255.845,-2.481,5.069,61.17,-0.0315,15,Left,144.16,-1,-1,UNKNOWN,None
176.053,135.116,2256.157,-2.428,5.122,61.07,-0.0315,15,Left,143.84,-1,-1,UNKNOWN,None
176.072,135.132,2256.322,-2.401,5.149,61.01,-0.0315,15,Left,143.68,-1,-1,UNKNOWN,None
176.091,135.148,2256.636,-2.349,5.201,60.9,-0.0315,15,Left,143.36,-1,-1,UNKNOWN,None
176.1,135.164,2256.917,-2.304,5.246,60.79,-0.0315,15,Left,143.08,-1,-1,UNKNOWN,Left_Broken
176.116,135.18,2257.195,-2.26,5.29,60.69,-0.0315,15,Left,142.81,-1,-1,UNKNOWN,None
176.116,135.196,2257.195,-2.26,5.29,60.69,-0.0315,15,Left,142.81,-1,-1,UNKNOWN,None
176.15,135.212,2257.749,-2.174,5.376,60.47,-0.0315,15,Left,142.25,-1,-1,UNKNOWN,None
176.167,135.228,2258.029,-2.132,5.418,60.35,-0.0315,15,Left,141.97,-1,-1,UNKNOWN,None
176.184,135.244,2258.185,-2.109,5.441,60.29,-0.0315,15,Left,141.82,-1,-1,UNKNOWN,None
176.193,135.26,2258.496,-2.063,5.487,60.16,-0.0315,15,Left,141.5,-1,-1,UNKNOWN,None
176.221,135.276,2258.795,-2.02,5.53,60.04,-0.0315,15,Left,141.21,-1,-1,UNKNOWN,None
176.221,135.292,2259.026,-1.988,5.562,59.95,-0.0315,15,Left,140.97,-1,-1,UNKNOWN,None
176.247,135.308,2259.35,-1.943,5.607,59.81,-0.0327,15,Left,140.65,-1,-1,UNKNOWN,None
176.263,135.324,2259.487,-1.925,5.625,59.76,-0.0327,15,Left,140.51,-1,-1,UNKNOWN,None
176.272,135.339,2259.764,-1.888,5.662,59.65,-0.0327,15,Left,140.24,-1,-1,UNKNOWN,None
176.288,135.355,2260.037,-1.853,5.697,59.55,-0.0327,15,Left,139.96,-1,-1,UNKNOWN,None
176.316,135.371,2260.353,-1.813,5.737,59.46,-0.0327,15,Left,139.65,-1,-1,UNKNOWN,None
176.324,135.387,2260.626,-1.78,5.77,59.39,-0.0327,15,Left,139.37,-1,-1,UNKNOWN,None
176.35,135.407,2260.915,-1.746,5.804,59.33,-0.0327,15,Left,139.08,-1,-1,UNKNOWN,None
176.359,135.419,2261.059,-1.729,5.821,59.32,-0.0327,15,Left,138.94,-1,-1,UNKNOWN,None
176.378,135.435,2261.361,-1.695,5.855,59.29,-0.0327,15,Left,138.64,-1,-1,UNKNOWN,None
176.394,135.451,2261.634,-1.664,5.886,59.3,-0.0327,15,Left,138.37,-1,-1,UNKNOWN,None
176.403,135.467,2261.906,-1.635,5.915,59.33,-0.0327,15,Left,138.09,-1,-1,UNKNOWN,None
176.428,135.483,2262.18,-1.607,5.943,59.38,-0.0327,15,Left,137.82,-1,-1,UNKNOWN,None
176.436,135.499,2262.454,-1.579,5.971,59.45,-0.0327,15,Left,137.55,-1,-1,UNKNOWN,None
176.453,135.515,2262.728,-1.553,5.997,59.54,-0.0327,15,Left,137.27,-1,-1,UNKNOWN,None
176.469,135.531,2263.003,-1.527,6.023,59.65,-0.0327,15,Left,137.0,-1,-1,UNKNOWN,None
176.478,135.547,2263.14,-1.514,6.036,59.71,-0.0327,15,Left,136.86,-1,-1,UNKNOWN,None
176.503,135.563,2263.424,-1.489,6.061,59.84,-0.0327,15,Left,136.58,-1,-1,UNKNOWN,None
176.52,135.579,2263.7,-1.465,6.085,59.97,-0.0327,15,Left,136.3,-1,-1,UNKNOWN,None
176.528,135.595,2263.978,-1.442,6.108,60.12,-0.0327,15,Left,136.02,-1,-1,UNKNOWN,None
176.553,135.611,2264.256,-1.42,6.13,60.27,-0.0327,15,Left,135.74,-1,-1,UNKNOWN,None
176.561,135.627,2264.534,-1.399,6.151,60.42,-0.0327,15,Left,135.47,-1,-1,UNKNOWN,None
176.578,135.643,2264.814,-1.378,6.172,60.56,-0.0327,15,Left,135.19,-1,-1,UNKNOWN,None
176.604,135.659,2265.108,-1.358,6.192,60.69,-0.0327,15,Left,134.89,-1,-1,UNKNOWN,None
176.604,135.675,2265.274,-1.346,6.204,60.75,-0.0327,15,Left,134.73,-1,-1,UNKNOWN,None
176.623,135.695,2265.564,-1.328,6.222,60.86,-0.0327,15,Left,134.44,-1,-1,UNKNOWN,None
176.648,135.707,2265.846,-1.311,6.239,60.94,-0.0327,15,Left,134.15,-1,-1,UNKNOWN,None
176.664,135.723,2266.128,-1.294,6.256,60.99,-0.0325,15,Left,133.87,-1,-1,UNKNOWN,None
176.681,135.739,2266.41,-1.279,6.271,61.03,-0.0325,15,Left,133.59,-1,-1,UNKNOWN,None
176.698,135.755,2266.692,-1.264,6.286,61.05,-0.0325,15,Left,133.31,-1,-1,UNKNOWN,None
176.706,135.771,2266.975,-1.251,6.299,61.04,-0.0325,15,Left,133.03,-1,-1,UNKNOWN,None
176.731,135.788,2267.257,-1.238,6.312,61.01,-0.0325,15,Left,132.74,-1,-1,UNKNOWN,None
176.748,135.805,2267.542,-1.226,6.324,60.97,-0.0305,15,Left,132.46,-1,-1,UNKNOWN,None
176.756,135.82,2267.825,-1.215,6.335,60.92,-0.0305,15,Left,132.17,-1,-1,UNKNOWN,None
176.773,135.836,2268.107,-1.205,6.345,60.86,-0.0305,15,Left,131.89,-1,-1,UNKNOWN,None
176.79,135.852,2268.388,-1.196,6.354,60.79,-0.0305,15,Left,131.61,-1,-1,UNKNOWN,None
176.807,135.868,2268.683,-1.188,6.362,60.7,-0.0305,15,Left,131.32,-1,-1,UNKNOWN,None
176.815,135.884,2268.825,-1.184,6.366,60.66,-0.0305,15,Left,131.18,-1,-1,UNKNOWN,None
176.832,135.9,2269.105,-1.177,6.373,60.57,-0.0305,15,Left,130.89,-1,-1,UNKNOWN,None
176.849,135.915,2269.402,-1.171,6.379,60.47,-0.0305,15,Left,130.6,-1,-1,UNKNOWN,None
176.868,135.932,2269.716,-1.165,6.385,60.36,-0.0305,15,Left,130.28,-1,-1,UNKNOWN,None
176.886,135.948,2270.001,-1.162,6.388,60.26,-0.0305,15,Left,130.0,-1,-1,UNKNOWN,None
176.903,135.964,2270.156,-1.16,6.39,60.2,-0.0241,15,Left,129.84,-1,-1,UNKNOWN,None
176.923,135.98,2270.48,-1.157,6.393,60.08,-0.0241,15,Left,129.52,-1,-1,UNKNOWN,None
176.94,135.996,2270.77,-1.155,6.395,59.97,-0.0241,15,Left,129.23,-1,-1,UNKNOWN,None
176.949,136.012,2271.053,-1.154,6.396,59.86,-0.0241,15,Left,128.95,-1,-1,UNKNOWN,None
176.965,136.026,2271.33,-1.154,6.396,59.76,-0.0244,15,Left,128.67,-1,-1,UNKNOWN,None
176.99,136.044,2271.606,-1.154,6.396,59.66,-0.0247,15,Left,128.39,-1,-1,UNKNOWN,None
176.999,136.06,2271.75,-1.155,6.395,59.61,-0.0247,15,Left,128.25,-1,-1,UNKNOWN,None
177.017,136.076,2272.051,-1.157,6.393,59.52,-0.0251,15,Left,127.95,-1,-1,UNKNOWN,None
177.025,136.092,2272.326,-1.16,6.39,59.46,-0.0254,15,Left,127.67,-1,-1,UNKNOWN,None
177.051,136.108,2272.601,-1.163,6.387,59.41,-0.0258,15,Left,127.4,-1,-1,UNKNOWN,None
177.059,136.124,2272.876,-1.168,6.382,59.37,-0.026,15,Left,127.12,-1,-1,UNKNOWN,None
177.084,136.14,2273.153,-1.173,6.377,59.36,-0.0264,15,Left,126.85,-1,-1,UNKNOWN,None
177.092,136.156,2273.43,-1.179,6.371,59.37,-0.0264,15,Left,126.57,-1,-1,UNKNOWN,None
177.101,136.172,2273.567,-1.182,6.368,59.38,-0.0264,15,Left,126.43,-1,-1,UNKNOWN,None
177.118,136.188,2273.853,-1.189,6.361,59.43,-0.0264,15,Left,126.15,-1,-1,UNKNOWN,None
177.143,136.204,2274.266,-1.202,6.348,59.54,-0.0264,15,Left,125.73,-1,-1,UNKNOWN,None
177.151,136.22,2274.404,-1.206,6.344,59.59,-0.0264,15,Left,125.6,-1,-1,UNKNOWN,None
177.168,136.236,2274.68,-1.215,6.335,59.69,-0.026,15,Left,125.32,-1,-1,UNKNOWN,None
177.176,136.252,2274.818,-1.22,6.33,59.75,-0.0258,15,Left,125.18,-1,-1,UNKNOWN,None
177.21,136.268,2275.234,-1.236,6.314,59.94,-0.0255,15,Left,124.77,-1,-1,UNKNOWN,None
177.226,136.284,2275.511,-1.248,6.302,60.08,-0.0247,15,Left,124.49,-1,-1,UNKNOWN,None
177.226,136.3,2275.65,-1.254,6.296,60.15,-0.0247,15,Left,124.35,-1,-1,UNKNOWN,None
177.251,136.316,2276.069,-1.274,6.276,60.37,-0.0247,15,Left,123.93,-1,-1,UNKNOWN,None
177.26,136.331,2276.208,-1.281,6.269,60.44,-0.0247,15,Left,123.79,-1,-1,UNKNOWN,None
177.285,136.347,2276.629,-1.302,6.248,60.62,-0.0247,15,Left,123.37,-1,-1,UNKNOWN,None
177.293,136.363,2276.769,-1.31,6.24,60.67,-0.0247,15,Left,123.23,-1,-1,UNKNOWN,None
177.31,136.379,2277.05,-1.326,6.224,60.75,-0.0247,15,Left,122.95,-1,-1,UNKNOWN,None
177.326,136.395,2277.337,-1.342,6.208,60.81,-0.0119,15,Left,122.66,-1,-1,UNKNOWN,None
177.352,136.411,2277.618,-1.359,6.191,60.83,-0.0094,15,Left,122.38,-1,-1,UNKNOWN,None
177.368,136.427,2277.899,-1.377,6.173,60.84,-0.0094,15,Left,122.1,-1,-1,UNKNOWN,None
177.385,136.443,2278.18,-1.395,6.155,60.83,-0.0094,15,Left,121.82,-1,-1,UNKNOWN,None
177.385,136.459,2278.32,-1.404,6.146,60.82,-0.0094,15,Left,121.68,-1,-1,UNKNOWN,None
177.419,136.475,2278.758,-1.433,6.117,60.75,-0.0094,15,Left,121.24,-1,-1,UNKNOWN,None
177.436,136.491,2279.038,-1.452,6.098,60.7,0.0033,15,Left,120.96,-1,-1,UNKNOWN,None
177.446,136.507,2279.34,-1.473,6.077,60.63,0.0033,15,Left,120.66,-1,-1,UNKNOWN,None
177.454,136.523,2279.48,-1.483,6.067,60.59,0.0033,15,Left,120.52,-1,-1,UNKNOWN,None
177.471,136.539,2279.76,-1.502,6.048,60.52,0.0033,15,Left,120.24,-1,-1,UNKNOWN,None
177.487,136.554,2280.039,-1.522,6.028,60.44,0.0033,15,Left,119.96,-1,-1,UNKNOWN,None
177.504,136.571,2280.318,-1.542,6.008,60.35,0.0033,15,Left,119.68,-1,-1,UNKNOWN,None
177.529,136.587,2280.596,-1.563,5.987,60.26,0.0033,15,Left,119.4,-1,-1,UNKNOWN,None
177.529,136.603,2280.735,-1.573,5.977,60.21,0.0033,15,Left,119.27,-1,-1,UNKNOWN,None
177.546,136.619,2281.013,-1.594,5.956,60.11,0.0033,15,Left,118.99,-1,-1,UNKNOWN,None
177.571,136.635,2281.428,-1.625,5.925,59.96,0.0187,15,Left,118.57,-1,-1,UNKNOWN,None
177.596,136.651,2281.71,-1.645,5.905,59.86,0.0193,15,Left,118.29,-1,-1,UNKNOWN,None
177.596,136.667,2281.876,-1.658,5.892,59.8,0.0194,15,Left,118.12,-1,-1,UNKNOWN,None
177.614,136.683,2282.152,-1.678,5.872,59.71,0.0194,15,Left,117.85,-1,-1,UNKNOWN,None
177.631,136.699,2282.428,-1.698,5.852,59.64,0.0194,15,Left,117.57,-1,-1,UNKNOWN,None
177.656,136.715,2282.703,-1.718,5.832,59.57,0.0194,15,Left,117.3,-1,-1,UNKNOWN,None
177.656,136.731,2282.84,-1.727,5.823,59.55,0.0194,15,Left,117.16,-1,-1,UNKNOWN,None
177.689,136.747,2283.253,-1.757,5.793,59.5,0.0194,15,Left,116.75,-1,-1,UNKNOWN,None
177.698,136.763,2283.527,-1.776,5.774,59.49,0.0194,15,Left,116.47,-1,-1,UNKNOWN,None
177.714,136.777,2283.802,-1.795,5.755,59.5,0.0194,15,Left,116.2,-1,-1,UNKNOWN,None
177.733,136.795,2284.112,-1.816,5.734,59.54,0.0194,15,Left,115.89,-1,-1,UNKNOWN,None
177.75,136.812,2284.249,-1.825,5.725,59.57,0.0194,15,Left,115.75,-1,-1,UNKNOWN,None
177.77,136.828,2284.578,-1.847,5.703,59.66,0.0194,15,Left,115.42,-1,-1,UNKNOWN,None
177.786,136.844,2284.854,-1.864,5.686,59.75,0.0194,15,Left,115.15,-1,-1,UNKNOWN,None
177.803,136.861,2285.13,-1.882,5.668,59.86,0.0194,15,Left,114.87,-1,-1,UNKNOWN,None
177.82,136.876,2285.407,-1.899,5.651,59.99,0.0194,15,Left,114.59,-1,-1,UNKNOWN,None
177.836,136.892,2285.685,-1.916,5.634,60.12,0.0194,15,Left,114.32,-1,-1,UNKNOWN,None
177.847,136.909,2285.992,-1.934,5.616,60.28,0.0194,15,Left,114.01,-1,-1,UNKNOWN,None
177.863,136.924,2286.272,-1.95,5.6,60.42,0.0194,15,Left,113.73,-1,-1,UNKNOWN,None
177.88,136.94,2286.412,-1.958,5.592,60.49,0.0194,15,Left,113.59,-1,-1,UNKNOWN,None
177.897,136.956,2286.692,-1.973,5.577,60.61,0.0194,15,Left,113.31,-1,-1,UNKNOWN,None
177.913,136.972,2286.974,-1.989,5.561,60.72,0.0194,15,Left,113.03,-1,-1,UNKNOWN,None
177.923,136.988,2287.282,-2.005,5.545,60.81,0.0194,15,Left,112.72,-1,-1,UNKNOWN,None
177.94,137.004,2287.589,-2.02,5.53,60.88,0.0194,15,Left,112.41,-1,-1,UNKNOWN,None
177.958,137.02,2287.871,-2.033,5.517,60.91,0.0194,15,Left,112.13,-1,-1,UNKNOWN,None
177.975,137.036,2288.153,-2.046,5.504,60.91,0.0194,15,Left,111.85,-1,-1,UNKNOWN,None
177.983,137.052,2288.293,-2.053,5.497,60.9,0.0194,15,Left,111.71,-1,-1,UNKNOWN,None
178.008,137.068,2288.578,-2.065,5.485,60.88,0.0194,15,Left,111.42,-1,-1,UNKNOWN,None
178.025,137.084,2288.86,-2.077,5.473,60.84,0.0194,15,Left,111.14,-1,-1,UNKNOWN,None
178.033,137.1,2289.141,-2.088,5.462,60.78,0.0194,15,Left,110.86,-1,-1,UNKNOWN,None
178.05,137.116,2289.422,-2.099,5.451,60.72,0.0194,15,Left,110.58,-1,-1,UNKNOWN,None
178.075,137.132,2289.703,-2.109,5.441,60.65,0.0194,15,Left,110.3,-1,-1,UNKNOWN,None
178.092,137.148,2289.984,-2.119,5.431,60.57,0.0194,15,Left,110.02,-1,-1,UNKNOWN,None
178.1,137.164,2290.277,-2.128,5.422,60.49,0.0194,15,Left,109.72,-1,-1,UNKNOWN,None
178.119,137.18,2290.444,-2.133,5.417,60.43,0.0194,15,Left,109.56,-1,-1,UNKNOWN,None
178.136,137.196,2290.733,-2.142,5.408,60.34,0.0194,15,Left,109.27,-1,-1,UNKNOWN,None
178.155,137.212,2291.04,-2.15,5.4,60.23,0.0194,15,Left,108.96,-1,-1,UNKNOWN,None
178.164,137.228,2291.345,-2.158,5.392,60.12,0.0194,15,Left,108.65,-1,-1,UNKNOWN,None
178.173,137.244,2291.503,-2.162,5.388,60.07,0.0194,15,Left,108.5,-1,-1,UNKNOWN,None
178.201,137.26,2291.807,-2.168,5.382,59.95,0.0194,15,Left,108.19,-1,-1,UNKNOWN,None
178.218,137.276,2292.1,-2.174,5.376,59.84,0.0194,15,Left,107.9,-1,-1,UNKNOWN,None
178.227,137.292,2292.377,-2.179,5.371,59.74,0.0194,15,Left,107.62,-1,-1,UNKNOWN,None
178.252,137.308,2292.654,-2.184,5.366,59.65,0.0194,15,Left,107.35,-1,-1,UNKNOWN,None
178.261,137.324,2292.942,-2.188,5.362,59.56,0.0194,15,Left,107.06,-1,-1,UNKNOWN,None
178.278,137.339,2293.09,-2.189,5.361,59.52,0.0194,15,Left,106.91,-1,-1,UNKNOWN,None
178.286,137.355,2293.366,-2.192,5.358,59.45,0.0194,15,Left,106.63,-1,-1,UNKNOWN,None
178.312,137.371,2293.649,-2.195,5.355,59.4,0.0194,15,Left,106.35,-1,-1,UNKNOWN,None
178.329,137.387,2293.939,-2.197,5.353,59.37,0.0194,15,Left,106.06,-1,-1,UNKNOWN,None
178.339,137.403,2294.227,-2.198,5.352,59.36,0.019,15,Left,105.77,-1,-1,UNKNOWN,None
178.364,137.419,2294.508,-2.199,5.351,59.38,0.019,15,Left,105.49,-1,-1,UNKNOWN,None
178.373,137.435,2294.789,-2.199,5.351,59.42,0.0186,15,Left,105.21,-1,-1,UNKNOWN,None
178.39,137.451,2294.941,-2.199,5.351,59.45,0.0181,15,Left,105.06,-1,-1,UNKNOWN,None
178.39,137.467,2295.081,-2.199,5.351,59.49,0.0177,15,Left,104.92,-1,-1,UNKNOWN,None
178.409,137.483,2295.394,-2.198,5.352,59.58,0.0171,15,Left,104.61,-1,-1,UNKNOWN,None
178.434,137.499,2295.809,-2.196,5.354,59.74,0.0162,15,Left,104.19,-1,-1,UNKNOWN,None
178.459,137.514,2296.089,-2.193,5.357,59.86,0.0155,15,Left,103.91,-1,-1,UNKNOWN,None
178.476,137.531,2296.367,-2.191,5.359,60.0,0.0146,15,Left,103.63,-1,-1,UNKNOWN,None
178.484,137.547,2296.645,-2.188,5.362,60.15,0.0135,15,Left,103.35,-1,-1,UNKNOWN,None
178.501,137.563,2296.924,-2.184,5.366,60.3,0.0135,15,Left,103.08,-1,-1,UNKNOWN,None
178.518,137.58,2297.206,-2.18,5.37,60.45,0.0135,15,Left,102.79,-1,-1,UNKNOWN,None
178.535,137.595,2297.348,-2.178,5.372,60.52,0.0135,15,Left,102.65,-1,-1,UNKNOWN,None
178.543,137.609,2297.629,-2.173,5.377,60.65,0.0135,15,Left,102.37,-1,-1,UNKNOWN,None
178.56,137.627,2297.91,-2.168,5.382,60.76,0.0135,15,Left,102.09,-1,-1,UNKNOWN,None
178.576,137.643,2298.21,-2.162,5.388,60.85,0.0135,15,Left,101.79,-1,-1,UNKNOWN,None
178.596,137.659,2298.523,-2.155,5.395,60.9,0.0135,15,Left,101.48,-1,-1,UNKNOWN,None
178.613,137.675,2298.805,-2.149,5.401,60.92,0.0135,15,Left,101.2,-1,-1,UNKNOWN,None
178.629,137.691,2299.086,-2.142,5.408,60.92,0.0135,15,Left,100.91,-1,-1,UNKNOWN,None
178.646,137.71,2299.229,-2.138,5.412,60.91,0.0135,15,Left,100.77,-1,-1,UNKNOWN,None
178.663,137.724,2299.514,-2.13,5.42,60.88,0.0135,15,Left,100.49,-1,-1,UNKNOWN,None
178.68,137.739,2299.796,-2.122,5.428,60.84,0.0135,15,Left,100.2,-1,-1,UNKNOWN,None
178.688,137.755,2300.091,-2.113,5.437,60.78,0.0107,15,Left,99.91,-1,-1,UNKNOWN,None
178.706,137.771,2300.389,-2.104,5.446,60.71,0.0107,15,Left,99.61,-1,-1,UNKNOWN,None
178.723,137.787,2300.529,-2.099,5.451,60.68,0.0107,15,Left,99.47,-1,-1,UNKNOWN,None
178.732,137.804,2300.862,-2.088,5.462,60.59,0.0107,15,Left,99.14,-1,-1,UNKNOWN,None
178.76,137.82,2301.152,-2.078,5.472,60.5,0.0107,15,Left,98.85,-1,-1,UNKNOWN,None
178.779,137.834,2301.464,-2.066,5.484,60.4,0.0107,15,Left,98.54,-1,-1,UNKNOWN,None
178.779,137.852,2301.645,-2.06,5.49,60.34,0.0107,15,Left,98.36,-1,-1,UNKNOWN,None
178.808,137.868,2301.952,-2.048,5.502,60.24,0.0107,15,Left,98.05,-1,-1,UNKNOWN,None
178.816,137.884,2302.286,-2.034,5.516,60.12,0.0107,15,Left,97.71,-1,-1,UNKNOWN,None
178.828,137.9,2302.48,-2.026,5.524,60.05,0.0107,15,Left,97.52,-1,-1,UNKNOWN,None
178.848,137.916,2302.757,-2.015,5.535,59.95,0.0107,15,Left,97.24,-1,-1,UNKNOWN,None
178.873,137.932,2303.034,-2.003,5.547,59.85,0.0095,15,Left,96.97,-1,-1,UNKNOWN,None
178.89,137.948,2303.311,-1.99,5.56,59.75,0.0088,15,Left,96.69,-1,-1,UNKNOWN,None
178.898,137.964,2303.593,-1.977,5.573,59.66,0.0079,15,Left,96.41,-1,-1,UNKNOWN,None
178.924,137.98,2303.883,-1.964,5.586,59.57,0.0069,15,Left,96.12,-1,-1,UNKNOWN,None
178.933,137.998,2304.172,-1.95,5.6,59.5,0.006,15,Left,95.83,-1,-1,UNKNOWN,None
178.942,138.012,2304.312,-1.943,5.607,59.47,0.0049,15,Left,95.69,-1,-1,UNKNOWN,None
178.967,138.028,2304.726,-1.923,5.627,59.4,0.0042,15,Left,95.27,-1,-1,UNKNOWN,None
178.975,138.044,2304.864,-1.916,5.634,59.39,0.0037,15,Left,95.14,-1,-1,UNKNOWN,None
178.992,138.06,2305.138,-1.902,5.648,59.38,0.003,15,Left,94.86,-1,-1,UNKNOWN,None
179.017,138.076,2305.413,-1.888,5.662,59.4,0.0025,15,Left,94.59,-1,-1,UNKNOWN,None
179.025,138.092,2305.688,-1.873,5.677,59.43,0.0023,15,Left,94.31,-1,-1,UNKNOWN,None
179.05,138.108,2305.963,-1.859,5.691,59.49,0.0021,15,Left,94.04,-1,-1,UNKNOWN,None
179.059,138.124,2306.238,-1.844,5.706,59.57,0.0018,15,Left,93.76,-1,-1,UNKNOWN,None
179.084,138.138,2306.514,-1.829,5.721,59.67,0.0018,15,Left,93.49,-1,-1,UNKNOWN,None
179.084,138.156,2306.652,-1.822,5.728,59.73,0.0018,15,Left,93.35,-1,-1,UNKNOWN,None
179.117,138.172,2307.067,-1.799,5.751,59.91,0.0014,15,Left,92.93,-1,-1,UNKNOWN,None
179.125,138.186,2307.344,-1.784,5.766,60.05,0.0011,15,Left,92.66,-1,-1,UNKNOWN,None
179.142,138.204,2307.483,-1.776,5.774,60.12,0.0011,15,Left,92.52,-1,-1,UNKNOWN,None
179.159,138.22,2307.901,-1.753,5.797,60.34,0.0011,15,Left,92.1,-1,-1,UNKNOWN,None
179.167,138.236,2308.054,-1.744,5.806,60.41,0.0011,15,Left,91.95,-1,-1,UNKNOWN,None
179.193,138.252,2308.345,-1.728,5.822,60.54,0.0011,15,Left,91.65,-1,-1,UNKNOWN,None
179.21,138.268,2308.625,-1.712,5.838,60.65,0.0011,15,Left,91.37,-1,-1,UNKNOWN,None
179.227,138.284,2308.908,-1.695,5.855,60.73,0.0011,15,Left,91.09,-1,-1,UNKNOWN,None
179.244,138.3,2309.189,-1.679,5.871,60.78,0.0011,15,Left,90.81,-1,-1,UNKNOWN,None
179.252,138.314,2309.47,-1.663,5.887,60.8,0.0011,15,Left,90.53,-1,-1,UNKNOWN,None
179.269,138.331,2309.751,-1.646,5.904,60.79,0.0011,15,Left,90.25,-1,-1,UNKNOWN,None
179.285,138.347,2310.032,-1.63,5.92,60.77,-0.011,15,Left,89.97,-1,-1,UNKNOWN,None
179.302,138.363,2310.173,-1.622,5.928,60.76,-0.011,15,Left,89.83,-1,-1,UNKNOWN,None
179.319,138.379,2310.465,-1.605,5.945,60.72,-0.011,15,Left,89.53,-1,-1,UNKNOWN,None
179.339,138.395,2310.806,-1.586,5.964,60.65,-0.011,15,Left,89.19,-1,-1,UNKNOWN,None
179.356,138.411,2311.086,-1.57,5.98,60.58,-0.011,15,Left,88.91,-1,-1,UNKNOWN,None
179.365,138.427,2311.371,-1.554,5.996,60.51,-0.011,15,Left,88.63,-1,-1,UNKNOWN,None
179.382,138.443,2311.523,-1.546,6.004,60.47,-0.0116,15,Left,88.48,-1,-1,UNKNOWN,None
179.399,138.459,2311.812,-1.53,6.02,60.38,-0.0116,15,Left,88.19,-1,-1,UNKNOWN,None
179.399,138.475,2311.953,-1.522,6.028,60.34,-0.0116,15,Left,88.05,-1,-1,UNKNOWN,None
179.434,138.491,2312.393,-1.499,6.051,60.2,-0.0116,15,Left,87.61,-1,-1,UNKNOWN,None
179.443,138.507,2312.671,-1.484,6.066,60.1,-0.0116,15,Left,87.33,-1,-1,UNKNOWN,None
179.468,138.523,2312.948,-1.47,6.08,60.0,-0.0116,15,Left,87.05,-1,-1,UNKNOWN,None
179.476,138.539,2313.227,-1.455,6.095,59.9,-0.0116,15,Left,86.77,-1,-1,UNKNOWN,None
179.494,138.555,2313.519,-1.44,6.11,59.79,-0.0116,15,Left,86.48,-1,-1,UNKNOWN,None
179.502,138.571,2313.657,-1.433,6.117,59.74,-0.0116,15,Left,86.34,-1,-1,UNKNOWN,None
179.527,138.589,2314.07,-1.413,6.137,59.6,-0.0116,15,Left,85.93,-1,-1,UNKNOWN,None
179.544,138.603,2314.21,-1.406,6.144,59.56,-0.0116,15,Left,85.79,-1,-1,UNKNOWN,None
179.544,138.619,2314.347,-1.4,6.15,59.52,-0.0116,15,Left,85.65,-1,-1,UNKNOWN,None
179.577,138.635,2314.76,-1.38,6.17,59.42,-0.0116,15,Left,85.24,-1,-1,UNKNOWN,None
179.577,138.651,2314.897,-1.374,6.176,59.39,-0.0116,15,Left,85.1,-1,-1,UNKNOWN,None
179.602,138.667,2315.309,-1.355,6.195,59.34,-0.0119,15,Left,84.69,-1,-1,UNKNOWN,None
179.619,138.683,2315.446,-1.349,6.201,59.33,-0.0123,15,Left,84.55,-1,-1,UNKNOWN,None
179.64,138.699,2315.795,-1.334,6.216,59.33,-0.0127,15,Left,84.2,-1,-1,UNKNOWN,None
179.657,138.715,2316.07,-1.322,6.228,59.36,-0.0137,15,Left,83.93,-1,-1,UNKNOWN,None
179.673,138.731,2316.345,-1.311,6.239,59.41,-0.0149,15,Left,83.66,-1,-1,UNKNOWN,None
179.682,138.747,2316.62,-1.3,6.25,59.48,-0.0162,15,Left,83.38,-1,-1,UNKNOWN,None
179.707,138.767,2316.896,-1.29,6.26,59.58,-0.0177,15,Left,83.1,-1,-1,UNKNOWN,None
179.707,138.779,2317.036,-1.285,6.265,59.63,-0.019,15,Left,82.96,-1,-1,UNKNOWN,None
179.732,138.795,2317.453,-1.27,6.28,59.81,-0.0202,15,Left,82.55,-1,-1,UNKNOWN,None
179.757,138.812,2317.73,-1.261,6.289,59.94,-0.0213,15,Left,82.27,-1,-1,UNKNOWN,None
179.773,138.828,2318.008,-1.252,6.298,60.08,-0.0225,15,Left,81.99,-1,-1,UNKNOWN,None
179.782,138.844,2318.287,-1.244,6.306,60.23,-0.0235,15,Left,81.71,-1,-1,UNKNOWN,None
179.798,138.86,2318.566,-1.236,6.314,60.39,-0.0235,15,Left,81.43,-1,-1,UNKNOWN,None
179.815,138.876,2318.846,-1.228,6.322,60.54,-0.0235,15,Left,81.15,-1,-1,UNKNOWN,None
179.823,138.892,2318.987,-1.225,6.325,60.62,-0.0235,15,Left,81.01,-1,-1,UNKNOWN,None
179.85,138.908,2319.287,-1.218,6.332,60.76,-0.0235,15,Left,80.71,-1,-1,UNKNOWN,None
179.867,138.924,2319.58,-1.212,6.338,60.87,-0.0235,15,Left,80.42,-1,-1,UNKNOWN,None
179.867,138.94,2319.721,-1.209,6.341,60.92,-0.0235,15,Left,80.28,-1,-1,UNKNOWN,None
179.893,138.956,2320.185,-1.201,6.349,61.01,-0.0235,15,Left,79.81,-1,-1,UNKNOWN,None
179.911,138.972,2320.468,-1.196,6.354,61.03,-0.0235,15,Left,79.53,-1,-1,UNKNOWN,None
179.928,138.988,2320.609,-1.194,6.356,61.03,-0.0235,15,Left,79.39,-1,-1,UNKNOWN,None
179.936,139.004,2320.892,-1.191,6.359,61.02,-0.0235,15,Left,79.11,-1,-1,UNKNOWN,None
179.961,139.02,2321.176,-1.188,6.362,60.99,-0.0235,15,Left,78.82,-1,-1,UNKNOWN,None
179.978,139.035,2321.459,-1.186,6.364,60.94,-0.0235,15,Left,78.54,-1,-1,UNKNOWN,None
179.996,139.052,2321.762,-1.184,6.366,60.88,-0.0235,15,Left,78.24,-1,-1,UNKNOWN,None
180.004,139.068,2322.051,-1.183,6.367,60.81,-0.0235,15,Left,77.95,-1,-1,UNKNOWN,None
180.022,139.084,2322.344,-1.182,6.368,60.73,-0.0235,15,Left,77.66,-1,-1,UNKNOWN,None
180.039,139.1,2322.485,-1.182,6.368,60.69,-0.0235,15,Left,77.51,-1,-1,UNKNOWN,None
180.056,139.116,2322.769,-1.183,6.367,60.6,-0.0235,15,Left,77.23,-1,-1,UNKNOWN,None
180.072,139.132,2323.049,-1.184,6.366,60.51,-0.0235,15,Left,76.95,-1,-1,UNKNOWN,None
180.089,139.148,2323.337,-1.186,6.364,60.41,-0.0235,15,Left,76.66,-1,-1,UNKNOWN,None
180.089,139.164,2323.477,-1.187,6.363,60.36,-0.0235,15,Left,76.52,-1,-1,UNKNOWN,None
180.106,139.18,2323.756,-1.19,6.36,60.26,-0.0272,15,Left,76.24,-1,-1,UNKNOWN,None
180.141,139.196,2324.193,-1.196,6.354,60.1,-0.0272,15,Left,75.81,-1,-1,UNKNOWN,None
180.141,139.212,2324.447,-1.2,6.35,60.01,-0.0272,15,Left,75.55,-1,-1,UNKNOWN,None
180.156,139.23,2324.612,-1.203,6.347,59.94,-0.0272,15,Left,75.39,-1,-1,UNKNOWN,None
180.175,139.244,2324.923,-1.209,6.341,59.82,-0.026,15,Left,75.08,-1,-1,UNKNOWN,None
180.193,139.26,2325.214,-1.216,6.334,59.71,-0.026,15,Left,74.79,-1,-1,UNKNOWN,None
180.212,139.276,2325.521,-1.224,6.326,59.6,-0.0258,15,Left,74.48,-1,-1,UNKNOWN,None
180.229,139.292,2325.658,-1.227,6.323,59.56,-0.0255,15,Left,74.34,-1,-1,UNKNOWN,None
180.24,139.308,2326.043,-1.239,6.311,59.44,-0.0255,15,Left,73.96,-1,-1,UNKNOWN,None
180.269,139.324,2326.328,-1.248,6.302,59.37,-0.0248,15,Left,73.67,-1,-1,UNKNOWN,None
180.278,139.339,2326.603,-1.258,6.292,59.32,-0.0241,15,Left,73.4,-1,-1,UNKNOWN,None
180.286,139.355,2326.74,-1.263,6.287,59.3,-0.0232,15,Left,73.26,-1,-1,UNKNOWN,None
180.303,139.371,2327.014,-1.274,6.276,59.28,-0.0219,15,Left,72.99,-1,-1,UNKNOWN,None
180.319,139.387,2327.288,-1.285,6.265,59.28,-0.02,15,Left,72.71,-1,-1,UNKNOWN,None
180.336,139.403,2327.563,-1.297,6.253,59.3,-0.0177,15,Left,72.44,-1,-1,UNKNOWN,None
180.361,139.42,2327.837,-1.309,6.241,59.35,-0.0149,15,Left,72.16,-1,-1,UNKNOWN,None
180.369,139.435,2328.112,-1.322,6.228,59.42,-0.0123,15,Left,71.89,-1,-1,UNKNOWN,None
180.394,139.451,2328.387,-1.336,6.214,59.51,-0.0095,15,Left,71.61,-1,-1,UNKNOWN,None
180.411,139.468,2328.662,-1.35,6.2,59.61,-0.0069,15,Left,71.34,-1,-1,UNKNOWN,None
180.419,139.482,2328.801,-1.357,6.193,59.67,-0.0043,15,Left,71.2,-1,-1,UNKNOWN,None
180.444,139.499,2329.215,-1.378,6.172,59.87,-0.0024,15,Left,70.78,-1,-1,UNKNOWN,None
180.453,139.515,2329.501,-1.394,6.156,60.01,-0.0001,15,Left,70.5,-1,-1,UNKNOWN,None
180.462,139.531,2329.64,-1.401,6.149,60.09,-0.0001,15,Left,70.36,-1,-1,UNKNOWN,None
180.478,139.547,2329.918,-1.417,6.133,60.24,-0.0001,15,Left,70.08,-1,-1,UNKNOWN,None
180.495,139.563,2330.198,-1.433,6.117,60.38,-0.0001,15,Left,69.8,-1,-1,UNKNOWN,None
180.52,139.579,2330.477,-1.449,6.101,60.52,-0.0001,15,Left,69.52,-1,-1,UNKNOWN,None
180.528,139.595,2330.757,-1.465,6.085,60.65,0.0053,15,Left,69.24,-1,-1,UNKNOWN,None
180.545,139.611,2330.904,-1.473,6.077,60.71,0.0056,15,Left,69.1,-1,-1,UNKNOWN,None
180.554,139.627,2331.198,-1.491,6.059,60.84,0.0056,15,Left,68.8,-1,-1,UNKNOWN,None
180.582,139.643,2331.658,-1.518,6.032,61.01,0.0056,15,Left,68.34,-1,-1,UNKNOWN,None
180.59,139.659,2331.808,-1.527,6.023,61.06,0.0056,15,Left,68.19,-1,-1,UNKNOWN,None
180.616,139.675,2332.1,-1.545,6.005,61.14,0.0056,15,Left,67.9,-1,-1,UNKNOWN,None
180.633,139.691,2332.388,-1.562,5.988,61.19,0.0056,15,Left,67.61,-1,-1,UNKNOWN,None
180.65,139.707,2332.672,-1.579,5.971,61.21,0.0056,15,Left,67.33,-1,-1,UNKNOWN,None
180.65,139.723,2332.814,-1.588,5.962,61.21,0.0056,15,Left,67.19,-1,-1,UNKNOWN,None
180.683,139.74,2333.238,-1.614,5.936,61.19,0.0056,15,Left,66.76,-1,-1,UNKNOWN,None
180.691,139.755,2333.521,-1.631,5.919,61.15,0.0056,15,Left,66.48,-1,-1,UNKNOWN,None
180.708,139.771,2333.814,-1.649,5.901,61.1,0.0117,15,Left,66.19,-1,-1,UNKNOWN,None
180.725,139.787,2334.097,-1.666,5.884,61.04,0.013,15,Left,65.9,-1,-1,UNKNOWN,None
180.734,139.804,2334.244,-1.675,5.875,61.01,0.013,15,Left,65.76,-1,-1,UNKNOWN,None
180.751,139.82,2334.545,-1.693,5.857,60.95,0.013,15,Left,65.45,-1,-1,UNKNOWN,None
180.777,139.836,2334.831,-1.709,5.841,60.87,0.013,15,Left,65.17,-1,-1,UNKNOWN,None
180.786,139.852,2335.112,-1.726,5.824,60.79,0.013,15,Left,64.89,-1,-1,UNKNOWN,None
180.794,139.868,2335.253,-1.734,5.816,60.75,0.013,15,Left,64.75,-1,-1,UNKNOWN,None
180.828,139.884,2335.685,-1.758,5.792,60.61,0.013,15,Left,64.31,-1,-1,UNKNOWN,None
180.845,139.898,2335.965,-1.774,5.776,60.52,0.013,15,Left,64.04,-1,-1,UNKNOWN,None
180.853,139.916,2336.244,-1.789,5.761,60.42,0.013,15,Left,63.76,-1,-1,UNKNOWN,None
180.861,139.932,2336.384,-1.797,5.753,60.37,0.0158,15,Left,63.62,-1,-1,UNKNOWN,None
180.895,139.951,2336.805,-1.819,5.731,60.22,0.0158,15,Left,63.19,-1,-1,UNKNOWN,None
180.895,139.964,2336.944,-1.827,5.723,60.17,0.0158,15,Left,63.06,-1,-1,UNKNOWN,None
180.922,139.98,2337.263,-1.843,5.707,60.05,0.0158,15,Left,62.74,-1,-1,UNKNOWN,None
180.922,139.996,2337.401,-1.85,5.7,60.0,0.0158,15,Left,62.6,-1,-1,UNKNOWN,None
180.957,140.012,2337.837,-1.871,5.679,59.84,0.0158,15,Left,62.16,-1,-1,UNKNOWN,None
180.966,140.028,2338.127,-1.885,5.665,59.73,0.0158,15,Left,61.87,-1,-1,UNKNOWN,None
180.983,140.044,2338.405,-1.898,5.652,59.63,0.0158,15,Left,61.6,-1,-1,UNKNOWN,None
180.999,140.06,2338.543,-1.904,5.646,59.58,0.0158,15,Left,61.46,-1,-1,UNKNOWN,None
181.008,140.076,2338.818,-1.916,5.634,59.49,0.0158,15,Left,61.18,-1,-1,UNKNOWN,None
181.033,140.092,2339.093,-1.928,5.622,59.41,0.0158,15,Left,60.91,-1,-1,UNKNOWN,None
181.049,140.109,2339.367,-1.939,5.611,59.34,0.0155,15,Left,60.63,-1,-1,UNKNOWN,None
181.049,140.124,2339.505,-1.945,5.605,59.32,0.0152,15,Left,60.5,-1,-1,UNKNOWN,None
181.074,140.14,2339.916,-1.961,5.589,59.26,0.0148,15,Left,60.08,-1,-1,UNKNOWN,None
181.083,140.156,2340.053,-1.966,5.584,59.25,0.0139,15,Left,59.95,-1,-1,UNKNOWN,None
181.116,140.172,2340.464,-1.981,5.569,59.26,0.0126,15,Left,59.54,-1,-1,UNKNOWN,None
181.124,140.187,2340.738,-1.991,5.559,59.29,0.0111,15,Left,59.26,-1,-1,UNKNOWN,None
181.141,140.205,2341.018,-2.001,5.549,59.35,0.0097,15,Left,58.98,-1,-1,UNKNOWN,None
181.159,140.22,2341.172,-2.006,5.544,59.39,0.0076,15,Left,58.83,-1,-1,UNKNOWN,None
181.167,140.236,2341.449,-2.015,5.535,59.48,0.0058,15,Left,58.55,-1,-1,UNKNOWN,None
181.192,140.252,2341.726,-2.023,5.527,59.59,0.004,15,Left,58.27,-1,-1,UNKNOWN,None
181.209,140.268,2342.002,-2.032,5.518,59.71,0.0021,15,Left,58.0,-1,-1,UNKNOWN,None
181.209,140.284,2342.14,-2.036,5.514,59.77,0.0002,15,Left,57.86,-1,-1,UNKNOWN,None
181.242,140.301,2342.556,-2.049,5.501,59.98,-0.0017,15,Left,57.44,-1,-1,UNKNOWN,None
181.259,140.316,2342.834,-2.057,5.493,60.13,-0.0033,15,Left,57.17,-1,-1,UNKNOWN,None
181.27,140.331,2343.014,-2.062,5.488,60.24,-0.0047,15,Left,56.99,-1,-1,UNKNOWN,None
181.278,140.347,2343.303,-2.07,5.48,60.4,-0.0047,15,Left,56.7,-1,-1,UNKNOWN,None
181.304,140.363,2343.583,-2.078,5.472,60.57,-0.0047,15,Left,56.42,-1,-1,UNKNOWN,None
181.312,140.379,2343.87,-2.087,5.463,60.73,-0.0047,15,Left,56.13,-1,-1,UNKNOWN,None
181.329,140.395,2344.151,-2.094,5.456,60.86,-0.0047,15,Left,55.85,-1,-1,UNKNOWN,None
181.354,140.411,2344.433,-2.102,5.448,60.98,-0.0047,15,Left,55.57,-1,-1,UNKNOWN,None
181.363,140.427,2344.749,-2.111,5.439,61.08,-0.0047,15,Left,55.25,-1,-1,UNKNOWN,None
181.382,140.443,2345.039,-2.119,5.431,61.13,-0.0047,15,Left,54.96,-1,-1,UNKNOWN,None
181.399,140.46,2345.202,-2.123,5.427,61.15,-0.0047,15,Left,54.8,-1,-1,UNKNOWN,None
181.416,140.475,2345.487,-2.131,5.419,61.16,-0.0047,15,Left,54.51,-1,-1,UNKNOWN,None
181.425,140.491,2345.797,-2.14,5.41,61.15,-0.0047,15,Left,54.2,-1,-1,UNKNOWN,None
181.446,140.507,2345.988,-2.145,5.405,61.13,-0.0065,15,Left,54.01,-1,-1,UNKNOWN,None
181.446,140.523,2346.257,-2.152,5.398,61.09,-0.0065,15,Left,53.74,-1,-1,UNKNOWN,None
181.47,140.54,2346.539,-2.16,5.39,61.04,-0.0065,15,Left,53.46,-1,-1,UNKNOWN,None
181.487,140.555,2346.821,-2.168,5.382,60.98,-0.0065,15,Left,53.18,-1,-1,UNKNOWN,None
181.512,140.571,2347.103,-2.176,5.374,60.91,-0.0065,15,Left,52.9,-1,-1,UNKNOWN,None
181.529,140.587,2347.391,-2.184,5.366,60.84,-0.0065,15,Left,52.61,-1,-1,UNKNOWN,None
181.545,140.604,2347.672,-2.192,5.358,60.75,-0.0065,15,Left,52.33,-1,-1,UNKNOWN,None
181.545,140.619,2347.812,-2.196,5.354,60.71,-0.0052,15,Left,52.19,-1,-1,UNKNOWN,None
181.579,140.635,2348.233,-2.209,5.341,60.58,-0.0052,15,Left,51.77,-1,-1,UNKNOWN,None
181.595,140.651,2348.513,-2.217,5.333,60.49,-0.0052,15,Left,51.49,-1,-1,UNKNOWN,None
181.604,140.667,2348.82,-2.226,5.324,60.38,-0.0052,15,Left,51.18,-1,-1,UNKNOWN,None
181.624,140.683,2348.996,-2.232,5.318,60.32,-0.0052,15,Left,51.0,-1,-1,UNKNOWN,None
181.643,140.699,2349.316,-2.242,5.308,60.2,-0.0052,15,Left,50.68,-1,-1,UNKNOWN,None
181.643,140.716,2349.456,-2.246,5.304,60.15,-0.0052,15,Left,50.54,-1,-1,UNKNOWN,None
181.668,140.731,2349.873,-2.259,5.291,59.99,-0.0052,15,Left,50.13,-1,-1,UNKNOWN,None
181.685,140.747,2350.154,-2.268,5.282,59.89,0.0007,15,Left,49.85,-1,-1,UNKNOWN,None
181.694,140.763,2350.292,-2.272,5.278,59.83,0.0007,15,Left,49.71,-1,-1,UNKNOWN,None
181.71,140.779,2350.571,-2.281,5.269,59.73,0.0007,15,Left,49.43,-1,-1,UNKNOWN,None
181.735,140.795,2350.847,-2.29,5.26,59.64,0.0007,15,Left,49.15,-1,-1,UNKNOWN,None
181.735,140.812,2350.985,-2.295,5.255,59.6,0.0007,15,Left,49.01,-1,-1,UNKNOWN,None
181.769,140.828,2351.398,-2.308,5.242,59.49,0.0007,15,Left,48.6,-1,-1,UNKNOWN,None
181.777,140.845,2351.673,-2.317,5.233,59.44,0.0007,15,Left,48.33,-1,-1,UNKNOWN,None
181.802,140.859,2351.948,-2.326,5.224,59.41,0.0007,15,Left,48.05,-1,-1,UNKNOWN,None
181.81,140.876,2352.223,-2.335,5.215,59.4,0.0007,15,Left,47.78,-1,-1,UNKNOWN,None
181.835,140.892,2352.498,-2.344,5.206,59.41,0.0007,15,Left,47.5,-1,-1,UNKNOWN,None
181.846,140.908,2352.811,-2.355,5.195,59.45,0.0007,15,Left,47.19,-1,-1,UNKNOWN,None
181.871,140.924,2353.086,-2.364,5.186,59.51,0.0007,15,Left,46.91,-1,-1,UNKNOWN,None
181.879,140.94,2353.227,-2.369,5.181,59.54,0.0007,15,Left,46.77,-1,-1,UNKNOWN,None
181.896,140.957,2353.504,-2.378,5.172,59.63,0.0007,15,Left,46.5,-1,-1,UNKNOWN,None
181.905,140.972,2353.781,-2.387,5.163,59.74,0.0007,15,Left,46.22,-1,-1,UNKNOWN,None
181.93,140.988,2354.059,-2.397,5.153,59.86,0.0009,15,Left,45.94,-1,-1,UNKNOWN,None
181.938,141.004,2354.338,-2.406,5.144,59.99,0.0011,15,Left,45.66,-1,-1,UNKNOWN,None
181.946,141.02,2354.477,-2.411,5.139,60.06,0.0017,15,Left,45.52,-1,-1,UNKNOWN,None
181.981,141.036,2354.921,-2.426,5.124,60.3,0.0017,15,Left,45.08,-1,-1,UNKNOWN,None
181.991,141.052,2355.085,-2.431,5.119,60.39,0.0017,15,Left,44.92,-1,-1,UNKNOWN,None
182.008,141.068,2355.365,-2.441,5.109,60.53,0.004,15,Left,44.64,-1,-1,UNKNOWN,None
182.016,141.084,2355.645,-2.45,5.1,60.66,0.004,15,Left,44.35,-1,-1,UNKNOWN,None
182.034,141.1,2355.955,-2.461,5.089,60.8,0.004,15,Left,44.04,-1,-1,UNKNOWN,None
182.051,141.116,2356.237,-2.47,5.08,60.91,0.004,15,Left,43.76,-1,-1,UNKNOWN,None
182.068,141.132,2356.52,-2.479,5.071,60.99,0.004,15,Left,43.48,-1,-1,UNKNOWN,None
182.093,141.148,2356.802,-2.488,5.062,61.05,0.004,15,Left,43.2,-1,-1,UNKNOWN,None
182.101,141.165,2357.085,-2.498,5.052,61.08,0.004,15,Left,42.92,-1,-1,UNKNOWN,None
182.118,141.18,2357.367,-2.507,5.043,61.08,0.004,15,Left,42.63,-1,-1,UNKNOWN,None
182.143,141.197,2357.658,-2.516,5.034,61.06,0.0101,15,Left,42.34,-1,-1,UNKNOWN,None
182.152,141.212,2357.801,-2.52,5.03,61.05,0.0101,15,Left,42.2,-1,-1,UNKNOWN,None
182.168,141.228,2358.083,-2.529,5.021,61.01,0.0101,15,Left,41.92,-1,-1,UNKNOWN,None
182.168,141.244,2358.224,-2.533,5.017,60.99,0.0101,15,Left,41.78,-1,-1,UNKNOWN,None
182.203,141.26,2358.666,-2.546,5.004,60.9,0.0101,15,Left,41.33,-1,-1,UNKNOWN,None
182.221,141.275,2358.966,-2.555,4.995,60.82,0.0101,15,Left,41.03,-1,-1,UNKNOWN,None
182.221,141.293,2359.112,-2.559,4.991,60.78,0.0101,15,Left,40.89,-1,-1,UNKNOWN,None
182.239,141.308,2359.418,-2.567,4.983,60.69,0.0101,15,Left,40.58,-1,-1,UNKNOWN,None
182.256,141.324,2359.7,-2.575,4.975,60.61,0.0101,15,Left,40.3,-1,-1,UNKNOWN,None
182.284,141.339,2360.033,-2.584,4.966,60.5,0.0101,15,Left,39.97,-1,-1,UNKNOWN,None
182.301,141.354,2360.313,-2.591,4.959,60.41,0.0101,15,Left,39.69,-1,-1,UNKNOWN,None
182.301,141.371,2360.453,-2.594,4.956,60.36,0.0101,15,Left,39.55,-1,-1,UNKNOWN,None
182.326,141.387,2360.871,-2.604,4.946,60.22,0.0101,15,Left,39.13,-1,-1,UNKNOWN,None
182.351,141.404,2361.149,-2.611,4.939,60.11,0.0101,15,Left,38.85,-1,-1,UNKNOWN,Left_Broken
182.351,141.419,2361.289,-2.614,4.936,60.06,0.0101,15,Left,38.71,-1,-1,UNKNOWN,None
182.376,141.435,2361.566,-2.62,4.93,59.96,0.0101,15,Left,38.43,-1,-1,UNKNOWN,None
182.392,141.451,2361.843,-2.626,4.924,59.85,0.0097,15,Left,38.16,-1,-1,UNKNOWN,None
182.392,141.467,2361.982,-2.629,4.921,59.8,0.0092,15,Left,38.02,-1,-1,UNKNOWN,None
182.417,141.483,2362.396,-2.637,4.913,59.66,0.0081,15,Left,37.6,-1,-1,UNKNOWN,None
182.426,141.499,2362.534,-2.639,4.911,59.61,0.0068,15,Left,37.47,-1,-1,UNKNOWN,None
182.451,141.515,2362.948,-2.647,4.903,59.5,0.005,15,Left,37.05,-1,-1,UNKNOWN,None
182.476,141.531,2363.223,-2.652,4.898,59.44,0.0034,15,Left,36.78,-1,-1,UNKNOWN,None
182.492,141.547,2363.498,-2.656,4.894,59.4,0.0021,15,Left,36.5,-1,-1,UNKNOWN,None
182.501,141.563,2363.773,-2.661,4.889,59.37,0.0007,15,Left,36.23,-1,-1,UNKNOWN,None
182.517,141.579,2364.047,-2.665,4.885,59.37,-0.0002,15,Left,35.95,-1,-1,UNKNOWN,None
182.526,141.595,2364.185,-2.668,4.882,59.38,-0.0009,15,Left,35.82,-1,-1,UNKNOWN,None
182.551,141.611,2364.46,-2.672,4.878,59.41,-0.0012,15,Left,35.54,-1,-1,UNKNOWN,None
182.551,141.627,2364.597,-2.674,4.876,59.44,-0.0014,15,Left,35.4,-1,-1,UNKNOWN,None
182.584,141.643,2365.01,-2.68,4.87,59.55,-0.0014,15,Left,34.99,-1,-1,UNKNOWN,None
182.601,141.659,2365.291,-2.684,4.866,59.64,-0.0014,15,Left,34.71,-1,-1,UNKNOWN,Left_Broken
182.601,141.675,2365.429,-2.686,4.864,59.7,-0.0014,15,Left,34.57,-1,-1,UNKNOWN,None
182.626,141.691,2365.852,-2.693,4.857,59.88,-0.0014,15,Left,34.15,-1,-1,UNKNOWN,None
182.652,141.706,2366.146,-2.697,4.853,60.03,-0.0014,15,Left,33.85,-1,-1,UNKNOWN,None
182.661,141.723,2366.424,-2.701,4.849,60.17,-0.0014,15,Left,33.58,-1,-1,UNKNOWN,None
182.677,141.739,2366.703,-2.704,4.846,60.32,-0.0014,15,Left,33.3,-1,-1,UNKNOWN,None
182.686,141.755,2366.843,-2.706,4.844,60.39,-0.0014,15,Left,33.16,-1,-1,UNKNOWN,None
182.711,141.771,2367.123,-2.71,4.84,60.55,-0.0014,15,Left,32.88,-1,-1,UNKNOWN,None
182.723,141.787,2367.488,-2.715,4.835,60.75,-0.0014,15,Left,32.51,-1,-1,UNKNOWN,None
182.741,141.804,2367.778,-2.719,4.831,60.9,-0.0014,15,Left,32.22,-1,-1,UNKNOWN,None
182.758,141.821,2368.061,-2.723,4.827,61.05,-0.0014,15,Left,31.94,-1,-1,UNKNOWN,None
182.774,141.837,2368.344,-2.726,4.824,61.18,-0.0014,15,Left,31.66,-1,-1,UNKNOWN,None
182.783,141.852,2368.501,-2.728,4.822,61.26,-0.0014,15,Left,31.5,-1,-1,UNKNOWN,None
182.812,141.868,2368.84,-2.733,4.817,61.42,-0.0014,15,Left,31.16,-1,-1,UNKNOWN,None
182.829,141.884,2369.125,-2.737,4.813,61.55,-0.0014,15,Left,30.88,-1,-1,UNKNOWN,None
182.838,141.9,2369.426,-2.741,4.809,61.69,-0.0014,15,Left,30.57,-1,-1,UNKNOWN,None
182.846,141.916,2369.58,-2.743,4.807,61.76,-0.0014,15,Left,30.42,-1,-1,UNKNOWN,None
182.872,141.932,2369.872,-2.746,4.804,61.87,-0.0014,15,Left,30.13,-1,-1,UNKNOWN,None
182.889,141.948,2370.159,-2.75,4.8,61.95,-0.0014,15,Left,29.84,-1,-1,UNKNOWN,None
182.897,141.964,2370.448,-2.754,4.796,62.01,-0.0014,15,Left,29.55,-1,-1,UNKNOWN,None
182.914,141.984,2370.735,-2.758,4.792,62.04,-0.0014,15,Left,29.26,-1,-1,UNKNOWN,None
182.931,141.996,2371.022,-2.762,4.788,62.04,-0.0014,15,Left,28.98,-1,-1,UNKNOWN,None
182.953,142.012,2371.257,-2.765,4.785,62.03,-0.0014,15,Left,28.74,-1,-1,UNKNOWN,None
182.969,142.029,2371.544,-2.769,4.781,62.0,-0.0014,15,Left,28.46,-1,-1,UNKNOWN,None
182.986,142.044,2371.832,-2.773,4.777,61.95,-0.0014,15,Left,28.17,-1,-1,UNKNOWN,None
182.995,142.06,2372.138,-2.777,4.773,61.89,-0.0014,15,Left,27.86,-1,-1,UNKNOWN,None
183.012,142.076,2372.439,-2.782,4.768,61.82,-0.0014,15,Left,27.56,-1,-1,UNKNOWN,None
183.032,142.092,2372.615,-2.784,4.766,61.77,-0.0014,15,Left,27.39,-1,-1,UNKNOWN,None
183.04,142.108,2372.901,-2.788,4.762,61.69,-0.0014,15,Left,27.1,-1,-1,UNKNOWN,None
183.057,142.123,2373.186,-2.792,4.758,61.61,-0.0014,15,Left,26.81,-1,-1,UNKNOWN,None
183.073,142.14,2373.471,-2.796,4.754,61.52,-0.0014,15,Left,26.53,-1,-1,UNKNOWN,None
183.098,142.156,2373.755,-2.8,4.75,61.42,-0.0014,15,Left,26.24,-1,-1,UNKNOWN,None
183.107,142.172,2374.039,-2.805,4.745,61.32,-0.0014,15,Left,25.96,-1,-1,UNKNOWN,None
183.123,142.188,2374.323,-2.809,4.741,61.22,-0.0014,15,Left,25.68,-1,-1,UNKNOWN,None
183.14,142.204,2374.606,-2.813,4.737,61.12,-0.0014,15,Left,25.39,-1,-1,UNKNOWN,None
183.157,142.22,2374.747,-2.815,4.735,61.07,-0.0014,15,Left,25.25,-1,-1,UNKNOWN,None
183.171,142.236,2375.125,-2.821,4.729,60.92,-0.0014,15,Left,24.88,-1,-1,UNKNOWN,None
183.196,142.251,2375.406,-2.825,4.725,60.81,-0.0014,15,Left,24.59,-1,-1,UNKNOWN,None
183.204,142.266,2375.687,-2.83,4.72,60.71,-0.0014,15,Left,24.31,-1,-1,UNKNOWN,None
183.23,142.284,2375.99,-2.834,4.716,60.59,-0.0014,15,Left,24.01,-1,-1,UNKNOWN,None
183.239,142.3,2376.27,-2.839,4.711,60.49,-0.0014,15,Left,23.73,-1,-1,UNKNOWN,None
183.256,142.316,2376.42,-2.841,4.709,60.44,-0.0014,15,Left,23.58,-1,-1,UNKNOWN,None
183.273,142.331,2376.702,-2.846,4.704,60.34,-0.0014,15,Left,23.3,-1,-1,UNKNOWN,None
183.273,142.347,2376.842,-2.848,4.702,60.29,-0.0014,15,Left,23.16,-1,-1,UNKNOWN,None
183.289,142.363,2377.12,-2.853,4.697,60.18,-0.0014,15,Left,22.88,-1,-1,UNKNOWN,None
183.314,142.379,2377.558,-2.86,4.69,60.01,-0.0014,15,Left,22.44,-1,-1,UNKNOWN,None
183.324,142.395,2377.808,-2.864,4.686,59.92,-0.0014,15,Left,22.19,-1,-1,UNKNOWN,None
183.347,142.411,2378.085,-2.869,4.681,59.81,-0.0014,15,Left,21.91,-1,-1,UNKNOWN,None
183.364,142.427,2378.363,-2.873,4.677,59.71,-0.0012,15,Left,21.64,-1,-1,UNKNOWN,None
183.381,142.443,2378.639,-2.878,4.672,59.61,-0.0008,15,Left,21.36,-1,-1,UNKNOWN,None
183.397,142.459,2378.915,-2.883,4.667,59.52,0.0002,15,Left,21.08,-1,-1,UNKNOWN,None
183.406,142.475,2379.052,-2.885,4.665,59.48,0.0017,15,Left,20.95,-1,-1,UNKNOWN,None
183.431,142.491,2379.329,-2.89,4.66,59.41,0.0033,15,Left,20.67,-1,-1,UNKNOWN,None
183.447,142.507,2379.605,-2.895,4.655,59.36,0.0056,15,Left,20.39,-1,-1,UNKNOWN,None
183.464,142.523,2379.88,-2.899,4.651,59.33,0.0076,15,Left,20.12,-1,-1,UNKNOWN,None
183.481,142.539,2380.155,-2.903,4.647,59.31,0.0104,15,Left,19.85,-1,-1,UNKNOWN,None
183.501,142.556,2380.48,-2.908,4.642,59.32,0.013,15,Left,19.52,-1,-1,UNKNOWN,None
183.51,142.571,2380.64,-2.911,4.639,59.34,0.0158,15,Left,19.36,-1,-1,UNKNOWN,None
183.519,142.587,2380.932,-2.915,4.635,59.4,0.0181,15,Left,19.07,-1,-1,UNKNOWN,None
183.545,142.603,2381.208,-2.918,4.632,59.47,0.0203,15,Left,18.79,-1,-1,UNKNOWN,None
183.553,142.618,2381.483,-2.921,4.629,59.56,0.022,15,Left,18.52,-1,-1,UNKNOWN,None
183.57,142.635,2381.759,-2.924,4.626,59.67,0.0234,15,Left,18.24,-1,-1,UNKNOWN,None
183.595,142.651,2382.036,-2.926,4.624,59.79,0.0248,15,Left,17.96,-1,-1,UNKNOWN,None
183.611,142.667,2382.313,-2.928,4.622,59.92,0.0257,15,Left,17.69,-1,-1,UNKNOWN,None
183.621,142.683,2382.624,-2.93,4.62,60.08,0.026,15,Left,17.38,-1,-1,UNKNOWN,None
183.64,142.7,2382.789,-2.931,4.619,60.17,0.026,15,Left,17.21,-1,-1,UNKNOWN,None
183.656,142.714,2383.068,-2.932,4.618,60.32,0.026,15,Left,16.93,-1,-1,UNKNOWN,None
183.665,142.731,2383.349,-2.932,4.618,60.46,0.026,15,Left,16.65,-1,-1,UNKNOWN,None
183.682,142.747,2383.63,-2.932,4.618,60.59,0.026,15,Left,16.37,-1,-1,UNKNOWN,None
183.698,142.763,2383.966,-2.931,4.619,60.71,0.026,15,Left,16.03,-1,-1,UNKNOWN,None
183.71,142.779,2384.117,-2.93,4.62,60.76,0.026,15,Left,15.88,-1,-1,UNKNOWN,None
183.736,142.795,2384.4,-2.929,4.621,60.82,0.026,15,Left,15.6,-1,-1,UNKNOWN,None
183.744,142.812,2384.693,-2.927,4.623,60.86,0.026,15,Left,15.31,-1,-1,UNKNOWN,None
183.762,142.828,2385.005,-2.924,4.626,60.87,0.026,15,Left,15.0,-1,-1,UNKNOWN,None
183.781,142.844,2385.325,-2.92,4.63,60.86,0.026,15,Left,14.68,-1,-1,UNKNOWN,None
183.79,142.86,2385.47,-2.918,4.632,60.85,0.026,15,Left,14.53,-1,-1,UNKNOWN,None
183.807,142.876,2385.755,-2.914,4.636,60.82,0.026,15,Left,14.25,-1,-1,UNKNOWN,None
183.824,142.892,2386.036,-2.909,4.641,60.77,0.026,15,Left,13.96,-1,-1,UNKNOWN,None
183.843,142.908,2386.386,-2.902,4.648,60.69,0.026,15,Left,13.61,-1,-1,UNKNOWN,None
183.864,142.924,2386.565,-2.898,4.652,60.65,0.026,15,Left,13.44,-1,-1,UNKNOWN,None
183.881,142.94,2386.848,-2.891,4.659,60.57,0.026,15,Left,13.15,-1,-1,UNKNOWN,None
183.897,142.956,2387.128,-2.884,4.666,60.49,0.026,15,Left,12.87,-1,-1,UNKNOWN,None
183.914,142.972,2387.407,-2.875,4.675,60.41,0.026,15,Left,12.59,-1,-1,UNKNOWN,None
183.931,142.988,2387.686,-2.867,4.683,60.31,0.026,15,Left,12.31,-1,-1,UNKNOWN,None
183.94,143.004,2387.977,-2.857,4.693,60.21,0.026,15,Left,12.02,-1,-1,UNKNOWN,None
183.965,143.021,2388.268,-2.846,4.704,60.11,0.026,15,Left,11.73,-1,-1,UNKNOWN,None
183.974,143.036,2388.545,-2.836,4.714,60.01,0.0218,15,Left,11.45,-1,-1,UNKNOWN,None
183.99,143.053,2388.823,-2.824,4.726,59.91,0.0206,15,Left,11.18,-1,-1,UNKNOWN,None
184.015,143.068,2389.099,-2.813,4.737,59.82,0.0187,15,Left,10.9,-1,-1,UNKNOWN,None
184.015,143.084,2389.238,-2.806,4.744,59.77,0.0169,15,Left,10.76,-1,-1,UNKNOWN,None
184.032,143.1,2389.514,-2.794,4.756,59.69,0.0151,15,Left,10.49,-1,-1,UNKNOWN,None
184.057,143.117,2389.79,-2.781,4.769,59.63,0.0135,15,Left,10.21,-1,-1,UNKNOWN,None
184.074,143.133,2390.065,-2.767,4.783,59.58,0.0117,15,Left,9.93,-1,-1,UNKNOWN,Left_Broken
184.09,143.148,2390.341,-2.753,4.797,59.55,0.0107,15,Left,9.66,-1,-1,UNKNOWN,None
184.09,143.164,2390.478,-2.746,4.804,59.54,0.0097,15,Left,9.52,-1,-1,UNKNOWN,None
184.124,143.18,2390.891,-2.723,4.827,59.55,0.0088,15,Left,9.11,-1,-1,UNKNOWN,None
184.14,143.195,2391.167,-2.708,4.842,59.58,0.0081,15,Left,8.83,-1,-1,UNKNOWN,None
184.157,143.212,2391.442,-2.692,4.858,59.64,0.0076,15,Left,8.56,-1,-1,UNKNOWN,None
184.174,143.228,2391.718,-2.676,4.874,59.71,0.0069,15,Left,8.28,-1,-1,UNKNOWN,None
184.182,143.244,2391.994,-2.659,4.891,59.81,0.0065,15,Left,8.01,-1,-1,UNKNOWN,None
184.199,143.26,2392.271,-2.642,4.908,59.92,0.0062,15,Left,7.73,-1,-1,UNKNOWN,None
184.215,143.276,2392.41,-2.633,4.917,59.98,0.006,15,Left,7.59,-1,-1,UNKNOWN,None
184.232,143.292,2392.687,-2.615,4.935,60.11,0.0058,15,Left,7.31,-1,-1,UNKNOWN,None
184.249,143.308,2392.967,-2.597,4.953,60.25,0.0053,15,Left,7.03,-1,-1,UNKNOWN,None
184.265,143.324,2393.246,-2.579,4.971,60.4,0.0053,15,Left,6.75,-1,-1,UNKNOWN,None
184.274,143.339,2393.525,-2.56,4.99,60.55,0.0053,15,Left,6.47,-1,-1,UNKNOWN,None
184.29,143.355,2393.805,-2.541,5.009,60.69,0.0037,15,Left,6.19,-1,-1,UNKNOWN,None
184.315,143.372,2394.086,-2.521,5.029,60.82,0.0037,15,Left,5.91,-1,-1,UNKNOWN,None
184.324,143.388,2394.385,-2.501,5.049,60.95,0.0037,15,Left,5.62,-1,-1,UNKNOWN,None
184.343,143.403,2394.557,-2.488,5.062,61.02,0.0037,15,Left,5.44,-1,-1,UNKNOWN,Left_Broken
184.361,143.419,2394.864,-2.466,5.084,61.11,0.0005,15,Left,5.14,-1,-1,UNKNOWN,None
184.378,143.436,2395.147,-2.446,5.104,61.19,0.0005,15,Left,4.85,-1,-1,UNKNOWN,None
184.386,143.451,2395.429,-2.426,5.124,61.24,0.0005,15,Left,4.57,-1,-1,UNKNOWN,None
184.403,143.467,2395.712,-2.405,5.145,61.27,0.0005,15,Left,4.29,-1,-1,UNKNOWN,None
184.42,143.483,2395.995,-2.384,5.166,61.28,0.0005,15,Left,4.0,-1,-1,UNKNOWN,None
184.428,143.499,2396.139,-2.373,5.177,61.27,0.0005,15,Left,3.86,-1,-1,UNKNOWN,None
184.454,143.515,2396.569,-2.342,5.208,61.23,0.0005,15,Left,3.43,-1,-1,UNKNOWN,None
184.462,143.531,2396.72,-2.33,5.22,61.21,-0.0024,15,Left,3.28,-1,-1,UNKNOWN,None
184.489,143.547,2397.035,-2.307,5.243,61.15,-0.0024,15,Left,2.96,-1,-1,UNKNOWN,None
184.498,143.563,2397.317,-2.285,5.265,61.09,-0.0033,15,Left,2.68,-1,-1,UNKNOWN,None
184.514,143.579,2397.599,-2.264,5.286,61.02,-0.0033,15,Left,2.4,-1,-1,UNKNOWN,None
184.531,143.595,2397.88,-2.243,5.307,60.94,-0.0044,15,Left,2.12,-1,-1,UNKNOWN,None
184.548,143.611,2398.163,-2.222,5.328,60.86,-0.0044,15,Left,1.84,-1,-1,UNKNOWN,None
184.565,143.627,2398.446,-2.2,5.35,60.78,-0.0044,15,Left,1.55,-1,-1,UNKNOWN,None
184.573,143.643,2398.603,-2.188,5.362,60.73,-0.0044,15,Left,1.4,-1,-1,UNKNOWN,None
184.599,143.659,2398.884,-2.167,5.383,60.63,-0.0044,15,Left,1.12,-1,-1,UNKNOWN,None
184.607,143.675,2399.163,-2.146,5.404,60.54,-0.0044,15,Left,0.84,-1,-1,UNKNOWN,None
184.632,143.69,2399.442,-2.125,5.425,60.44,-0.0111,15,Left,0.56,-1,-1,UNKNOWN,None
184.641,143.707,2399.721,-2.105,5.445,60.34,-0.0111,15,Left,0.28,-1,-1,UNKNOWN,None
184.657,143.723,2399.999,-2.084,5.466,60.23,-0.0111,15,Left,0.0,-1,-1,UNKNOWN,None
184.683,143.74,2400.295,-2.062,5.488,60.12,-0.0111,16,Middle,149.71,-1,-1,UNKNOWN,None
184.7,143.754,2400.572,-2.042,5.508,60.01,-0.0111,16,Middle,149.43,-1,-1,UNKNOWN,None
184.7,143.771,2400.711,-2.032,5.518,59.96,-0.0111,16,Middle,149.29,-1,-1,UNKNOWN,None
184.726,143.787,2401.135,-2.002,5.548,59.79,-0.0145,16,Middle,148.86,-1,-1,UNKNOWN,None
184.743,143.804,2401.416,-1.982,5.568,59.69,-0.0145,16,Middle,148.58,-1,-1,UNKNOWN,None
184.759,143.82,2401.554,-1.972,5.578,59.64,-0.0145,16,Middle,148.45,-1,-1,UNKNOWN,None
184.768,143.836,2401.839,-1.953,5.597,59.54,-0.0145,16,Middle,148.16,-1,-1,UNKNOWN,None
184.777,143.852,2401.976,-1.943,5.607,59.5,-0.0145,16,Middle,148.02,-1,-1,UNKNOWN,None
184.804,143.869,2402.435,-1.913,5.637,59.38,-0.0145,16,Middle,147.56,-1,-1,UNKNOWN,None
184.813,143.887,2402.576,-1.903,5.647,59.36,-0.0145,16,Middle,147.42,-1,-1,UNKNOWN,None
184.83,143.9,2402.887,-1.883,5.667,59.32,-0.0145,16,Middle,147.11,-1,-1,UNKNOWN,None
184.858,143.916,2403.181,-1.864,5.686,59.3,-0.0145,16,Middle,146.82,-1,-1,UNKNOWN,None
184.858,143.932,2403.318,-1.855,5.695,59.3,-0.0145,16,Middle,146.68,-1,-1,UNKNOWN,None
184.883,143.948,2403.733,-1.829,5.721,59.34,-0.0145,16,Middle,146.27,-1,-1,UNKNOWN,None
184.9,143.964,2404.024,-1.812,5.738,59.4,-0.0145,16,Middle,145.98,-1,-1,UNKNOWN,None
184.919,143.98,2404.188,-1.802,5.748,59.44,-0.0145,16,Middle,145.81,-1,-1,UNKNOWN,None
184.936,143.996,2404.469,-1.785,5.765,59.53,-0.0139,16,Middle,145.53,-1,-1,UNKNOWN,None
184.936,144.012,2404.607,-1.777,5.773,59.58,-0.0135,16,Middle,145.39,-1,-1,UNKNOWN,None
184.965,144.028,2405.098,-1.75,5.8,59.79,-0.013,16,Middle,144.9,-1,-1,UNKNOWN,None
184.974,144.044,2405.249,-1.741,5.809,59.86,-0.0126,16,Middle,144.75,-1,-1,UNKNOWN,None
184.992,144.059,2405.533,-1.726,5.824,60.01,-0.0123,16,Middle,144.47,-1,-1,UNKNOWN,None
185.009,144.076,2405.811,-1.711,5.839,60.15,-0.0123,16,Middle,144.19,-1,-1,UNKNOWN,None
185.034,144.093,2406.09,-1.697,5.853,60.3,-0.0123,16,Middle,143.91,-1,-1,UNKNOWN,None
185.051,144.108,2406.369,-1.682,5.868,60.44,-0.0116,16,Middle,143.63,-1,-1,UNKNOWN,None
185.059,144.124,2406.649,-1.668,5.882,60.57,-0.0116,16,Middle,143.35,-1,-1,UNKNOWN,None
185.085,144.14,2406.941,-1.654,5.896,60.72,-0.0116,16,Middle,143.06,-1,-1,UNKNOWN,None
185.094,144.157,2407.248,-1.64,5.91,60.86,-0.0116,16,Middle,142.75,-1,-1,UNKNOWN,None
185.111,144.172,2407.389,-1.633,5.917,60.92,-0.0116,16,Middle,142.61,-1,-1,UNKNOWN,None
185.119,144.188,2407.671,-1.621,5.929,61.02,-0.0116,16,Middle,142.33,-1,-1,UNKNOWN,None
185.136,144.204,2407.954,-1.608,5.942,61.1,-0.0116,16,Middle,142.05,-1,-1,UNKNOWN,None
185.161,144.22,2408.237,-1.596,5.954,61.14,-0.0116,16,Middle,141.76,-1,-1,UNKNOWN,None
185.178,144.236,2408.519,-1.584,5.966,61.17,-0.0116,16,Middle,141.48,-1,-1,UNKNOWN,None
185.178,144.252,2408.661,-1.578,5.972,61.17,-0.0116,16,Middle,141.34,-1,-1,UNKNOWN,None
185.214,144.268,2409.135,-1.56,5.99,61.14,-0.0116,16,Middle,140.87,-1,-1,UNKNOWN,None
185.224,144.284,2409.3,-1.554,5.996,61.12,-0.0116,16,Middle,140.7,-1,-1,UNKNOWN,None
185.241,144.301,2409.587,-1.543,6.007,61.08,-0.0116,16,Middle,140.41,-1,-1,UNKNOWN,None
185.258,144.316,2409.881,-1.532,6.018,61.02,-0.0116,16,Middle,140.12,-1,-1,UNKNOWN,None
185.275,144.331,2410.166,-1.523,6.027,60.96,-0.0116,16,Middle,139.83,-1,-1,UNKNOWN,None
185.292,144.346,2410.448,-1.513,6.037,60.88,-0.0116,16,Middle,139.55,-1,-1,UNKNOWN,None
185.3,144.363,2410.729,-1.504,6.046,60.81,-0.0116,16,Middle,139.27,-1,-1,UNKNOWN,None
185.317,144.379,2411.01,-1.496,6.054,60.72,-0.0116,16,Middle,138.99,-1,-1,UNKNOWN,None
185.325,144.395,2411.154,-1.491,6.059,60.68,-0.0116,16,Middle,138.85,-1,-1,UNKNOWN,None
185.352,144.411,2411.459,-1.482,6.068,60.58,-0.0116,16,Middle,138.54,-1,-1,UNKNOWN,None
185.368,144.428,2411.744,-1.475,6.075,60.48,-0.0116,16,Middle,138.26,-1,-1,UNKNOWN,None
185.377,144.443,2412.023,-1.467,6.083,60.38,-0.0116,16,Middle,137.98,-1,-1,UNKNOWN,None
185.393,144.459,2412.302,-1.46,6.09,60.28,-0.0116,16,Middle,137.7,-1,-1,UNKNOWN,None
185.423,144.478,2412.656,-1.452,6.098,60.15,-0.0116,16,Middle,137.34,-1,-1,UNKNOWN,None
185.432,144.491,2412.81,-1.448,6.102,60.09,-0.0116,16,Middle,137.19,-1,-1,UNKNOWN,None
185.441,144.507,2413.091,-1.442,6.108,59.99,-0.0098,16,Middle,136.91,-1,-1,UNKNOWN,None
185.457,144.523,2413.368,-1.436,6.114,59.89,-0.0088,16,Middle,136.63,-1,-1,UNKNOWN,None
185.482,144.539,2413.645,-1.431,6.119,59.79,-0.0075,16,Middle,136.35,-1,-1,UNKNOWN,None
185.492,144.555,2413.936,-1.425,6.125,59.71,-0.0063,16,Middle,136.06,-1,-1,UNKNOWN,None
185.509,144.571,2414.229,-1.42,6.13,59.63,-0.0052,16,Middle,135.77,-1,-1,UNKNOWN,None
185.526,144.587,2414.367,-1.417,6.133,59.6,-0.0037,16,Middle,135.63,-1,-1,UNKNOWN,None
185.543,144.603,2414.643,-1.413,6.137,59.55,-0.0024,16,Middle,135.36,-1,-1,UNKNOWN,None
185.551,144.619,2414.941,-1.408,6.142,59.52,-0.0017,16,Middle,135.06,-1,-1,UNKNOWN,None
185.561,144.635,2415.079,-1.406,6.144,59.51,-0.0008,16,Middle,134.92,-1,-1,UNKNOWN,None
185.596,144.651,2415.522,-1.399,6.151,59.53,-0.0001,16,Middle,134.48,-1,-1,UNKNOWN,None
185.606,144.667,2415.69,-1.396,6.154,59.55,0.0005,16,Middle,134.31,-1,-1,UNKNOWN,None
185.624,144.683,2415.982,-1.392,6.158,59.61,0.0009,16,Middle,134.02,-1,-1,UNKNOWN,None
185.64,144.699,2416.26,-1.388,6.162,59.69,0.0009,16,Middle,133.74,-1,-1,UNKNOWN,None
185.657,144.715,2416.54,-1.385,6.165,59.79,0.0009,16,Middle,133.46,-1,-1,UNKNOWN,None
185.667,144.731,2416.833,-1.381,6.169,59.9,0.0009,16,Middle,133.17,-1,-1,UNKNOWN,None
185.684,144.747,2417.119,-1.377,6.173,60.03,0.0009,16,Middle,132.88,-1,-1,UNKNOWN,None
185.709,144.763,2417.397,-1.374,6.176,60.17,0.0009,16,Middle,132.6,-1,-1,UNKNOWN,None
185.717,144.779,2417.676,-1.37,6.18,60.3,0.0009,16,Middle,132.32,-1,-1,UNKNOWN,None
185.734,144.795,2417.955,-1.367,6.183,60.43,0.0009,16,Middle,132.04,-1,-1,UNKNOWN,None
185.75,144.812,2418.236,-1.364,6.186,60.54,0.0009,16,Middle,131.76,-1,-1,UNKNOWN,None
185.767,144.828,2418.516,-1.361,6.189,60.63,0.0009,16,Middle,131.48,-1,-1,UNKNOWN,None
185.784,144.844,2418.657,-1.359,6.191,60.67,0.0009,16,Middle,131.34,-1,-1,UNKNOWN,None
185.801,144.86,2418.95,-1.356,6.194,60.72,0.0009,16,Middle,131.05,-1,-1,UNKNOWN,None
185.818,144.876,2419.233,-1.353,6.197,60.74,0.0009,16,Middle,130.77,-1,-1,UNKNOWN,None
185.826,144.892,2419.514,-1.35,6.2,60.75,0.0009,16,Middle,130.49,-1,-1,UNKNOWN,None
185.844,144.908,2419.667,-1.348,6.202,60.74,0.0009,16,Middle,130.33,-1,-1,UNKNOWN,None
185.865,144.924,2420.033,-1.344,6.206,60.71,0.0009,16,Middle,129.97,-1,-1,UNKNOWN,None
185.882,144.941,2420.314,-1.341,6.209,60.67,0.0009,16,Middle,129.69,-1,-1,UNKNOWN,None
185.882,144.956,2420.454,-1.34,6.21,60.64,0.0009,16,Middle,129.55,-1,-1,UNKNOWN,None
185.916,144.973,2420.888,-1.335,6.215,60.54,0.0009,16,Middle,129.11,-1,-1,UNKNOWN,None
185.925,144.988,2421.177,-1.332,6.218,60.46,0.0009,16,Middle,128.82,-1,-1,UNKNOWN,None
185.942,145.004,2421.328,-1.331,6.219,60.42,0.0009,16,Middle,128.67,-1,-1,UNKNOWN,None
185.951,145.02,2421.619,-1.327,6.223,60.34,0.0009,16,Middle,128.38,-1,-1,UNKNOWN,None
185.976,145.036,2421.898,-1.325,6.225,60.25,0.0009,16,Middle,128.1,-1,-1,UNKNOWN,None
185.993,145.052,2422.18,-1.322,6.228,60.16,0.0009,16,Middle,127.82,-1,-1,UNKNOWN,None
186.006,145.068,2422.527,-1.318,6.232,60.04,0.0009,16,Middle,127.47,-1,-1,UNKNOWN,None
186.023,145.084,2422.813,-1.315,6.235,59.94,0.0009,16,Middle,127.19,-1,-1,UNKNOWN,None
186.031,145.107,2422.955,-1.313,6.237,59.89,0.0009,16,Middle,127.05,-1,-1,UNKNOWN,None
186.048,145.116,2423.231,-1.31,6.24,59.79,0.0009,16,Middle,126.77,-1,-1,UNKNOWN,None
186.073,145.132,2423.508,-1.307,6.243,59.69,0.0009,16,Middle,126.49,-1,-1,UNKNOWN,None
186.073,145.147,2423.646,-1.306,6.244,59.65,0.0009,16,Middle,126.35,-1,-1,UNKNOWN,None
186.111,145.164,2424.138,-1.301,6.249,59.51,0.0009,16,Middle,125.86,-1,-1,UNKNOWN,None
186.111,145.18,2424.276,-1.299,6.251,59.48,0.0009,16,Middle,125.72,-1,-1,UNKNOWN,None
186.136,145.196,2424.551,-1.296,6.254,59.43,0.0009,16,Middle,125.45,-1,-1,UNKNOWN,None
186.153,145.212,2424.826,-1.293,6.257,59.39,0.0009,16,Middle,125.17,-1,-1,UNKNOWN,None
186.169,145.228,2425.101,-1.29,6.26,59.37,0.0009,16,Middle,124.9,-1,-1,UNKNOWN,None
186.178,145.244,2425.376,-1.287,6.263,59.38,0.0009,16,Middle,124.62,-1,-1,UNKNOWN,None
186.186,145.26,2425.513,-1.285,6.265,59.39,0.0009,16,Middle,124.49,-1,-1,UNKNOWN,None
186.203,145.276,2425.788,-1.282,6.268,59.43,0.0009,16,Middle,124.21,-1,-1,UNKNOWN,None
186.236,145.292,2426.201,-1.278,6.272,59.54,0.0009,16,Middle,123.8,-1,-1,UNKNOWN,None
186.253,145.308,2426.478,-1.274,6.276,59.63,0.0009,16,Middle,123.52,-1,-1,UNKNOWN,None
186.269,145.323,2426.754,-1.271,6.279,59.74,0.0009,16,Middle,123.25,-1,-1,UNKNOWN,None
186.278,145.339,2427.031,-1.268,6.282,59.86,0.0009,16,Middle,122.97,-1,-1,UNKNOWN,None
186.294,145.355,2427.17,-1.266,6.284,59.93,0.0009,16,Middle,122.83,-1,-1,UNKNOWN,None
186.303,145.371,2427.448,-1.263,6.287,60.06,0.0009,16,Middle,122.55,-1,-1,UNKNOWN,None
186.328,145.387,2427.726,-1.26,6.29,60.21,0.0009,16,Middle,122.27,-1,-1,UNKNOWN,None
186.344,145.403,2428.006,-1.257,6.293,60.36,0.0009,16,Middle,121.99,-1,-1,UNKNOWN,None
186.353,145.419,2428.296,-1.253,6.297,60.5,0.0009,16,Middle,121.7,-1,-1,UNKNOWN,None
186.378,145.435,2428.577,-1.25,6.3,60.61,0.0009,16,Middle,121.42,-1,-1,UNKNOWN,None
186.388,145.451,2428.881,-1.246,6.304,60.71,0.0009,16,Middle,121.12,-1,-1,UNKNOWN,None
186.405,145.468,2429.175,-1.242,6.308,60.78,0.0009,16,Middle,120.83,-1,-1,UNKNOWN,None
186.422,145.483,2429.315,-1.241,6.309,60.8,0.0002,16,Middle,120.68,-1,-1,UNKNOWN,None
186.439,145.499,2429.599,-1.237,6.313,60.82,0.0002,16,Middle,120.4,-1,-1,UNKNOWN,None
186.456,145.515,2429.889,-1.233,6.317,60.82,-0.0018,16,Middle,120.11,-1,-1,UNKNOWN,None
186.473,145.531,2430.172,-1.23,6.32,60.81,-0.0018,16,Middle,119.83,-1,-1,UNKNOWN,None
186.481,145.548,2430.457,-1.227,6.323,60.78,-0.0018,16,Middle,119.54,-1,-1,UNKNOWN,None
186.506,145.562,2430.738,-1.223,6.327,60.73,-0.0018,16,Middle,119.26,-1,-1,UNKNOWN,None
186.515,145.579,2431.021,-1.22,6.33,60.67,-0.0018,16,Middle,118.98,-1,-1,UNKNOWN,None
186.533,145.595,2431.191,-1.218,6.332,60.63,-0.0018,16,Middle,118.81,-1,-1,UNKNOWN,None
186.553,145.611,2431.529,-1.214,6.336,60.55,-0.0139,16,Middle,118.47,-1,-1,UNKNOWN,None
186.553,145.627,2431.669,-1.212,6.338,60.51,-0.0139,16,Middle,118.33,-1,-1,UNKNOWN,None
186.562,145.643,2431.816,-1.211,6.339,60.47,-0.0139,16,Middle,118.18,-1,-1,UNKNOWN,None
186.598,145.659,2432.411,-1.206,6.344,60.29,-0.0139,16,Middle,117.59,-1,-1,UNKNOWN,None
186.616,145.675,2432.588,-1.204,6.346,60.23,-0.0139,16,Middle,117.41,-1,-1,UNKNOWN,None
186.625,145.691,2432.866,-1.202,6.348,60.14,-0.0139,16,Middle,117.13,-1,-1,UNKNOWN,None
186.633,145.707,2433.006,-1.202,6.348,60.09,-0.0139,16,Middle,116.99,-1,-1,UNKNOWN,None
186.658,145.723,2433.423,-1.199,6.351,59.94,-0.0139,16,Middle,116.58,-1,-1,UNKNOWN,None
186.675,145.739,2433.7,-1.198,6.352,59.84,-0.027,16,Middle,116.3,-1,-1,UNKNOWN,None
186.7,145.755,2433.981,-1.197,6.353,59.74,-0.027,16,Middle,116.02,-1,-1,UNKNOWN,None
186.708,145.772,2434.257,-1.197,6.353,59.65,-0.027,16,Middle,115.74,-1,-1,UNKNOWN,None
186.734,145.792,2434.541,-1.197,6.353,59.56,-0.027,16,Middle,115.46,-1,-1,UNKNOWN,None
186.742,145.806,2434.816,-1.198,6.352,59.49,-0.027,16,Middle,115.18,-1,-1,UNKNOWN,None
186.767,145.826,2435.092,-1.2,6.35,59.43,-0.027,16,Middle,114.91,-1,-1,UNKNOWN,None
186.767,145.838,2435.229,-1.2,6.35,59.41,-0.027,16,Middle,114.77,-1,-1,UNKNOWN,None
186.792,145.854,2435.642,-1.204,6.346,59.37,-0.027,16,Middle,114.36,-1,-1,UNKNOWN,None
186.809,145.87,2435.917,-1.206,6.344,59.37,-0.027,16,Middle,114.08,-1,-1,UNKNOWN,None
186.826,145.886,2436.054,-1.208,6.342,59.37,-0.027,16,Middle,113.95,-1,-1,UNKNOWN,None
186.834,145.902,2436.33,-1.212,6.338,59.41,-0.027,16,Middle,113.67,-1,-1,UNKNOWN,None
186.855,145.918,2436.533,-1.215,6.335,59.45,-0.0267,16,Middle,113.47,-1,-1,UNKNOWN,None
186.87,145.934,2436.941,-1.222,6.328,59.56,-0.0264,16,Middle,113.06,-1,-1,UNKNOWN,None
186.888,145.95,2437.229,-1.227,6.323,59.66,-0.0263,16,Middle,112.77,-1,-1,UNKNOWN,None
186.897,145.966,2437.385,-1.231,6.319,59.72,-0.026,16,Middle,112.62,-1,-1,UNKNOWN,None
186.923,145.982,2437.662,-1.237,6.313,59.85,-0.0255,16,Middle,112.34,-1,-1,UNKNOWN,None
186.939,145.999,2437.939,-1.244,6.306,59.98,-0.0254,16,Middle,112.06,-1,-1,UNKNOWN,None
186.956,146.014,2438.217,-1.252,6.298,60.12,-0.0251,16,Middle,111.78,-1,-1,UNKNOWN,None
186.964,146.03,2438.496,-1.26,6.29,60.27,-0.0251,16,Middle,111.5,-1,-1,UNKNOWN,None
186.981,146.046,2438.779,-1.269,6.281,60.42,-0.0251,16,Middle,111.22,-1,-1,UNKNOWN,None
187.006,146.062,2439.059,-1.279,6.271,60.56,-0.0251,16,Middle,110.94,-1,-1,UNKNOWN,None
187.023,146.078,2439.34,-1.289,6.261,60.68,-0.0251,16,Middle,110.66,-1,-1,UNKNOWN,None
187.04,146.094,2439.621,-1.3,6.25,60.77,-0.0251,16,Middle,110.38,-1,-1,UNKNOWN,None
187.048,146.11,2439.904,-1.312,6.238,60.84,-0.0251,16,Middle,110.1,-1,-1,UNKNOWN,None
187.056,146.126,2440.052,-1.318,6.232,60.86,-0.0251,16,Middle,109.95,-1,-1,UNKNOWN,None
187.083,146.143,2440.358,-1.332,6.218,60.88,-0.0251,16,Middle,109.64,-1,-1,UNKNOWN,None
187.083,146.158,2440.548,-1.341,6.209,60.88,-0.0165,16,Middle,109.45,-1,-1,UNKNOWN,None
187.115,146.174,2440.888,-1.358,6.192,60.87,-0.0165,16,Middle,109.11,-1,-1,UNKNOWN,None
187.124,146.19,2441.183,-1.373,6.177,60.84,-0.0165,16,Middle,108.82,-1,-1,UNKNOWN,None
187.141,146.206,2441.464,-1.388,6.162,60.79,-0.0165,16,Middle,108.54,-1,-1,UNKNOWN,None
187.158,146.222,2441.768,-1.405,6.145,60.73,-0.0165,16,Middle,108.23,-1,-1,UNKNOWN,None
187.176,146.239,2442.068,-1.422,6.128,60.66,-0.0005,16,Middle,107.93,-1,-1,UNKNOWN,None
187.193,146.255,2442.348,-1.438,6.112,60.59,0.0014,16,Middle,107.65,-1,-1,UNKNOWN,None
187.211,146.27,2442.511,-1.448,6.102,60.55,0.0014,16,Middle,107.49,-1,-1,UNKNOWN,None
187.229,146.287,2442.815,-1.466,6.084,60.47,0.0014,16,Middle,107.19,-1,-1,UNKNOWN,None
187.246,146.303,2443.104,-1.483,6.067,60.39,0.0014,16,Middle,106.9,-1,-1,UNKNOWN,None
187.256,146.317,2443.266,-1.493,6.057,60.34,0.0014,16,Middle,106.73,-1,-1,UNKNOWN,None
187.264,146.333,2443.544,-1.51,6.04,60.25,0.0014,16,Middle,106.46,-1,-1,UNKNOWN,None
187.289,146.35,2443.822,-1.528,6.022,60.15,0.0014,16,Middle,106.18,-1,-1,UNKNOWN,None
187.298,146.365,2444.108,-1.546,6.004,60.05,0.0014,16,Middle,105.89,-1,-1,UNKNOWN,None
187.323,146.381,2444.385,-1.564,5.986,59.96,0.004,16,Middle,105.62,-1,-1,UNKNOWN,None
187.323,146.397,2444.523,-1.573,5.977,59.91,0.004,16,Middle,105.48,-1,-1,UNKNOWN,None
187.349,146.414,2444.945,-1.601,5.949,59.76,0.0042,16,Middle,105.06,-1,-1,UNKNOWN,None
187.365,146.429,2445.222,-1.619,5.931,59.68,0.0042,16,Middle,104.78,-1,-1,UNKNOWN,None
187.382,146.445,2445.498,-1.637,5.913,59.61,0.0049,16,Middle,104.5,-1,-1,UNKNOWN,None
187.399,146.462,2445.778,-1.656,5.894,59.56,0.0056,16,Middle,104.22,-1,-1,UNKNOWN,None
187.416,146.478,2446.058,-1.675,5.875,59.52,0.0068,16,Middle,103.94,-1,-1,UNKNOWN,None
187.435,146.493,2446.227,-1.686,5.864,59.5,0.0081,16,Middle,103.77,-1,-1,UNKNOWN,None
187.449,146.509,2446.471,-1.703,5.847,59.49,0.0095,16,Middle,103.53,-1,-1,UNKNOWN,None
187.466,146.525,2446.746,-1.721,5.829,59.51,0.0109,16,Middle,103.25,-1,-1,UNKNOWN,None
187.483,146.541,2447.021,-1.739,5.811,59.54,0.0127,16,Middle,102.98,-1,-1,UNKNOWN,None
187.5,146.557,2447.299,-1.758,5.792,59.6,0.0146,16,Middle,102.7,-1,-1,UNKNOWN,None
187.5,146.573,2447.436,-1.767,5.783,59.64,0.0165,16,Middle,102.56,-1,-1,UNKNOWN,None
187.534,146.589,2447.868,-1.794,5.756,59.78,0.0181,16,Middle,102.13,-1,-1,UNKNOWN,None
187.544,146.605,2448.174,-1.814,5.736,59.91,0.0194,16,Middle,101.83,-1,-1,UNKNOWN,None
187.562,146.621,2448.327,-1.823,5.727,59.98,0.0203,16,Middle,101.67,-1,-1,UNKNOWN,None
187.578,146.637,2448.607,-1.841,5.709,60.11,0.0203,16,Middle,101.39,-1,-1,UNKNOWN,None
187.587,146.661,2448.885,-1.857,5.693,60.25,0.0203,16,Middle,101.11,-1,-1,UNKNOWN,None
187.603,146.667,2449.164,-1.874,5.676,60.39,0.0203,16,Middle,100.84,-1,-1,UNKNOWN,None
187.612,146.685,2449.334,-1.884,5.666,60.48,0.0203,16,Middle,100.67,-1,-1,UNKNOWN,None
187.622,146.701,2449.551,-1.896,5.654,60.57,0.0203,16,Middle,100.45,-1,-1,UNKNOWN,None
187.652,146.717,2449.972,-1.92,5.63,60.73,0.0203,16,Middle,100.03,-1,-1,UNKNOWN,None
187.668,146.733,2450.253,-1.935,5.615,60.79,0.0203,16,Middle,99.75,-1,-1,UNKNOWN,None
187.685,146.749,2450.538,-1.95,5.6,60.83,0.0203,16,Middle,99.46,-1,-1,UNKNOWN,None
187.702,146.765,2450.819,-1.964,5.586,60.84,0.0203,16,Middle,99.18,-1,-1,UNKNOWN,None
187.718,146.781,2451.1,-1.978,5.572,60.84,0.0203,16,Middle,98.9,-1,-1,UNKNOWN,None
187.735,146.797,2451.382,-1.992,5.558,60.81,0.0203,16,Middle,98.62,-1,-1,UNKNOWN,None
187.76,146.814,2451.663,-2.005,5.545,60.77,0.0203,16,Middle,98.34,-1,-1,UNKNOWN,None
187.777,146.83,2451.945,-2.017,5.533,60.71,0.0203,16,Middle,98.06,-1,-1,UNKNOWN,None
187.777,146.846,2452.085,-2.023,5.527,60.68,0.0203,16,Middle,97.91,-1,-1,UNKNOWN,None
187.794,146.862,2452.372,-2.035,5.515,60.61,0.0132,16,Middle,97.63,-1,-1,UNKNOWN,None
187.819,146.878,2452.652,-2.047,5.503,60.53,0.0132,16,Middle,97.35,-1,-1,UNKNOWN,None
187.836,146.894,2452.932,-2.058,5.492,60.45,0.0132,16,Middle,97.07,-1,-1,UNKNOWN,None
187.852,146.91,2453.211,-2.068,5.482,60.37,0.0132,16,Middle,96.79,-1,-1,UNKNOWN,None
187.852,146.926,2453.351,-2.074,5.476,60.32,0.0132,16,Middle,96.65,-1,-1,UNKNOWN,None
187.886,146.942,2453.769,-2.088,5.462,60.18,0.0132,16,Middle,96.23,-1,-1,UNKNOWN,None
187.894,146.958,2454.047,-2.098,5.452,60.09,0.0132,16,Middle,95.95,-1,-1,UNKNOWN,None
187.919,146.974,2454.325,-2.107,5.443,59.98,0.0132,16,Middle,95.68,-1,-1,UNKNOWN,None
187.927,146.99,2454.623,-2.116,5.434,59.88,0.0014,16,Middle,95.38,-1,-1,UNKNOWN,None
187.937,147.006,2454.769,-2.12,5.43,59.82,0.0009,16,Middle,95.23,-1,-1,UNKNOWN,None
187.946,147.022,2454.907,-2.124,5.426,59.77,0.0007,16,Middle,95.09,-1,-1,UNKNOWN,None
187.979,147.038,2455.322,-2.137,5.413,59.64,0.0007,16,Middle,94.68,-1,-1,UNKNOWN,None
187.987,147.054,2455.597,-2.144,5.406,59.56,0.0007,16,Middle,94.4,-1,-1,UNKNOWN,None
188.012,147.071,2455.873,-2.152,5.398,59.5,0.0007,16,Middle,94.13,-1,-1,UNKNOWN,None
188.029,147.086,2456.148,-2.159,5.391,59.45,0.0007,16,Middle,93.85,-1,-1,UNKNOWN,None
188.037,147.102,2456.425,-2.166,5.384,59.42,0.0007,16,Middle,93.58,-1,-1,UNKNOWN,None
188.063,147.117,2456.701,-2.173,5.377,59.41,0.0007,16,Middle,93.3,-1,-1,UNKNOWN,None
188.079,147.134,2456.977,-2.18,5.37,59.42,0.0007,16,Middle,93.02,-1,-1,UNKNOWN,None
188.088,147.15,2457.264,-2.187,5.363,59.46,0.0009,16,Middle,92.74,-1,-1,UNKNOWN,None
188.097,147.166,2457.402,-2.19,5.36,59.49,0.0009,16,Middle,92.6,-1,-1,UNKNOWN,None
188.113,147.182,2457.677,-2.196,5.354,59.56,0.0011,16,Middle,92.32,-1,-1,UNKNOWN,None
188.138,147.198,2457.954,-2.202,5.348,59.65,0.0011,16,Middle,92.05,-1,-1,UNKNOWN,None
188.155,147.214,2458.23,-2.208,5.342,59.76,0.0014,16,Middle,91.77,-1,-1,UNKNOWN,None
188.172,147.23,2458.509,-2.214,5.336,59.88,0.0017,16,Middle,91.49,-1,-1,UNKNOWN,None
188.172,147.246,2458.648,-2.217,5.333,59.94,0.0021,16,Middle,91.35,-1,-1,UNKNOWN,None
188.197,147.262,2459.071,-2.225,5.325,60.16,0.0023,16,Middle,90.93,-1,-1,UNKNOWN,None
188.222,147.278,2459.356,-2.231,5.319,60.31,0.0023,16,Middle,90.64,-1,-1,UNKNOWN,None
188.239,147.294,2459.64,-2.237,5.313,60.46,0.0023,16,Middle,90.36,-1,-1,UNKNOWN,None
188.248,147.31,2459.925,-2.242,5.308,60.6,0.0023,16,Middle,90.07,-1,-1,UNKNOWN,None
188.265,147.326,2460.209,-2.247,5.303,60.72,0.0042,16,Middle,89.79,-1,-1,UNKNOWN,None
188.282,147.34,2460.353,-2.25,5.3,60.78,0.0042,16,Middle,89.65,-1,-1,UNKNOWN,None
188.299,147.358,2460.654,-2.255,5.295,60.89,0.0042,16,Middle,89.35,-1,-1,UNKNOWN,None
188.299,147.373,2460.884,-2.259,5.291,60.96,0.0042,16,Middle,89.12,-1,-1,UNKNOWN,None
188.33,147.389,2461.167,-2.264,5.286,61.02,0.0042,16,Middle,88.83,-1,-1,UNKNOWN,None
188.347,147.405,2461.462,-2.269,5.281,61.05,0.0042,16,Middle,88.54,-1,-1,UNKNOWN,None
188.364,147.421,2461.752,-2.273,5.277,61.05,0.0069,16,Middle,88.25,-1,-1,UNKNOWN,None
188.381,147.437,2462.035,-2.277,5.273,61.04,0.0069,16,Middle,87.97,-1,-1,UNKNOWN,None
188.392,147.453,2462.356,-2.282,5.268,61.01,0.0069,16,Middle,87.64,-1,-1,UNKNOWN,None
188.4,147.469,2462.498,-2.284,5.266,60.99,0.0069,16,Middle,87.5,-1,-1,UNKNOWN,None
188.417,147.485,2462.78,-2.288,5.262,60.94,0.0069,16,Middle,87.22,-1,-1,UNKNOWN,None
188.442,147.501,2463.062,-2.292,5.258,60.87,0.0069,16,Middle,86.94,-1,-1,UNKNOWN,None
188.45,147.518,2463.344,-2.295,5.255,60.8,0.0069,16,Middle,86.66,-1,-1,UNKNOWN,None
188.476,147.534,2463.634,-2.299,5.251,60.72,0.0069,16,Middle,86.37,-1,-1,UNKNOWN,None
188.484,147.549,2463.915,-2.302,5.248,60.64,0.0069,16,Middle,86.09,-1,-1,UNKNOWN,None
188.509,147.565,2464.195,-2.305,5.245,60.55,0.0069,16,Middle,85.8,-1,-1,UNKNOWN,None
188.526,147.581,2464.475,-2.308,5.242,60.45,0.0069,16,Middle,85.52,-1,-1,UNKNOWN,None
188.542,147.597,2464.755,-2.311,5.239,60.36,0.0069,16,Middle,85.25,-1,-1,UNKNOWN,None
188.559,147.613,2465.034,-2.314,5.236,60.26,0.006,16,Middle,84.97,-1,-1,UNKNOWN,None
188.567,147.629,2465.312,-2.316,5.234,60.16,0.006,16,Middle,84.69,-1,-1,UNKNOWN,None
188.576,147.645,2465.471,-2.317,5.233,60.1,0.006,16,Middle,84.53,-1,-1,UNKNOWN,None
188.593,147.661,2465.751,-2.32,5.23,60.0,0.006,16,Middle,84.25,-1,-1,UNKNOWN,None
188.61,147.678,2466.028,-2.322,5.228,59.9,0.006,16,Middle,83.97,-1,-1,UNKNOWN,None
188.635,147.693,2466.31,-2.324,5.226,59.8,0.006,16,Middle,83.69,-1,-1,UNKNOWN,None
188.644,147.709,2466.586,-2.325,5.225,59.71,0.006,16,Middle,83.41,-1,-1,UNKNOWN,None
188.652,147.725,2466.724,-2.326,5.224,59.66,0.006,16,Middle,83.28,-1,-1,UNKNOWN,None
188.686,147.742,2467.144,-2.328,5.222,59.53,0.006,16,Middle,82.86,-1,-1,UNKNOWN,None
188.702,147.757,2467.419,-2.33,5.22,59.46,0.006,16,Middle,82.58,-1,-1,UNKNOWN,None
188.711,147.772,2467.562,-2.33,5.22,59.43,0.006,16,Middle,82.44,-1,-1,UNKNOWN,None
188.719,147.789,2467.836,-2.331,5.219,59.38,0.006,16,Middle,82.16,-1,-1,UNKNOWN,None
188.744,147.806,2468.249,-2.332,5.218,59.35,0.006,16,Middle,81.75,-1,-1,UNKNOWN,None
188.761,147.822,2468.386,-2.332,5.218,59.34,0.006,16,Middle,81.61,-1,-1,UNKNOWN,None
188.778,147.839,2468.661,-2.333,5.217,59.36,0.006,16,Middle,81.34,-1,-1,UNKNOWN,None
188.794,147.854,2468.937,-2.333,5.217,59.39,0.006,16,Middle,81.06,-1,-1,UNKNOWN,None
188.811,147.87,2469.212,-2.333,5.217,59.45,0.006,16,Middle,80.79,-1,-1,UNKNOWN,None
188.819,147.887,2469.487,-2.333,5.217,59.53,0.006,16,Middle,80.51,-1,-1,UNKNOWN,None
188.844,147.903,2469.763,-2.333,5.217,59.63,0.006,16,Middle,80.24,-1,-1,UNKNOWN,None
188.844,147.918,2469.901,-2.333,5.217,59.68,0.006,16,Middle,80.1,-1,-1,UNKNOWN,None
188.878,147.934,2470.317,-2.332,5.218,59.86,0.006,16,Middle,79.68,-1,-1,UNKNOWN,None
188.886,147.95,2470.595,-2.331,5.219,60.0,0.006,16,Middle,79.41,-1,-1,UNKNOWN,None
188.903,147.966,2470.873,-2.33,5.22,60.15,0.006,16,Middle,79.13,-1,-1,UNKNOWN,None
188.919,147.982,2471.152,-2.329,5.221,60.29,0.006,16,Middle,78.85,-1,-1,UNKNOWN,None
188.936,147.998,2471.432,-2.328,5.222,60.42,0.006,16,Middle,78.57,-1,-1,UNKNOWN,None
188.944,148.014,2471.572,-2.327,5.223,60.48,0.006,16,Middle,78.43,-1,-1,UNKNOWN,None
188.961,148.03,2471.852,-2.326,5.224,60.6,0.006,16,Middle,78.15,-1,-1,UNKNOWN,None
188.978,148.046,2472.133,-2.324,5.226,60.7,0.006,16,Middle,77.87,-1,-1,UNKNOWN,None
189.003,148.063,2472.414,-2.322,5.228,60.78,0.006,16,Middle,77.59,-1,-1,UNKNOWN,None
189.02,148.078,2472.71,-2.32,5.23,60.84,0.006,16,Middle,77.29,-1,-1,UNKNOWN,None
189.03,148.094,2473.03,-2.318,5.232,60.87,0.0037,16,Middle,76.97,-1,-1,UNKNOWN,None
189.039,148.11,2473.191,-2.317,5.233,60.88,0.0025,16,Middle,76.81,-1,-1,UNKNOWN,None
189.065,148.126,2473.473,-2.314,5.236,60.88,0.0025,16,Middle,76.53,-1,-1,UNKNOWN,None
189.074,148.142,2473.755,-2.312,5.238,60.87,0.0025,16,Middle,76.25,-1,-1,UNKNOWN,None
189.099,148.158,2474.037,-2.309,5.241,60.84,0.0025,16,Middle,75.96,-1,-1,UNKNOWN,None
189.107,148.174,2474.318,-2.306,5.244,60.79,-0.0021,16,Middle,75.68,-1,-1,UNKNOWN,None
189.124,148.191,2474.599,-2.304,5.246,60.74,-0.0021,16,Middle,75.4,-1,-1,UNKNOWN,None
189.149,148.206,2474.881,-2.301,5.249,60.68,-0.0021,16,Middle,75.12,-1,-1,UNKNOWN,None
189.157,148.222,2475.162,-2.298,5.252,60.6,-0.0065,16,Middle,74.84,-1,-1,UNKNOWN,None
189.174,148.238,2475.442,-2.296,5.254,60.53,-0.0065,16,Middle,74.56,-1,-1,UNKNOWN,None
189.199,148.254,2475.722,-2.293,5.257,60.44,-0.0065,16,Middle,74.28,-1,-1,UNKNOWN,None
189.208,148.27,2475.88,-2.292,5.258,60.4,-0.0104,16,Middle,74.12,-1,-1,UNKNOWN,None
189.23,148.285,2476.249,-2.288,5.262,60.28,-0.0111,16,Middle,73.75,-1,-1,UNKNOWN,None
189.248,148.302,2476.539,-2.286,5.264,60.19,-0.0111,16,Middle,73.46,-1,-1,UNKNOWN,None
189.248,148.318,2476.697,-2.285,5.265,60.14,-0.0111,16,Middle,73.3,-1,-1,UNKNOWN,None
189.257,148.333,2476.836,-2.284,5.266,60.09,-0.0111,16,Middle,73.16,-1,-1,UNKNOWN,None
189.291,148.349,2477.263,-2.281,5.269,59.95,-0.0111,16,Middle,72.74,-1,-1,UNKNOWN,None
189.308,148.365,2477.552,-2.279,5.271,59.84,-0.0114,16,Middle,72.45,-1,-1,UNKNOWN,None
189.308,148.381,2477.724,-2.278,5.272,59.78,-0.0111,16,Middle,72.28,-1,-1,UNKNOWN,None
189.332,148.397,2478.095,-2.276,5.274,59.66,-0.011,16,Middle,71.9,-1,-1,UNKNOWN,None
189.359,148.412,2478.387,-2.274,5.276,59.57,-0.0107,16,Middle,71.61,-1,-1,UNKNOWN,None
189.367,148.429,2478.662,-2.273,5.277,59.5,-0.0104,16,Middle,71.34,-1,-1,UNKNOWN,None
189.384,148.445,2478.8,-2.272,5.278,59.47,-0.0102,16,Middle,71.2,-1,-1,UNKNOWN,None
189.392,148.461,2479.075,-2.272,5.278,59.43,-0.01,16,Middle,70.92,-1,-1,UNKNOWN,None
189.418,148.477,2479.366,-2.271,5.279,59.4,-0.01,16,Middle,70.63,-1,-1,UNKNOWN,None
189.431,148.493,2479.71,-2.27,5.28,59.39,-0.01,16,Middle,70.29,-1,-1,UNKNOWN,None
189.439,148.509,2479.848,-2.27,5.28,59.39,-0.01,16,Middle,70.15,-1,-1,UNKNOWN,None
189.464,148.525,2480.123,-2.27,5.28,59.43,-0.01,16,Middle,69.88,-1,-1,UNKNOWN,None
189.481,148.541,2480.398,-2.27,5.28,59.48,-0.01,16,Middle,69.6,-1,-1,UNKNOWN,None
189.499,148.558,2480.703,-2.271,5.279,59.56,-0.01,16,Middle,69.3,-1,-1,UNKNOWN,None
189.499,148.573,2480.841,-2.271,5.279,59.61,-0.01,16,Middle,69.16,-1,-1,UNKNOWN,None
189.524,148.589,2481.256,-2.272,5.278,59.77,-0.01,16,Middle,68.74,-1,-1,UNKNOWN,None
189.541,148.605,2481.533,-2.273,5.277,59.9,-0.01,16,Middle,68.47,-1,-1,UNKNOWN,None
189.559,148.622,2481.842,-2.275,5.275,60.05,-0.01,16,Middle,68.16,-1,-1,UNKNOWN,None
189.576,148.637,2482.12,-2.277,5.273,60.19,-0.01,16,Middle,67.88,-1,-1,UNKNOWN,None
189.593,148.653,2482.267,-2.278,5.272,60.27,-0.01,16,Middle,67.73,-1,-1,UNKNOWN,None
189.61,148.669,2482.547,-2.28,5.27,60.41,-0.01,16,Middle,67.45,-1,-1,UNKNOWN,None
189.61,148.685,2482.687,-2.281,5.269,60.47,-0.01,16,Middle,67.31,-1,-1,UNKNOWN,None
189.644,148.701,2483.122,-2.285,5.265,60.64,-0.01,16,Middle,66.88,-1,-1,UNKNOWN,None
189.655,148.718,2483.446,-2.288,5.262,60.73,-0.01,16,Middle,66.55,-1,-1,UNKNOWN,None
189.672,148.734,2483.733,-2.291,5.259,60.78,-0.01,16,Middle,66.27,-1,-1,UNKNOWN,None
189.68,148.749,2483.881,-2.293,5.257,60.79,-0.01,16,Middle,66.12,-1,-1,UNKNOWN,None
189.705,148.765,2484.162,-2.297,5.253,60.79,-0.01,16,Middle,65.84,-1,-1,UNKNOWN,None
189.714,148.781,2484.444,-2.301,5.249,60.78,-0.01,16,Middle,65.56,-1,-1,UNKNOWN,None
189.739,148.798,2484.73,-2.305,5.245,60.75,-0.01,16,Middle,65.27,-1,-1,UNKNOWN,None
189.739,148.814,2484.87,-2.307,5.243,60.72,-0.01,16,Middle,65.13,-1,-1,UNKNOWN,None
189.775,148.83,2485.327,-2.315,5.235,60.63,-0.0018,16,Middle,64.67,-1,-1,UNKNOWN,None
189.785,148.846,2485.505,-2.318,5.232,60.59,-0.0018,16,Middle,64.5,-1,-1,UNKNOWN,None
189.785,148.865,2485.72,-2.322,5.228,60.54,-0.0018,16,Middle,64.28,-1,-1,UNKNOWN,None
189.818,148.878,2486.052,-2.328,5.222,60.45,-0.0018,16,Middle,63.95,-1,-1,UNKNOWN,None
189.835,148.894,2486.339,-2.333,5.217,60.37,-0.0018,16,Middle,63.66,-1,-1,UNKNOWN,None
189.843,148.91,2486.619,-2.338,5.212,60.28,-0.0018,16,Middle,63.38,-1,-1,UNKNOWN,None
189.86,148.926,2486.898,-2.344,5.206,60.19,-0.0018,16,Middle,63.1,-1,-1,UNKNOWN,None
189.877,148.942,2487.177,-2.349,5.201,60.1,-0.0018,16,Middle,62.82,-1,-1,UNKNOWN,None
189.885,148.958,2487.316,-2.352,5.198,60.05,-0.0018,16,Middle,62.68,-1,-1,UNKNOWN,None
189.91,148.974,2487.742,-2.361,5.189,59.91,-0.0018,16,Middle,62.26,-1,-1,UNKNOWN,None
189.928,148.99,2488.031,-2.367,5.183,59.8,-0.0018,16,Middle,61.97,-1,-1,UNKNOWN,None
189.945,149.006,2488.308,-2.374,5.176,59.71,-0.0018,16,Middle,61.69,-1,-1,UNKNOWN,None
189.961,149.023,2488.584,-2.38,5.17,59.61,-0.0018,16,Middle,61.42,-1,-1,UNKNOWN,None
189.978,149.038,2488.722,-2.383,5.167,59.57,-0.0018,16,Middle,61.28,-1,-1,UNKNOWN,None
189.996,149.054,2489.015,-2.39,5.16,59.49,-0.0018,16,Middle,60.99,-1,-1,UNKNOWN,None
190.004,149.07,2489.29,-2.396,5.154,59.43,-0.0018,16,Middle,60.71,-1,-1,UNKNOWN,None
190.029,149.086,2489.565,-2.403,5.147,59.38,-0.0018,16,Middle,60.44,-1,-1,UNKNOWN,None
190.038,149.102,2489.712,-2.407,5.143,59.36,-0.0018,16,Middle,60.29,-1,-1,UNKNOWN,None
190.056,149.118,2490.147,-2.418,5.132,59.35,-0.0018,16,Middle,59.85,-1,-1,UNKNOWN,None
190.064,149.134,2490.296,-2.421,5.129,59.35,-0.0018,16,Middle,59.7,-1,-1,UNKNOWN,None
190.091,149.15,2490.592,-2.429,5.121,59.38,-0.0018,16,Middle,59.41,-1,-1,UNKNOWN,None
190.1,149.167,2490.867,-2.436,5.114,59.44,-0.0017,16,Middle,59.13,-1,-1,UNKNOWN,None
190.125,149.182,2491.142,-2.443,5.107,59.51,-0.0014,16,Middle,58.86,-1,-1,UNKNOWN,None
190.141,149.198,2491.418,-2.45,5.1,59.61,-0.0009,16,Middle,58.58,-1,-1,UNKNOWN,None
190.15,149.214,2491.696,-2.458,5.092,59.72,-0.0002,16,Middle,58.3,-1,-1,UNKNOWN,None
190.166,149.23,2491.972,-2.465,5.085,59.84,0.0009,16,Middle,58.03,-1,-1,UNKNOWN,None
190.183,149.246,2492.25,-2.472,5.078,59.97,0.0023,16,Middle,57.75,-1,-1,UNKNOWN,None
190.2,149.262,2492.528,-2.48,5.07,60.12,0.004,16,Middle,57.47,-1,-1,UNKNOWN,None
190.225,149.278,2492.806,-2.487,5.063,60.27,0.004,16,Middle,57.19,-1,-1,UNKNOWN,None
190.225,149.294,2492.952,-2.491,5.059,60.35,0.004,16,Middle,57.05,-1,-1,UNKNOWN,None
190.251,149.31,2493.247,-2.499,5.051,60.5,0.004,16,Middle,56.75,-1,-1,UNKNOWN,None
190.259,149.326,2493.531,-2.506,5.044,60.63,0.004,16,Middle,56.47,-1,-1,UNKNOWN,None
190.268,149.341,2493.671,-2.51,5.04,60.69,0.004,16,Middle,56.33,-1,-1,UNKNOWN,None
190.301,149.357,2494.093,-2.521,5.029,60.82,0.004,16,Middle,55.91,-1,-1,UNKNOWN,None
190.318,149.373,2494.375,-2.528,5.022,60.87,0.0116,16,Middle,55.63,-1,-1,UNKNOWN,None
190.334,149.39,2494.656,-2.535,5.015,60.9,0.0116,16,Middle,55.34,-1,-1,UNKNOWN,None
190.343,149.406,2494.938,-2.541,5.009,60.91,0.0116,16,Middle,55.06,-1,-1,UNKNOWN,None
190.359,149.422,2495.22,-2.548,5.002,60.9,0.0132,16,Middle,54.78,-1,-1,UNKNOWN,None
190.368,149.437,2495.361,-2.551,4.999,60.89,0.0132,16,Middle,54.64,-1,-1,UNKNOWN,None
190.384,149.453,2495.643,-2.557,4.993,60.85,0.0132,16,Middle,54.36,-1,-1,UNKNOWN,None
190.409,149.469,2495.925,-2.563,4.987,60.8,0.0132,16,Middle,54.08,-1,-1,UNKNOWN,None
190.427,149.485,2496.213,-2.569,4.981,60.74,0.0132,16,Middle,53.79,-1,-1,UNKNOWN,None
190.435,149.501,2496.494,-2.575,4.975,60.67,0.0132,16,Middle,53.51,-1,-1,UNKNOWN,None
190.462,149.517,2496.816,-2.581,4.969,60.58,0.0132,16,Middle,53.18,-1,-1,UNKNOWN,None
190.471,149.533,2497.096,-2.586,4.964,60.5,0.0132,16,Middle,52.9,-1,-1,UNKNOWN,None
190.487,149.549,2497.376,-2.591,4.959,60.41,0.0132,16,Middle,52.62,-1,-1,UNKNOWN,None
190.496,149.565,2497.519,-2.593,4.957,60.36,0.0132,16,Middle,52.48,-1,-1,UNKNOWN,None
190.513,149.581,2497.798,-2.598,4.952,60.27,0.0132,16,Middle,52.2,-1,-1,UNKNOWN,None
190.538,149.597,2498.078,-2.602,4.948,60.17,0.0132,16,Middle,51.92,-1,-1,UNKNOWN,None
190.554,149.613,2498.357,-2.605,4.945,60.07,0.0132,16,Middle,51.64,-1,-1,UNKNOWN,None
190.571,149.629,2498.634,-2.609,4.941,59.97,0.0132,16,Middle,51.37,-1,-1,UNKNOWN,None
190.588,149.646,2498.912,-2.612,4.938,59.87,0.0132,16,Middle,51.09,-1,-1,UNKNOWN,None
190.596,149.661,2499.188,-2.615,4.935,59.77,0.0132,16,Middle,50.81,-1,-1,UNKNOWN,None
190.614,149.677,2499.492,-2.618,4.932,59.67,0.0132,16,Middle,50.51,-1,-1,UNKNOWN,None
190.623,149.693,2499.648,-2.619,4.931,59.62,0.0132,16,Middle,50.35,-1,-1,UNKNOWN,None
190.641,149.709,2499.935,-2.621,4.929,59.54,0.0132,16,Middle,50.06,-1,-1,UNKNOWN,None
190.666,149.725,2500.211,-2.623,4.927,59.48,0.0132,16,Middle,49.79,-1,-1,UNKNOWN,None
190.683,149.741,2500.489,-2.624,4.926,59.43,0.0132,16,Middle,49.51,-1,-1,UNKNOWN,None
190.683,149.757,2500.626,-2.625,4.925,59.41,0.0132,16,Middle,49.37,-1,-1,UNKNOWN,None
190.708,149.773,2501.039,-2.626,4.924,59.39,0.0132,16,Middle,48.96,-1,-1,UNKNOWN,None
190.733,149.789,2501.314,-2.626,4.924,59.41,0.0132,16,Middle,48.69,-1,-1,UNKNOWN,None
190.733,149.806,2501.451,-2.626,4.924,59.43,0.0132,16,Middle,48.55,-1,-1,UNKNOWN,None
190.76,149.822,2501.762,-2.626,4.924,59.48,0.0132,16,Middle,48.24,-1,-1,UNKNOWN,None
190.779,149.838,2502.078,-2.625,4.925,59.57,0.0132,16,Middle,47.92,-1,-1,UNKNOWN,None
190.779,149.854,2502.238,-2.624,4.926,59.62,0.0132,16,Middle,47.76,-1,-1,UNKNOWN,None
190.816,149.873,2502.691,-2.622,4.928,59.8,0.0132,16,Middle,47.31,-1,-1,UNKNOWN,None
190.825,149.886,2502.846,-2.621,4.929,59.87,0.013,16,Middle,47.15,-1,-1,UNKNOWN,None
190.842,149.902,2503.124,-2.619,4.931,60.0,0.0127,16,Middle,46.88,-1,-1,UNKNOWN,None
190.851,149.919,2503.409,-2.617,4.933,60.15,0.0127,16,Middle,46.59,-1,-1,UNKNOWN,None
190.876,149.935,2503.688,-2.614,4.936,60.29,0.0127,16,Middle,46.31,-1,-1,UNKNOWN,None
190.893,149.954,2503.968,-2.611,4.939,60.42,0.0127,16,Middle,46.03,-1,-1,UNKNOWN,None
190.911,149.966,2504.269,-2.607,4.943,60.54,0.0113,16,Middle,45.73,-1,-1,UNKNOWN,None
190.922,149.982,2504.455,-2.605,4.945,60.61,0.0113,16,Middle,45.54,-1,-1,UNKNOWN,None
190.93,149.998,2504.736,-2.6,4.95,60.69,0.0113,16,Middle,45.26,-1,-1,UNKNOWN,None
190.947,150.014,2505.017,-2.596,4.954,60.75,0.0113,16,Middle,44.98,-1,-1,UNKNOWN,None
190.972,150.031,2505.299,-2.591,4.959,60.78,0.0113,16,Middle,44.7,-1,-1,UNKNOWN,None
190.98,150.046,2505.58,-2.586,4.964,60.79,0.0113,16,Middle,44.42,-1,-1,UNKNOWN,None
191.005,150.062,2505.861,-2.581,4.969,60.77,0.0113,16,Middle,44.14,-1,-1,UNKNOWN,None
191.013,150.078,2506.142,-2.575,4.975,60.74,0.0113,16,Middle,43.86,-1,-1,UNKNOWN,None
191.03,150.094,2506.425,-2.569,4.981,60.7,0.0113,16,Middle,43.57,-1,-1,UNKNOWN,None
191.055,150.111,2506.706,-2.562,4.988,60.64,0.0069,16,Middle,43.29,-1,-1,UNKNOWN,None
191.063,150.126,2506.987,-2.556,4.994,60.58,0.0065,16,Middle,43.01,-1,-1,UNKNOWN,None
191.082,150.142,2507.156,-2.552,4.998,60.54,0.0065,16,Middle,42.84,-1,-1,UNKNOWN,None
191.101,150.159,2507.484,-2.543,5.007,60.46,0.0065,16,Middle,42.52,-1,-1,UNKNOWN,None
191.11,150.175,2507.764,-2.536,5.014,60.39,0.0058,16,Middle,42.24,-1,-1,UNKNOWN,None
191.135,150.191,2508.047,-2.528,5.022,60.31,0.0058,16,Middle,41.95,-1,-1,UNKNOWN,None
191.143,150.205,2508.326,-2.521,5.029,60.22,0.0058,16,Middle,41.67,-1,-1,UNKNOWN,None
191.152,150.222,2508.465,-2.517,5.033,60.18,0.0058,16,Middle,41.53,-1,-1,UNKNOWN,None
191.177,150.238,2508.882,-2.504,5.046,60.04,0.0058,16,Middle,41.12,-1,-1,UNKNOWN,None
191.185,150.254,2509.021,-2.5,5.05,59.99,0.0058,16,Middle,40.98,-1,-1,UNKNOWN,None
191.202,150.27,2509.302,-2.491,5.059,59.89,-0.0018,16,Middle,40.7,-1,-1,UNKNOWN,None
191.219,150.287,2509.579,-2.483,5.067,59.79,-0.004,16,Middle,40.42,-1,-1,UNKNOWN,None
191.244,150.302,2509.855,-2.474,5.076,59.7,-0.006,16,Middle,40.14,-1,-1,UNKNOWN,None
191.252,150.319,2510.132,-2.466,5.084,59.61,-0.0082,16,Middle,39.87,-1,-1,UNKNOWN,None
191.269,150.334,2510.407,-2.457,5.093,59.53,-0.0102,16,Middle,39.59,-1,-1,UNKNOWN,None
191.285,150.35,2510.684,-2.449,5.101,59.47,-0.0126,16,Middle,39.32,-1,-1,UNKNOWN,None
191.31,150.366,2510.959,-2.44,5.11,59.42,-0.0146,16,Middle,39.04,-1,-1,UNKNOWN,None
191.319,150.381,2511.234,-2.432,5.118,59.39,-0.0165,16,Middle,38.77,-1,-1,UNKNOWN,None
191.335,150.397,2511.508,-2.424,5.126,59.38,-0.0178,16,Middle,38.49,-1,-1,UNKNOWN,None
191.352,150.414,2511.783,-2.416,5.134,59.39,-0.0186,16,Middle,38.22,-1,-1,UNKNOWN,None
191.36,150.429,2511.922,-2.412,5.138,59.4,-0.0188,16,Middle,38.08,-1,-1,UNKNOWN,None
191.385,150.444,2512.198,-2.405,5.145,59.45,-0.0188,16,Middle,37.8,-1,-1,UNKNOWN,None
191.385,150.461,2512.335,-2.401,5.149,59.48,-0.0188,16,Middle,37.66,-1,-1,UNKNOWN,None
191.419,150.477,2512.749,-2.391,5.159,59.61,-0.0188,16,Middle,37.25,-1,-1,UNKNOWN,None
191.427,150.494,2513.025,-2.384,5.166,59.71,-0.0186,16,Middle,36.98,-1,-1,UNKNOWN,None
191.444,150.509,2513.302,-2.377,5.173,59.83,-0.0181,16,Middle,36.7,-1,-1,UNKNOWN,None
191.46,150.526,2513.579,-2.371,5.179,59.96,-0.0172,16,Middle,36.42,-1,-1,UNKNOWN,None
191.478,150.542,2513.733,-2.368,5.182,60.04,-0.0165,16,Middle,36.27,-1,-1,UNKNOWN,None
191.5,150.558,2514.106,-2.36,5.19,60.23,-0.0165,16,Middle,35.89,-1,-1,UNKNOWN,None
191.5,150.573,2514.277,-2.356,5.194,60.32,-0.0146,16,Middle,35.72,-1,-1,UNKNOWN,None
191.529,150.589,2514.595,-2.35,5.2,60.48,-0.0146,16,Middle,35.41,-1,-1,UNKNOWN,None
191.539,150.605,2514.912,-2.345,5.205,60.65,-0.0133,16,Middle,35.09,-1,-1,UNKNOWN,None
191.558,150.621,2515.221,-2.34,5.21,60.81,-0.0133,16,Middle,34.78,-1,-1,UNKNOWN,None
191.575,150.637,2515.51,-2.335,5.215,60.95,-0.0119,16,Middle,34.49,-1,-1,UNKNOWN,None
191.592,150.653,2515.651,-2.333,5.217,61.02,-0.0119,16,Middle,34.35,-1,-1,UNKNOWN,None
191.6,150.669,2515.934,-2.33,5.22,61.16,-0.0119,16,Middle,34.07,-1,-1,UNKNOWN,None
191.617,150.685,2516.217,-2.326,5.224,61.28,-0.0119,16,Middle,33.78,-1,-1,UNKNOWN,None
191.634,150.702,2516.501,-2.323,5.227,61.38,-0.0119,16,Middle,33.5,-1,-1,UNKNOWN,None
191.659,150.717,2516.786,-2.32,5.23,61.46,-0.0119,16,Middle,33.21,-1,-1,UNKNOWN,None
191.675,150.733,2517.07,-2.318,5.232,61.5,-0.0119,16,Middle,32.93,-1,-1,UNKNOWN,None
191.692,150.749,2517.355,-2.316,5.234,61.52,-0.0119,16,Middle,32.65,-1,-1,UNKNOWN,None
191.709,150.767,2517.64,-2.314,5.236,61.52,-0.0119,16,Middle,32.36,-1,-1,UNKNOWN,None
191.709,150.781,2517.782,-2.313,5.237,61.51,-0.0119,16,Middle,32.22,-1,-1,UNKNOWN,None
191.734,150.797,2518.215,-2.312,5.238,61.45,-0.0119,16,Middle,31.79,-1,-1,UNKNOWN,None
191.742,150.814,2518.388,-2.311,5.239,61.42,-0.0119,16,Middle,31.61,-1,-1,UNKNOWN,None
191.752,150.83,2518.539,-2.311,5.239,61.39,-0.0119,16,Middle,31.46,-1,-1,UNKNOWN,None
191.778,150.845,2518.972,-2.311,5.239,61.29,-0.0086,16,Middle,31.03,-1,-1,UNKNOWN,None
191.795,150.862,2519.256,-2.311,5.239,61.22,-0.0086,16,Middle,30.74,-1,-1,UNKNOWN,None
191.812,150.878,2519.539,-2.311,5.239,61.14,-0.0086,16,Middle,30.46,-1,-1,UNKNOWN,None
191.837,150.894,2519.822,-2.312,5.238,61.05,-0.0086,16,Middle,30.18,-1,-1,UNKNOWN,None
191.845,150.91,2520.104,-2.313,5.237,60.96,-0.0086,16,Middle,29.9,-1,-1,UNKNOWN,None
191.862,150.927,2520.386,-2.315,5.235,60.87,-0.0086,16,Middle,29.61,-1,-1,UNKNOWN,None
191.878,150.942,2520.686,-2.317,5.233,60.76,-0.0021,16,Middle,29.31,-1,-1,UNKNOWN,None
191.896,150.958,2520.967,-2.318,5.232,60.66,-0.0021,16,Middle,29.03,-1,-1,UNKNOWN,None
191.916,150.974,2521.155,-2.32,5.23,60.6,-0.0021,16,Middle,28.85,-1,-1,UNKNOWN,None
191.933,150.99,2521.447,-2.322,5.228,60.49,0.005,16,Middle,28.55,-1,-1,UNKNOWN,None
191.933,151.007,2521.586,-2.323,5.227,60.44,0.0084,16,Middle,28.41,-1,-1,UNKNOWN,None
191.959,151.023,2522.029,-2.326,5.224,60.29,0.0084,16,Middle,27.97,-1,-1,UNKNOWN,None
191.985,151.042,2522.32,-2.328,5.222,60.19,0.0084,16,Middle,27.68,-1,-1,UNKNOWN,None
191.995,151.054,2522.491,-2.33,5.22,60.13,0.0084,16,Middle,27.51,-1,-1,UNKNOWN,None
192.004,151.07,2522.769,-2.332,5.218,60.03,0.0084,16,Middle,27.23,-1,-1,UNKNOWN,None
192.021,151.086,2523.06,-2.334,5.216,59.92,0.0084,16,Middle,26.94,-1,-1,UNKNOWN,None
192.046,151.102,2523.336,-2.336,5.214,59.81,0.0343,16,Middle,26.66,-1,-1,UNKNOWN,None
192.063,151.118,2523.613,-2.337,5.213,59.7,0.0394,16,Middle,26.39,-1,-1,UNKNOWN,None
192.08,151.138,2523.889,-2.337,5.213,59.6,0.0445,16,Middle,26.11,-1,-1,UNKNOWN,None
192.088,151.15,2524.165,-2.337,5.213,59.51,0.0503,16,Middle,25.84,-1,-1,UNKNOWN,None
192.096,151.166,2524.321,-2.337,5.213,59.47,0.0538,16,Middle,25.68,-1,-1,UNKNOWN,None
192.122,151.182,2524.596,-2.336,5.214,59.39,0.058,16,Middle,25.4,-1,-1,UNKNOWN,None
192.14,151.198,2524.881,-2.333,5.217,59.33,0.0619,16,Middle,25.12,-1,-1,UNKNOWN,None
192.148,151.215,2525.156,-2.33,5.22,59.29,0.0654,16,Middle,24.84,-1,-1,UNKNOWN,None
192.182,151.237,2525.573,-2.324,5.226,59.27,0.0687,16,Middle,24.43,-1,-1,UNKNOWN,None
192.19,151.246,2525.71,-2.321,5.229,59.27,0.072,16,Middle,24.29,-1,-1,UNKNOWN,None
192.207,151.262,2525.988,-2.314,5.236,59.3,0.0728,16,Middle,24.01,-1,-1,UNKNOWN,None
192.215,151.278,2526.262,-2.307,5.243,59.34,0.0736,16,Middle,23.74,-1,-1,UNKNOWN,None
192.232,151.295,2526.537,-2.298,5.252,59.41,0.0736,16,Middle,23.46,-1,-1,UNKNOWN,None
192.25,151.31,2526.698,-2.292,5.258,59.46,0.0734,16,Middle,23.3,-1,-1,UNKNOWN,None
192.258,151.326,2526.973,-2.281,5.269,59.55,0.0724,16,Middle,23.03,-1,-1,UNKNOWN,None
192.283,151.341,2527.249,-2.269,5.281,59.66,0.0712,16,Middle,22.75,-1,-1,UNKNOWN,None
192.292,151.357,2527.525,-2.255,5.295,59.78,0.0696,16,Middle,22.47,-1,-1,UNKNOWN,None
192.308,151.373,2527.802,-2.24,5.31,59.92,0.0677,16,Middle,22.2,-1,-1,UNKNOWN,None
192.325,151.389,2528.08,-2.224,5.326,60.06,0.0654,16,Middle,21.92,-1,-1,UNKNOWN,None
192.35,151.406,2528.363,-2.206,5.344,60.21,0.0654,16,Middle,21.64,-1,-1,UNKNOWN,None
192.359,151.422,2528.651,-2.186,5.364,60.36,0.0654,16,Middle,21.35,-1,-1,UNKNOWN,None
192.376,151.438,2528.802,-2.175,5.375,60.43,0.0654,16,Middle,21.2,-1,-1,UNKNOWN,None
192.386,151.454,2529.111,-2.151,5.399,60.56,0.0654,16,Middle,20.89,-1,-1,UNKNOWN,None
192.395,151.469,2529.258,-2.139,5.411,60.61,0.0654,16,Middle,20.74,-1,-1,UNKNOWN,None
192.429,151.486,2529.684,-2.101,5.449,60.74,0.0497,16,Middle,20.32,-1,-1,UNKNOWN,None
192.446,151.502,2529.975,-2.074,5.476,60.79,0.0497,16,Middle,20.02,-1,-1,UNKNOWN,None
192.464,151.518,2530.278,-2.043,5.507,60.82,0.0497,16,Middle,19.72,-1,-1,UNKNOWN,None
192.464,151.533,2530.419,-2.029,5.521,60.83,0.0497,16,Middle,19.58,-1,-1,UNKNOWN,None
192.481,151.548,2530.699,-1.999,5.551,60.82,0.0394,16,Middle,19.3,-1,-1,UNKNOWN,None
192.508,151.564,2531.013,-1.964,5.586,60.8,0.0369,16,Middle,18.99,-1,-1,UNKNOWN,None
192.508,151.581,2531.153,-1.948,5.602,60.79,0.0369,16,Middle,18.85,-1,-1,UNKNOWN,None
192.542,151.598,2531.575,-1.897,5.653,60.72,0.0369,16,Middle,18.43,-1,-1,UNKNOWN,None
192.55,151.614,2531.856,-1.861,5.689,60.66,0.0369,16,Middle,18.14,-1,-1,UNKNOWN,None
192.567,151.63,2532.144,-1.823,5.727,60.6,0.0273,16,Middle,17.86,-1,-1,UNKNOWN,None
192.576,151.645,2532.287,-1.804,5.746,60.56,0.0273,16,Middle,17.71,-1,-1,UNKNOWN,None
192.593,151.661,2532.565,-1.766,5.784,60.48,0.0273,16,Middle,17.44,-1,-1,UNKNOWN,None
192.618,151.678,2532.842,-1.727,5.823,60.4,0.0273,16,Middle,17.16,-1,-1,UNKNOWN,None
192.634,151.694,2533.119,-1.686,5.864,60.31,0.0273,16,Middle,16.88,-1,-1,UNKNOWN,None
192.651,151.71,2533.398,-1.644,5.906,60.21,0.0273,16,Middle,16.6,-1,-1,UNKNOWN,None
192.66,151.725,2533.674,-1.602,5.948,60.12,0.0273,16,Middle,16.33,-1,-1,UNKNOWN,None
192.676,151.741,2533.948,-1.558,5.992,60.01,0.0273,16,Middle,16.05,-1,-1,UNKNOWN,None
192.693,151.757,2534.222,-1.514,6.036,59.91,0.0273,16,Middle,15.78,-1,-1,UNKNOWN,None
192.718,151.773,2534.495,-1.468,6.082,59.81,0.01,16,Middle,15.51,-1,-1,UNKNOWN,None
192.735,151.789,2534.768,-1.422,6.128,59.71,0.0076,16,Middle,15.23,-1,-1,UNKNOWN,None
192.743,151.806,2535.046,-1.375,6.175,59.61,0.0053,16,Middle,14.95,-1,-1,UNKNOWN,None
192.76,151.823,2535.326,-1.326,6.224,59.52,0.0028,16,Middle,14.67,-1,-1,UNKNOWN,None
192.769,151.838,2535.462,-1.303,6.247,59.49,0.0005,16,Middle,14.54,-1,-1,UNKNOWN,None
192.785,151.854,2535.735,-1.255,6.295,59.42,-0.0018,16,Middle,14.27,-1,-1,UNKNOWN,None
192.811,151.871,2536.006,-1.206,6.344,59.37,-0.004,16,Middle,13.99,-1,-1,UNKNOWN,None
192.82,151.886,2536.305,-1.152,6.398,59.34,-0.0063,16,Middle,13.69,-1,-1,UNKNOWN,None
192.849,151.902,2536.626,-1.094,6.456,59.33,-0.0082,16,Middle,13.37,-1,-1,UNKNOWN,Right_Broken
192.849,151.918,2536.769,-1.068,6.482,59.34,-0.0102,16,Middle,13.23,-1,-1,UNKNOWN,None
192.866,151.934,2537.042,-1.018,6.532,59.37,-0.0119,16,Middle,12.96,-1,-1,UNKNOWN,None
192.891,151.95,2537.316,-0.968,6.582,59.42,-0.013,16,Middle,12.68,-1,-1,UNKNOWN,None
192.9,151.967,2537.587,-0.918,6.632,59.5,-0.0139,16,Middle,12.41,-1,-1,UNKNOWN,None
192.925,151.982,2537.859,-0.868,6.682,59.59,-0.0145,16,Middle,12.14,-1,-1,UNKNOWN,None
192.925,151.998,2537.995,-0.842,6.708,59.65,-0.0145,16,Middle,12.01,-1,-1,UNKNOWN,None
192.958,152.014,2538.403,-0.767,6.783,59.83,-0.0145,16,Middle,11.6,-1,-1,UNKNOWN,None
192.975,152.03,2538.676,-0.716,6.834,59.96,-0.0145,16,Middle,11.32,-1,-1,UNKNOWN,None
192.975,152.046,2538.819,-0.69,6.86,60.04,-0.0145,16,Middle,11.18,-1,-1,UNKNOWN,None
192.992,152.065,2539.1,-0.637,6.913,60.19,-0.0139,16,Middle,10.9,-1,-1,UNKNOWN,None
193.009,152.078,2539.378,-0.586,6.964,60.35,-0.0133,16,Middle,10.62,-1,-1,UNKNOWN,None
193.034,152.094,2539.653,-0.535,7.015,60.51,-0.0133,16,Middle,10.35,-1,-1,UNKNOWN,None
193.042,152.11,2539.929,-0.484,7.066,60.68,-0.0133,16,Middle,10.07,-1,-1,UNKNOWN,None
193.059,152.126,2540.206,-0.433,7.117,60.83,-0.0133,16,Middle,9.79,-1,-1,UNKNOWN,None
193.085,152.142,2540.5,-0.379,7.171,60.98,-0.0133,16,Middle,9.5,-1,-1,UNKNOWN,Right_Broken
193.103,152.159,2540.794,-0.326,7.224,61.1,-0.0133,16,Middle,9.21,-1,-1,UNKNOWN,None
193.112,152.174,2541.086,-0.273,7.277,61.2,-0.0107,16,Middle,8.91,-1,-1,UNKNOWN,None
193.129,152.19,2541.367,-0.222,7.328,61.27,-0.0107,16,Middle,8.63,-1,-1,UNKNOWN,None
193.137,152.206,2541.513,-0.195,7.355,61.29,-0.0107,16,Middle,8.49,-1,-1,UNKNOWN,None
193.154,152.223,2541.828,-0.139,7.411,61.32,-0.0107,16,Middle,8.17,-1,-1,UNKNOWN,None
193.164,152.238,2542.043,-0.1,7.45,61.33,-0.0107,16,Middle,7.96,-1,-1,UNKNOWN,None
193.197,152.254,2542.381,-0.04,7.51,61.31,-0.0107,16,Middle,7.62,-1,-1,UNKNOWN,None
193.212,152.27,2542.62,0.003,7.553,61.29,-0.0107,16,Middle,7.38,-1,-1,UNKNOWN,None
193.212,152.286,2542.759,0.027,7.577,61.27,-0.0119,16,Middle,7.24,-1,-1,UNKNOWN,None
193.245,152.302,2543.178,0.101,7.651,61.19,-0.0119,16,Middle,6.82,-1,-1,UNKNOWN,None
193.253,152.318,2543.457,0.149,7.699,61.12,-0.0119,16,Middle,6.54,-1,-1,UNKNOWN,None
193.262,152.333,2543.596,0.173,7.723,61.09,-0.0119,16,Middle,6.4,-1,-1,UNKNOWN,None
193.287,152.349,2544.014,0.245,7.795,60.97,-0.0119,16,Middle,5.99,-1,-1,UNKNOWN,None
193.303,152.365,2544.292,0.293,7.843,60.88,-0.0119,16,Middle,5.71,-1,-1,UNKNOWN,None
193.328,152.382,2544.569,0.34,7.89,60.79,-0.0119,16,Middle,5.43,-1,-1,UNKNOWN,None
193.337,152.397,2544.708,0.364,7.914,60.74,-0.0119,16,Middle,5.29,-1,-1,UNKNOWN,None
193.345,152.413,2544.986,0.41,7.96,60.65,-0.0119,16,Middle,5.01,-1,-1,UNKNOWN,None
193.362,152.43,2545.262,0.456,8.006,60.55,-0.0119,16,Middle,4.74,-1,-1,UNKNOWN,None
193.388,152.445,2545.559,0.505,8.055,60.44,-0.0119,16,Middle,4.44,-1,-1,UNKNOWN,None
193.405,152.461,2545.835,0.551,8.101,60.33,-0.0119,16,Middle,4.17,-1,-1,UNKNOWN,None
193.421,152.477,2546.11,0.596,8.146,60.23,-0.0119,16,Middle,3.89,-1,-1,UNKNOWN,None
193.438,152.493,2546.388,0.641,8.191,60.12,-0.0119,16,Middle,3.61,-1,-1,UNKNOWN,None
193.447,152.509,2546.666,0.685,8.235,60.01,-0.017,16,Middle,3.33,-1,-1,UNKNOWN,None
193.463,152.526,2546.94,0.729,8.279,59.9,-0.017,16,Middle,3.06,-1,-1,UNKNOWN,None
193.472,152.541,2547.09,0.752,8.302,59.84,-0.0177,16,Middle,2.91,-1,-1,UNKNOWN,None
193.498,152.557,2547.364,0.795,8.345,59.74,-0.0178,16,Middle,2.64,-1,-1,UNKNOWN,None
193.506,152.573,2547.636,0.838,8.388,59.64,-0.0186,16,Middle,2.36,-1,-1,UNKNOWN,None
193.531,152.589,2547.909,0.879,8.429,59.54,-0.019,16,Middle,2.09,-1,-1,UNKNOWN,Right_Broken
193.539,152.606,2548.182,0.921,8.471,59.46,-0.0197,16,Middle,1.82,-1,-1,UNKNOWN,None
193.556,152.622,2548.456,0.962,8.512,59.39,-0.0204,16,Middle,1.54,-1,-1,UNKNOWN,None
193.573,152.637,2548.734,1.003,8.553,59.34,-0.0212,16,Middle,1.27,-1,-1,UNKNOWN,None
193.598,152.654,2549.006,1.043,8.593,59.31,-0.0221,16,Middle,0.99,-1,-1,UNKNOWN,None
193.606,152.67,2549.278,1.082,8.632,59.29,-0.0228,16,Middle,0.72,-1,-1,UNKNOWN,None
193.623,152.685,2549.55,1.12,8.67,59.3,-0.0237,16,Middle,0.45,-1,-1,UNKNOWN,None
193.64,152.701,2549.822,1.159,8.709,59.34,-0.0248,16,Middle,0.18,-1,-1,UNKNOWN,None
193.656,152.717,2549.958,1.177,8.727,59.36,-0.0258,16,Middle,0.04,-1,-1,UNKNOWN,None
193.665,152.733,2550.23,1.215,8.765,59.43,-0.0267,17,Right,149.77,-1,-1,UNKNOWN,None
193.681,152.749,2550.503,1.251,8.801,59.51,-0.0276,17,Right,149.5,-1,-1,UNKNOWN,None
193.706,152.766,2550.777,1.288,8.838,59.61,-0.0288,17,Right,149.22,-1,-1,UNKNOWN,None
193.723,152.782,2551.051,1.323,8.873,59.73,-0.0299,17,Right,148.95,-1,-1,UNKNOWN,None
193.731,152.797,2551.326,1.358,8.908,59.86,-0.0311,17,Right,148.67,-1,-1,UNKNOWN,None
193.74,152.814,2551.463,1.376,8.926,59.93,-0.0321,17,Right,148.54,-1,-1,UNKNOWN,None
193.765,152.831,2551.877,1.426,8.976,60.14,-0.033,17,Right,148.12,-1,-1,UNKNOWN,None
193.781,152.846,2552.016,1.443,8.993,60.22,-0.033,17,Right,147.98,-1,-1,UNKNOWN,None
193.798,152.863,2552.434,1.492,9.042,60.45,-0.033,17,Right,147.57,-1,-1,UNKNOWN,Right_Broken
193.807,152.879,2552.573,1.508,9.058,60.52,-0.033,17,Right,147.43,-1,-1,UNKNOWN,None
193.832,152.894,2552.992,1.555,9.105,60.71,-0.033,17,Right,147.01,-1,-1,UNKNOWN,None
193.848,152.91,2553.271,1.586,9.136,60.81,-0.0373,17,Right,146.73,-1,-1,UNKNOWN,None
193.865,152.926,2553.552,1.615,9.165,60.89,-0.0373,17,Right,146.45,-1,-1,UNKNOWN,None
193.884,152.942,2553.729,1.633,9.183,60.93,-0.0373,17,Right,146.27,-1,-1,UNKNOWN,None
193.9,152.958,2553.997,1.66,9.21,60.97,-0.0373,17,Right,146.0,-1,-1,UNKNOWN,None
193.916,152.973,2554.278,1.688,9.238,60.99,-0.0373,17,Right,145.72,-1,-1,UNKNOWN,None
193.916,152.99,2554.419,1.701,9.251,60.99,-0.0373,17,Right,145.58,-1,-1,UNKNOWN,None
193.933,153.006,2554.7,1.727,9.277,60.98,-0.0373,17,Right,145.3,-1,-1,UNKNOWN,None
193.967,153.023,2555.134,1.765,9.315,60.92,-0.0407,17,Right,144.87,-1,-1,UNKNOWN,None
193.975,153.039,2555.415,1.789,9.339,60.87,-0.0407,17,Right,144.58,-1,-1,UNKNOWN,None
193.993,153.055,2555.704,1.812,9.362,60.82,-0.0407,17,Right,144.3,-1,-1,UNKNOWN,None
194.009,153.071,2555.844,1.823,9.373,60.79,-0.0407,17,Right,144.16,-1,-1,UNKNOWN,None
194.018,153.087,2556.125,1.844,9.394,60.75,-0.0404,17,Right,143.88,-1,-1,UNKNOWN,None
194.043,153.103,2556.405,1.864,9.414,60.71,-0.0404,17,Right,143.59,-1,-1,UNKNOWN,None
194.059,153.118,2556.685,1.883,9.433,60.67,-0.0404,17,Right,143.31,-1,-1,UNKNOWN,None
194.076,153.134,2556.965,1.901,9.451,60.63,-0.0395,17,Right,143.03,-1,-1,UNKNOWN,None
194.093,153.15,2557.246,1.918,9.468,60.6,-0.0395,17,Right,142.75,-1,-1,UNKNOWN,None
194.093,153.166,2557.385,1.926,9.476,60.58,-0.0395,17,Right,142.61,-1,-1,UNKNOWN,None
194.126,153.183,2557.805,1.948,9.498,60.5,-0.0395,17,Right,142.19,-1,-1,UNKNOWN,None
194.134,153.199,2558.085,1.962,9.512,60.43,-0.036,17,Right,141.92,-1,-1,UNKNOWN,None
194.151,153.214,2558.379,1.976,9.526,60.36,-0.036,17,Right,141.62,-1,-1,UNKNOWN,None
194.16,153.23,2558.539,1.982,9.532,60.31,-0.036,17,Right,141.46,-1,-1,UNKNOWN,None
194.187,153.247,2558.826,1.994,9.544,60.23,-0.033,17,Right,141.17,-1,-1,UNKNOWN,None
194.204,153.262,2559.112,2.004,9.554,60.14,-0.033,17,Right,140.89,-1,-1,UNKNOWN,None
194.204,153.278,2559.25,2.009,9.559,60.09,-0.033,17,Right,140.75,-1,-1,UNKNOWN,None
194.221,153.294,2559.531,2.018,9.568,60.0,-0.033,17,Right,140.47,-1,-1,UNKNOWN,None
194.255,153.31,2559.955,2.029,9.579,59.85,-0.0276,17,Right,140.05,-1,-1,UNKNOWN,None
194.271,153.327,2560.231,2.036,9.586,59.76,-0.0264,17,Right,139.77,-1,-1,UNKNOWN,None
194.28,153.342,2560.51,2.041,9.591,59.66,-0.0251,17,Right,139.49,-1,-1,UNKNOWN,None
194.288,153.358,2560.659,2.044,9.594,59.62,-0.0241,17,Right,139.34,-1,-1,UNKNOWN,None
194.307,153.373,2560.82,2.047,9.597,59.57,-0.0229,17,Right,139.18,-1,-1,UNKNOWN,None
194.324,153.389,2561.24,2.052,9.602,59.47,-0.0221,17,Right,138.76,-1,-1,UNKNOWN,None
194.349,153.405,2561.515,2.054,9.604,59.43,-0.0212,17,Right,138.48,-1,-1,UNKNOWN,None
194.366,153.421,2561.79,2.056,9.606,59.4,-0.0204,17,Right,138.21,-1,-1,UNKNOWN,None
194.374,153.437,2562.065,2.057,9.607,59.39,-0.0197,17,Right,137.93,-1,-1,UNKNOWN,None
194.391,153.453,2562.345,2.057,9.607,59.41,-0.0193,17,Right,137.66,-1,-1,UNKNOWN,None
194.407,153.469,2562.482,2.057,9.607,59.42,-0.019,17,Right,137.52,-1,-1,UNKNOWN,None
194.424,153.484,2562.757,2.056,9.606,59.47,-0.019,17,Right,137.24,-1,-1,UNKNOWN,None
194.432,153.501,2563.033,2.055,9.605,59.54,-0.019,17,Right,136.97,-1,-1,UNKNOWN,None
194.457,153.517,2563.309,2.052,9.602,59.63,-0.019,17,Right,136.69,-1,-1,UNKNOWN,None
194.475,153.533,2563.594,2.049,9.599,59.74,-0.019,17,Right,136.41,-1,-1,UNKNOWN,None
194.475,153.55,2563.732,2.047,9.597,59.8,-0.019,17,Right,136.27,-1,-1,UNKNOWN,None
194.508,153.565,2564.148,2.041,9.591,59.99,-0.019,17,Right,135.85,-1,-1,UNKNOWN,None
194.516,153.581,2564.427,2.036,9.586,60.14,-0.019,17,Right,135.57,-1,-1,UNKNOWN,None
194.541,153.598,2564.706,2.03,9.58,60.28,-0.019,17,Right,135.29,-1,-1,UNKNOWN,None
194.552,153.613,2564.882,2.026,9.576,60.38,-0.019,17,Right,135.12,-1,-1,UNKNOWN,None
194.562,153.629,2565.196,2.019,9.569,60.54,-0.019,17,Right,134.8,-1,-1,UNKNOWN,None
194.579,153.645,2565.477,2.011,9.561,60.66,-0.019,17,Right,134.52,-1,-1,UNKNOWN,None
194.596,153.661,2565.76,2.003,9.553,60.77,-0.019,17,Right,134.24,-1,-1,UNKNOWN,None
194.604,153.676,2565.901,1.999,9.549,60.81,-0.019,17,Right,134.1,-1,-1,UNKNOWN,None
194.637,153.694,2566.324,1.985,9.535,60.89,-0.019,17,Right,133.68,-1,-1,UNKNOWN,None
194.654,153.71,2566.606,1.975,9.525,60.9,-0.019,17,Right,133.39,-1,-1,UNKNOWN,None
194.662,153.725,2566.888,1.964,9.514,60.9,-0.019,17,Right,133.11,-1,-1,UNKNOWN,None
194.679,153.741,2567.169,1.953,9.503,60.88,-0.019,17,Right,132.83,-1,-1,UNKNOWN,None
194.696,153.757,2567.451,1.941,9.491,60.85,-0.019,17,Right,132.55,-1,-1,UNKNOWN,None
194.704,153.773,2567.592,1.935,9.485,60.83,-0.019,17,Right,132.41,-1,-1,UNKNOWN,None
194.721,153.789,2567.873,1.923,9.473,60.77,-0.019,17,Right,132.13,-1,-1,UNKNOWN,None
194.737,153.806,2568.153,1.909,9.459,60.71,-0.0184,17,Right,131.85,-1,-1,UNKNOWN,None
194.754,153.822,2568.434,1.896,9.446,60.64,-0.0184,17,Right,131.57,-1,-1,UNKNOWN,None
194.779,153.838,2568.718,1.881,9.431,60.56,-0.0184,17,Right,131.28,-1,-1,UNKNOWN,None
194.788,153.853,2568.998,1.866,9.416,60.48,-0.0184,17,Right,131.0,-1,-1,UNKNOWN,None
194.804,153.87,2569.277,1.851,9.401,60.39,-0.0184,17,Right,130.72,-1,-1,UNKNOWN,None
194.821,153.886,2569.556,1.835,9.385,60.3,-0.0184,17,Right,130.44,-1,-1,UNKNOWN,None
194.846,153.902,2569.834,1.819,9.369,60.2,-0.0184,17,Right,130.17,-1,-1,UNKNOWN,None
194.863,153.918,2570.112,1.802,9.352,60.1,-0.0184,17,Right,129.89,-1,-1,UNKNOWN,None
194.879,153.934,2570.389,1.785,9.335,60.0,-0.0184,17,Right,129.61,-1,-1,UNKNOWN,None
194.888,153.95,2570.679,1.766,9.316,59.89,-0.0111,17,Right,129.32,-1,-1,UNKNOWN,None
194.897,153.966,2570.817,1.757,9.307,59.84,-0.0102,17,Right,129.18,-1,-1,UNKNOWN,None
194.922,153.983,2571.093,1.739,9.289,59.74,-0.0091,17,Right,128.91,-1,-1,UNKNOWN,None
194.938,153.999,2571.369,1.72,9.27,59.65,-0.0082,17,Right,128.63,-1,-1,UNKNOWN,None
194.956,154.015,2571.654,1.7,9.25,59.57,-0.0075,17,Right,128.35,-1,-1,UNKNOWN,None
194.964,154.03,2571.929,1.681,9.231,59.51,-0.0065,17,Right,128.07,-1,-1,UNKNOWN,None
194.981,154.046,2572.205,1.661,9.211,59.46,-0.0059,17,Right,127.8,-1,-1,UNKNOWN,None
194.997,154.062,2572.479,1.641,9.191,59.43,-0.0049,17,Right,127.52,-1,-1,UNKNOWN,None
195.014,154.079,2572.753,1.621,9.171,59.42,-0.004,17,Right,127.25,-1,-1,UNKNOWN,None
195.039,154.097,2573.028,1.601,9.151,59.43,-0.0031,17,Right,126.97,-1,-1,UNKNOWN,None
195.047,154.109,2573.165,1.59,9.14,59.45,-0.0018,17,Right,126.83,-1,-1,UNKNOWN,None
195.064,154.127,2573.577,1.559,9.109,59.52,-0.0009,17,Right,126.42,-1,-1,UNKNOWN,None
195.081,154.142,2573.854,1.537,9.087,59.6,0.0005,17,Right,126.15,-1,-1,UNKNOWN,None
195.099,154.159,2574.01,1.525,9.075,59.66,0.0018,17,Right,125.99,-1,-1,UNKNOWN,None
195.107,154.174,2574.293,1.503,9.053,59.77,0.0034,17,Right,125.71,-1,-1,UNKNOWN,None
195.124,154.191,2574.57,1.481,9.031,59.89,0.005,17,Right,125.43,-1,-1,UNKNOWN,None
195.149,154.206,2574.846,1.459,9.009,60.02,0.0068,17,Right,125.15,-1,-1,UNKNOWN,None
195.16,154.223,2575.167,1.434,8.984,60.18,0.0068,17,Right,124.83,-1,-1,UNKNOWN,None
195.168,154.238,2575.323,1.422,8.972,60.26,0.0101,17,Right,124.68,-1,-1,UNKNOWN,None
195.194,154.254,2575.603,1.4,8.95,60.41,0.0101,17,Right,124.4,-1,-1,UNKNOWN,None
195.211,154.271,2575.882,1.378,8.928,60.55,0.0101,17,Right,124.12,-1,-1,UNKNOWN,None
195.219,154.287,2576.162,1.356,8.906,60.69,0.0158,17,Right,123.84,-1,-1,UNKNOWN,None
195.236,154.302,2576.443,1.334,8.884,60.82,0.0158,17,Right,123.56,-1,-1,UNKNOWN,Right_Broken
195.253,154.319,2576.724,1.313,8.863,60.94,0.0158,17,Right,123.28,-1,-1,UNKNOWN,None
195.261,154.334,2576.865,1.302,8.852,60.99,0.0209,17,Right,123.14,-1,-1,UNKNOWN,None
195.286,154.35,2577.287,1.27,8.82,61.13,0.0209,17,Right,122.71,-1,-1,UNKNOWN,None
195.303,154.366,2577.57,1.249,8.799,61.21,0.0238,17,Right,122.43,-1,-1,UNKNOWN,None
195.32,154.382,2577.858,1.228,8.778,61.27,0.0238,17,Right,122.14,-1,-1,UNKNOWN,None
195.34,154.397,2578.052,1.214,8.764,61.31,0.0264,17,Right,121.95,-1,-1,UNKNOWN,None
195.34,154.413,2578.366,1.192,8.742,61.35,0.0264,17,Right,121.63,-1,-1,UNKNOWN,None
195.367,154.429,2578.664,1.172,8.722,61.37,0.0264,17,Right,121.34,-1,-1,UNKNOWN,None
195.385,154.445,2578.827,1.161,8.711,61.37,0.0264,17,Right,121.17,-1,-1,UNKNOWN,None
195.385,154.461,2578.968,1.151,8.701,61.37,0.0264,17,Right,121.03,-1,-1,UNKNOWN,None
195.41,154.478,2579.395,1.124,8.674,61.32,0.0264,17,Right,120.61,-1,-1,UNKNOWN,None
195.435,154.493,2579.678,1.106,8.656,61.28,0.0264,17,Right,120.32,-1,-1,UNKNOWN,None
195.452,154.509,2579.961,1.089,8.639,61.22,0.0264,17,Right,120.04,-1,-1,UNKNOWN,None
195.46,154.525,2580.243,1.072,8.622,61.15,0.0264,17,Right,119.76,-1,-1,UNKNOWN,None
195.477,154.542,2580.532,1.056,8.606,61.07,0.0264,17,Right,119.47,-1,-1,UNKNOWN,Right_Broken
195.494,154.557,2580.813,1.04,8.59,60.99,0.0264,17,Right,119.19,-1,-1,UNKNOWN,None
195.51,154.574,2581.095,1.026,8.576,60.9,0.0264,17,Right,118.9,-1,-1,UNKNOWN,None
195.527,154.589,2581.382,1.011,8.561,60.81,0.0287,17,Right,118.62,-1,-1,UNKNOWN,None
195.536,154.605,2581.526,1.004,8.554,60.76,0.0287,17,Right,118.47,-1,-1,UNKNOWN,None
195.561,154.629,2581.947,0.985,8.535,60.62,0.0287,17,Right,118.05,-1,-1,UNKNOWN,None
195.578,154.636,2582.086,0.979,8.529,60.57,0.0287,17,Right,117.91,-1,-1,UNKNOWN,None
195.586,154.653,2582.366,0.967,8.517,60.48,0.0287,17,Right,117.63,-1,-1,UNKNOWN,None
195.611,154.669,2582.646,0.956,8.506,60.38,0.0287,17,Right,117.35,-1,-1,UNKNOWN,None
195.619,154.686,2582.925,0.946,8.496,60.28,0.0283,17,Right,117.08,-1,-1,UNKNOWN,None
195.636,154.701,2583.203,0.936,8.486,60.18,0.0283,17,Right,116.8,-1,-1,UNKNOWN,None
195.661,154.718,2583.482,0.927,8.477,60.07,0.0283,17,Right,116.52,-1,-1,UNKNOWN,None
195.669,154.733,2583.766,0.919,8.469,59.97,0.0283,17,Right,116.23,-1,-1,UNKNOWN,None
195.687,154.749,2584.05,0.911,8.461,59.86,0.0257,17,Right,115.95,-1,-1,UNKNOWN,None
195.704,154.765,2584.329,0.904,8.454,59.75,0.0248,17,Right,115.67,-1,-1,UNKNOWN,None
195.712,154.781,2584.468,0.901,8.451,59.7,0.0238,17,Right,115.53,-1,-1,UNKNOWN,None
195.729,154.797,2584.744,0.896,8.446,59.61,0.0229,17,Right,115.26,-1,-1,UNKNOWN,None
195.745,154.814,2585.019,0.89,8.44,59.53,0.0225,17,Right,114.98,-1,-1,UNKNOWN,None
195.772,154.83,2585.319,0.886,8.436,59.46,0.0218,17,Right,114.68,-1,-1,UNKNOWN,None
195.772,154.846,2585.457,0.884,8.434,59.43,0.0213,17,Right,114.54,-1,-1,UNKNOWN,None
195.789,154.862,2585.735,0.881,8.431,59.39,0.0212,17,Right,114.26,-1,-1,UNKNOWN,None
195.814,154.878,2586.161,0.877,8.427,59.36,0.0212,17,Right,113.84,-1,-1,UNKNOWN,None
195.832,154.894,2586.316,0.876,8.426,59.37,0.0212,17,Right,113.68,-1,-1,UNKNOWN,None
195.853,154.91,2586.666,0.874,8.424,59.4,0.0212,17,Right,113.33,-1,-1,UNKNOWN,None
195.862,154.926,2586.964,0.874,8.424,59.46,0.0212,17,Right,113.04,-1,-1,UNKNOWN,None
195.889,154.942,2587.247,0.874,8.424,59.54,0.0212,17,Right,112.75,-1,-1,UNKNOWN,None
195.897,154.958,2587.523,0.875,8.425,59.64,0.0212,17,Right,112.48,-1,-1,UNKNOWN,None
195.905,154.975,2587.661,0.876,8.426,59.69,0.0212,17,Right,112.34,-1,-1,UNKNOWN,None
195.931,154.99,2587.944,0.878,8.428,59.81,0.0212,17,Right,112.06,-1,-1,UNKNOWN,None
195.948,155.006,2588.231,0.88,8.43,59.95,0.0212,17,Right,111.77,-1,-1,UNKNOWN,None
195.948,155.023,2588.386,0.882,8.432,60.02,0.0212,17,Right,111.61,-1,-1,UNKNOWN,None
195.982,155.039,2588.804,0.888,8.438,60.24,0.0212,17,Right,111.2,-1,-1,UNKNOWN,None
195.999,155.055,2589.083,0.892,8.442,60.39,0.0209,17,Right,110.92,-1,-1,UNKNOWN,None
196.008,155.071,2589.369,0.898,8.448,60.55,0.0209,17,Right,110.63,-1,-1,UNKNOWN,None
196.033,155.087,2589.666,0.904,8.454,60.7,0.0199,17,Right,110.33,-1,-1,UNKNOWN,None
196.044,155.102,2589.844,0.908,8.458,60.8,0.0199,17,Right,110.16,-1,-1,UNKNOWN,None
196.056,155.118,2590.189,0.916,8.466,60.97,0.0199,17,Right,109.81,-1,-1,UNKNOWN,None
196.075,155.135,2590.36,0.921,8.471,61.05,0.0199,17,Right,109.64,-1,-1,UNKNOWN,None
196.089,155.151,2590.748,0.932,8.482,61.2,0.0199,17,Right,109.25,-1,-1,UNKNOWN,None
196.106,155.166,2590.89,0.936,8.486,61.24,0.0135,17,Right,109.11,-1,-1,UNKNOWN,None
196.122,155.182,2591.173,0.945,8.495,61.31,0.0135,17,Right,108.83,-1,-1,UNKNOWN,None
196.131,155.199,2591.315,0.95,8.5,61.34,0.0135,17,Right,108.68,-1,-1,UNKNOWN,None
196.147,155.221,2591.742,0.964,8.514,61.37,0.0135,17,Right,108.26,-1,-1,UNKNOWN,None
196.156,155.231,2591.884,0.969,8.519,61.37,0.0135,17,Right,108.12,-1,-1,UNKNOWN,None
196.172,155.246,2592.169,0.98,8.53,61.36,0.0135,17,Right,107.83,-1,-1,UNKNOWN,None
196.206,155.262,2592.605,0.998,8.548,61.3,0.004,17,Right,107.4,-1,-1,UNKNOWN,None
196.216,155.278,2592.905,1.01,8.56,61.25,0.004,17,Right,107.09,-1,-1,UNKNOWN,None
196.232,155.294,2593.188,1.022,8.572,61.19,0.004,17,Right,106.81,-1,-1,UNKNOWN,None
196.257,155.313,2593.471,1.034,8.584,61.12,0.004,17,Right,106.53,-1,-1,UNKNOWN,None
196.266,155.326,2593.613,1.041,8.591,61.08,0.004,17,Right,106.39,-1,-1,UNKNOWN,None
196.285,155.342,2593.937,1.055,8.605,60.99,0.004,17,Right,106.06,-1,-1,UNKNOWN,None
196.293,155.358,2594.225,1.069,8.619,60.9,0.004,17,Right,105.77,-1,-1,UNKNOWN,None
196.311,155.373,2594.517,1.083,8.633,60.8,0.0018,17,Right,105.48,-1,-1,UNKNOWN,None
196.328,155.391,2594.798,1.096,8.646,60.71,0.0018,17,Right,105.2,-1,-1,UNKNOWN,Right_Broken
196.344,155.405,2594.938,1.103,8.653,60.67,0.0018,17,Right,105.06,-1,-1,UNKNOWN,None
196.353,155.421,2595.218,1.117,8.667,60.58,0.0018,17,Right,104.78,-1,-1,UNKNOWN,None
196.371,155.436,2595.519,1.132,8.682,60.48,0.0018,17,Right,104.48,-1,-1,UNKNOWN,None
196.387,155.453,2595.798,1.147,8.697,60.38,0.0018,17,Right,104.2,-1,-1,UNKNOWN,None
196.404,155.469,2596.077,1.161,8.711,60.28,0.0018,17,Right,103.92,-1,-1,UNKNOWN,None
196.421,155.485,2596.355,1.176,8.726,60.18,0.0018,17,Right,103.64,-1,-1,UNKNOWN,None
196.439,155.501,2596.659,1.192,8.742,60.07,0.0023,17,Right,103.34,-1,-1,UNKNOWN,None
196.447,155.517,2596.826,1.201,8.751,60.0,0.0023,17,Right,103.17,-1,-1,UNKNOWN,None
196.476,155.533,2597.138,1.218,8.768,59.89,0.0023,17,Right,102.86,-1,-1,UNKNOWN,None
196.484,155.549,2597.415,1.234,8.784,59.78,0.0023,17,Right,102.58,-1,-1,UNKNOWN,None
196.501,155.565,2597.691,1.249,8.799,59.68,0.0023,17,Right,102.31,-1,-1,UNKNOWN,None
196.518,155.581,2597.967,1.265,8.815,59.59,0.0023,17,Right,102.03,-1,-1,UNKNOWN,None
196.543,155.597,2598.242,1.28,8.83,59.5,0.0021,17,Right,101.76,-1,-1,UNKNOWN,None
196.551,155.614,2598.517,1.296,8.846,59.43,0.0018,17,Right,101.48,-1,-1,UNKNOWN,None
196.576,155.63,2598.791,1.312,8.862,59.37,0.0017,17,Right,101.21,-1,-1,UNKNOWN,None
196.584,155.646,2598.928,1.32,8.87,59.35,0.0014,17,Right,101.07,-1,-1,UNKNOWN,Right_Broken
196.593,155.662,2599.205,1.336,8.886,59.32,0.0011,17,Right,100.79,-1,-1,UNKNOWN,None
196.62,155.677,2599.512,1.354,8.904,59.3,0.0009,17,Right,100.49,-1,-1,UNKNOWN,None
196.629,155.693,2599.806,1.371,8.921,59.32,0.0005,17,Right,100.19,-1,-1,UNKNOWN,None
196.65,155.709,2600.009,1.383,8.933,59.34,-0.0001,17,Right,99.99,-1,-1,UNKNOWN,None
196.667,155.726,2600.285,1.4,8.95,59.4,-0.0008,17,Right,99.71,-1,-1,UNKNOWN,None
196.683,155.741,2600.56,1.416,8.966,59.48,-0.0017,17,Right,99.44,-1,-1,UNKNOWN,None
196.7,155.756,2600.835,1.432,8.982,59.57,-0.0028,17,Right,99.16,-1,-1,UNKNOWN,None
196.708,155.774,2601.111,1.449,8.999,59.68,-0.0037,17,Right,98.89,-1,-1,UNKNOWN,None
196.725,155.788,2601.392,1.465,9.015,59.81,-0.0052,17,Right,98.61,-1,-1,UNKNOWN,None
196.734,155.806,2601.538,1.474,9.024,59.88,-0.006,17,Right,98.46,-1,-1,UNKNOWN,None
196.751,155.822,2601.827,1.491,9.041,60.02,-0.0072,17,Right,98.17,-1,-1,UNKNOWN,None
196.777,155.838,2602.244,1.515,9.065,60.25,-0.0072,17,Right,97.76,-1,-1,UNKNOWN,None
196.795,155.854,2602.418,1.525,9.075,60.34,-0.0072,17,Right,97.58,-1,-1,UNKNOWN,None
196.809,155.87,2602.781,1.546,9.096,60.53,-0.0091,17,Right,97.22,-1,-1,UNKNOWN,None
196.826,155.886,2602.928,1.554,9.104,60.61,-0.0091,17,Right,97.07,-1,-1,UNKNOWN,None
196.844,155.902,2603.234,1.572,9.122,60.77,-0.0091,17,Right,96.77,-1,-1,UNKNOWN,None
196.862,155.919,2603.535,1.589,9.139,60.9,-0.0091,17,Right,96.47,-1,-1,UNKNOWN,None
196.87,155.934,2603.82,1.605,9.155,61.01,-0.0091,17,Right,96.18,-1,-1,UNKNOWN,None
196.895,155.95,2604.102,1.62,9.17,61.09,-0.0084,17,Right,95.9,-1,-1,UNKNOWN,None
196.912,155.967,2604.385,1.636,9.186,61.16,-0.0078,17,Right,95.62,-1,-1,UNKNOWN,None
196.912,155.99,2604.526,1.643,9.193,61.19,-0.0078,17,Right,95.47,-1,-1,UNKNOWN,None
196.937,155.997,2604.809,1.659,9.209,61.24,-0.0078,17,Right,95.19,-1,-1,UNKNOWN,None
196.953,156.014,2605.093,1.674,9.224,61.27,-0.0078,17,Right,94.91,-1,-1,UNKNOWN,None
196.962,156.03,2605.38,1.689,9.239,61.27,-0.0078,17,Right,94.62,-1,-1,UNKNOWN,None
196.979,156.047,2605.663,1.704,9.254,61.26,-0.0078,17,Right,94.34,-1,-1,UNKNOWN,None
196.995,156.063,2605.946,1.719,9.269,61.23,-0.0078,17,Right,94.05,-1,-1,UNKNOWN,None
197.02,156.078,2606.229,1.733,9.283,61.18,-0.0078,17,Right,93.77,-1,-1,UNKNOWN,None
197.037,156.095,2606.511,1.747,9.297,61.12,-0.0078,17,Right,93.49,-1,-1,UNKNOWN,None
197.037,156.11,2606.653,1.754,9.304,61.09,-0.0078,17,Right,93.35,-1,-1,UNKNOWN,None
197.062,156.127,2607.076,1.775,9.325,60.98,0.0009,17,Right,92.92,-1,-1,UNKNOWN,None
197.087,156.143,2607.357,1.789,9.339,60.9,0.0009,17,Right,92.64,-1,-1,UNKNOWN,None
197.095,156.158,2607.639,1.803,9.353,60.82,0.0009,17,Right,92.36,-1,-1,UNKNOWN,None
197.112,156.174,2607.92,1.817,9.367,60.73,0.0009,17,Right,92.08,-1,-1,UNKNOWN,None
197.129,156.192,2608.202,1.83,9.38,60.64,0.0009,17,Right,91.8,-1,-1,UNKNOWN,None
197.145,156.21,2608.483,1.844,9.394,60.54,0.0009,17,Right,91.52,-1,-1,UNKNOWN,None
197.171,156.228,2608.766,1.858,9.408,60.44,0.0009,17,Right,91.23,-1,-1,UNKNOWN,None
197.179,156.243,2609.045,1.871,9.421,60.34,0.0009,17,Right,90.96,-1,-1,UNKNOWN,None
197.196,156.26,2609.325,1.884,9.434,60.24,0.0009,17,Right,90.68,-1,-1,UNKNOWN,None
197.221,156.279,2609.603,1.897,9.447,60.14,0.0009,17,Right,90.4,-1,-1,UNKNOWN,None
197.229,156.292,2609.881,1.91,9.46,60.03,0.0009,17,Right,90.12,-1,-1,UNKNOWN,None
197.237,156.307,2610.035,1.918,9.468,59.97,0.0009,17,Right,89.97,-1,-1,UNKNOWN,None
197.263,156.324,2610.312,1.931,9.481,59.86,0.0007,17,Right,89.69,-1,-1,UNKNOWN,None
197.272,156.338,2610.588,1.944,9.494,59.76,0.0007,17,Right,89.41,-1,-1,UNKNOWN,None
197.288,156.354,2610.865,1.956,9.506,59.66,0.0005,17,Right,89.14,-1,-1,UNKNOWN,None
197.305,156.37,2611.14,1.969,9.519,59.58,0.0002,17,Right,88.86,-1,-1,UNKNOWN,None
197.331,156.386,2611.434,1.983,9.533,59.5,-0.0001,17,Right,88.57,-1,-1,UNKNOWN,None
197.34,156.402,2611.715,1.996,9.546,59.44,-0.0005,17,Right,88.28,-1,-1,UNKNOWN,None
197.363,156.419,2611.96,2.007,9.557,59.4,-0.0008,17,Right,88.04,-1,-1,UNKNOWN,None
197.376,156.435,2612.17,2.016,9.566,59.38,-0.0012,17,Right,87.83,-1,-1,UNKNOWN,None
197.384,156.451,2612.446,2.029,9.579,59.37,-0.0017,17,Right,87.55,-1,-1,UNKNOWN,None
197.409,156.467,2612.721,2.041,9.591,59.38,-0.0018,17,Right,87.28,-1,-1,UNKNOWN,None
197.426,156.482,2612.996,2.054,9.604,59.42,-0.0024,17,Right,87.0,-1,-1,UNKNOWN,None
197.434,156.498,2613.274,2.066,9.616,59.48,-0.0024,17,Right,86.73,-1,-1,UNKNOWN,None
197.451,156.515,2613.582,2.08,9.63,59.58,-0.0024,17,Right,86.42,-1,-1,UNKNOWN,None
197.461,156.531,2613.728,2.087,9.637,59.63,-0.0024,17,Right,86.27,-1,-1,UNKNOWN,None
197.487,156.546,2614.007,2.099,9.649,59.74,-0.0024,17,Right,85.99,-1,-1,UNKNOWN,None
197.498,156.562,2614.32,2.113,9.663,59.88,-0.0024,17,Right,85.68,-1,-1,UNKNOWN,None
197.523,156.578,2614.599,2.125,9.675,60.01,-0.0024,17,Right,85.4,-1,-1,UNKNOWN,None
197.539,156.595,2614.877,2.137,9.687,60.16,-0.0024,17,Right,85.12,-1,-1,UNKNOWN,None
197.548,156.61,2615.169,2.15,9.7,60.31,-0.0024,17,Right,84.83,-1,-1,UNKNOWN,None
197.557,156.626,2615.318,2.157,9.707,60.38,-0.0018,17,Right,84.68,-1,-1,UNKNOWN,None
197.582,156.643,2615.598,2.169,9.719,60.51,-0.0018,17,Right,84.4,-1,-1,UNKNOWN,None
197.599,156.661,2616.019,2.187,9.737,60.69,-0.0018,17,Right,83.98,-1,-1,UNKNOWN,None
197.616,156.675,2616.159,2.193,9.743,60.74,-0.0018,17,Right,83.84,-1,-1,UNKNOWN,None
197.633,156.69,2616.458,2.206,9.756,60.86,-0.0018,17,Right,83.54,-1,-1,UNKNOWN,None
197.642,156.705,2616.739,2.218,9.768,60.94,-0.0018,17,Right,83.26,-1,-1,UNKNOWN,None
197.658,156.723,2617.021,2.23,9.78,61.01,-0.0018,17,Right,82.98,-1,-1,UNKNOWN,None
197.683,156.739,2617.304,2.242,9.792,61.05,-0.0018,17,Right,82.7,-1,-1,UNKNOWN,None
197.692,156.754,2617.586,2.254,9.804,61.07,-0.0018,17,Right,82.41,-1,-1,UNKNOWN,None
197.708,156.77,2617.869,2.266,9.816,61.06,-0.0018,17,Right,82.13,-1,-1,UNKNOWN,None
197.717,156.786,2618.01,2.272,9.822,61.05,-0.0018,17,Right,81.99,-1,-1,UNKNOWN,None
197.733,156.803,2618.292,2.284,9.834,61.02,-0.0018,17,Right,81.71,-1,-1,UNKNOWN,None
197.75,156.819,2618.577,2.296,9.846,60.98,-0.0018,17,Right,81.42,-1,-1,UNKNOWN,None
197.776,156.836,2618.868,2.308,9.858,60.92,-0.0018,17,Right,81.13,-1,-1,UNKNOWN,None
197.793,156.851,2619.162,2.32,9.87,60.85,-0.0018,17,Right,80.84,-1,-1,UNKNOWN,None
197.793,156.873,2619.302,2.326,9.876,60.81,-0.0018,17,Right,80.7,-1,-1,UNKNOWN,None
197.818,156.882,2619.737,2.343,9.893,60.69,-0.0018,17,Right,80.26,-1,-1,UNKNOWN,None
197.836,156.899,2620.023,2.355,9.905,60.61,-0.0018,17,Right,79.98,-1,-1,UNKNOWN,None
197.853,156.915,2620.302,2.366,9.916,60.52,-0.0018,17,Right,79.7,-1,-1,UNKNOWN,None
197.87,156.931,2620.587,2.378,9.928,60.43,-0.0018,17,Right,79.41,-1,-1,UNKNOWN,None
197.878,156.947,2620.727,2.383,9.933,60.38,-0.0021,17,Right,79.27,-1,-1,UNKNOWN,None
197.895,156.963,2621.005,2.395,9.945,60.29,-0.0024,17,Right,78.99,-1,-1,UNKNOWN,None
197.92,156.98,2621.284,2.406,9.956,60.2,-0.0024,17,Right,78.72,-1,-1,UNKNOWN,None
197.936,156.995,2621.562,2.417,9.967,60.1,-0.0024,17,Right,78.44,-1,-1,UNKNOWN,None
197.936,157.011,2621.701,2.422,9.972,60.05,-0.0024,17,Right,78.3,-1,-1,UNKNOWN,None
197.961,157.029,2622.117,2.438,9.988,59.9,-0.0024,17,Right,77.88,-1,-1,UNKNOWN,None
197.986,157.044,2622.394,2.449,9.999,59.8,-0.0035,17,Right,77.61,-1,-1,UNKNOWN,None
197.996,157.059,2622.705,2.461,10.011,59.68,-0.0037,17,Right,77.29,-1,-1,UNKNOWN,None
198.013,157.075,2622.981,2.472,10.022,59.59,-0.004,17,Right,77.02,-1,-1,UNKNOWN,None
198.022,157.091,2623.119,2.477,10.027,59.55,-0.0043,17,Right,76.88,-1,-1,UNKNOWN,None
198.038,157.107,2623.506,2.491,10.041,59.44,-0.0044,17,Right,76.49,-1,-1,UNKNOWN,None
198.062,157.123,2623.781,2.502,10.052,59.39,-0.0047,17,Right,76.22,-1,-1,UNKNOWN,None
198.07,157.139,2623.921,2.507,10.057,59.36,-0.0047,17,Right,76.08,-1,-1,UNKNOWN,None
198.096,157.155,2624.2,2.517,10.067,59.33,-0.0049,17,Right,75.8,-1,-1,UNKNOWN,None
198.112,157.171,2624.474,2.527,10.077,59.32,-0.0052,17,Right,75.53,-1,-1,UNKNOWN,None
198.121,157.188,2624.749,2.537,10.087,59.33,-0.0052,17,Right,75.25,-1,-1,UNKNOWN,None
198.129,157.204,2624.886,2.542,10.092,59.35,-0.0052,17,Right,75.11,-1,-1,UNKNOWN,None
198.162,157.22,2625.299,2.556,10.106,59.43,-0.0053,17,Right,74.7,-1,-1,UNKNOWN,None
198.179,157.235,2625.574,2.566,10.116,59.5,-0.0053,17,Right,74.43,-1,-1,UNKNOWN,None
198.187,157.252,2625.85,2.575,10.125,59.6,-0.0056,17,Right,74.15,-1,-1,UNKNOWN,None
198.204,157.268,2626.126,2.584,10.134,59.71,-0.0056,17,Right,73.87,-1,-1,UNKNOWN,None
198.221,157.283,2626.403,2.594,10.144,59.84,-0.006,17,Right,73.6,-1,-1,UNKNOWN,None
198.237,157.299,2626.68,2.603,10.153,59.97,-0.0063,17,Right,73.32,-1,-1,UNKNOWN,None
198.246,157.316,2626.819,2.607,10.157,60.04,-0.0069,17,Right,73.18,-1,-1,UNKNOWN,None
198.271,157.33,2627.106,2.616,10.166,60.2,-0.0069,17,Right,72.89,-1,-1,UNKNOWN,None
198.279,157.347,2627.385,2.625,10.175,60.35,-0.0069,17,Right,72.61,-1,-1,UNKNOWN,None
198.304,157.363,2627.665,2.634,10.184,60.5,-0.0069,17,Right,72.33,-1,-1,UNKNOWN,None
198.321,157.379,2627.951,2.642,10.192,60.63,-0.0069,17,Right,72.05,-1,-1,UNKNOWN,None
198.33,157.393,2628.232,2.651,10.201,60.74,-0.01,17,Right,71.77,-1,-1,UNKNOWN,None
198.355,157.41,2628.513,2.659,10.209,60.84,-0.0104,17,Right,71.49,-1,-1,UNKNOWN,None
198.371,157.426,2628.795,2.667,10.217,60.94,-0.0104,17,Right,71.2,-1,-1,UNKNOWN,None
198.38,157.442,2629.078,2.674,10.224,61.02,-0.0114,17,Right,70.92,-1,-1,UNKNOWN,None
198.405,157.458,2629.364,2.682,10.232,61.09,-0.0114,17,Right,70.64,-1,-1,UNKNOWN,None
198.405,157.474,2629.506,2.685,10.235,61.13,-0.0114,17,Right,70.49,-1,-1,UNKNOWN,None
198.422,157.49,2629.788,2.692,10.242,61.18,-0.0114,17,Right,70.21,-1,-1,UNKNOWN,None
198.43,157.506,2629.93,2.696,10.246,61.19,-0.0114,17,Right,70.07,-1,-1,UNKNOWN,None
198.463,157.523,2630.355,2.706,10.256,61.21,-0.0121,17,Right,69.65,-1,-1,UNKNOWN,None
198.48,157.539,2630.638,2.712,10.262,61.19,-0.0121,17,Right,69.36,-1,-1,UNKNOWN,None
198.491,157.554,2630.976,2.719,10.269,61.16,-0.0121,17,Right,69.02,-1,-1,UNKNOWN,None
198.508,157.57,2631.259,2.725,10.275,61.11,-0.0121,17,Right,68.74,-1,-1,UNKNOWN,None
198.525,157.586,2631.4,2.727,10.277,61.09,-0.0121,17,Right,68.6,-1,-1,UNKNOWN,None
198.533,157.603,2631.685,2.732,10.282,61.03,-0.0121,17,Right,68.32,-1,-1,UNKNOWN,None
198.558,157.619,2631.967,2.737,10.287,60.96,-0.0121,17,Right,68.03,-1,-1,UNKNOWN,None
198.575,157.635,2632.255,2.742,10.292,60.88,-0.0121,17,Right,67.75,-1,-1,UNKNOWN,None
198.592,157.65,2632.536,2.746,10.296,60.8,-0.0114,17,Right,67.46,-1,-1,UNKNOWN,None
198.6,157.666,2632.817,2.75,10.3,60.71,-0.0114,17,Right,67.18,-1,-1,UNKNOWN,None
198.617,157.682,2633.098,2.754,10.304,60.62,-0.0107,17,Right,66.9,-1,-1,UNKNOWN,None
198.642,157.698,2633.382,2.758,10.308,60.53,-0.0102,17,Right,66.62,-1,-1,UNKNOWN,None
198.659,157.715,2633.662,2.761,10.311,60.44,-0.0102,17,Right,66.34,-1,-1,UNKNOWN,None
198.675,157.729,2633.941,2.764,10.314,60.35,-0.0102,17,Right,66.06,-1,-1,UNKNOWN,None
198.692,157.746,2634.22,2.766,10.316,60.26,-0.0102,17,Right,65.78,-1,-1,UNKNOWN,None
198.7,157.762,2634.498,2.768,10.318,60.16,-0.0079,17,Right,65.5,-1,-1,UNKNOWN,None
198.709,157.778,2634.645,2.77,10.32,60.11,-0.0079,17,Right,65.35,-1,-1,UNKNOWN,None
198.734,157.795,2634.923,2.772,10.322,60.01,-0.0079,17,Right,65.08,-1,-1,UNKNOWN,None
198.743,157.811,2635.267,2.774,10.324,59.89,-0.0079,17,Right,64.73,-1,-1,UNKNOWN,None
198.769,157.827,2635.507,2.775,10.325,59.8,-0.0047,17,Right,64.49,-1,-1,UNKNOWN,None
198.769,157.843,2635.645,2.775,10.325,59.75,-0.004,17,Right,64.35,-1,-1,UNKNOWN,None
198.805,157.859,2636.093,2.777,10.327,59.59,-0.0035,17,Right,63.91,-1,-1,UNKNOWN,None
198.813,157.875,2636.23,2.778,10.328,59.55,-0.0028,17,Right,63.77,-1,-1,UNKNOWN,None
198.822,157.891,2636.53,2.778,10.328,59.46,-0.0024,17,Right,63.47,-1,-1,UNKNOWN,None
198.839,157.908,2636.808,2.779,10.329,59.4,-0.0018,17,Right,63.19,-1,-1,UNKNOWN,None
198.865,157.924,2637.083,2.779,10.329,59.35,-0.0017,17,Right,62.92,-1,-1,UNKNOWN,None
198.873,157.94,2637.401,2.779,10.329,59.31,-0.0014,17,Right,62.6,-1,-1,UNKNOWN,None
198.892,157.954,2637.676,2.78,10.33,59.3,-0.0014,17,Right,62.32,-1,-1,UNKNOWN,None
198.901,157.971,2637.813,2.779,10.329,59.31,-0.0012,17,Right,62.19,-1,-1,UNKNOWN,None
198.926,157.987,2638.088,2.779,10.329,59.34,-0.0009,17,Right,61.91,-1,-1,UNKNOWN,None
198.934,158.003,2638.366,2.779,10.329,59.39,-0.0009,17,Right,61.63,-1,-1,UNKNOWN,None
198.951,158.02,2638.641,2.779,10.329,59.46,-0.0009,17,Right,61.36,-1,-1,UNKNOWN,None
198.976,158.035,2638.917,2.778,10.328,59.55,-0.0009,17,Right,61.08,-1,-1,UNKNOWN,None
199.001,158.057,2639.331,2.777,10.327,59.72,-0.0008,17,Right,60.67,-1,-1,UNKNOWN,None
199.012,158.067,2639.518,2.777,10.327,59.8,-0.0008,17,Right,60.48,-1,-1,UNKNOWN,None
199.02,158.084,2639.795,2.776,10.326,59.94,-0.0005,17,Right,60.21,-1,-1,UNKNOWN,None
199.038,158.099,2639.944,2.775,10.325,60.01,-0.0005,17,Right,60.06,-1,-1,UNKNOWN,None
199.046,158.115,2640.237,2.774,10.324,60.17,-0.0005,17,Right,59.76,-1,-1,UNKNOWN,None
199.072,158.132,2640.525,2.773,10.323,60.33,-0.0005,17,Right,59.47,-1,-1,UNKNOWN,None
199.089,158.148,2640.805,2.772,10.322,60.47,-0.0005,17,Right,59.2,-1,-1,UNKNOWN,None
199.106,158.163,2641.085,2.771,10.321,60.6,0.0005,17,Right,58.91,-1,-1,UNKNOWN,None
199.117,158.179,2641.416,2.77,10.32,60.75,0.0005,17,Right,58.58,-1,-1,UNKNOWN,None
199.134,158.196,2641.698,2.769,10.319,60.85,0.0005,17,Right,58.3,-1,-1,UNKNOWN,None
199.15,158.211,2641.839,2.768,10.318,60.9,0.0005,17,Right,58.16,-1,-1,UNKNOWN,None
199.167,158.228,2642.126,2.767,10.317,60.97,0.0005,17,Right,57.87,-1,-1,UNKNOWN,None
199.184,158.244,2642.409,2.765,10.315,61.01,0.0005,17,Right,57.59,-1,-1,UNKNOWN,None
199.192,158.259,2642.55,2.765,10.315,61.02,0.0005,17,Right,57.45,-1,-1,UNKNOWN,None
199.215,158.275,2642.928,2.763,10.313,61.02,0.0005,17,Right,57.07,-1,-1,UNKNOWN,None
199.215,158.292,2643.069,2.762,10.312,61.01,0.0005,17,Right,56.93,-1,-1,UNKNOWN,None
199.248,158.307,2643.498,2.76,10.31,60.96,0.0007,17,Right,56.5,-1,-1,UNKNOWN,None
199.265,158.324,2643.78,2.759,10.309,60.91,0.0007,17,Right,56.22,-1,-1,UNKNOWN,None
199.265,158.338,2643.921,2.758,10.308,60.88,0.0007,17,Right,56.08,-1,-1,UNKNOWN,None
199.298,158.353,2644.344,2.756,10.306,60.78,0.0007,17,Right,55.66,-1,-1,UNKNOWN,None
199.315,158.37,2644.625,2.755,10.305,60.71,0.0007,17,Right,55.38,-1,-1,UNKNOWN,None
199.332,158.386,2644.906,2.753,10.303,60.63,0.0007,17,Right,55.09,-1,-1,UNKNOWN,None
199.34,158.402,2645.186,2.752,10.302,60.54,0.0007,17,Right,54.81,-1,-1,UNKNOWN,None
199.348,158.418,2645.332,2.751,10.301,60.5,0.0007,17,Right,54.67,-1,-1,UNKNOWN,None
199.376,158.434,2645.643,2.75,10.3,60.4,0.0007,17,Right,54.36,-1,-1,UNKNOWN,None
199.384,158.45,2645.979,2.748,10.298,60.28,0.0007,17,Right,54.02,-1,-1,UNKNOWN,None
199.405,158.466,2646.271,2.747,10.297,60.18,0.0007,17,Right,53.73,-1,-1,UNKNOWN,None
199.413,158.482,2646.412,2.746,10.296,60.13,0.0007,17,Right,53.59,-1,-1,UNKNOWN,None
199.43,158.498,2646.692,2.745,10.295,60.03,0.0007,17,Right,53.31,-1,-1,UNKNOWN,None
199.455,158.514,2646.978,2.743,10.293,59.93,0.0007,17,Right,53.02,-1,-1,UNKNOWN,None
199.455,158.539,2647.116,2.743,10.293,59.88,0.0007,17,Right,52.88,-1,-1,UNKNOWN,None
199.483,158.545,2647.573,2.741,10.291,59.71,0.0007,17,Right,52.43,-1,-1,UNKNOWN,None
199.508,158.562,2647.849,2.739,10.289,59.62,0.0007,17,Right,52.15,-1,-1,UNKNOWN,None
199.516,158.578,2648.125,2.738,10.288,59.54,0.0007,17,Right,51.88,-1,-1,UNKNOWN,None
199.525,158.594,2648.263,2.737,10.287,59.5,0.0007,17,Right,51.74,-1,-1,UNKNOWN,None
199.533,158.61,2648.403,2.737,10.287,59.47,0.0007,17,Right,51.6,-1,-1,UNKNOWN,None
199.567,158.627,2648.822,2.735,10.285,59.39,0.0007,17,Right,51.18,-1,-1,UNKNOWN,None
199.575,158.641,2649.105,2.734,10.284,59.36,0.0007,17,Right,50.9,-1,-1,UNKNOWN,None
199.584,158.658,2649.251,2.733,10.283,59.35,0.0007,17,Right,50.75,-1,-1,UNKNOWN,None
199.611,158.673,2649.679,2.731,10.281,59.37,0.0007,17,Right,50.32,-1,-1,UNKNOWN,None
199.636,158.691,2649.954,2.73,10.28,59.41,0.0007,17,Right,50.05,-1,-1,UNKNOWN,None
199.644,158.707,2650.236,2.729,10.279,59.48,0.0007,17,Right,49.76,-1,-1,UNKNOWN,None
199.662,158.726,2650.526,2.728,10.278,59.56,0.0007,17,Right,49.47,-1,-1,UNKNOWN,None
199.662,158.738,2650.526,2.728,10.278,59.56,0.0007,17,Right,49.47,-1,-1,UNKNOWN,None
199.696,158.754,2650.95,2.726,10.276,59.73,0.0007,17,Right,49.05,-1,-1,UNKNOWN,None
199.713,158.77,2651.231,2.725,10.275,59.85,0.0007,17,Right,48.77,-1,-1,UNKNOWN,None
199.729,158.786,2651.509,2.724,10.274,59.99,0.0007,17,Right,48.49,-1,-1,UNKNOWN,None
199.746,158.803,2651.787,2.723,10.273,60.13,0.0007,17,Right,48.21,-1,-1,UNKNOWN,None
199.754,158.82,2652.066,2.722,10.272,60.28,0.0007,17,Right,47.93,-1,-1,UNKNOWN,None
199.78,158.835,2652.352,2.721,10.271,60.44,0.0007,17,Right,47.65,-1,-1,UNKNOWN,None
199.796,158.852,2652.632,2.72,10.27,60.59,0.0007,17,Right,47.37,-1,-1,UNKNOWN,None
199.805,158.867,2652.917,2.719,10.269,60.74,0.0007,17,Right,47.08,-1,-1,UNKNOWN,None
199.822,158.883,2653.069,2.719,10.269,60.82,0.0007,17,Right,46.93,-1,-1,UNKNOWN,None
199.831,158.899,2653.379,2.718,10.268,60.96,0.0007,17,Right,46.62,-1,-1,UNKNOWN,None
199.852,158.915,2653.718,2.717,10.267,61.07,0.0007,17,Right,46.28,-1,-1,UNKNOWN,None
199.861,158.931,2653.865,2.716,10.266,61.11,0.0007,17,Right,46.14,-1,-1,UNKNOWN,None
199.886,158.948,2654.29,2.715,10.265,61.17,0.0007,17,Right,45.71,-1,-1,UNKNOWN,None
199.903,158.963,2654.431,2.715,10.265,61.17,0.0007,17,Right,45.57,-1,-1,UNKNOWN,None
199.911,158.979,2654.714,2.714,10.264,61.17,0.0007,17,Right,45.29,-1,-1,UNKNOWN,None
199.936,158.995,2654.998,2.713,10.263,61.15,0.0007,17,Right,45.0,-1,-1,UNKNOWN,None
199.953,159.012,2655.281,2.712,10.262,61.11,0.0007,17,Right,44.72,-1,-1,UNKNOWN,None
199.961,159.027,2655.563,2.711,10.261,61.06,0.0007,17,Right,44.44,-1,-1,UNKNOWN,None
199.986,159.043,2655.845,2.711,10.261,61.0,0.0007,17,Right,44.15,-1,-1,UNKNOWN,None
200.003,159.059,2656.128,2.71,10.26,60.93,0.0007,17,Right,43.87,-1,-1,UNKNOWN,None
200.011,159.076,2656.41,2.709,10.259,60.85,0.0007,17,Right,43.59,-1,-1,UNKNOWN,None
200.028,159.091,2656.55,2.709,10.259,60.81,0.0007,17,Right,43.45,-1,-1,UNKNOWN,None
200.048,159.108,2656.899,2.708,10.258,60.7,0.0007,17,Right,43.1,-1,-1,UNKNOWN,None
200.065,159.124,2657.181,2.707,10.257,60.6,0.0007,17,Right,42.82,-1,-1,UNKNOWN,None
200.074,159.138,2657.469,2.707,10.257,60.51,0.0007,17,Right,42.53,-1,-1,UNKNOWN,None
200.082,159.155,2657.609,2.707,10.257,60.46,0.0007,17,Right,42.39,-1,-1,UNKNOWN,None
200.116,159.172,2658.04,2.706,10.256,60.3,0.0007,17,Right,41.96,-1,-1,UNKNOWN,None
200.133,159.188,2658.318,2.705,10.255,60.2,0.0007,17,Right,41.68,-1,-1,UNKNOWN,None
200.143,159.203,2658.492,2.705,10.255,60.13,0.0007,17,Right,41.51,-1,-1,UNKNOWN,None
200.16,159.219,2658.771,2.704,10.254,60.03,0.0007,17,Right,41.23,-1,-1,UNKNOWN,None
200.168,159.235,2658.91,2.704,10.254,59.97,0.0007,17,Right,41.09,-1,-1,UNKNOWN,None
200.198,159.251,2659.406,2.703,10.253,59.78,0.0007,17,Right,40.59,-1,-1,UNKNOWN,None
200.206,159.268,2659.545,2.703,10.253,59.73,0.0007,17,Right,40.46,-1,-1,UNKNOWN,None
200.215,159.284,2659.821,2.703,10.253,59.63,0.0007,17,Right,40.18,-1,-1,UNKNOWN,None
200.241,159.3,2660.109,2.702,10.252,59.54,0.0007,17,Right,39.89,-1,-1,UNKNOWN,None
200.252,159.315,2660.433,2.702,10.252,59.45,0.0007,17,Right,39.57,-1,-1,UNKNOWN,None
200.269,159.33,2660.58,2.702,10.252,59.41,0.0007,17,Right,39.42,-1,-1,UNKNOWN,None
200.277,159.346,2660.858,2.701,10.251,59.36,0.0007,17,Right,39.14,-1,-1,UNKNOWN,None
200.303,159.362,2661.132,2.701,10.251,59.33,0.0007,17,Right,38.87,-1,-1,UNKNOWN,None
200.311,159.379,2661.407,2.701,10.251,59.32,0.0007,17,Right,38.59,-1,-1,UNKNOWN,None
200.336,159.394,2661.681,2.7,10.25,59.33,0.0007,17,Right,38.32,-1,-1,UNKNOWN,None
200.336,159.41,2661.819,2.7,10.25,59.34,0.0007,17,Right,38.18,-1,-1,UNKNOWN,None
200.353,159.426,2662.094,2.7,10.25,59.39,0.0007,17,Right,37.91,-1,-1,UNKNOWN,None
200.386,159.443,2662.507,2.7,10.25,59.5,0.0007,17,Right,37.49,-1,-1,UNKNOWN,None
200.403,159.459,2662.782,2.699,10.249,59.59,0.0007,17,Right,37.22,-1,-1,UNKNOWN,None
200.403,159.474,2662.971,2.699,10.249,59.67,0.0007,17,Right,37.03,-1,-1,UNKNOWN,None
200.43,159.49,2663.233,2.699,10.249,59.78,0.0007,17,Right,36.77,-1,-1,UNKNOWN,None
200.44,159.506,2663.61,2.699,10.249,59.96,0.0007,17,Right,36.39,-1,-1,UNKNOWN,None
200.452,159.522,2663.749,2.699,10.249,60.03,0.0007,17,Right,36.25,-1,-1,UNKNOWN,None
200.477,159.542,2664.167,2.699,10.249,60.26,0.0007,17,Right,35.83,-1,-1,UNKNOWN,None
200.494,159.554,2664.307,2.699,10.249,60.34,0.0007,17,Right,35.69,-1,-1,UNKNOWN,None
200.511,159.571,2664.586,2.699,10.249,60.48,0.0007,17,Right,35.41,-1,-1,UNKNOWN,None
200.527,159.586,2664.867,2.699,10.249,60.63,0.0007,17,Right,35.13,-1,-1,UNKNOWN,None
200.536,159.602,2665.148,2.699,10.249,60.77,0.0007,17,Right,34.85,-1,-1,UNKNOWN,None
200.562,159.619,2665.445,2.699,10.249,60.9,0.0007,17,Right,34.56,-1,-1,UNKNOWN,None
200.573,159.634,2665.642,2.699,10.249,60.97,0.0007,17,Right,34.36,-1,-1,UNKNOWN,None
200.591,159.65,2665.94,2.699,10.249,61.07,0.0007,17,Right,34.06,-1,-1,UNKNOWN,None
200.591,159.666,2666.087,2.699,10.249,61.11,0.0007,17,Right,33.91,-1,-1,UNKNOWN,None
200.617,159.682,2666.529,2.699,10.249,61.17,0.0007,17,Right,33.47,-1,-1,UNKNOWN,None
200.642,159.698,2666.812,2.699,10.249,61.18,0.0007,17,Right,33.19,-1,-1,UNKNOWN,None
200.651,159.714,2667.107,2.699,10.249,61.16,0.0007,17,Right,32.89,-1,-1,UNKNOWN,None
200.66,159.73,2667.267,2.699,10.249,61.14,0.0007,17,Right,32.73,-1,-1,UNKNOWN,None
200.686,159.745,2667.559,2.699,10.249,61.1,0.0007,17,Right,32.44,-1,-1,UNKNOWN,None
200.703,159.762,2667.842,2.7,10.25,61.05,0.0007,17,Right,32.16,-1,-1,UNKNOWN,None
200.719,159.778,2668.124,2.7,10.25,60.99,0.0002,17,Right,31.88,-1,-1,UNKNOWN,None
200.719,159.794,2668.265,2.7,10.25,60.96,-0.0008,17,Right,31.73,-1,-1,UNKNOWN,None
200.736,159.811,2668.547,2.7,10.25,60.89,-0.0008,17,Right,31.45,-1,-1,UNKNOWN,None
200.762,159.828,2668.98,2.7,10.25,60.78,-0.0008,17,Right,31.02,-1,-1,UNKNOWN,None
200.779,159.842,2669.273,2.701,10.251,60.69,-0.0008,17,Right,30.73,-1,-1,UNKNOWN,None
200.796,159.859,2669.554,2.701,10.251,60.6,-0.0008,17,Right,30.45,-1,-1,UNKNOWN,None
200.804,159.875,2669.708,2.701,10.251,60.55,-0.0008,17,Right,30.29,-1,-1,UNKNOWN,None
200.83,159.892,2670.127,2.701,10.251,60.41,-0.0008,17,Right,29.87,-1,-1,UNKNOWN,None
200.847,159.908,2670.407,2.701,10.251,60.31,-0.0008,17,Right,29.59,-1,-1,UNKNOWN,None
200.865,159.924,2670.568,2.701,10.251,60.25,-0.0008,17,Right,29.43,-1,-1,UNKNOWN,None
200.874,159.94,2670.859,2.702,10.252,60.15,-0.0008,17,Right,29.14,-1,-1,UNKNOWN,None
200.899,159.956,2671.137,2.702,10.252,60.04,-0.0008,17,Right,28.86,-1,-1,UNKNOWN,None
200.916,159.975,2671.428,2.702,10.252,59.93,-0.0008,17,Right,28.57,-1,-1,UNKNOWN,None
200.916,159.988,2671.566,2.702,10.252,59.88,-0.043,17,Right,28.43,-1,-1,UNKNOWN,None
200.949,160.003,2671.981,2.701,10.251,59.71,-0.0469,17,Right,28.02,-1,-1,UNKNOWN,None
200.949,160.02,2672.12,2.7,10.25,59.66,-0.0506,17,Right,27.88,-1,-1,UNKNOWN,None
200.966,160.036,2672.406,2.697,10.247,59.55,-0.0551,17,Right,27.59,-1,-1,UNKNOWN,None
200.983,160.052,2672.681,2.694,10.244,59.46,-0.059,17,Right,27.32,-1,-1,UNKNOWN,None
201.008,160.068,2672.956,2.69,10.24,59.39,-0.0622,17,Right,27.04,-1,-1,UNKNOWN,None
201.025,160.084,2673.231,2.685,10.235,59.33,-0.0657,17,Right,26.77,-1,-1,UNKNOWN,None
201.033,160.101,2673.505,2.679,10.229,59.28,-0.0686,17,Right,26.49,-1,-1,UNKNOWN,None
201.05,160.117,2673.78,2.672,10.222,59.26,-0.0711,17,Right,26.22,-1,-1,UNKNOWN,None
201.075,160.133,2674.054,2.664,10.214,59.25,-0.0734,17,Right,25.95,-1,-1,UNKNOWN,None
201.092,160.148,2674.329,2.654,10.204,59.28,-0.0753,17,Right,25.67,-1,-1,UNKNOWN,None
201.1,160.164,2674.603,2.644,10.194,59.32,-0.0769,17,Right,25.4,-1,-1,UNKNOWN,None
201.117,160.18,2674.74,2.638,10.188,59.35,-0.0783,17,Right,25.26,-1,-1,UNKNOWN,None
201.126,160.196,2675.046,2.623,10.173,59.43,-0.0792,17,Right,24.95,-1,-1,UNKNOWN,None
201.144,160.213,2675.322,2.609,10.159,59.52,-0.0799,17,Right,24.68,-1,-1,UNKNOWN,None
201.16,160.229,2675.6,2.593,10.143,59.63,-0.0802,17,Right,24.4,-1,-1,UNKNOWN,None
201.187,160.245,2675.892,2.575,10.125,59.75,-0.0804,17,Right,24.11,-1,-1,UNKNOWN,None
201.204,160.259,2676.176,2.555,10.105,59.88,-0.0804,17,Right,23.82,-1,-1,UNKNOWN,None
201.22,160.275,2676.453,2.535,10.085,60.02,-0.0804,17,Right,23.55,-1,-1,UNKNOWN,None
201.229,160.292,2676.733,2.512,10.062,60.16,-0.0799,17,Right,23.27,-1,-1,UNKNOWN,None
201.246,160.308,2676.889,2.499,10.049,60.24,-0.0799,17,Right,23.11,-1,-1,UNKNOWN,None
201.265,160.324,2677.191,2.472,10.022,60.4,-0.0788,17,Right,22.81,-1,-1,UNKNOWN,None
201.274,160.339,2677.484,2.443,9.993,60.55,-0.0788,17,Right,22.52,-1,-1,UNKNOWN,None
201.282,160.355,2677.623,2.429,9.979,60.62,-0.0788,17,Right,22.38,-1,-1,UNKNOWN,None
201.315,160.374,2678.043,2.384,9.934,60.8,-0.0788,17,Right,21.96,-1,-1,UNKNOWN,None
201.315,160.388,2678.183,2.368,9.918,60.85,-0.0788,17,Right,21.82,-1,-1,UNKNOWN,None
201.34,160.403,2678.603,2.317,9.867,60.95,-0.0788,17,Right,21.4,-1,-1,UNKNOWN,None
201.349,160.419,2678.75,2.298,9.848,60.97,-0.0788,17,Right,21.25,-1,-1,UNKNOWN,None
201.366,160.435,2679.041,2.259,9.809,60.99,-0.0788,17,Right,20.96,-1,-1,UNKNOWN,None
201.392,160.451,2679.33,2.218,9.768,60.98,-0.0788,17,Right,20.67,-1,-1,UNKNOWN,None
201.392,160.467,2679.47,2.197,9.747,60.96,-0.0788,17,Right,20.53,-1,-1,UNKNOWN,None
201.409,160.483,2679.749,2.155,9.705,60.92,-0.0788,17,Right,20.25,-1,-1,UNKNOWN,None
201.434,160.5,2680.168,2.087,9.637,60.83,-0.0788,17,Right,19.83,-1,-1,UNKNOWN,None
201.451,160.515,2680.445,2.04,9.59,60.75,-0.0788,17,Right,19.55,-1,-1,UNKNOWN,None
201.476,160.531,2680.722,1.99,9.54,60.66,-0.0788,17,Right,19.28,-1,-1,UNKNOWN,None
201.484,160.546,2680.998,1.939,9.489,60.56,-0.0788,17,Right,19.0,-1,-1,UNKNOWN,None
201.492,160.563,2681.135,1.913,9.463,60.51,-0.0788,17,Right,18.86,-1,-1,UNKNOWN,None
201.517,160.579,2681.547,1.831,9.381,60.35,-0.0788,17,Right,18.45,-1,-1,UNKNOWN,None
201.526,160.595,2681.683,1.803,9.353,60.3,-0.0255,17,Right,18.32,-1,-1,UNKNOWN,None
201.553,160.611,2681.996,1.737,9.287,60.2,-0.0255,17,Right,18.0,-1,-1,UNKNOWN,None
201.563,160.627,2682.291,1.674,9.224,60.09,-0.0255,17,Right,17.71,-1,-1,UNKNOWN,None
201.579,160.642,2682.426,1.644,9.194,60.04,-0.0255,17,Right,17.57,-1,-1,UNKNOWN,Right_Broken
201.596,160.659,2682.835,1.553,9.103,59.88,-0.0255,17,Right,17.17,-1,-1,UNKNOWN,None
201.613,160.676,2683.105,1.491,9.041,59.78,-0.0075,17,Right,16.9,-1,-1,UNKNOWN,None
201.629,160.691,2683.374,1.428,8.978,59.67,-0.0044,17,Right,16.63,-1,-1,UNKNOWN,None
201.646,160.707,2683.508,1.396,8.946,59.63,-0.0014,17,Right,16.49,-1,-1,UNKNOWN,None
201.654,160.723,2683.777,1.331,8.881,59.53,0.0014,17,Right,16.22,-1,-1,UNKNOWN,None
201.68,160.739,2684.045,1.266,8.816,59.45,0.0042,17,Right,15.96,-1,-1,UNKNOWN,None
201.696,160.755,2684.312,1.2,8.75,59.39,0.0065,17,Right,15.69,-1,-1,UNKNOWN,None
201.696,160.771,2684.445,1.167,8.717,59.36,0.0085,17,Right,15.55,-1,-1,UNKNOWN,None
201.713,160.788,2684.712,1.1,8.65,59.32,0.0107,17,Right,15.29,-1,-1,UNKNOWN,None
201.738,160.804,2685.115,0.997,8.547,59.29,0.0126,17,Right,14.89,-1,-1,UNKNOWN,None
201.764,160.821,2685.395,0.925,8.475,59.3,0.0142,17,Right,14.61,-1,-1,UNKNOWN,None
201.781,160.836,2685.662,0.856,8.406,59.33,0.0151,17,Right,14.34,-1,-1,UNKNOWN,None
201.789,160.852,2685.928,0.786,8.336,59.39,0.0158,17,Right,14.07,-1,-1,UNKNOWN,None
201.806,160.868,2686.194,0.716,8.266,59.47,0.016,17,Right,13.81,-1,-1,UNKNOWN,None
201.822,160.886,2686.46,0.646,8.196,59.57,0.016,17,Right,13.54,-1,-1,UNKNOWN,None
201.831,160.901,2686.601,0.609,8.159,59.62,0.016,17,Right,13.4,-1,-1,UNKNOWN,None
201.856,160.916,2686.868,0.538,8.088,59.74,0.016,17,Right,13.13,-1,-1,UNKNOWN,Right_Broken
201.873,160.932,2687.141,0.466,8.016,59.88,0.016,17,Right,12.86,-1,-1,UNKNOWN,None
201.89,160.948,2687.409,0.395,7.945,60.02,0.0158,17,Right,12.59,-1,-1,UNKNOWN,None
201.907,160.964,2687.691,0.319,7.869,60.18,0.0158,17,Right,12.31,-1,-1,UNKNOWN,None
201.924,160.98,2687.965,0.247,7.797,60.32,0.0158,17,Right,12.04,-1,-1,UNKNOWN,None
201.941,160.995,2688.244,0.173,7.723,60.46,0.0158,17,Right,11.76,-1,-1,UNKNOWN,None
201.959,161.012,2688.525,0.098,7.648,60.59,0.0158,17,Right,11.47,-1,-1,UNKNOWN,None
201.967,161.028,2688.661,0.062,7.612,60.64,0.0158,17,Right,11.34,-1,-1,UNKNOWN,None
201.975,161.044,2688.934,-0.01,7.54,60.71,0.0158,17,Right,11.07,-1,-1,UNKNOWN,None
201.992,161.06,2689.206,-0.082,7.468,60.76,0.0158,17,Right,10.79,-1,-1,UNKNOWN,None
202.017,161.077,2689.478,-0.154,7.396,60.78,0.0158,17,Right,10.52,-1,-1,UNKNOWN,None
202.034,161.093,2689.75,-0.225,7.325,60.78,0.0228,17,Right,10.25,-1,-1,UNKNOWN,None
202.034,161.108,2689.889,-0.261,7.289,60.77,0.0228,17,Right,10.11,-1,-1,UNKNOWN,None
202.059,161.124,2690.297,-0.367,7.183,60.73,0.0228,17,Right,9.7,-1,-1,UNKNOWN,Right_Broken
202.076,161.141,2690.57,-0.437,7.113,60.68,0.0228,17,Right,9.43,-1,-1,UNKNOWN,None
202.092,161.157,2690.842,-0.507,7.043,60.62,0.0228,17,Right,9.16,-1,-1,UNKNOWN,None
202.111,161.173,2691.142,-0.583,6.967,60.54,0.0228,17,Right,8.86,-1,-1,UNKNOWN,None
202.127,161.188,2691.278,-0.617,6.933,60.51,0.0228,17,Right,8.72,-1,-1,UNKNOWN,None
202.136,161.205,2691.552,-0.686,6.864,60.42,0.0228,17,Right,8.45,-1,-1,UNKNOWN,None
202.161,161.22,2691.831,-0.756,6.794,60.33,0.0228,17,Right,8.17,-1,-1,UNKNOWN,None
202.17,161.236,2692.102,-0.823,6.727,60.24,0.0392,17,Right,7.9,-1,-1,UNKNOWN,None
202.178,161.252,2692.237,-0.856,6.694,60.19,0.0392,17,Right,7.76,-1,-1,UNKNOWN,None
202.203,161.269,2692.643,-0.954,6.596,60.04,0.0392,17,Right,7.36,-1,-1,UNKNOWN,None
202.228,161.284,2692.913,-1.018,6.532,59.94,0.0392,17,Right,7.09,-1,-1,UNKNOWN,None
202.236,161.299,2693.182,-1.081,6.469,59.84,0.0404,17,Right,6.82,-1,-1,UNKNOWN,None
202.253,161.317,2693.456,-1.145,6.405,59.74,0.0404,17,Right,6.54,-1,-1,UNKNOWN,None
202.271,161.331,2693.605,-1.179,6.371,59.68,0.0404,17,Right,6.39,-1,-1,UNKNOWN,None
202.289,161.347,2693.9,-1.246,6.304,59.58,0.0404,17,Right,6.1,-1,-1,UNKNOWN,Right_Broken
202.297,161.362,2694.174,-1.307,6.243,59.5,0.0404,17,Right,5.83,-1,-1,UNKNOWN,None
202.314,161.38,2694.443,-1.366,6.184,59.44,0.0404,17,Right,5.56,-1,-1,UNKNOWN,None
202.34,161.395,2694.718,-1.426,6.124,59.38,0.0406,17,Right,5.28,-1,-1,UNKNOWN,None
202.356,161.412,2694.988,-1.483,6.067,59.35,0.0408,17,Right,5.01,-1,-1,UNKNOWN,None
202.365,161.427,2695.263,-1.541,6.009,59.34,0.0408,17,Right,4.74,-1,-1,UNKNOWN,None
202.382,161.443,2695.532,-1.596,5.954,59.35,0.041,17,Right,4.47,-1,-1,UNKNOWN,None
202.399,161.459,2695.667,-1.624,5.926,59.37,0.0413,17,Right,4.33,-1,-1,UNKNOWN,None
202.407,161.474,2695.937,-1.678,5.872,59.41,0.0413,17,Right,4.06,-1,-1,UNKNOWN,None
202.424,161.492,2696.207,-1.731,5.819,59.48,0.0413,17,Right,3.79,-1,-1,UNKNOWN,None
202.44,161.508,2696.478,-1.783,5.767,59.57,0.0414,17,Right,3.52,-1,-1,UNKNOWN,None
202.465,161.524,2696.749,-1.835,5.715,59.67,0.0417,17,Right,3.25,-1,-1,UNKNOWN,None
202.474,161.538,2697.023,-1.886,5.664,59.78,0.0417,17,Right,2.98,-1,-1,UNKNOWN,None
202.49,161.556,2697.296,-1.935,5.615,59.91,0.042,17,Right,2.7,-1,-1,UNKNOWN,None
202.507,161.572,2697.572,-1.984,5.566,60.05,0.0423,17,Right,2.43,-1,-1,UNKNOWN,None
202.532,161.588,2697.849,-2.032,5.518,60.2,0.0423,17,Right,2.15,-1,-1,UNKNOWN,None
202.541,161.604,2698.137,-2.081,5.469,60.35,0.0423,17,Right,1.86,-1,-1,UNKNOWN,None
202.558,161.62,2698.414,-2.127,5.423,60.48,0.0431,17,Right,1.59,-1,-1,UNKNOWN,None
202.575,161.636,2698.552,-2.149,5.401,60.54,0.0439,17,Right,1.45,-1,-1,UNKNOWN,None
202.592,161.652,2698.834,-2.194,5.356,60.67,0.0439,17,Right,1.17,-1,-1,UNKNOWN,None
202.608,161.668,2699.113,-2.237,5.313,60.8,0.0455,17,Right,0.89,-1,-1,UNKNOWN,None
202.625,161.684,2699.391,-2.279,5.271,60.91,0.0455,17,Right,0.61,-1,-1,UNKNOWN,None
202.642,161.7,2699.671,-2.32,5.23,61.02,0.0455,17,Right,0.33,-1,-1,UNKNOWN,None
202.65,161.716,2699.951,-2.36,5.19,61.1,0.0455,17,Right,0.05,-1,-1,UNKNOWN,None
202.675,161.732,2700.231,-2.399,5.151,61.16,0.0455,-1,None,999.0,-1,-1,UNKNOWN,Left_Broken
202.683,161.747,2700.512,-2.436,5.114,61.2,0.0455,-1,None,999.0,-1,-1,UNKNOWN,None
202.708,161.763,2700.793,-2.473,5.077,61.2,0.0525,-1,None,999.0,-1,-1,UNKNOWN,None
202.717,161.779,2701.076,-2.508,5.042,61.19,0.0525,-1,None,999.0,-1,-1,UNKNOWN,None
202.734,161.795,2701.357,-2.541,5.009,61.16,0.0545,-1,None,999.0,-1,-1,UNKNOWN,None
202.75,161.813,2701.638,-2.573,4.977,61.11,0.0545,-1,None,999.0,-1,-1,UNKNOWN,None
202.776,161.829,2701.926,-2.605,4.945,61.05,0.0545,-1,None,999.0,-1,-1,UNKNOWN,None
202.784,161.845,2702.066,-2.62,4.93,61.02,0.0545,-1,None,999.0,-1,-1,UNKNOWN,None
202.801,161.86,2702.347,-2.649,4.901,60.94,0.0577,-1,None,999.0,-1,-1,UNKNOWN,None
202.817,161.876,2702.627,-2.676,4.874,60.86,0.0577,-1,None,999.0,-1,-1,UNKNOWN,None
202.826,161.892,2702.908,-2.702,4.848,60.77,0.0577,-1,None,999.0,-1,-1,UNKNOWN,None
202.842,161.908,2703.048,-2.714,4.836,60.72,0.0577,-1,None,999.0,-1,-1,UNKNOWN,None
202.851,161.924,2703.328,-2.737,4.813,60.62,0.0577,-1,None,999.0,-1,-1,UNKNOWN,None
202.884,161.94,2703.749,-2.77,4.78,60.47,0.0577,-1,None,999.0,-1,-1,UNKNOWN,None
202.892,161.956,2704.048,-2.791,4.759,60.35,0.0577,-1,None,999.0,-1,-1,UNKNOWN,None
202.914,161.972,2704.241,-2.804,4.746,60.27,0.0584,-1,None,999.0,-1,-1,UNKNOWN,Left_Broken
202.914,161.988,2704.381,-2.813,4.737,60.22,0.0584,-1,None,999.0,-1,-1,UNKNOWN,None
202.93,162.004,2704.658,-2.83,4.72,60.1,0.0584,-1,None,999.0,-1,-1,UNKNOWN,None
202.947,162.02,2704.949,-2.845,4.705,59.98,0.0584,-1,None,999.0,-1,-1,UNKNOWN,None
202.981,162.036,2705.364,-2.865,4.685,59.81,0.0577,-1,None,999.0,-1,-1,UNKNOWN,None
202.99,162.052,2705.648,-2.876,4.674,59.69,0.0571,-1,None,999.0,-1,-1,UNKNOWN,None
202.998,162.068,2705.794,-2.881,4.669,59.63,0.0567,-1,None,999.0,-1,-1,UNKNOWN,None
203.015,162.085,2706.07,-2.89,4.66,59.53,0.0557,-1,None,999.0,-1,-1,UNKNOWN,None
203.041,162.099,2706.359,-2.898,4.652,59.44,0.0548,-1,None,999.0,-1,-1,UNKNOWN,None
203.049,162.117,2706.634,-2.903,4.647,59.36,0.0536,-1,None,999.0,-1,-1,UNKNOWN,None
203.074,162.132,2706.908,-2.907,4.643,59.3,0.0519,-1,None,999.0,-1,-1,UNKNOWN,None
203.083,162.149,2707.182,-2.91,4.64,59.26,0.0507,-1,None,999.0,-1,-1,UNKNOWN,None
203.108,162.164,2707.457,-2.912,4.638,59.24,0.0494,-1,None,999.0,-1,-1,UNKNOWN,None
203.117,162.179,2707.738,-2.911,4.639,59.24,0.048,-1,None,999.0,-1,-1,UNKNOWN,None
203.125,162.197,2707.875,-2.911,4.639,59.25,0.0468,-1,None,999.0,-1,-1,UNKNOWN,None
203.15,162.212,2708.287,-2.907,4.643,59.32,0.0452,-1,None,999.0,-1,-1,UNKNOWN,None
203.175,162.228,2708.565,-2.903,4.647,59.39,0.0439,-1,None,999.0,-1,-1,UNKNOWN,None
203.175,162.244,2708.702,-2.9,4.65,59.43,0.0424,-1,None,999.0,-1,-1,UNKNOWN,None
203.192,162.261,2708.978,-2.894,4.656,59.53,0.041,-1,None,999.0,-1,-1,UNKNOWN,None
203.217,162.276,2709.253,-2.886,4.664,59.64,0.0394,-1,None,999.0,-1,-1,UNKNOWN,None
203.225,162.293,2709.53,-2.877,4.673,59.77,0.0382,-1,None,999.0,-1,-1,UNKNOWN,None
203.25,162.309,2709.807,-2.867,4.683,59.9,0.0371,-1,None,999.0,-1,-1,UNKNOWN,None
203.258,162.325,2710.108,-2.855,4.695,60.06,0.0359,-1,None,999.0,-1,-1,UNKNOWN,None
203.276,162.339,2710.387,-2.842,4.708,60.21,0.0359,-1,None,999.0,-1,-1,UNKNOWN,None
203.293,162.355,2710.666,-2.828,4.722,60.36,0.0359,-1,None,999.0,-1,-1,UNKNOWN,None
203.31,162.371,2710.945,-2.813,4.737,60.5,0.0359,-1,None,999.0,-1,-1,UNKNOWN,None
203.327,162.387,2711.086,-2.805,4.745,60.56,0.0359,-1,None,999.0,-1,-1,UNKNOWN,None
203.335,162.403,2711.367,-2.788,4.762,60.67,0.0359,-1,None,999.0,-1,-1,UNKNOWN,Left_Broken
203.352,162.42,2711.648,-2.769,4.781,60.76,0.0359,-1,None,999.0,-1,-1,UNKNOWN,None
203.377,162.435,2711.929,-2.75,4.8,60.83,0.0327,-1,None,999.0,-1,-1,UNKNOWN,None
203.385,162.451,2712.21,-2.729,4.821,60.88,0.0327,-1,None,999.0,-1,-1,UNKNOWN,None
203.402,162.468,2712.491,-2.708,4.842,60.91,0.0327,-1,None,999.0,-1,-1,UNKNOWN,None
203.41,162.483,2712.632,-2.696,4.854,60.92,0.0327,-1,None,999.0,-1,-1,UNKNOWN,None
203.443,162.5,2713.053,-2.661,4.889,60.92,0.0327,-1,None,999.0,-1,-1,UNKNOWN,None
203.46,162.515,2713.334,-2.636,4.914,60.89,0.0322,-1,None,999.0,-1,-1,UNKNOWN,None
203.477,162.531,2713.615,-2.61,4.94,60.86,0.0322,-1,None,999.0,-1,-1,UNKNOWN,None
203.485,162.547,2713.755,-2.597,4.953,60.83,0.0304,-1,None,999.0,-1,-1,UNKNOWN,None
203.504,162.563,2714.076,-2.565,4.985,60.77,0.0289,-1,None,999.0,-1,-1,UNKNOWN,None
203.521,162.579,2714.356,-2.537,5.013,60.71,0.0289,-1,None,999.0,-1,-1,UNKNOWN,None
203.529,162.596,2714.635,-2.507,5.043,60.64,0.0289,-1,None,999.0,-1,-1,UNKNOWN,None
203.537,162.611,2714.775,-2.492,5.058,60.6,0.0289,-1,None,999.0,-1,-1,UNKNOWN,None
203.562,162.627,2715.192,-2.445,5.105,60.48,0.0289,-1,None,999.0,-1,-1,UNKNOWN,None
203.571,162.643,2715.401,-2.421,5.129,60.41,0.0289,-1,None,999.0,-1,-1,UNKNOWN,None
203.6,162.659,2715.678,-2.389,5.161,60.32,0.0152,-1,None,999.0,-1,-1,UNKNOWN,Left_Broken
203.616,162.675,2715.955,-2.356,5.194,60.23,0.0152,-1,None,999.0,-1,-1,UNKNOWN,None
203.634,162.691,2716.242,-2.32,5.23,60.13,0.0152,-1,None,999.0,-1,-1,UNKNOWN,None
203.642,162.708,2716.517,-2.286,5.264,60.03,0.0152,-1,None,999.0,-1,-1,UNKNOWN,None
203.668,162.723,2716.811,-2.248,5.302,59.92,0.0152,-1,None,999.0,-1,-1,UNKNOWN,None
203.677,162.739,2717.101,-2.21,5.34,59.82,-0.0012,-1,None,999.0,-1,-1,UNKNOWN,None
203.695,162.755,2717.26,-2.19,5.36,59.76,-0.0047,-1,None,999.0,-1,-1,UNKNOWN,None
203.705,162.771,2717.559,-2.15,5.4,59.65,-0.0082,-1,None,999.0,-1,-1,UNKNOWN,None
203.731,162.787,2717.843,-2.112,5.438,59.56,-0.0119,-1,None,999.0,-1,-1,UNKNOWN,None
203.74,162.804,2718.125,-2.075,5.475,59.49,-0.0153,-1,None,999.0,-1,-1,UNKNOWN,None
203.757,162.82,2718.268,-2.056,5.494,59.45,-0.0186,-1,None,999.0,-1,-1,UNKNOWN,None
203.777,162.836,2718.59,-2.013,5.537,59.39,-0.0219,-1,None,999.0,-1,-1,UNKNOWN,None
203.785,162.853,2718.863,-1.976,5.574,59.36,-0.0248,-1,None,999.0,-1,-1,UNKNOWN,None
203.81,162.869,2719.135,-1.94,5.61,59.34,-0.0279,-1,None,999.0,-1,-1,UNKNOWN,None
203.818,162.884,2719.408,-1.904,5.646,59.35,-0.0306,-1,None,999.0,-1,-1,UNKNOWN,None
203.843,162.901,2719.68,-1.868,5.682,59.38,-0.033,-1,None,999.0,-1,-1,UNKNOWN,None
203.86,162.917,2719.953,-1.832,5.718,59.44,-0.035,-1,None,999.0,-1,-1,UNKNOWN,None
203.868,162.932,2720.23,-1.796,5.754,59.52,-0.0369,-1,None,999.0,-1,-1,UNKNOWN,None
203.877,162.949,2720.392,-1.775,5.775,59.57,-0.0388,-1,None,999.0,-1,-1,UNKNOWN,None
203.905,162.964,2720.692,-1.737,5.813,59.68,-0.0401,-1,None,999.0,-1,-1,UNKNOWN,None
203.905,162.98,2720.833,-1.72,5.83,59.74,-0.0413,-1,None,999.0,-1,-1,UNKNOWN,None
203.932,162.997,2721.314,-1.661,5.889,59.97,-0.0418,-1,None,999.0,-1,-1,UNKNOWN,None
203.953,163.013,2721.479,-1.641,5.909,60.05,-0.0423,-1,None,999.0,-1,-1,UNKNOWN,None
203.961,163.027,2721.776,-1.606,5.944,60.21,-0.0423,-1,None,999.0,-1,-1,UNKNOWN,None
203.987,163.044,2722.053,-1.574,5.976,60.35,-0.0423,-1,None,999.0,-1,-1,UNKNOWN,None
204.004,163.059,2722.331,-1.542,6.008,60.5,-0.0423,-1,None,999.0,-1,-1,UNKNOWN,None
204.012,163.075,2722.61,-1.511,6.039,60.64,-0.0423,-1,None,999.0,-1,-1,UNKNOWN,None
204.029,163.092,2722.89,-1.481,6.069,60.77,-0.0423,-1,None,999.0,-1,-1,UNKNOWN,None
204.037,163.108,2723.029,-1.467,6.083,60.82,-0.0423,-1,None,999.0,-1,-1,UNKNOWN,None
204.062,163.124,2723.45,-1.424,6.126,60.95,-0.0423,-1,None,999.0,-1,-1,UNKNOWN,None
204.079,163.14,2723.591,-1.41,6.14,60.98,-0.0423,-1,None,999.0,-1,-1,UNKNOWN,None
204.096,163.157,2723.885,-1.381,6.169,61.02,-0.0423,-1,None,999.0,-1,-1,UNKNOWN,None
204.105,163.173,2724.167,-1.355,6.195,61.02,-0.0423,-1,None,999.0,-1,-1,UNKNOWN,None
204.13,163.188,2724.448,-1.33,6.22,61.01,-0.0407,-1,None,999.0,-1,-1,UNKNOWN,None
204.138,163.204,2724.729,-1.306,6.244,60.98,-0.0407,-1,None,999.0,-1,-1,UNKNOWN,None
204.164,163.22,2725.023,-1.281,6.269,60.94,-0.0407,-1,None,999.0,-1,-1,UNKNOWN,None
204.181,163.237,2725.306,-1.259,6.291,60.88,-0.0407,-1,None,999.0,-1,-1,UNKNOWN,None
204.19,163.253,2725.611,-1.236,6.314,60.81,-0.0407,-1,None,999.0,-1,-1,UNKNOWN,None
204.208,163.268,2725.771,-1.225,6.325,60.78,-0.0407,-1,None,999.0,-1,-1,UNKNOWN,None
204.225,163.285,2726.053,-1.205,6.345,60.72,-0.0407,-1,None,999.0,-1,-1,UNKNOWN,None
204.242,163.301,2726.339,-1.187,6.363,60.66,-0.0407,-1,None,999.0,-1,-1,UNKNOWN,None
204.26,163.316,2726.638,-1.168,6.382,60.61,-0.0407,-1,None,999.0,-1,-1,UNKNOWN,None
204.276,163.331,2726.918,-1.152,6.398,60.56,-0.0407,-1,None,999.0,-1,-1,UNKNOWN,None
204.285,163.347,2727.058,-1.145,6.405,60.53,-0.0407,-1,None,999.0,-1,-1,UNKNOWN,None
204.293,163.363,2727.36,-1.129,6.421,60.47,-0.0407,-1,None,999.0,-1,-1,UNKNOWN,None
204.319,163.379,2727.639,-1.116,6.434,60.4,-0.0399,-1,None,999.0,-1,-1,UNKNOWN,None
204.336,163.395,2727.918,-1.104,6.446,60.32,-0.0397,-1,None,999.0,-1,-1,UNKNOWN,None
204.344,163.412,2728.197,-1.093,6.457,60.25,-0.0391,-1,None,999.0,-1,-1,UNKNOWN,None
204.369,163.427,2728.476,-1.084,6.466,60.18,-0.0383,-1,None,999.0,-1,-1,UNKNOWN,None
204.386,163.444,2728.754,-1.075,6.475,60.12,-0.0383,-1,None,999.0,-1,-1,UNKNOWN,None
204.386,163.459,2728.893,-1.071,6.479,60.09,-0.0383,-1,None,999.0,-1,-1,UNKNOWN,None
204.412,163.475,2729.327,-1.06,6.49,59.98,-0.0383,-1,None,999.0,-1,-1,UNKNOWN,None
204.429,163.491,2729.605,-1.055,6.495,59.91,-0.0344,-1,None,999.0,-1,-1,UNKNOWN,None
204.446,163.507,2729.882,-1.05,6.5,59.83,-0.0327,-1,None,999.0,-1,-1,UNKNOWN,None
204.462,163.524,2730.02,-1.048,6.502,59.79,-0.0311,-1,None,999.0,-1,-1,UNKNOWN,None
204.48,163.539,2730.316,-1.045,6.505,59.71,-0.0292,-1,None,999.0,-1,-1,UNKNOWN,None
204.48,163.556,2730.454,-1.044,6.506,59.68,-0.0274,-1,None,999.0,-1,-1,UNKNOWN,None
204.512,163.572,2730.843,-1.042,6.508,59.6,-0.0251,-1,None,999.0,-1,-1,UNKNOWN,None
204.52,163.587,2731.151,-1.042,6.508,59.55,-0.0229,-1,None,999.0,-1,-1,UNKNOWN,None
204.545,163.603,2731.398,-1.042,6.508,59.53,-0.0206,-1,None,999.0,-1,-1,UNKNOWN,None
204.565,163.621,2731.727,-1.044,6.506,59.52,-0.0184,-1,None,999.0,-1,-1,UNKNOWN,None
204.565,163.639,2731.881,-1.045,6.505,59.53,-0.0161,-1,None,999.0,-1,-1,UNKNOWN,None
204.592,163.651,2732.166,-1.048,6.502,59.57,-0.0135,-1,None,999.0,-1,-1,UNKNOWN,None
204.601,163.668,2732.449,-1.051,6.499,59.63,-0.0119,-1,None,999.0,-1,-1,UNKNOWN,None
204.617,163.684,2732.725,-1.055,6.495,59.71,-0.01,-1,None,999.0,-1,-1,UNKNOWN,None
204.634,163.699,2733.002,-1.059,6.491,59.8,-0.0079,-1,None,999.0,-1,-1,UNKNOWN,None
204.659,163.716,2733.281,-1.064,6.486,59.92,-0.006,-1,None,999.0,-1,-1,UNKNOWN,None
204.672,163.731,2733.497,-1.069,6.481,60.01,-0.0047,-1,None,999.0,-1,-1,UNKNOWN,None
204.68,163.747,2733.777,-1.075,6.475,60.14,-0.0047,-1,None,999.0,-1,-1,UNKNOWN,None
204.705,163.763,2734.056,-1.081,6.469,60.28,-0.0024,-1,None,999.0,-1,-1,UNKNOWN,None
204.714,163.78,2734.35,-1.088,6.462,60.43,-0.0024,-1,None,999.0,-1,-1,UNKNOWN,None
204.731,163.795,2734.631,-1.096,6.454,60.57,-0.0009,-1,None,999.0,-1,-1,UNKNOWN,None
204.748,163.812,2734.912,-1.103,6.447,60.71,-0.0005,-1,None,999.0,-1,-1,UNKNOWN,None
204.768,163.828,2735.102,-1.109,6.441,60.8,-0.0005,-1,None,999.0,-1,-1,UNKNOWN,None
204.781,163.844,2735.473,-1.12,6.43,61.0,-0.0002,-1,None,999.0,-1,-1,UNKNOWN,None
204.798,163.86,2735.76,-1.129,6.421,61.15,-0.0002,-1,None,999.0,-1,-1,UNKNOWN,None
204.815,163.876,2736.046,-1.138,6.412,61.3,-0.0002,-1,None,999.0,-1,-1,UNKNOWN,None
204.833,163.892,2736.212,-1.143,6.407,61.39,-0.0002,-1,None,999.0,-1,-1,UNKNOWN,None
204.833,163.908,2736.365,-1.148,6.402,61.46,-0.0002,-1,None,999.0,-1,-1,UNKNOWN,None
204.86,163.923,2736.828,-1.164,6.386,61.63,-0.0002,-1,None,999.0,-1,-1,UNKNOWN,None
204.887,163.94,2737.128,-1.174,6.376,61.7,-0.0002,-1,None,999.0,-1,-1,UNKNOWN,None
204.887,163.956,2737.271,-1.179,6.371,61.73,-0.0002,-1,None,999.0,-1,-1,UNKNOWN,None
204.903,163.972,2737.556,-1.189,6.361,61.75,-0.0001,-1,None,999.0,-1,-1,UNKNOWN,None
204.912,163.988,2737.734,-1.196,6.354,61.76,0.0005,-1,None,999.0,-1,-1,UNKNOWN,None
204.939,164.004,2738.162,-1.212,6.338,61.75,0.0005,-1,None,999.0,-1,-1,UNKNOWN,None
204.955,164.02,2738.448,-1.222,6.328,61.72,0.0011,-1,None,999.0,-1,-1,UNKNOWN,None
204.981,164.036,2738.748,-1.234,6.316,61.67,0.0011,-1,None,999.0,-1,-1,UNKNOWN,None
204.99,164.052,2739.039,-1.245,6.305,61.62,0.0011,-1,None,999.0,-1,-1,UNKNOWN,None
205.006,164.068,2739.324,-1.255,6.295,61.56,0.0028,-1,None,999.0,-1,-1,UNKNOWN,None
205.015,164.084,2739.466,-1.261,6.289,61.52,0.0028,-1,None,999.0,-1,-1,UNKNOWN,None
205.031,164.1,2739.756,-1.272,6.278,61.45,0.0028,-1,None,999.0,-1,-1,UNKNOWN,None
205.031,164.116,2739.756,-1.272,6.278,61.45,0.0028,-1,None,999.0,-1,-1,UNKNOWN,None
205.073,164.132,2740.324,-1.294,6.256,61.28,0.0028,-1,None,999.0,-1,-1,UNKNOWN,None
205.09,164.148,2740.607,-1.305,6.245,61.19,0.0028,-1,None,999.0,-1,-1,UNKNOWN,None
205.107,164.164,2740.89,-1.315,6.235,61.1,0.0028,-1,None,999.0,-1,-1,UNKNOWN,None
205.115,164.181,2741.172,-1.326,6.224,61.0,0.0049,-1,None,999.0,-1,-1,UNKNOWN,None
205.14,164.196,2741.454,-1.337,6.213,60.91,0.0049,-1,None,999.0,-1,-1,UNKNOWN,None
205.148,164.212,2741.736,-1.348,6.202,60.82,0.0049,-1,None,999.0,-1,-1,UNKNOWN,None
205.173,164.228,2742.017,-1.358,6.192,60.72,0.0049,-1,None,999.0,-1,-1,UNKNOWN,None
205.173,164.244,2742.157,-1.363,6.187,60.67,0.0049,-1,None,999.0,-1,-1,UNKNOWN,None
205.191,164.26,2742.468,-1.375,6.175,60.57,0.0049,-1,None,999.0,-1,-1,UNKNOWN,None
205.217,164.277,2742.748,-1.385,6.165,60.47,0.0049,-1,None,999.0,-1,-1,UNKNOWN,None
205.234,164.293,2743.027,-1.396,6.154,60.37,0.0049,-1,None,999.0,-1,-1,UNKNOWN,None
205.25,164.309,2743.308,-1.406,6.144,60.27,0.0049,-1,None,999.0,-1,-1,UNKNOWN,None
205.259,164.324,2743.586,-1.416,6.134,60.16,0.0049,-1,None,999.0,-1,-1,UNKNOWN,None
205.276,164.339,2743.868,-1.426,6.124,60.06,0.0049,-1,None,999.0,-1,-1,UNKNOWN,None
205.309,164.365,2744.292,-1.441,6.109,59.92,0.0049,-1,None,999.0,-1,-1,UNKNOWN,None
205.309,164.37,2744.292,-1.441,6.109,59.92,0.0049,-1,None,999.0,-1,-1,UNKNOWN,None
205.318,164.387,2744.569,-1.451,6.099,59.82,0.0049,-1,None,999.0,-1,-1,UNKNOWN,None
205.334,164.403,2744.852,-1.46,6.09,59.72,0.0053,-1,None,999.0,-1,-1,UNKNOWN,None
205.36,164.419,2745.128,-1.47,6.08,59.63,0.0058,-1,None,999.0,-1,-1,UNKNOWN,None
205.376,164.435,2745.404,-1.479,6.071,59.55,0.0062,-1,None,999.0,-1,-1,UNKNOWN,None
205.376,164.451,2745.542,-1.484,6.066,59.51,0.0068,-1,None,999.0,-1,-1,UNKNOWN,None
205.406,164.467,2745.897,-1.495,6.055,59.43,0.0069,-1,None,999.0,-1,-1,UNKNOWN,None
205.423,164.483,2746.175,-1.504,6.046,59.39,0.0069,-1,None,999.0,-1,-1,UNKNOWN,None
205.431,164.499,2746.45,-1.513,6.037,59.36,0.0072,-1,None,999.0,-1,-1,UNKNOWN,None
205.448,164.516,2746.725,-1.521,6.029,59.36,0.0075,-1,None,999.0,-1,-1,UNKNOWN,None
205.473,164.531,2747.0,-1.53,6.02,59.38,0.0075,-1,None,999.0,-1,-1,UNKNOWN,None
205.483,164.547,2747.298,-1.538,6.012,59.43,0.0075,-1,None,999.0,-1,-1,UNKNOWN,None
205.5,164.563,2747.576,-1.546,6.004,59.49,0.0075,-1,None,999.0,-1,-1,UNKNOWN,None
205.525,164.579,2747.852,-1.554,5.996,59.58,0.0075,-1,None,999.0,-1,-1,UNKNOWN,None
205.533,164.595,2748.133,-1.562,5.988,59.68,0.0075,-1,None,999.0,-1,-1,UNKNOWN,None
205.551,164.611,2748.287,-1.566,5.984,59.75,0.0075,-1,None,999.0,-1,-1,UNKNOWN,None
205.569,164.627,2748.592,-1.574,5.976,59.89,0.0076,-1,None,999.0,-1,-1,UNKNOWN,None
205.578,164.643,2748.931,-1.583,5.967,60.05,0.0076,-1,None,999.0,-1,-1,UNKNOWN,None
205.59,164.659,2749.075,-1.587,5.963,60.13,0.0076,-1,None,999.0,-1,-1,UNKNOWN,None
205.607,164.675,2749.38,-1.594,5.956,60.29,0.0076,-1,None,999.0,-1,-1,UNKNOWN,None
205.625,164.692,2749.66,-1.601,5.949,60.43,0.0076,-1,None,999.0,-1,-1,UNKNOWN,None
205.65,164.708,2749.94,-1.608,5.942,60.57,0.0076,-1,None,999.0,-1,-1,UNKNOWN,None
205.658,164.722,2750.221,-1.614,5.936,60.71,0.0076,-1,None,999.0,-1,-1,UNKNOWN,None
205.675,164.739,2750.502,-1.62,5.93,60.82,0.0076,-1,None,999.0,-1,-1,UNKNOWN,None
205.692,164.756,2750.791,-1.626,5.924,60.93,0.0076,-1,None,999.0,-1,-1,UNKNOWN,None
205.709,164.771,2751.084,-1.632,5.918,61.04,0.0076,-1,None,999.0,-1,-1,UNKNOWN,None
205.718,164.787,2751.236,-1.635,5.915,61.1,0.0076,-1,None,999.0,-1,-1,UNKNOWN,None
205.735,164.804,2751.538,-1.641,5.909,61.19,0.0076,-1,None,999.0,-1,-1,UNKNOWN,None
205.761,164.821,2751.821,-1.647,5.903,61.25,0.0076,-1,None,999.0,-1,-1,UNKNOWN,None
205.769,164.837,2752.105,-1.652,5.898,61.3,0.0076,-1,None,999.0,-1,-1,UNKNOWN,None
205.778,164.856,2752.247,-1.654,5.896,61.32,0.0076,-1,None,999.0,-1,-1,UNKNOWN,None
205.803,164.868,2752.717,-1.662,5.888,61.36,0.0076,-1,None,999.0,-1,-1,UNKNOWN,None
205.822,164.884,2753.011,-1.666,5.884,61.36,0.0076,-1,None,999.0,-1,-1,UNKNOWN,None
205.839,164.9,2753.295,-1.671,5.879,61.33,0.0076,-1,None,999.0,-1,-1,UNKNOWN,None
205.856,164.917,2753.437,-1.673,5.877,61.31,0.0076,-1,None,999.0,-1,-1,UNKNOWN,None
205.881,164.939,2753.862,-1.678,5.872,61.24,0.0076,-1,None,999.0,-1,-1,UNKNOWN,None
205.889,164.948,2754.004,-1.68,5.87,61.21,0.0076,-1,None,999.0,-1,-1,UNKNOWN,None
205.906,164.963,2754.287,-1.683,5.867,61.14,0.0076,-1,None,999.0,-1,-1,UNKNOWN,None
205.922,164.981,2754.57,-1.687,5.863,61.07,0.0076,-1,None,999.0,-1,-1,UNKNOWN,None
205.939,164.996,2754.852,-1.69,5.86,60.98,0.0076,-1,None,999.0,-1,-1,UNKNOWN,None
205.956,165.012,2755.134,-1.692,5.858,60.9,0.0076,-1,None,999.0,-1,-1,UNKNOWN,None
205.972,165.028,2755.416,-1.695,5.855,60.8,0.0076,-1,None,999.0,-1,-1,UNKNOWN,None
205.981,165.044,2755.703,-1.697,5.853,60.7,0.0076,-1,None,999.0,-1,-1,UNKNOWN,None
205.998,165.06,2755.845,-1.698,5.852,60.65,0.0072,-1,None,999.0,-1,-1,UNKNOWN,None
206.021,165.076,2756.241,-1.701,5.849,60.52,0.0069,-1,None,999.0,-1,-1,UNKNOWN,None
206.03,165.093,2756.521,-1.703,5.847,60.42,0.0069,-1,None,999.0,-1,-1,UNKNOWN,None
206.046,165.108,2756.8,-1.704,5.846,60.33,0.0056,-1,None,999.0,-1,-1,UNKNOWN,None
206.055,165.124,2756.94,-1.705,5.845,60.28,0.0056,-1,None,999.0,-1,-1,UNKNOWN,None
206.08,165.143,2757.358,-1.707,5.843,60.13,0.0056,-1,None,999.0,-1,-1,UNKNOWN,None
206.098,165.156,2757.516,-1.707,5.843,60.08,0.0056,-1,None,999.0,-1,-1,UNKNOWN,None
206.106,165.173,2757.793,-1.708,5.842,59.98,0.0056,-1,None,999.0,-1,-1,UNKNOWN,None
206.131,165.189,2758.071,-1.709,5.841,59.87,0.0018,-1,None,999.0,-1,-1,UNKNOWN,None
206.148,165.205,2758.348,-1.709,5.841,59.77,0.0017,-1,None,999.0,-1,-1,UNKNOWN,None
206.164,165.221,2758.624,-1.71,5.84,59.68,0.0017,-1,None,999.0,-1,-1,UNKNOWN,None
206.181,165.237,2758.904,-1.71,5.84,59.59,0.0017,-1,None,999.0,-1,-1,UNKNOWN,None
206.19,165.253,2759.184,-1.711,5.839,59.52,0.0017,-1,None,999.0,-1,-1,UNKNOWN,None
206.207,165.269,2759.461,-1.711,5.839,59.46,0.0017,-1,None,999.0,-1,-1,UNKNOWN,None
206.215,165.285,2759.604,-1.711,5.839,59.44,0.0017,-1,None,999.0,-1,-1,UNKNOWN,None
206.232,165.301,2759.879,-1.711,5.839,59.41,0.0017,-1,None,999.0,-1,-1,UNKNOWN,None
206.257,165.317,2760.154,-1.71,5.84,59.4,0.0017,-1,None,999.0,-1,-1,UNKNOWN,None
206.265,165.331,2760.429,-1.71,5.84,59.41,0.0017,-1,None,999.0,-1,-1,UNKNOWN,None
206.29,165.347,2760.704,-1.71,5.84,59.44,0.0017,-1,None,999.0,-1,-1,UNKNOWN,None
206.299,165.363,2760.98,-1.709,5.841,59.5,0.0017,-1,None,999.0,-1,-1,UNKNOWN,None
206.324,165.379,2761.256,-1.709,5.841,59.58,0.0017,-1,None,999.0,-1,-1,UNKNOWN,None
206.34,165.395,2761.532,-1.708,5.842,59.68,0.0017,-1,None,999.0,-1,-1,UNKNOWN,None
206.349,165.411,2761.812,-1.707,5.843,59.79,0.0017,-1,None,999.0,-1,-1,UNKNOWN,None
206.374,165.428,2762.089,-1.706,5.844,59.91,0.0017,-1,None,999.0,-1,-1,UNKNOWN,None
206.374,165.444,2762.228,-1.706,5.844,59.98,0.0017,-1,None,999.0,-1,-1,UNKNOWN,None
206.399,165.459,2762.506,-1.705,5.845,60.12,0.0017,-1,None,999.0,-1,-1,UNKNOWN,None
206.407,165.476,2762.785,-1.704,5.846,60.27,0.0017,-1,None,999.0,-1,-1,UNKNOWN,None
206.424,165.492,2763.065,-1.703,5.847,60.42,0.0017,-1,None,999.0,-1,-1,UNKNOWN,None
206.44,165.507,2763.345,-1.701,5.849,60.56,0.0017,-1,None,999.0,-1,-1,UNKNOWN,None
206.449,165.523,2763.485,-1.701,5.849,60.62,0.0017,-1,None,999.0,-1,-1,UNKNOWN,None
206.482,165.539,2763.907,-1.699,5.851,60.77,0.0017,-1,None,999.0,-1,-1,UNKNOWN,None
206.499,165.555,2764.188,-1.697,5.853,60.84,0.0017,-1,None,999.0,-1,-1,UNKNOWN,None
206.515,165.571,2764.47,-1.696,5.854,60.88,0.0017,-1,None,999.0,-1,-1,UNKNOWN,None
206.524,165.586,2764.752,-1.694,5.856,60.89,0.0017,-1,None,999.0,-1,-1,UNKNOWN,None
206.54,165.604,2765.034,-1.693,5.857,60.88,0.0017,-1,None,999.0,-1,-1,UNKNOWN,None
206.549,165.62,2765.212,-1.692,5.858,60.86,0.0017,-1,None,999.0,-1,-1,UNKNOWN,None
206.576,165.635,2765.501,-1.69,5.86,60.83,0.0017,-1,None,999.0,-1,-1,UNKNOWN,None
206.593,165.651,2765.782,-1.688,5.862,60.78,0.0017,-1,None,999.0,-1,-1,UNKNOWN,None
206.593,165.667,2765.923,-1.688,5.862,60.75,0.0017,-1,None,999.0,-1,-1,UNKNOWN,None
206.619,165.683,2766.361,-1.685,5.865,60.65,0.0017,-1,None,999.0,-1,-1,UNKNOWN,None
206.644,165.698,2766.642,-1.683,5.867,60.58,0.0017,-1,None,999.0,-1,-1,UNKNOWN,None
206.661,165.716,2766.921,-1.681,5.869,60.49,0.0017,-1,None,999.0,-1,-1,UNKNOWN,None
206.67,165.732,2767.214,-1.679,5.871,60.4,0.0017,-1,None,999.0,-1,-1,UNKNOWN,None
206.69,165.747,2767.408,-1.677,5.873,60.34,0.0017,-1,None,999.0,-1,-1,UNKNOWN,None
206.704,165.763,2767.643,-1.676,5.874,60.26,0.0017,-1,None,999.0,-1,-1,UNKNOWN,None
206.712,165.779,2767.921,-1.674,5.876,60.16,0.0017,-1,None,999.0,-1,-1,UNKNOWN,None
206.729,165.794,2768.2,-1.671,5.879,60.06,0.0017,-1,None,999.0,-1,-1,UNKNOWN,None
206.737,165.813,2768.339,-1.67,5.88,60.01,0.0017,-1,None,999.0,-1,-1,UNKNOWN,None
206.772,165.828,2768.774,-1.667,5.883,59.85,0.0017,-1,None,999.0,-1,-1,UNKNOWN,None
206.78,165.844,2769.051,-1.665,5.885,59.74,-0.0017,-1,None,999.0,-1,-1,UNKNOWN,None
206.797,165.86,2769.327,-1.662,5.888,59.64,-0.0027,-1,None,999.0,-1,-1,UNKNOWN,None
206.813,165.876,2769.603,-1.66,5.89,59.54,-0.0037,-1,None,999.0,-1,-1,UNKNOWN,None
206.83,165.892,2769.878,-1.658,5.892,59.46,-0.0047,-1,None,999.0,-1,-1,UNKNOWN,None
206.847,165.908,2770.016,-1.657,5.893,59.42,-0.0056,-1,None,999.0,-1,-1,UNKNOWN,None
206.865,165.924,2770.316,-1.655,5.895,59.35,-0.0065,-1,None,999.0,-1,-1,UNKNOWN,None
206.873,165.941,2770.591,-1.653,5.897,59.3,-0.0072,-1,None,999.0,-1,-1,UNKNOWN,None
206.898,165.956,2770.865,-1.651,5.899,59.27,-0.0079,-1,None,999.0,-1,-1,UNKNOWN,None
206.907,165.972,2771.147,-1.649,5.901,59.26,-0.0084,-1,None,999.0,-1,-1,UNKNOWN,None
206.932,165.989,2771.421,-1.648,5.902,59.27,-0.0084,-1,None,999.0,-1,-1,UNKNOWN,None
206.949,166.005,2771.696,-1.646,5.904,59.31,-0.0084,-1,None,999.0,-1,-1,UNKNOWN,None
206.965,166.021,2771.97,-1.645,5.905,59.36,-0.0084,-1,None,999.0,-1,-1,UNKNOWN,None
206.975,166.036,2772.26,-1.644,5.906,59.45,-0.0084,-1,None,999.0,-1,-1,UNKNOWN,None
206.983,166.052,2772.399,-1.643,5.907,59.49,-0.0084,-1,None,999.0,-1,-1,UNKNOWN,None
207.008,166.068,2772.674,-1.642,5.908,59.6,-0.0084,-1,None,999.0,-1,-1,UNKNOWN,None
207.025,166.085,2772.954,-1.641,5.909,59.72,-0.0084,-1,None,999.0,-1,-1,UNKNOWN,None
207.042,166.1,2773.236,-1.641,5.909,59.86,-0.0084,-1,None,999.0,-1,-1,UNKNOWN,None
207.042,166.116,2773.375,-1.64,5.91,59.93,-0.0084,-1,None,999.0,-1,-1,UNKNOWN,None
207.075,166.133,2773.792,-1.64,5.91,60.15,-0.0084,-1,None,999.0,-1,-1,UNKNOWN,None
207.092,166.148,2774.071,-1.64,5.91,60.31,-0.0084,-1,None,999.0,-1,-1,UNKNOWN,None
207.108,166.164,2774.351,-1.64,5.91,60.46,-0.0084,-1,None,999.0,-1,-1,UNKNOWN,None
207.118,166.18,2774.653,-1.64,5.91,60.61,-0.0084,-1,None,999.0,-1,-1,UNKNOWN,None
207.126,166.196,2774.801,-1.64,5.91,60.68,-0.0084,-1,None,999.0,-1,-1,UNKNOWN,None
207.152,166.212,2775.094,-1.641,5.909,60.81,-0.0084,-1,None,999.0,-1,-1,UNKNOWN,None
207.161,166.229,2775.379,-1.641,5.909,60.91,-0.0084,-1,None,999.0,-1,-1,UNKNOWN,None
207.169,166.244,2775.521,-1.642,5.908,60.96,-0.0084,-1,None,999.0,-1,-1,UNKNOWN,None
207.194,166.261,2775.945,-1.643,5.907,61.11,-0.0084,-1,None,999.0,-1,-1,UNKNOWN,None
207.219,166.276,2776.228,-1.645,5.905,61.22,-0.0084,-1,None,999.0,-1,-1,UNKNOWN,None
207.236,166.292,2776.511,-1.646,5.904,61.32,-0.0084,-1,None,999.0,-1,-1,UNKNOWN,None
207.253,166.309,2776.796,-1.648,5.902,61.42,-0.0084,-1,None,999.0,-1,-1,UNKNOWN,None
207.269,166.324,2777.081,-1.65,5.9,61.51,-0.0084,-1,None,999.0,-1,-1,UNKNOWN,None
207.279,166.339,2777.25,-1.651,5.899,61.56,-0.0084,-1,None,999.0,-1,-1,UNKNOWN,None
207.289,166.356,2777.558,-1.654,5.896,61.62,-0.0084,-1,None,999.0,-1,-1,UNKNOWN,None
207.306,166.372,2777.844,-1.657,5.893,61.66,-0.0084,-1,None,999.0,-1,-1,UNKNOWN,None
207.331,166.388,2778.13,-1.659,5.891,61.68,-0.0084,-1,None,999.0,-1,-1,UNKNOWN,None
207.348,166.403,2778.427,-1.663,5.887,61.68,-0.0084,-1,None,999.0,-1,-1,UNKNOWN,None
207.356,166.419,2778.57,-1.664,5.886,61.67,-0.0084,-1,None,999.0,-1,-1,UNKNOWN,None
207.366,166.435,2778.938,-1.669,5.881,61.64,-0.0084,-1,None,999.0,-1,-1,UNKNOWN,None
207.386,166.451,2779.227,-1.673,5.877,61.6,-0.0084,-1,None,999.0,-1,-1,UNKNOWN,None
207.403,166.468,2779.512,-1.677,5.873,61.55,-0.0084,-1,None,999.0,-1,-1,UNKNOWN,None
207.428,166.484,2779.797,-1.681,5.869,61.49,-0.0084,-1,None,999.0,-1,-1,UNKNOWN,None
207.437,166.499,2780.095,-1.686,5.864,61.41,-0.0084,-1,None,999.0,-1,-1,UNKNOWN,None
207.454,166.516,2780.38,-1.69,5.86,61.33,-0.0084,-1,None,999.0,-1,-1,UNKNOWN,None
207.472,166.532,2780.543,-1.693,5.857,61.29,-0.0084,-1,None,999.0,-1,-1,UNKNOWN,None
207.48,166.548,2780.827,-1.698,5.852,61.2,-0.0084,-1,None,999.0,-1,-1,UNKNOWN,None
207.505,166.564,2781.114,-1.704,5.846,61.1,-0.0084,-1,None,999.0,-1,-1,UNKNOWN,None
207.505,166.58,2781.255,-1.707,5.843,61.06,-0.0084,-1,None,999.0,-1,-1,UNKNOWN,None
207.539,166.594,2781.687,-1.715,5.835,60.9,-0.0084,-1,None,999.0,-1,-1,UNKNOWN,None
207.557,166.611,2781.992,-1.722,5.828,60.79,-0.0084,-1,None,999.0,-1,-1,UNKNOWN,None
207.574,166.629,2782.276,-1.728,5.822,60.69,-0.0084,-1,None,999.0,-1,-1,UNKNOWN,None
207.583,166.642,2782.417,-1.732,5.818,60.64,-0.0084,-1,None,999.0,-1,-1,UNKNOWN,None
207.583,166.659,2782.557,-1.735,5.815,60.59,-0.0084,-1,None,999.0,-1,-1,UNKNOWN,None
207.616,166.676,2782.979,-1.745,5.805,60.43,-0.0084,-1,None,999.0,-1,-1,UNKNOWN,None
207.625,166.692,2783.269,-1.753,5.797,60.32,-0.0084,-1,None,999.0,-1,-1,UNKNOWN,None
207.642,166.708,2783.547,-1.76,5.79,60.21,-0.0084,-1,None,999.0,-1,-1,UNKNOWN,None
207.667,166.723,2783.826,-1.767,5.783,60.11,-0.0084,-1,None,999.0,-1,-1,UNKNOWN,None
207.683,166.74,2784.103,-1.775,5.775,60.0,-0.0084,-1,None,999.0,-1,-1,UNKNOWN,None
207.692,166.755,2784.381,-1.783,5.767,59.89,-0.0084,-1,None,999.0,-1,-1,UNKNOWN,None
207.708,166.771,2784.657,-1.792,5.758,59.78,-0.0068,-1,None,999.0,-1,-1,UNKNOWN,None
207.717,166.788,2784.796,-1.796,5.754,59.73,-0.006,-1,None,999.0,-1,-1,UNKNOWN,None
207.742,166.804,2785.21,-1.809,5.741,59.58,-0.0052,-1,None,999.0,-1,-1,UNKNOWN,None
207.759,166.82,2785.36,-1.813,5.737,59.53,-0.0043,-1,None,999.0,-1,-1,UNKNOWN,None
207.776,166.836,2785.635,-1.822,5.728,59.45,-0.0033,-1,None,999.0,-1,-1,UNKNOWN,None
207.784,166.853,2785.91,-1.831,5.719,59.38,-0.0024,-1,None,999.0,-1,-1,UNKNOWN,None
207.809,166.868,2786.185,-1.84,5.71,59.33,-0.0012,-1,None,999.0,-1,-1,UNKNOWN,None
207.826,166.884,2786.459,-1.849,5.701,59.3,-0.0002,-1,None,999.0,-1,-1,UNKNOWN,None
207.834,166.9,2786.733,-1.859,5.691,59.29,0.0009,-1,None,999.0,-1,-1,UNKNOWN,None
207.851,166.916,2787.008,-1.868,5.682,59.3,0.0018,-1,None,999.0,-1,-1,UNKNOWN,None
207.876,166.932,2787.282,-1.878,5.672,59.33,0.0028,-1,None,999.0,-1,-1,UNKNOWN,None
207.892,166.949,2787.557,-1.887,5.663,59.39,0.0034,-1,None,999.0,-1,-1,UNKNOWN,None
207.909,166.964,2787.832,-1.897,5.653,59.46,0.004,-1,None,999.0,-1,-1,UNKNOWN,None
207.926,166.979,2788.107,-1.906,5.644,59.56,0.0046,-1,None,999.0,-1,-1,UNKNOWN,None
207.926,166.996,2788.245,-1.911,5.639,59.61,0.0049,-1,None,999.0,-1,-1,UNKNOWN,None
207.951,167.012,2788.521,-1.92,5.63,59.73,0.0056,-1,None,999.0,-1,-1,UNKNOWN,None
207.967,167.028,2788.798,-1.93,5.62,59.86,0.006,-1,None,999.0,-1,-1,UNKNOWN,None
207.976,167.044,2789.076,-1.94,5.61,60.0,0.0068,-1,None,999.0,-1,-1,UNKNOWN,None
208.001,167.06,2789.354,-1.949,5.601,60.15,0.0075,-1,None,999.0,-1,-1,UNKNOWN,None
208.009,167.077,2789.633,-1.959,5.591,60.31,0.0075,-1,None,999.0,-1,-1,UNKNOWN,None
208.034,167.093,2789.913,-1.968,5.582,60.46,0.0075,-1,None,999.0,-1,-1,UNKNOWN,None
208.051,167.108,2790.193,-1.977,5.573,60.61,0.0088,-1,None,999.0,-1,-1,UNKNOWN,None
208.051,167.124,2790.333,-1.982,5.568,60.68,0.0088,-1,None,999.0,-1,-1,UNKNOWN,None
208.076,167.14,2790.756,-1.996,5.554,60.87,0.0088,-1,None,999.0,-1,-1,UNKNOWN,None
208.093,167.157,2791.049,-2.005,5.545,61.0,0.0088,-1,None,999.0,-1,-1,UNKNOWN,None
208.11,167.172,2791.193,-2.01,5.54,61.06,0.0088,-1,None,999.0,-1,-1,UNKNOWN,None
208.128,167.188,2791.497,-2.019,5.531,61.16,0.0088,-1,None,999.0,-1,-1,UNKNOWN,None
208.136,167.204,2791.78,-2.028,5.522,61.24,0.0088,-1,None,999.0,-1,-1,UNKNOWN,None
208.161,167.22,2792.064,-2.037,5.513,61.3,0.0088,-1,None,999.0,-1,-1,UNKNOWN,None
208.178,167.236,2792.348,-2.045,5.505,61.34,0.0088,-1,None,999.0,-1,-1,UNKNOWN,None
208.186,167.252,2792.632,-2.053,5.497,61.35,0.0088,-1,None,999.0,-1,-1,UNKNOWN,None
208.203,167.268,2792.915,-2.061,5.489,61.34,0.0088,-1,None,999.0,-1,-1,UNKNOWN,None
208.22,167.285,2793.199,-2.069,5.481,61.32,0.0088,-1,None,999.0,-1,-1,UNKNOWN,None
208.245,167.3,2793.482,-2.077,5.473,61.28,0.0088,-1,None,999.0,-1,-1,UNKNOWN,None
208.261,167.316,2793.766,-2.084,5.466,61.22,0.0088,-1,None,999.0,-1,-1,UNKNOWN,None
208.27,167.331,2794.05,-2.091,5.459,61.16,0.0088,-1,None,999.0,-1,-1,UNKNOWN,None
208.292,167.347,2794.285,-2.097,5.453,61.1,0.0088,-1,None,999.0,-1,-1,UNKNOWN,None
208.308,167.363,2794.567,-2.104,5.446,61.02,0.0088,-1,None,999.0,-1,-1,UNKNOWN,None
208.317,167.379,2794.85,-2.111,5.439,60.93,0.0088,-1,None,999.0,-1,-1,UNKNOWN,None
208.342,167.396,2795.142,-2.117,5.433,60.84,0.0088,-1,None,999.0,-1,-1,UNKNOWN,None
208.351,167.411,2795.282,-2.12,5.43,60.79,0.0088,-1,None,999.0,-1,-1,UNKNOWN,None
208.359,167.427,2795.563,-2.126,5.424,60.7,0.0088,-1,None,999.0,-1,-1,UNKNOWN,None
208.384,167.443,2795.844,-2.132,5.418,60.6,0.0088,-1,None,999.0,-1,-1,UNKNOWN,None
208.392,167.459,2796.124,-2.137,5.413,60.5,0.0088,-1,None,999.0,-1,-1,UNKNOWN,None
208.409,167.475,2796.406,-2.143,5.407,60.39,0.0088,-1,None,999.0,-1,-1,UNKNOWN,None
208.426,167.491,2796.685,-2.148,5.402,60.29,0.0088,-1,None,999.0,-1,-1,UNKNOWN,None
208.443,167.507,2796.968,-2.152,5.398,60.18,0.0088,-1,None,999.0,-1,-1,UNKNOWN,None
208.459,167.524,2797.246,-2.157,5.393,60.08,0.0088,-1,None,999.0,-1,-1,UNKNOWN,None
208.476,167.539,2797.53,-2.161,5.389,59.97,0.0088,-1,None,999.0,-1,-1,UNKNOWN,None
208.485,167.555,2797.682,-2.163,5.387,59.91,0.0088,-1,None,999.0,-1,-1,UNKNOWN,None
208.502,167.571,2797.959,-2.167,5.383,59.8,0.0088,-1,None,999.0,-1,-1,UNKNOWN,None
208.529,167.587,2798.257,-2.171,5.379,59.69,0.0088,-1,None,999.0,-1,-1,UNKNOWN,None
208.529,167.603,2798.396,-2.173,5.377,59.65,0.0088,-1,None,999.0,-1,-1,UNKNOWN,None
208.545,167.619,2798.673,-2.176,5.374,59.56,0.0088,-1,None,999.0,-1,-1,UNKNOWN,None
208.58,167.636,2799.1,-2.181,5.369,59.45,0.0088,-1,None,999.0,-1,-1,UNKNOWN,None
208.588,167.652,2799.379,-2.183,5.367,59.4,0.0088,-1,None,999.0,-1,-1,UNKNOWN,None
208.605,167.668,2799.664,-2.186,5.364,59.37,0.0088,-1,None,999.0,-1,-1,UNKNOWN,None
208.622,167.684,2799.939,-2.188,5.362,59.36,0.0088,-1,None,999.0,-1,-1,UNKNOWN,None
208.641,167.699,2800.108,-2.189,5.361,59.37,0.0088,-1,None,999.0,-1,-1,UNKNOWN,None
208.65,167.715,2800.403,-2.191,5.359,59.4,0.0085,-1,None,999.0,-1,-1,UNKNOWN,None
208.667,167.732,2800.678,-2.192,5.358,59.46,0.0084,-1,None,999.0,-1,-1,UNKNOWN,None
208.684,167.747,2800.954,-2.193,5.357,59.53,0.0079,-1,None,999.0,-1,-1,UNKNOWN,None
208.709,167.763,2801.23,-2.194,5.356,59.62,0.0076,-1,None,999.0,-1,-1,UNKNOWN,None
208.717,167.78,2801.514,-2.195,5.355,59.74,0.0075,-1,None,999.0,-1,-1,UNKNOWN,None
208.734,167.795,2801.791,-2.195,5.355,59.86,0.0072,-1,None,999.0,-1,-1,UNKNOWN,None
208.753,167.812,2801.963,-2.196,5.354,59.94,0.0069,-1,None,999.0,-1,-1,UNKNOWN,None
208.761,167.829,2802.241,-2.196,5.354,60.08,0.0068,-1,None,999.0,-1,-1,UNKNOWN,None
208.778,167.844,2802.52,-2.196,5.354,60.23,0.0068,-1,None,999.0,-1,-1,UNKNOWN,None
208.786,167.865,2802.659,-2.196,5.354,60.3,0.0068,-1,None,999.0,-1,-1,UNKNOWN,None
208.794,167.876,2802.799,-2.195,5.355,60.38,0.0068,-1,None,999.0,-1,-1,UNKNOWN,None
208.837,167.892,2803.371,-2.194,5.356,60.64,0.0056,-1,None,999.0,-1,-1,UNKNOWN,None
208.854,167.909,2803.656,-2.193,5.357,60.75,0.0056,-1,None,999.0,-1,-1,UNKNOWN,None
208.862,167.925,2803.937,-2.192,5.358,60.85,0.0056,-1,None,999.0,-1,-1,UNKNOWN,None
208.879,167.94,2804.08,-2.192,5.358,60.88,0.0056,-1,None,999.0,-1,-1,UNKNOWN,None
208.887,167.956,2804.369,-2.19,5.36,60.94,0.0056,-1,None,999.0,-1,-1,UNKNOWN,None
208.912,167.972,2804.652,-2.189,5.361,60.97,0.0056,-1,None,999.0,-1,-1,UNKNOWN,None
208.929,167.988,2804.934,-2.187,5.363,60.98,0.0056,-1,None,999.0,-1,-1,UNKNOWN,None
208.937,168.004,2805.217,-2.185,5.365,60.96,0.005,-1,None,999.0,-1,-1,UNKNOWN,None
208.946,168.021,2805.366,-2.184,5.366,60.95,0.005,-1,None,999.0,-1,-1,UNKNOWN,None
208.98,168.037,2805.789,-2.18,5.37,60.89,0.005,-1,None,999.0,-1,-1,UNKNOWN,None
208.996,168.053,2806.071,-2.178,5.372,60.83,0.005,-1,None,999.0,-1,-1,UNKNOWN,None
209.013,168.068,2806.353,-2.175,5.375,60.77,0.005,-1,None,999.0,-1,-1,UNKNOWN,None
209.03,168.084,2806.634,-2.172,5.378,60.69,0.005,-1,None,999.0,-1,-1,UNKNOWN,None
209.038,168.1,2806.914,-2.17,5.38,60.61,0.005,-1,None,999.0,-1,-1,UNKNOWN,None
209.055,168.117,2807.198,-2.166,5.384,60.53,0.005,-1,None,999.0,-1,-1,UNKNOWN,None
209.071,168.132,2807.338,-2.165,5.385,60.49,0.005,-1,None,999.0,-1,-1,UNKNOWN,None
209.089,168.148,2807.63,-2.161,5.389,60.39,0.005,-1,None,999.0,-1,-1,UNKNOWN,None
209.097,168.165,2807.91,-2.158,5.392,60.3,0.005,-1,None,999.0,-1,-1,UNKNOWN,None
209.114,168.181,2808.197,-2.154,5.396,60.2,0.005,-1,None,999.0,-1,-1,UNKNOWN,None
209.131,168.196,2808.477,-2.15,5.4,60.09,0.005,-1,None,999.0,-1,-1,UNKNOWN,None
209.156,168.212,2808.756,-2.146,5.404,59.99,0.005,-1,None,999.0,-1,-1,UNKNOWN,None
209.173,168.228,2809.033,-2.142,5.408,59.89,0.005,-1,None,999.0,-1,-1,UNKNOWN,None
209.19,168.244,2809.31,-2.137,5.413,59.79,0.005,-1,None,999.0,-1,-1,UNKNOWN,None
209.198,168.26,2809.587,-2.133,5.417,59.69,0.005,-1,None,999.0,-1,-1,UNKNOWN,None
209.215,168.276,2809.863,-2.128,5.422,59.61,0.005,-1,None,999.0,-1,-1,UNKNOWN,None
209.231,168.293,2810.0,-2.126,5.424,59.57,0.005,-1,None,999.0,-1,-1,UNKNOWN,None
209.231,168.311,2810.152,-2.123,5.427,59.53,0.005,-1,None,999.0,-1,-1,UNKNOWN,None
209.265,168.324,2810.565,-2.116,5.434,59.45,0.005,-1,None,999.0,-1,-1,UNKNOWN,None
209.274,168.339,2810.84,-2.111,5.439,59.42,0.005,-1,None,999.0,-1,-1,UNKNOWN,None
209.3,168.356,2811.139,-2.105,5.445,59.41,0.005,-1,None,999.0,-1,-1,UNKNOWN,None
209.31,168.372,2811.435,-2.099,5.451,59.42,0.005,-1,None,999.0,-1,-1,UNKNOWN,None
209.318,168.388,2811.572,-2.096,5.454,59.44,0.005,-1,None,999.0,-1,-1,UNKNOWN,None
209.335,168.403,2811.847,-2.091,5.459,59.49,0.005,-1,None,999.0,-1,-1,UNKNOWN,None
209.36,168.419,2812.124,-2.085,5.465,59.56,0.005,-1,None,999.0,-1,-1,UNKNOWN,None
209.377,168.435,2812.413,-2.079,5.471,59.65,0.005,-1,None,999.0,-1,-1,UNKNOWN,None
209.387,168.451,2812.718,-2.072,5.478,59.77,0.005,-1,None,999.0,-1,-1,UNKNOWN,None
209.405,168.467,2813.012,-2.065,5.485,59.91,0.005,-1,None,999.0,-1,-1,UNKNOWN,None
209.422,168.483,2813.158,-2.062,5.488,59.97,0.005,-1,None,999.0,-1,-1,UNKNOWN,None
209.43,168.499,2813.441,-2.055,5.495,60.12,0.005,-1,None,999.0,-1,-1,UNKNOWN,None
209.456,168.516,2813.726,-2.048,5.502,60.27,0.005,-1,None,999.0,-1,-1,UNKNOWN,None
209.473,168.532,2814.014,-2.041,5.509,60.42,0.005,-1,None,999.0,-1,-1,UNKNOWN,None
209.49,168.548,2814.294,-2.034,5.516,60.55,0.005,-1,None,999.0,-1,-1,UNKNOWN,None
209.507,168.569,2814.575,-2.027,5.523,60.67,0.005,-1,None,999.0,-1,-1,UNKNOWN,None
209.515,168.579,2814.856,-2.02,5.53,60.77,0.005,-1,None,999.0,-1,-1,UNKNOWN,None
209.54,168.595,2815.137,-2.012,5.538,60.84,0.005,-1,None,999.0,-1,-1,UNKNOWN,None
209.549,168.611,2815.427,-2.004,5.546,60.88,0.005,-1,None,999.0,-1,-1,UNKNOWN,None
209.566,168.628,2815.714,-1.996,5.554,60.91,0.005,-1,None,999.0,-1,-1,UNKNOWN,None
209.582,168.644,2815.855,-1.992,5.558,60.91,0.005,-1,None,999.0,-1,-1,UNKNOWN,None
209.599,168.66,2816.143,-1.984,5.566,60.9,0.005,-1,None,999.0,-1,-1,UNKNOWN,None
209.616,168.675,2816.425,-1.976,5.574,60.87,0.005,-1,None,999.0,-1,-1,UNKNOWN,None
209.633,168.692,2816.71,-1.967,5.583,60.83,0.005,-1,None,999.0,-1,-1,UNKNOWN,None
209.65,168.708,2816.991,-1.959,5.591,60.77,0.005,-1,None,999.0,-1,-1,UNKNOWN,None
209.658,168.723,2817.272,-1.95,5.6,60.71,0.005,-1,None,999.0,-1,-1,UNKNOWN,None
209.675,168.74,2817.559,-1.941,5.609,60.64,0.005,-1,None,999.0,-1,-1,UNKNOWN,None
209.7,168.756,2817.839,-1.933,5.617,60.56,0.005,-1,None,999.0,-1,-1,UNKNOWN,None
209.717,168.771,2818.119,-1.924,5.626,60.48,0.005,-1,None,999.0,-1,-1,UNKNOWN,None
209.725,168.787,2818.399,-1.914,5.636,60.39,0.005,-1,None,999.0,-1,-1,UNKNOWN,None
209.75,168.805,2818.679,-1.905,5.645,60.3,0.005,-1,None,999.0,-1,-1,UNKNOWN,None
209.759,168.821,2818.96,-1.896,5.654,60.21,0.005,-1,None,999.0,-1,-1,UNKNOWN,None
209.776,168.837,2819.104,-1.891,5.659,60.16,0.005,-1,None,999.0,-1,-1,UNKNOWN,None
209.792,168.853,2819.382,-1.881,5.669,60.06,0.005,-1,None,999.0,-1,-1,UNKNOWN,None
209.809,168.869,2819.661,-1.871,5.679,59.96,0.005,-1,None,999.0,-1,-1,UNKNOWN,None
209.817,168.885,2819.938,-1.862,5.688,59.87,0.005,-1,None,999.0,-1,-1,UNKNOWN,None
209.842,168.9,2820.215,-1.852,5.698,59.78,0.005,-1,None,999.0,-1,-1,UNKNOWN,None
209.842,168.916,2820.353,-1.847,5.703,59.73,0.005,-1,None,999.0,-1,-1,UNKNOWN,None
209.867,168.932,2820.767,-1.831,5.719,59.62,0.0049,-1,None,999.0,-1,-1,UNKNOWN,None
209.885,168.949,2821.059,-1.82,5.73,59.57,0.0042,-1,None,999.0,-1,-1,UNKNOWN,None
209.902,168.964,2821.208,-1.815,5.735,59.54,0.0033,-1,None,999.0,-1,-1,UNKNOWN,None
209.924,168.98,2821.568,-1.801,5.749,59.51,0.0021,-1,None,999.0,-1,-1,UNKNOWN,None
209.941,168.996,2821.843,-1.79,5.76,59.51,0.0009,-1,None,999.0,-1,-1,UNKNOWN,None
209.957,169.013,2822.118,-1.78,5.77,59.53,-0.0002,-1,None,999.0,-1,-1,UNKNOWN,None
209.966,169.028,2822.394,-1.769,5.781,59.57,-0.0014,-1,None,999.0,-1,-1,UNKNOWN,None
209.982,169.045,2822.67,-1.758,5.792,59.64,-0.0028,-1,None,999.0,-1,-1,UNKNOWN,None
209.999,169.061,2822.946,-1.748,5.802,59.72,-0.0043,-1,None,999.0,-1,-1,UNKNOWN,None
210.007,169.077,2823.084,-1.742,5.808,59.77,-0.0056,-1,None,999.0,-1,-1,UNKNOWN,None
210.024,169.093,2823.361,-1.731,5.819,59.88,-0.0069,-1,None,999.0,-1,-1,UNKNOWN,None
210.049,169.109,2823.639,-1.721,5.829,60.01,-0.0082,-1,None,999.0,-1,-1,UNKNOWN,None
210.057,169.125,2823.917,-1.71,5.84,60.14,-0.0082,-1,None,999.0,-1,-1,UNKNOWN,None
210.082,169.14,2824.196,-1.699,5.851,60.27,-0.0082,-1,None,999.0,-1,-1,UNKNOWN,None
210.091,169.156,2824.481,-1.689,5.861,60.4,-0.0082,-1,None,999.0,-1,-1,UNKNOWN,None
210.116,169.172,2824.767,-1.678,5.872,60.51,-0.0082,-1,None,999.0,-1,-1,UNKNOWN,None
210.133,169.189,2825.047,-1.668,5.882,60.6,-0.0127,-1,None,999.0,-1,-1,UNKNOWN,None
210.142,169.204,2825.333,-1.657,5.893,60.68,-0.0127,-1,None,999.0,-1,-1,UNKNOWN,None
210.16,169.22,2825.504,-1.651,5.899,60.72,-0.0145,-1,None,999.0,-1,-1,UNKNOWN,None
210.177,169.236,2825.785,-1.642,5.908,60.76,-0.0145,-1,None,999.0,-1,-1,UNKNOWN,None
210.185,169.253,2826.066,-1.632,5.918,60.79,-0.0145,-1,None,999.0,-1,-1,UNKNOWN,None
210.194,169.269,2826.207,-1.627,5.923,60.79,-0.0145,-1,None,999.0,-1,-1,UNKNOWN,None
210.227,169.284,2826.629,-1.613,5.937,60.77,-0.0145,-1,None,999.0,-1,-1,UNKNOWN,None
210.252,169.308,2827.051,-1.6,5.95,60.72,-0.0145,-1,None,999.0,-1,-1,UNKNOWN,None
210.252,169.315,2827.194,-1.596,5.954,60.69,-0.0145,-1,None,999.0,-1,-1,UNKNOWN,None
210.26,169.331,2827.346,-1.591,5.959,60.66,-0.0145,-1,None,999.0,-1,-1,UNKNOWN,None
210.278,169.347,2827.627,-1.583,5.967,60.59,-0.0145,-1,None,999.0,-1,-1,UNKNOWN,None
210.294,169.363,2827.909,-1.575,5.975,60.52,-0.0145,-1,None,999.0,-1,-1,UNKNOWN,None
210.32,169.379,2828.189,-1.568,5.982,60.44,-0.0145,-1,None,999.0,-1,-1,UNKNOWN,None
210.336,169.395,2828.468,-1.56,5.99,60.35,-0.0145,-1,None,999.0,-1,-1,UNKNOWN,None
210.336,169.411,2828.608,-1.557,5.993,60.31,-0.0145,-1,None,999.0,-1,-1,UNKNOWN,None
210.363,169.427,2829.074,-1.546,6.004,60.15,-0.0145,-1,None,999.0,-1,-1,UNKNOWN,None
210.382,169.443,2829.366,-1.539,6.011,60.05,-0.0145,-1,None,999.0,-1,-1,UNKNOWN,None
210.4,169.459,2829.528,-1.536,6.014,59.99,-0.0145,-1,None,999.0,-1,-1,UNKNOWN,None
210.416,169.475,2829.806,-1.53,6.02,59.89,-0.0168,-1,None,999.0,-1,-1,UNKNOWN,None
210.425,169.491,2830.083,-1.525,6.025,59.79,-0.0162,-1,None,999.0,-1,-1,UNKNOWN,None
210.45,169.507,2830.359,-1.52,6.03,59.7,-0.0155,-1,None,999.0,-1,-1,UNKNOWN,None
210.45,169.523,2830.497,-1.518,6.032,59.65,-0.0149,-1,None,999.0,-1,-1,UNKNOWN,None
210.469,169.539,2830.848,-1.513,6.037,59.56,-0.0145,-1,None,999.0,-1,-1,UNKNOWN,None
210.496,169.555,2831.124,-1.509,6.041,59.49,-0.0139,-1,None,999.0,-1,-1,UNKNOWN,None
210.513,169.571,2831.399,-1.506,6.044,59.45,-0.0137,-1,None,999.0,-1,-1,UNKNOWN,None
210.521,169.587,2831.674,-1.503,6.047,59.42,-0.0135,-1,None,999.0,-1,-1,UNKNOWN,None
210.547,169.603,2831.973,-1.5,6.05,59.41,-0.0133,-1,None,999.0,-1,-1,UNKNOWN,None
210.556,169.62,2832.257,-1.497,6.053,59.43,-0.013,-1,None,999.0,-1,-1,UNKNOWN,None
210.582,169.642,2832.546,-1.495,6.055,59.48,-0.013,-1,None,999.0,-1,-1,UNKNOWN,None
210.59,169.65,2832.684,-1.495,6.055,59.51,-0.013,-1,None,999.0,-1,-1,UNKNOWN,None
210.599,169.667,2832.96,-1.493,6.057,59.59,-0.013,-1,None,999.0,-1,-1,UNKNOWN,None
210.615,169.685,2833.237,-1.492,6.058,59.68,-0.013,-1,None,999.0,-1,-1,UNKNOWN,None
210.64,169.7,2833.514,-1.492,6.058,59.79,-0.013,-1,None,999.0,-1,-1,UNKNOWN,None
210.657,169.716,2833.791,-1.492,6.058,59.91,-0.013,-1,None,999.0,-1,-1,UNKNOWN,None
210.665,169.73,2834.069,-1.492,6.058,60.05,-0.013,-1,None,999.0,-1,-1,UNKNOWN,None
210.682,169.748,2834.347,-1.492,6.058,60.19,-0.013,-1,None,999.0,-1,-1,UNKNOWN,None
210.707,169.764,2834.626,-1.493,6.057,60.33,-0.013,-1,None,999.0,-1,-1,UNKNOWN,None
210.724,169.779,2834.906,-1.495,6.055,60.46,-0.013,-1,None,999.0,-1,-1,UNKNOWN,None
210.732,169.795,2835.186,-1.496,6.054,60.58,-0.013,-1,None,999.0,-1,-1,UNKNOWN,None
210.757,169.812,2835.467,-1.498,6.052,60.67,-0.013,-1,None,999.0,-1,-1,UNKNOWN,None
210.765,169.828,2835.758,-1.501,6.049,60.74,-0.013,-1,None,999.0,-1,-1,UNKNOWN,None
210.795,169.851,2836.098,-1.504,6.046,60.78,-0.013,-1,None,999.0,-1,-1,UNKNOWN,None
210.795,169.86,2836.262,-1.506,6.044,60.78,-0.013,-1,None,999.0,-1,-1,UNKNOWN,None
210.813,169.875,2836.543,-1.51,6.04,60.78,-0.013,-1,None,999.0,-1,-1,UNKNOWN,None
210.838,169.892,2836.825,-1.514,6.036,60.75,-0.013,-1,None,999.0,-1,-1,UNKNOWN,None
210.847,169.908,2837.118,-1.518,6.032,60.71,-0.013,-1,None,999.0,-1,-1,UNKNOWN,None
210.855,169.924,2837.268,-1.52,6.03,60.68,-0.013,-1,None,999.0,-1,-1,UNKNOWN,None
210.872,169.94,2837.549,-1.525,6.025,60.62,-0.013,-1,None,999.0,-1,-1,UNKNOWN,None
210.881,169.956,2837.689,-1.528,6.022,60.59,-0.013,-1,None,999.0,-1,-1,UNKNOWN,None
210.906,169.973,2838.109,-1.536,6.014,60.47,-0.013,-1,None,999.0,-1,-1,UNKNOWN,None
210.931,169.989,2838.394,-1.542,6.008,60.39,-0.013,-1,None,999.0,-1,-1,UNKNOWN,None
210.94,170.005,2838.681,-1.549,6.001,60.3,-0.013,-1,None,999.0,-1,-1,UNKNOWN,None
210.957,170.019,2838.964,-1.555,5.995,60.2,-0.013,-1,None,999.0,-1,-1,UNKNOWN,None
210.982,170.037,2839.242,-1.562,5.988,60.11,0.0034,-1,None,999.0,-1,-1,UNKNOWN,None
210.99,170.052,2839.52,-1.569,5.981,60.01,0.0034,-1,None,999.0,-1,-1,UNKNOWN,None
211.007,170.068,2839.799,-1.576,5.974,59.91,0.0034,-1,None,999.0,-1,-1,UNKNOWN,None
211.024,170.084,2839.95,-1.58,5.97,59.86,0.0044,-1,None,999.0,-1,-1,UNKNOWN,None
211.041,170.1,2840.227,-1.587,5.963,59.76,0.0044,-1,None,999.0,-1,-1,UNKNOWN,None
211.041,170.117,2840.365,-1.59,5.96,59.71,0.0044,-1,None,999.0,-1,-1,UNKNOWN,None
211.074,170.132,2840.778,-1.601,5.949,59.58,0.0044,-1,None,999.0,-1,-1,UNKNOWN,None
211.074,170.148,2840.916,-1.605,5.945,59.54,0.0044,-1,None,999.0,-1,-1,UNKNOWN,None
211.108,170.164,2841.334,-1.616,5.934,59.44,0.0044,-1,None,999.0,-1,-1,UNKNOWN,None
211.125,170.18,2841.614,-1.624,5.926,59.39,0.0044,-1,None,999.0,-1,-1,UNKNOWN,None
211.133,170.197,2841.889,-1.631,5.919,59.36,0.0044,-1,None,999.0,-1,-1,UNKNOWN,None
211.15,170.213,2842.164,-1.639,5.911,59.35,0.0044,-1,None,999.0,-1,-1,UNKNOWN,None
211.166,170.229,2842.438,-1.646,5.904,59.36,0.0044,-1,None,999.0,-1,-1,UNKNOWN,None
211.183,170.245,2842.713,-1.654,5.896,59.4,0.0044,-1,None,999.0,-1,-1,UNKNOWN,None
211.191,170.261,2842.851,-1.658,5.892,59.42,0.0044,-1,None,999.0,-1,-1,UNKNOWN,None
211.217,170.277,2843.134,-1.666,5.884,59.49,0.0044,-1,None,999.0,-1,-1,UNKNOWN,None
211.234,170.292,2843.41,-1.674,5.876,59.58,0.0044,-1,None,999.0,-1,-1,UNKNOWN,None
211.234,170.308,2843.548,-1.677,5.873,59.63,0.0044,-1,None,999.0,-1,-1,UNKNOWN,None
211.25,170.325,2843.837,-1.685,5.865,59.75,0.0044,-1,None,999.0,-1,-1,UNKNOWN,None
211.276,170.339,2844.253,-1.697,5.853,59.95,0.0044,-1,None,999.0,-1,-1,UNKNOWN,None
211.295,170.356,2844.435,-1.702,5.848,60.04,0.0044,-1,None,999.0,-1,-1,UNKNOWN,None
211.312,170.372,2844.713,-1.71,5.84,60.19,0.0044,-1,None,999.0,-1,-1,UNKNOWN,None
211.329,170.387,2844.992,-1.717,5.833,60.33,0.0044,-1,None,999.0,-1,-1,UNKNOWN,None
211.337,170.404,2845.272,-1.725,5.825,60.47,0.0044,-1,None,999.0,-1,-1,UNKNOWN,None
211.362,170.42,2845.552,-1.732,5.818,60.59,0.0044,-1,None,999.0,-1,-1,UNKNOWN,None
211.371,170.436,2845.701,-1.736,5.814,60.64,0.0044,-1,None,999.0,-1,-1,UNKNOWN,None
211.402,170.457,2846.221,-1.75,5.8,60.8,0.0044,-1,None,999.0,-1,-1,UNKNOWN,None
211.41,170.467,2846.362,-1.753,5.797,60.84,0.0044,-1,None,999.0,-1,-1,UNKNOWN,None
211.427,170.483,2846.644,-1.76,5.79,60.91,0.0044,-1,None,999.0,-1,-1,UNKNOWN,None
211.443,170.499,2846.926,-1.767,5.783,60.98,0.0044,-1,None,999.0,-1,-1,UNKNOWN,None
211.443,170.517,2847.072,-1.771,5.779,61.0,0.0044,-1,None,999.0,-1,-1,UNKNOWN,None
211.461,170.531,2847.385,-1.779,5.771,61.04,0.0044,-1,None,999.0,-1,-1,UNKNOWN,None
211.489,170.548,2847.695,-1.786,5.764,61.05,0.0044,-1,None,999.0,-1,-1,UNKNOWN,None
211.506,170.564,2847.982,-1.793,5.757,61.04,0.0044,-1,None,999.0,-1,-1,UNKNOWN,None
211.522,170.579,2848.267,-1.799,5.751,61.01,0.0044,-1,None,999.0,-1,-1,UNKNOWN,None
211.539,170.595,2848.549,-1.806,5.744,60.96,0.0044,-1,None,999.0,-1,-1,UNKNOWN,None
211.547,170.61,2848.831,-1.812,5.738,60.91,0.0044,-1,None,999.0,-1,-1,UNKNOWN,None
211.556,170.627,2848.972,-1.815,5.735,60.87,0.0044,-1,None,999.0,-1,-1,UNKNOWN,None
211.581,170.643,2849.394,-1.825,5.725,60.77,0.0044,-1,None,999.0,-1,-1,UNKNOWN,None
211.589,170.659,2849.541,-1.828,5.722,60.72,0.0044,-1,None,999.0,-1,-1,UNKNOWN,None
211.614,170.675,2849.821,-1.834,5.716,60.64,0.0044,-1,None,999.0,-1,-1,UNKNOWN,None
211.623,170.691,2850.102,-1.839,5.711,60.55,0.0044,-1,None,999.0,-1,-1,UNKNOWN,None
211.648,170.708,2850.382,-1.845,5.705,60.46,0.0044,-1,None,999.0,-1,-1,UNKNOWN,None
211.664,170.724,2850.662,-1.85,5.7,60.36,0.0044,-1,None,999.0,-1,-1,UNKNOWN,None
211.681,170.74,2850.941,-1.856,5.694,60.26,0.0044,-1,None,999.0,-1,-1,UNKNOWN,None
211.698,170.756,2851.22,-1.861,5.689,60.16,0.0044,-1,None,999.0,-1,-1,UNKNOWN,None
211.706,170.772,2851.498,-1.866,5.684,60.06,0.0049,-1,None,999.0,-1,-1,UNKNOWN,None
211.732,170.786,2851.786,-1.871,5.679,59.96,0.0049,-1,None,999.0,-1,-1,UNKNOWN,None
211.74,170.803,2852.063,-1.876,5.674,59.86,0.0058,-1,None,999.0,-1,-1,UNKNOWN,None
211.765,170.82,2852.34,-1.881,5.669,59.77,0.0065,-1,None,999.0,-1,-1,UNKNOWN,None
211.773,170.836,2852.631,-1.886,5.664,59.68,0.0068,-1,None,999.0,-1,-1,UNKNOWN,None
211.791,170.853,2852.778,-1.888,5.662,59.64,0.0068,-1,None,999.0,-1,-1,UNKNOWN,None
211.808,170.869,2853.06,-1.892,5.658,59.57,0.0068,-1,None,999.0,-1,-1,UNKNOWN,None
211.825,170.883,2853.335,-1.896,5.654,59.51,0.0068,-1,None,999.0,-1,-1,UNKNOWN,None
211.842,170.901,2853.611,-1.9,5.65,59.47,0.0068,-1,None,999.0,-1,-1,UNKNOWN,None
211.842,170.92,2853.786,-1.902,5.648,59.45,0.0068,-1,None,999.0,-1,-1,UNKNOWN,None
211.869,170.932,2854.2,-1.908,5.642,59.44,0.0068,-1,None,999.0,-1,-1,UNKNOWN,None
211.886,170.948,2854.475,-1.911,5.639,59.47,0.0068,-1,None,999.0,-1,-1,UNKNOWN,None
211.903,170.964,2854.616,-1.913,5.637,59.49,0.0068,-1,None,999.0,-1,-1,UNKNOWN,None
211.922,170.981,2854.939,-1.916,5.634,59.56,0.0068,-1,None,999.0,-1,-1,UNKNOWN,None
211.941,170.997,2855.242,-1.92,5.63,59.65,0.0068,-1,None,999.0,-1,-1,UNKNOWN,None
211.949,171.012,2855.519,-1.922,5.628,59.75,0.0068,-1,None,999.0,-1,-1,UNKNOWN,None
211.966,171.029,2855.798,-1.925,5.625,59.87,0.0065,-1,None,999.0,-1,-1,UNKNOWN,None
211.983,171.044,2856.083,-1.928,5.622,60.0,0.0062,-1,None,999.0,-1,-1,UNKNOWN,None
211.999,171.062,2856.362,-1.93,5.62,60.14,0.0062,-1,None,999.0,-1,-1,UNKNOWN,None
212.016,171.076,2856.501,-1.931,5.619,60.21,0.0062,-1,None,999.0,-1,-1,UNKNOWN,None
212.033,171.093,2856.78,-1.933,5.617,60.35,0.0062,-1,None,999.0,-1,-1,UNKNOWN,None
212.041,171.112,2857.06,-1.935,5.615,60.47,0.0062,-1,None,999.0,-1,-1,UNKNOWN,None
212.058,171.125,2857.34,-1.936,5.614,60.57,0.0062,-1,None,999.0,-1,-1,UNKNOWN,None
212.074,171.14,2857.621,-1.938,5.612,60.65,0.0062,-1,None,999.0,-1,-1,UNKNOWN,None
212.083,171.156,2857.761,-1.939,5.611,60.68,0.0062,-1,None,999.0,-1,-1,UNKNOWN,None
212.103,171.172,2857.963,-1.939,5.611,60.7,0.0062,-1,None,999.0,-1,-1,UNKNOWN,None
212.121,171.188,2858.423,-1.941,5.609,60.72,0.0014,-1,None,999.0,-1,-1,UNKNOWN,None
212.139,171.205,2858.716,-1.942,5.608,60.71,0.0014,-1,None,999.0,-1,-1,UNKNOWN,None
212.157,171.22,2859.021,-1.943,5.607,60.68,0.0014,-1,None,999.0,-1,-1,UNKNOWN,None
212.174,171.237,2859.304,-1.944,5.606,60.64,0.0014,-1,None,999.0,-1,-1,UNKNOWN,None
212.191,171.252,2859.446,-1.945,5.605,60.62,0.0014,-1,None,999.0,-1,-1,UNKNOWN,None
212.208,171.269,2859.73,-1.945,5.605,60.58,0.0014,-1,None,999.0,-1,-1,UNKNOWN,None
212.216,171.285,2860.01,-1.946,5.604,60.52,0.0014,-1,None,999.0,-1,-1,UNKNOWN,None
212.233,171.301,2860.294,-1.946,5.604,60.45,0.0014,-1,None,999.0,-1,-1,UNKNOWN,None
212.241,171.316,2860.443,-1.947,5.603,60.41,0.0014,-1,None,999.0,-1,-1,UNKNOWN,None
212.267,171.33,2860.863,-1.947,5.603,60.29,0.0014,-1,None,999.0,-1,-1,UNKNOWN,None
212.292,171.348,2861.141,-1.947,5.603,60.21,0.0014,-1,None,999.0,-1,-1,UNKNOWN,None
212.3,171.364,2861.42,-1.947,5.603,60.12,0.0014,-1,None,999.0,-1,-1,UNKNOWN,None
212.318,171.379,2861.578,-1.947,5.603,60.06,0.0014,-1,None,999.0,-1,-1,UNKNOWN,None
212.335,171.396,2861.855,-1.947,5.603,59.97,0.0014,-1,None,999.0,-1,-1,UNKNOWN,None
212.343,171.412,2862.132,-1.947,5.603,59.87,0.0014,-1,None,999.0,-1,-1,UNKNOWN,None
212.368,171.427,2862.409,-1.947,5.603,59.77,0.0014,-1,None,999.0,-1,-1,UNKNOWN,None
212.377,171.443,2862.686,-1.947,5.603,59.68,0.0014,-1,None,999.0,-1,-1,UNKNOWN,None
212.393,171.46,2862.961,-1.946,5.604,59.6,0.0014,-1,None,999.0,-1,-1,UNKNOWN,None
212.418,171.475,2863.237,-1.946,5.604,59.53,0.0014,-1,None,999.0,-1,-1,UNKNOWN,None
212.427,171.491,2863.513,-1.945,5.605,59.47,0.0014,-1,None,999.0,-1,-1,UNKNOWN,None
212.452,171.508,2863.788,-1.945,5.605,59.43,0.0014,-1,None,999.0,-1,-1,UNKNOWN,None
212.468,171.523,2864.063,-1.944,5.606,59.41,0.0014,-1,None,999.0,-1,-1,UNKNOWN,None
212.477,171.539,2864.211,-1.944,5.606,59.41,0.0014,-1,None,999.0,-1,-1,UNKNOWN,None
212.493,171.556,2864.47,-1.943,5.607,59.42,0.0014,-1,None,999.0,-1,-1,UNKNOWN,None
212.503,171.571,2864.776,-1.943,5.607,59.46,0.0014,-1,None,999.0,-1,-1,UNKNOWN,None
212.52,171.587,2865.051,-1.942,5.608,59.52,0.0014,-1,None,999.0,-1,-1,UNKNOWN,None
212.545,171.604,2865.335,-1.941,5.609,59.6,0.0014,-1,None,999.0,-1,-1,UNKNOWN,None
212.554,171.62,2865.612,-1.94,5.61,59.7,0.0014,-1,None,999.0,-1,-1,UNKNOWN,None
212.562,171.635,2865.75,-1.94,5.61,59.75,0.0014,-1,None,999.0,-1,-1,UNKNOWN,None
212.587,171.651,2866.167,-1.938,5.612,59.94,0.0014,-1,None,999.0,-1,-1,UNKNOWN,None
212.612,171.667,2866.444,-1.937,5.613,60.08,0.0014,-1,None,999.0,-1,-1,UNKNOWN,None
212.62,171.683,2866.726,-1.936,5.614,60.22,0.0014,-1,None,999.0,-1,-1,UNKNOWN,None
212.637,171.699,2867.009,-1.935,5.615,60.37,0.0014,-1,None,999.0,-1,-1,UNKNOWN,None
212.654,171.715,2867.149,-1.935,5.615,60.44,0.0014,-1,None,999.0,-1,-1,UNKNOWN,None
212.662,171.731,2867.429,-1.934,5.616,60.56,0.0014,-1,None,999.0,-1,-1,UNKNOWN,None
212.687,171.747,2867.71,-1.932,5.618,60.67,0.0014,-1,None,999.0,-1,-1,UNKNOWN,None
212.696,171.764,2867.991,-1.931,5.619,60.75,0.0014,-1,None,999.0,-1,-1,UNKNOWN,None
212.712,171.779,2868.272,-1.93,5.62,60.8,0.0014,-1,None,999.0,-1,-1,UNKNOWN,None
212.729,171.795,2868.554,-1.928,5.622,60.82,0.0014,-1,None,999.0,-1,-1,UNKNOWN,None
212.759,171.812,2868.92,-1.927,5.623,60.82,0.0014,-1,None,999.0,-1,-1,UNKNOWN,None
212.769,171.837,2869.235,-1.925,5.625,60.79,0.0014,-1,None,999.0,-1,-1,UNKNOWN,None
212.778,171.843,2869.381,-1.924,5.626,60.77,0.0014,-1,None,999.0,-1,-1,UNKNOWN,None
212.804,171.86,2869.687,-1.923,5.627,60.72,0.0014,-1,None,999.0,-1,-1,UNKNOWN,None
212.813,171.876,2869.968,-1.921,5.629,60.66,0.0014,-1,None,999.0,-1,-1,UNKNOWN,None
212.83,171.892,2870.252,-1.919,5.631,60.59,0.0014,-1,None,999.0,-1,-1,UNKNOWN,None
212.855,171.909,2870.538,-1.918,5.632,60.52,0.0014,-1,None,999.0,-1,-1,UNKNOWN,None
212.863,171.924,2870.678,-1.917,5.633,60.48,0.0014,-1,None,999.0,-1,-1,UNKNOWN,None
212.88,171.94,2870.958,-1.915,5.635,60.4,0.0014,-1,None,999.0,-1,-1,UNKNOWN,None
212.897,171.956,2871.237,-1.914,5.636,60.31,0.0014,-1,None,999.0,-1,-1,UNKNOWN,None
212.905,171.973,2871.523,-1.912,5.638,60.22,0.0014,-1,None,999.0,-1,-1,UNKNOWN,None
212.922,171.988,2871.802,-1.91,5.64,60.12,0.0014,-1,None,999.0,-1,-1,UNKNOWN,None
212.939,172.004,2872.081,-1.908,5.642,60.03,0.0014,-1,None,999.0,-1,-1,UNKNOWN,None
212.964,172.021,2872.358,-1.906,5.644,59.93,0.0014,-1,None,999.0,-1,-1,UNKNOWN,None
212.981,172.036,2872.649,-1.904,5.646,59.82,0.0014,-1,None,999.0,-1,-1,UNKNOWN,None
212.99,172.052,2872.933,-1.902,5.648,59.72,0.0014,-1,None,999.0,-1,-1,UNKNOWN,None
213.008,172.068,2873.088,-1.901,5.649,59.67,0.0014,-1,None,999.0,-1,-1,UNKNOWN,None
213.029,172.084,2873.436,-1.899,5.651,59.56,0.0014,-1,None,999.0,-1,-1,UNKNOWN,None
213.037,172.1,2873.713,-1.896,5.654,59.48,0.0014,-1,None,999.0,-1,-1,UNKNOWN,None
213.054,172.116,2873.992,-1.894,5.656,59.42,0.0014,-1,None,999.0,-1,-1,UNKNOWN,None
213.063,172.132,2874.138,-1.893,5.657,59.4,0.0014,-1,None,999.0,-1,-1,UNKNOWN,None
213.08,172.149,2874.44,-1.891,5.659,59.36,0.0014,-1,None,999.0,-1,-1,UNKNOWN,None
213.106,172.165,2874.717,-1.889,5.661,59.35,0.0014,-1,None,999.0,-1,-1,UNKNOWN,None
213.106,172.18,2874.854,-1.887,5.663,59.36,0.0014,-1,None,999.0,-1,-1,UNKNOWN,None
213.131,172.196,2875.292,-1.884,5.666,59.4,0.0014,-1,None,999.0,-1,-1,UNKNOWN,None
213.15,172.213,2875.567,-1.881,5.669,59.47,0.0014,-1,None,999.0,-1,-1,UNKNOWN,None
213.168,172.229,2875.729,-1.88,5.67,59.51,0.0014,-1,None,999.0,-1,-1,UNKNOWN,None
213.185,172.245,2876.012,-1.878,5.672,59.61,0.0014,-1,None,999.0,-1,-1,UNKNOWN,None
213.202,172.261,2876.289,-1.875,5.675,59.71,0.0014,-1,None,999.0,-1,-1,UNKNOWN,None
213.21,172.276,2876.566,-1.873,5.677,59.83,0.0014,-1,None,999.0,-1,-1,UNKNOWN,None
213.227,172.292,2876.843,-1.87,5.68,59.97,0.0014,-1,None,999.0,-1,-1,UNKNOWN,None
213.243,172.308,2877.122,-1.868,5.682,60.11,0.0014,-1,None,999.0,-1,-1,UNKNOWN,None
213.26,172.324,2877.4,-1.865,5.685,60.26,0.0014,-1,None,999.0,-1,-1,UNKNOWN,None
213.277,172.339,2877.68,-1.862,5.688,60.41,0.0014,-1,None,999.0,-1,-1,UNKNOWN,None
213.293,172.355,2877.96,-1.86,5.69,60.57,0.0014,-1,None,999.0,-1,-1,UNKNOWN,None
213.302,172.371,2878.1,-1.858,5.692,60.65,0.0014,-1,None,999.0,-1,-1,UNKNOWN,None
213.327,172.387,2878.382,-1.855,5.695,60.81,0.0014,-1,None,999.0,-1,-1,UNKNOWN,None
213.335,172.404,2878.664,-1.853,5.697,60.96,0.0014,-1,None,999.0,-1,-1,UNKNOWN,None
213.343,172.419,2878.805,-1.851,5.699,61.04,0.0014,-1,None,999.0,-1,-1,UNKNOWN,None
213.377,172.435,2879.23,-1.847,5.703,61.25,0.0014,-1,None,999.0,-1,-1,UNKNOWN,None
213.388,172.452,2879.592,-1.843,5.707,61.42,0.0014,-1,None,999.0,-1,-1,UNKNOWN,None
213.406,172.468,2879.877,-1.84,5.71,61.53,0.0014,-1,None,999.0,-1,-1,UNKNOWN,None
213.414,172.483,2880.019,-1.838,5.712,61.57,0.0014,-1,None,999.0,-1,-1,UNKNOWN,None
213.439,172.499,2880.305,-1.835,5.715,61.64,0.0014,-1,None,999.0,-1,-1,UNKNOWN,None
213.448,172.515,2880.59,-1.832,5.718,61.68,0.0005,-1,None,999.0,-1,-1,UNKNOWN,None
213.464,172.531,2880.876,-1.829,5.721,61.7,-0.0001,-1,None,999.0,-1,-1,UNKNOWN,None
213.473,172.553,2881.019,-1.827,5.723,61.71,-0.0001,-1,None,999.0,-1,-1,UNKNOWN,None
213.506,172.563,2881.45,-1.823,5.727,61.7,-0.0001,-1,None,999.0,-1,-1,UNKNOWN,None
213.523,172.58,2881.74,-1.819,5.731,61.67,-0.0001,-1,None,999.0,-1,-1,UNKNOWN,None
213.532,172.596,2882.041,-1.816,5.734,61.62,-0.0001,-1,None,999.0,-1,-1,UNKNOWN,None
213.549,172.612,2882.331,-1.813,5.737,61.56,-0.0001,-1,None,999.0,-1,-1,UNKNOWN,None
213.566,172.628,2882.473,-1.811,5.739,61.53,-0.0027,-1,None,999.0,-1,-1,UNKNOWN,None
213.583,172.644,2882.758,-1.808,5.742,61.46,-0.0027,-1,None,999.0,-1,-1,UNKNOWN,None
213.599,172.66,2883.042,-1.805,5.745,61.38,-0.0027,-1,None,999.0,-1,-1,UNKNOWN,None
213.608,172.676,2883.326,-1.802,5.748,61.3,-0.0027,-1,None,999.0,-1,-1,UNKNOWN,None
213.633,172.691,2883.61,-1.799,5.751,61.21,-0.0027,-1,None,999.0,-1,-1,UNKNOWN,None
213.649,172.707,2883.893,-1.795,5.755,61.12,-0.0028,-1,None,999.0,-1,-1,UNKNOWN,None
213.658,172.723,2884.176,-1.792,5.758,61.03,-0.0028,-1,None,999.0,-1,-1,UNKNOWN,None
213.683,172.74,2884.458,-1.789,5.761,60.93,-0.0028,-1,None,999.0,-1,-1,UNKNOWN,None
213.7,172.756,2884.742,-1.786,5.764,60.83,-0.0028,-1,None,999.0,-1,-1,UNKNOWN,None
213.716,172.776,2885.023,-1.784,5.766,60.73,-0.0028,-1,None,999.0,-1,-1,UNKNOWN,None
213.726,172.788,2885.189,-1.782,5.768,60.67,-0.0028,-1,None,999.0,-1,-1,UNKNOWN,None
213.744,172.805,2885.492,-1.779,5.771,60.55,-0.0028,-1,None,999.0,-1,-1,UNKNOWN,None
213.761,172.82,2885.772,-1.776,5.774,60.45,-0.0028,-1,None,999.0,-1,-1,UNKNOWN,None
213.761,172.836,2885.912,-1.775,5.775,60.39,-0.0028,-1,None,999.0,-1,-1,UNKNOWN,None
213.786,172.853,2886.331,-1.771,5.779,60.23,-0.0028,-1,None,999.0,-1,-1,UNKNOWN,None
213.811,172.868,2886.609,-1.768,5.782,60.12,-0.0028,-1,None,999.0,-1,-1,UNKNOWN,None
213.827,172.884,2886.887,-1.765,5.785,60.01,-0.0028,-1,None,999.0,-1,-1,UNKNOWN,None
213.845,172.901,2887.181,-1.763,5.787,59.89,-0.0028,-1,None,999.0,-1,-1,UNKNOWN,None
213.854,172.917,2887.471,-1.76,5.79,59.77,-0.0028,-1,None,999.0,-1,-1,UNKNOWN,None
213.871,172.933,2887.748,-1.758,5.792,59.67,-0.0028,-1,None,999.0,-1,-1,UNKNOWN,None
213.888,172.948,2887.886,-1.757,5.793,59.62,-0.0027,-1,None,999.0,-1,-1,UNKNOWN,None
213.904,172.964,2888.161,-1.755,5.795,59.52,-0.0027,-1,None,999.0,-1,-1,UNKNOWN,None
213.921,172.98,2888.437,-1.752,5.798,59.44,-0.0027,-1,None,999.0,-1,-1,UNKNOWN,None
213.929,172.996,2888.712,-1.75,5.8,59.37,-0.0027,-1,None,999.0,-1,-1,UNKNOWN,None
213.954,173.012,2888.987,-1.748,5.802,59.32,-0.0027,-1,None,999.0,-1,-1,UNKNOWN,None
213.971,173.028,2889.261,-1.746,5.804,59.29,-0.0027,-1,None,999.0,-1,-1,UNKNOWN,None
213.988,173.045,2889.535,-1.744,5.806,59.27,-0.0027,-1,None,999.0,-1,-1,UNKNOWN,None
214.004,173.061,2889.811,-1.743,5.807,59.28,-0.0027,-1,None,999.0,-1,-1,UNKNOWN,None
214.021,173.076,2890.085,-1.741,5.809,59.31,-0.0027,-1,None,999.0,-1,-1,UNKNOWN,None
214.03,173.092,2890.375,-1.739,5.811,59.38,-0.0027,-1,None,999.0,-1,-1,UNKNOWN,None
214.039,173.108,2890.513,-1.738,5.812,59.41,-0.0027,-1,None,999.0,-1,-1,UNKNOWN,None
214.055,173.124,2890.788,-1.737,5.813,59.5,-0.0027,-1,None,999.0,-1,-1,UNKNOWN,None
214.064,173.14,2890.926,-1.736,5.814,59.55,-0.0027,-1,None,999.0,-1,-1,UNKNOWN,None
214.097,173.157,2891.341,-1.734,5.816,59.72,-0.0027,-1,None,999.0,-1,-1,UNKNOWN,None
214.114,173.173,2891.619,-1.732,5.818,59.85,-0.0027,-1,None,999.0,-1,-1,UNKNOWN,None
214.13,173.187,2891.896,-1.731,5.819,59.99,-0.0027,-1,None,999.0,-1,-1,UNKNOWN,None
214.139,173.204,2892.176,-1.73,5.82,60.14,-0.0027,-1,None,999.0,-1,-1,UNKNOWN,None
214.164,173.22,2892.461,-1.729,5.821,60.3,-0.0027,-1,None,999.0,-1,-1,UNKNOWN,None
214.181,173.236,2892.741,-1.727,5.823,60.46,-0.0027,-1,None,999.0,-1,-1,UNKNOWN,None
214.19,173.252,2893.033,-1.726,5.824,60.63,-0.0027,-1,None,999.0,-1,-1,UNKNOWN,None
214.198,173.268,2893.181,-1.726,5.824,60.71,-0.0027,-1,None,999.0,-1,-1,UNKNOWN,None
214.224,173.284,2893.462,-1.725,5.825,60.88,-0.0027,-1,None,999.0,-1,-1,UNKNOWN,None
214.24,173.3,2893.745,-1.724,5.826,61.03,-0.0027,-1,None,999.0,-1,-1,UNKNOWN,None
214.249,173.317,2894.028,-1.723,5.827,61.17,-0.0027,-1,None,999.0,-1,-1,UNKNOWN,None
214.274,173.331,2894.324,-1.723,5.827,61.29,-0.0027,-1,None,999.0,-1,-1,UNKNOWN,None
214.291,173.348,2894.608,-1.722,5.828,61.38,-0.0027,-1,None,999.0,-1,-1,UNKNOWN,None
214.299,173.362,2894.893,-1.722,5.828,61.44,-0.0027,-1,None,999.0,-1,-1,UNKNOWN,None
214.316,173.379,2895.177,-1.721,5.829,61.46,-0.0027,-1,None,999.0,-1,-1,UNKNOWN,None
214.333,173.396,2895.461,-1.721,5.829,61.47,-0.0027,-1,None,999.0,-1,-1,UNKNOWN,None
214.349,173.411,2895.746,-1.72,5.83,61.46,-0.0027,-1,None,999.0,-1,-1,UNKNOWN,None
214.358,173.427,2895.888,-1.72,5.83,61.45,-0.0027,-1,None,999.0,-1,-1,UNKNOWN,None
214.374,173.444,2896.172,-1.72,5.83,61.41,-0.0027,-1,None,999.0,-1,-1,UNKNOWN,None
214.391,173.459,2896.457,-1.72,5.83,61.36,-0.0027,-1,None,999.0,-1,-1,UNKNOWN,None
214.416,173.475,2896.74,-1.72,5.83,61.3,-0.0027,-1,None,999.0,-1,-1,UNKNOWN,None
214.424,173.491,2897.027,-1.72,5.83,61.23,-0.0027,-1,None,999.0,-1,-1,UNKNOWN,None
214.451,173.507,2897.329,-1.72,5.83,61.15,-0.0027,-1,None,999.0,-1,-1,UNKNOWN,None
214.459,173.523,2897.612,-1.72,5.83,61.07,-0.0027,-1,None,999.0,-1,-1,UNKNOWN,None
214.476,173.539,2897.894,-1.721,5.829,60.98,-0.0027,-1,None,999.0,-1,-1,UNKNOWN,None
214.497,173.555,2898.113,-1.721,5.829,60.91,-0.0031,-1,None,999.0,-1,-1,UNKNOWN,None
214.512,173.571,2898.363,-1.721,5.829,60.83,-0.0031,-1,None,999.0,-1,-1,UNKNOWN,None
214.529,173.587,2898.65,-1.722,5.828,60.73,-0.0031,-1,None,999.0,-1,-1,UNKNOWN,None
214.529,173.603,2898.79,-1.722,5.828,60.68,-0.0031,-1,None,999.0,-1,-1,UNKNOWN,None
214.562,173.629,2899.35,-1.723,5.827,60.47,-0.0031,-1,None,999.0,-1,-1,UNKNOWN,None
214.57,173.634,2899.49,-1.724,5.826,60.42,-0.0031,-1,None,999.0,-1,-1,UNKNOWN,None
214.588,173.651,2899.786,-1.725,5.825,60.31,-0.0031,-1,None,999.0,-1,-1,UNKNOWN,None
214.605,173.667,2900.075,-1.726,5.824,60.2,-0.0031,-1,None,999.0,-1,-1,UNKNOWN,None
214.623,173.683,2900.226,-1.726,5.824,60.14,-0.0031,-1,None,999.0,-1,-1,UNKNOWN,None
214.64,173.699,2900.515,-1.727,5.823,60.02,-0.0031,-1,None,999.0,-1,-1,UNKNOWN,None
214.657,173.715,2900.792,-1.728,5.822,59.91,-0.0031,-1,None,999.0,-1,-1,UNKNOWN,None
214.665,173.731,2901.069,-1.73,5.82,59.8,-0.004,-1,None,999.0,-1,-1,UNKNOWN,None
214.69,173.747,2901.345,-1.731,5.819,59.7,-0.004,-1,None,999.0,-1,-1,UNKNOWN,None
214.698,173.763,2901.622,-1.732,5.818,59.6,-0.004,-1,None,999.0,-1,-1,UNKNOWN,None
214.723,173.779,2901.897,-1.734,5.816,59.51,-0.004,-1,None,999.0,-1,-1,UNKNOWN,None
214.74,173.795,2902.173,-1.735,5.815,59.44,-0.004,-1,None,999.0,-1,-1,UNKNOWN,None
214.757,173.812,2902.448,-1.737,5.813,59.37,-0.004,-1,None,999.0,-1,-1,UNKNOWN,None
214.765,173.828,2902.723,-1.739,5.811,59.33,-0.004,-1,None,999.0,-1,-1,UNKNOWN,None
214.782,173.844,2903.0,-1.741,5.809,59.31,-0.004,-1,None,999.0,-1,-1,UNKNOWN,None
214.79,173.861,2903.137,-1.742,5.808,59.3,-0.004,-1,None,999.0,-1,-1,UNKNOWN,None
214.815,173.876,2903.412,-1.744,5.806,59.31,-0.004,-1,None,999.0,-1,-1,UNKNOWN,None
214.823,173.892,2903.691,-1.746,5.804,59.34,-0.004,-1,None,999.0,-1,-1,UNKNOWN,None
214.849,173.908,2903.966,-1.748,5.802,59.4,-0.004,-1,None,999.0,-1,-1,UNKNOWN,None
214.849,173.925,2904.225,-1.751,5.799,59.47,-0.004,-1,None,999.0,-1,-1,UNKNOWN,None
214.878,173.941,2904.585,-1.754,5.796,59.6,-0.004,-1,None,999.0,-1,-1,UNKNOWN,None
214.895,173.956,2904.862,-1.757,5.793,59.71,-0.004,-1,None,999.0,-1,-1,UNKNOWN,None
214.911,173.972,2905.0,-1.758,5.792,59.77,-0.004,-1,None,999.0,-1,-1,UNKNOWN,None
214.929,173.988,2905.298,-1.761,5.789,59.91,-0.004,-1,None,999.0,-1,-1,UNKNOWN,None
214.947,174.004,2905.598,-1.764,5.786,60.07,-0.004,-1,None,999.0,-1,-1,UNKNOWN,None
214.956,174.02,2905.881,-1.767,5.783,60.22,-0.004,-1,None,999.0,-1,-1,UNKNOWN,None
214.981,174.036,2906.16,-1.77,5.78,60.37,-0.004,-1,None,999.0,-1,-1,UNKNOWN,None
214.989,174.052,2906.44,-1.774,5.776,60.51,-0.0037,-1,None,999.0,-1,-1,UNKNOWN,None
215.006,174.068,2906.723,-1.777,5.773,60.65,-0.0035,-1,None,999.0,-1,-1,UNKNOWN,None
215.022,174.084,2907.004,-1.78,5.77,60.79,-0.0035,-1,None,999.0,-1,-1,UNKNOWN,None
215.031,174.1,2907.145,-1.782,5.768,60.86,-0.0035,-1,None,999.0,-1,-1,UNKNOWN,None
215.047,174.117,2907.427,-1.786,5.764,60.98,-0.0035,-1,None,999.0,-1,-1,UNKNOWN,None
215.064,174.132,2907.71,-1.79,5.76,61.09,-0.0027,-1,None,999.0,-1,-1,UNKNOWN,None
215.081,174.148,2907.993,-1.793,5.757,61.18,-0.0027,-1,None,999.0,-1,-1,UNKNOWN,None
215.097,174.165,2908.277,-1.797,5.753,61.25,-0.0027,-1,None,999.0,-1,-1,UNKNOWN,None
215.114,174.181,2908.568,-1.802,5.748,61.28,-0.0027,-1,None,999.0,-1,-1,UNKNOWN,None
215.131,174.196,2908.852,-1.806,5.744,61.3,-0.0027,-1,None,999.0,-1,-1,UNKNOWN,None
215.156,174.212,2909.135,-1.81,5.74,61.29,-0.0027,-1,None,999.0,-1,-1,UNKNOWN,None
215.165,174.229,2909.434,-1.814,5.736,61.26,-0.0008,-1,None,999.0,-1,-1,UNKNOWN,None
215.182,174.244,2909.721,-1.819,5.731,61.22,-0.0008,-1,None,999.0,-1,-1,UNKNOWN,None
215.203,174.26,2909.933,-1.822,5.728,61.18,-0.0008,-1,None,999.0,-1,-1,UNKNOWN,None
215.211,174.276,2910.217,-1.827,5.723,61.12,-0.0008,-1,None,999.0,-1,-1,UNKNOWN,None
215.228,174.291,2910.499,-1.831,5.719,61.05,-0.0008,-1,None,999.0,-1,-1,UNKNOWN,None
215.245,174.308,2910.783,-1.836,5.714,60.97,-0.0008,-1,None,999.0,-1,-1,UNKNOWN,None
215.262,174.325,2911.069,-1.84,5.71,60.89,-0.0008,-1,None,999.0,-1,-1,UNKNOWN,None
215.27,174.34,2911.214,-1.843,5.707,60.84,-0.0008,-1,None,999.0,-1,-1,UNKNOWN,None
215.295,174.354,2911.496,-1.847,5.703,60.75,0.0014,-1,None,999.0,-1,-1,UNKNOWN,None
215.295,174.371,2911.636,-1.85,5.7,60.7,0.0014,-1,None,999.0,-1,-1,UNKNOWN,None
215.32,174.388,2912.075,-1.857,5.693,60.56,0.0014,-1,None,999.0,-1,-1,UNKNOWN,None
215.34,174.404,2912.389,-1.862,5.688,60.45,0.0014,-1,None,999.0,-1,-1,UNKNOWN,None
215.357,174.42,2912.677,-1.867,5.683,60.35,0.0014,-1,None,999.0,-1,-1,UNKNOWN,None
215.374,174.436,2912.822,-1.869,5.681,60.3,0.0014,-1,None,999.0,-1,-1,UNKNOWN,None
215.394,174.451,2913.148,-1.875,5.675,60.18,0.0014,-1,None,999.0,-1,-1,UNKNOWN,None
215.404,174.466,2913.456,-1.88,5.67,60.06,0.0014,-1,None,999.0,-1,-1,UNKNOWN,None
215.421,174.483,2913.742,-1.885,5.665,59.95,0.0014,-1,None,999.0,-1,-1,UNKNOWN,None
215.429,174.499,2913.89,-1.887,5.663,59.9,0.0014,-1,None,999.0,-1,-1,UNKNOWN,None
215.447,174.515,2914.166,-1.892,5.658,59.79,0.0014,-1,None,999.0,-1,-1,UNKNOWN,None
215.472,174.532,2914.442,-1.897,5.653,59.69,0.0014,-1,None,999.0,-1,-1,UNKNOWN,None
215.49,174.547,2914.749,-1.902,5.648,59.59,0.0014,-1,None,999.0,-1,-1,UNKNOWN,None
215.507,174.563,2915.024,-1.907,5.643,59.51,0.0014,-1,None,999.0,-1,-1,UNKNOWN,None
215.515,174.578,2915.299,-1.911,5.639,59.44,0.0014,-1,None,999.0,-1,-1,UNKNOWN,None
215.532,174.596,2915.437,-1.913,5.637,59.42,0.0014,-1,None,999.0,-1,-1,UNKNOWN,None
215.549,174.611,2915.854,-1.92,5.63,59.36,0.0014,-1,None,999.0,-1,-1,UNKNOWN,None
215.565,174.627,2916.129,-1.925,5.625,59.35,0.0014,-1,None,999.0,-1,-1,UNKNOWN,None
215.582,174.643,2916.266,-1.927,5.623,59.36,0.0014,-1,None,999.0,-1,-1,UNKNOWN,None
215.599,174.659,2916.541,-1.932,5.618,59.38,0.0014,-1,None,999.0,-1,-1,UNKNOWN,None
215.615,174.676,2916.816,-1.936,5.614,59.43,0.0014,-1,None,999.0,-1,-1,UNKNOWN,None
215.632,174.692,2917.092,-1.941,5.609,59.5,0.0014,-1,None,999.0,-1,-1,UNKNOWN,None
215.64,174.708,2917.367,-1.945,5.605,59.59,0.0014,-1,None,999.0,-1,-1,UNKNOWN,None
215.649,174.723,2917.506,-1.947,5.603,59.64,0.0014,-1,None,999.0,-1,-1,UNKNOWN,None
215.674,174.739,2917.921,-1.954,5.596,59.81,0.0014,-1,None,999.0,-1,-1,UNKNOWN,None
215.69,174.756,2918.198,-1.958,5.592,59.94,0.0014,-1,None,999.0,-1,-1,UNKNOWN,None
215.716,174.771,2918.48,-1.963,5.587,60.09,0.0014,-1,None,999.0,-1,-1,UNKNOWN,None
215.727,174.787,2918.671,-1.966,5.584,60.19,0.0014,-1,None,999.0,-1,-1,UNKNOWN,None
215.744,174.804,2918.959,-1.97,5.58,60.34,0.0014,-1,None,999.0,-1,-1,UNKNOWN,None
215.763,174.821,2919.272,-1.975,5.575,60.5,0.0014,-1,None,999.0,-1,-1,UNKNOWN,None
215.774,174.836,2919.596,-1.98,5.57,60.67,0.0014,-1,None,999.0,-1,-1,UNKNOWN,None
215.794,174.852,2919.787,-1.983,5.567,60.76,0.0014,-1,None,999.0,-1,-1,UNKNOWN,None
215.805,174.868,2920.139,-1.988,5.562,60.91,0.0014,-1,None,999.0,-1,-1,UNKNOWN,None
215.814,174.884,2920.305,-1.99,5.56,60.98,0.0014,-1,None,999.0,-1,-1,UNKNOWN,None
215.842,174.9,2920.6,-1.995,5.555,61.08,0.0014,-1,None,999.0,-1,-1,UNKNOWN,None
215.85,174.916,2920.885,-1.999,5.551,61.17,0.0014,-1,None,999.0,-1,-1,UNKNOWN,None
215.867,174.932,2921.027,-2.001,5.549,61.2,0.0014,-1,None,999.0,-1,-1,UNKNOWN,None
215.877,174.948,2921.383,-2.006,5.544,61.25,0.0014,-1,None,999.0,-1,-1,UNKNOWN,None
215.897,174.964,2921.73,-2.011,5.539,61.26,0.0014,-1,None,999.0,-1,-1,UNKNOWN,None
215.917,174.985,2922.021,-2.015,5.535,61.25,0.0014,-1,None,999.0,-1,-1,UNKNOWN,None
215.942,174.997,2922.31,-2.019,5.531,61.22,0.0014,-1,None,999.0,-1,-1,UNKNOWN,None
215.951,175.012,2922.459,-2.021,5.529,61.2,0.0009,-1,None,999.0,-1,-1,UNKNOWN,None
215.968,175.029,2922.742,-2.025,5.525,61.15,0.0009,-1,None,999.0,-1,-1,UNKNOWN,None
215.984,175.044,2923.025,-2.029,5.521,61.09,0.0009,-1,None,999.0,-1,-1,UNKNOWN,None
216.001,175.06,2923.308,-2.033,5.517,61.02,0.0009,-1,None,999.0,-1,-1,UNKNOWN,None
216.018,175.077,2923.594,-2.036,5.514,60.94,0.0009,-1,None,999.0,-1,-1,UNKNOWN,None
216.035,175.093,2923.877,-2.04,5.51,60.86,0.0009,-1,None,999.0,-1,-1,UNKNOWN,None
216.052,175.109,2924.177,-2.044,5.506,60.76,0.0009,-1,None,999.0,-1,-1,UNKNOWN,None
216.069,175.124,2924.458,-2.048,5.502,60.67,0.0009,-1,None,999.0,-1,-1,UNKNOWN,None
216.079,175.14,2924.621,-2.05,5.5,60.61,0.0009,-1,None,999.0,-1,-1,UNKNOWN,None
216.1,175.156,2924.976,-2.054,5.496,60.49,0.0009,-1,None,999.0,-1,-1,UNKNOWN,None
216.116,175.172,2925.256,-2.058,5.492,60.39,0.0009,-1,None,999.0,-1,-1,UNKNOWN,None
216.125,175.188,2925.546,-2.062,5.488,60.28,0.0009,-1,None,999.0,-1,-1,UNKNOWN,None
216.143,175.205,2925.833,-2.065,5.485,60.17,0.0009,-1,None,999.0,-1,-1,UNKNOWN,None
216.159,175.224,2926.111,-2.069,5.481,60.06,0.0009,-1,None,999.0,-1,-1,UNKNOWN,None
216.176,175.237,2926.249,-2.07,5.48,60.01,0.0009,-1,None,999.0,-1,-1,UNKNOWN,None
216.193,175.252,2926.527,-2.074,5.476,59.9,-0.0031,-1,None,999.0,-1,-1,UNKNOWN,None
216.209,175.268,2926.804,-2.077,5.473,59.79,-0.0031,-1,None,999.0,-1,-1,UNKNOWN,None
216.218,175.285,2927.08,-2.081,5.469,59.69,-0.0031,-1,None,999.0,-1,-1,UNKNOWN,None
216.243,175.301,2927.356,-2.084,5.466,59.6,-0.0031,-1,None,999.0,-1,-1,UNKNOWN,None
216.259,175.316,2927.632,-2.088,5.462,59.52,-0.0031,-1,None,999.0,-1,-1,UNKNOWN,None
216.259,175.332,2927.77,-2.089,5.461,59.48,-0.0031,-1,None,999.0,-1,-1,UNKNOWN,None
216.293,175.348,2928.182,-2.095,5.455,59.4,-0.0031,-1,None,999.0,-1,-1,UNKNOWN,None
216.301,175.363,2928.457,-2.098,5.452,59.36,-0.0031,-1,None,999.0,-1,-1,UNKNOWN,None
216.318,175.379,2928.732,-2.102,5.448,59.35,-0.0031,-1,None,999.0,-1,-1,UNKNOWN,None
216.326,175.396,2928.87,-2.104,5.446,59.35,-0.0031,-1,None,999.0,-1,-1,UNKNOWN,None
216.343,175.412,2929.145,-2.108,5.442,59.37,-0.0031,-1,None,999.0,-1,-1,UNKNOWN,None
216.368,175.427,2929.42,-2.111,5.439,59.42,-0.0031,-1,None,999.0,-1,-1,UNKNOWN,None
216.384,175.443,2929.696,-2.115,5.435,59.48,-0.0031,-1,None,999.0,-1,-1,UNKNOWN,None
216.393,175.458,2929.834,-2.117,5.433,59.52,-0.0031,-1,None,999.0,-1,-1,UNKNOWN,None
216.401,175.475,2929.971,-2.119,5.431,59.57,-0.0031,-1,None,999.0,-1,-1,UNKNOWN,None
216.401,175.491,2930.468,-2.126,5.424,59.76,-0.0031,-1,None,999.0,-1,-1,UNKNOWN,None
216.448,175.508,2930.751,-2.13,5.42,59.89,-0.0031,-1,None,999.0,-1,-1,UNKNOWN,None
216.465,175.524,2931.029,-2.135,5.415,60.03,-0.0031,-1,None,999.0,-1,-1,UNKNOWN,None
216.482,175.54,2931.313,-2.139,5.411,60.18,-0.0031,-1,None,999.0,-1,-1,UNKNOWN,None
216.499,175.555,2931.612,-2.143,5.407,60.34,-0.0031,-1,None,999.0,-1,-1,UNKNOWN,None
216.509,175.571,2931.778,-2.146,5.404,60.42,-0.0031,-1,None,999.0,-1,-1,UNKNOWN,None
216.509,175.587,2931.97,-2.149,5.401,60.5,-0.0031,-1,None,999.0,-1,-1,UNKNOWN,None
216.541,175.603,2932.304,-2.154,5.396,60.63,-0.0031,-1,None,999.0,-1,-1,UNKNOWN,None
216.56,175.619,2932.635,-2.16,5.39,60.72,-0.0031,-1,None,999.0,-1,-1,UNKNOWN,None
216.57,175.635,2932.933,-2.165,5.385,60.77,-0.0031,-1,None,999.0,-1,-1,UNKNOWN,None
216.586,175.651,2933.214,-2.17,5.38,60.79,-0.0031,-1,None,999.0,-1,-1,UNKNOWN,None
216.611,175.667,2933.496,-2.174,5.376,60.78,-0.0031,-1,None,999.0,-1,-1,UNKNOWN,None
216.628,175.683,2933.777,-2.179,5.371,60.76,-0.0031,-1,None,999.0,-1,-1,UNKNOWN,None
216.645,175.699,2934.058,-2.184,5.366,60.72,-0.0031,-1,None,999.0,-1,-1,UNKNOWN,None
216.653,175.715,2934.339,-2.189,5.361,60.67,-0.0031,-1,None,999.0,-1,-1,UNKNOWN,None
216.661,175.731,2934.497,-2.192,5.358,60.64,-0.0031,-1,None,999.0,-1,-1,UNKNOWN,None
216.688,175.747,2934.781,-2.197,5.353,60.58,-0.0031,-1,None,999.0,-1,-1,UNKNOWN,None
216.704,175.762,2935.062,-2.203,5.347,60.51,-0.0031,-1,None,999.0,-1,-1,UNKNOWN,None
216.723,175.779,2935.374,-2.209,5.341,60.42,-0.0031,-1,None,999.0,-1,-1,UNKNOWN,None
216.733,175.795,2935.552,-2.212,5.338,60.37,-0.0031,-1,None,999.0,-1,-1,UNKNOWN,None
216.744,175.812,2935.863,-2.218,5.332,60.27,-0.0031,-1,None,999.0,-1,-1,UNKNOWN,None
216.752,175.829,2936.002,-2.221,5.329,60.22,-0.0031,-1,None,999.0,-1,-1,UNKNOWN,None
216.777,175.844,2936.419,-2.229,5.321,60.08,-0.0031,-1,None,999.0,-1,-1,UNKNOWN,None
216.803,175.86,2936.71,-2.235,5.315,59.98,-0.0031,-1,None,999.0,-1,-1,UNKNOWN,None
216.812,175.876,2937.007,-2.241,5.309,59.87,-0.0031,-1,None,999.0,-1,-1,UNKNOWN,None
216.83,175.892,2937.313,-2.248,5.302,59.77,-0.0031,-1,None,999.0,-1,-1,UNKNOWN,None
216.839,175.908,2937.464,-2.251,5.299,59.72,-0.0031,-1,None,999.0,-1,-1,UNKNOWN,None
216.866,175.924,2937.765,-2.258,5.292,59.63,-0.0031,-1,None,999.0,-1,-1,UNKNOWN,None
216.884,175.94,2938.062,-2.264,5.286,59.55,-0.0031,-1,None,999.0,-1,-1,UNKNOWN,None
216.893,175.956,2938.337,-2.27,5.28,59.49,-0.0031,-1,None,999.0,-1,-1,UNKNOWN,None
216.91,175.972,2938.621,-2.277,5.273,59.45,-0.0031,-1,None,999.0,-1,-1,UNKNOWN,None
216.927,175.988,2938.9,-2.283,5.267,59.42,-0.0031,-1,None,999.0,-1,-1,UNKNOWN,None
216.943,176.004,2939.037,-2.286,5.264,59.42,-0.0031,-1,None,999.0,-1,-1,UNKNOWN,None
216.96,176.02,2939.312,-2.293,5.257,59.43,-0.0031,-1,None,999.0,-1,-1,UNKNOWN,None
216.977,176.036,2939.587,-2.299,5.251,59.46,-0.0031,-1,None,999.0,-1,-1,UNKNOWN,None
216.993,176.053,2939.863,-2.306,5.244,59.52,-0.0031,-1,None,999.0,-1,-1,UNKNOWN,None
217.013,176.069,2940.189,-2.314,5.236,59.61,-0.0031,-1,None,999.0,-1,-1,UNKNOWN,None
217.022,176.085,2940.472,-2.321,5.229,59.71,-0.0031,-1,None,999.0,-1,-1,UNKNOWN,None
217.039,176.1,2940.618,-2.325,5.225,59.77,-0.0031,-1,None,999.0,-1,-1,UNKNOWN,None
217.056,176.116,2940.9,-2.332,5.218,59.89,-0.0031,-1,None,999.0,-1,-1,UNKNOWN,None
217.073,176.132,2941.182,-2.339,5.211,60.03,-0.0028,-1,None,999.0,-1,-1,UNKNOWN,None
217.09,176.149,2941.477,-2.347,5.203,60.18,-0.0028,-1,None,999.0,-1,-1,UNKNOWN,None
217.108,176.164,2941.774,-2.354,5.196,60.33,-0.0028,-1,None,999.0,-1,-1,UNKNOWN,None
217.125,176.18,2942.053,-2.362,5.188,60.46,-0.0028,-1,None,999.0,-1,-1,UNKNOWN,None
217.133,176.197,2942.334,-2.369,5.181,60.57,-0.0028,-1,None,999.0,-1,-1,UNKNOWN,None
217.152,176.213,2942.517,-2.374,5.176,60.64,-0.0027,-1,None,999.0,-1,-1,UNKNOWN,None
217.165,176.229,2942.879,-2.384,5.166,60.77,-0.0027,-1,None,999.0,-1,-1,UNKNOWN,None
217.183,176.244,2943.035,-2.388,5.162,60.82,-0.0027,-1,None,999.0,-1,-1,UNKNOWN,None
217.191,176.261,2943.367,-2.398,5.152,60.9,-0.0027,-1,None,999.0,-1,-1,UNKNOWN,None
217.215,176.277,2943.712,-2.407,5.143,60.96,-0.0027,-1,None,999.0,-1,-1,UNKNOWN,None
217.232,176.292,2943.858,-2.411,5.139,60.96,0.0002,-1,None,999.0,-1,-1,UNKNOWN,None
217.249,176.308,2944.148,-2.42,5.13,60.97,0.0002,-1,None,999.0,-1,-1,UNKNOWN,None
217.266,176.324,2944.433,-2.428,5.122,60.95,0.0002,-1,None,999.0,-1,-1,UNKNOWN,None
217.282,176.339,2944.715,-2.436,5.114,60.91,0.0002,-1,None,999.0,-1,-1,UNKNOWN,None
217.292,176.355,2945.012,-2.444,5.106,60.86,0.0002,-1,None,999.0,-1,-1,UNKNOWN,None
217.308,176.371,2945.295,-2.452,5.098,60.8,0.0075,-1,None,999.0,-1,-1,UNKNOWN,None
217.325,176.387,2945.576,-2.46,5.09,60.74,0.0075,-1,None,999.0,-1,-1,UNKNOWN,None
217.333,176.404,2945.717,-2.464,5.086,60.7,0.0075,-1,None,999.0,-1,-1,UNKNOWN,None
217.358,176.42,2945.997,-2.472,5.078,60.62,0.0075,-1,None,999.0,-1,-1,UNKNOWN,None
217.367,176.436,2946.277,-2.48,5.07,60.54,0.0101,-1,None,999.0,-1,-1,UNKNOWN,None
217.392,176.452,2946.557,-2.487,5.063,60.45,0.0101,-1,None,999.0,-1,-1,UNKNOWN,None
217.408,176.468,2946.837,-2.495,5.055,60.36,0.0101,-1,None,999.0,-1,-1,UNKNOWN,None
217.433,176.489,2947.256,-2.505,5.045,60.21,0.0101,-1,None,999.0,-1,-1,UNKNOWN,None
217.442,176.499,2947.395,-2.509,5.041,60.16,0.0101,-1,None,999.0,-1,-1,UNKNOWN,None
217.442,176.515,2947.534,-2.512,5.038,60.11,0.0101,-1,None,999.0,-1,-1,UNKNOWN,None
217.467,176.532,2947.953,-2.523,5.027,59.96,0.0101,-1,None,999.0,-1,-1,UNKNOWN,None
217.484,176.546,2948.23,-2.529,5.021,59.85,0.0101,-1,None,999.0,-1,-1,UNKNOWN,None
217.492,176.565,2948.369,-2.532,5.018,59.8,0.0101,-1,None,999.0,-1,-1,UNKNOWN,None
217.517,176.58,2948.783,-2.542,5.008,59.66,0.0101,-1,None,999.0,-1,-1,UNKNOWN,None
217.534,176.595,2949.059,-2.548,5.002,59.57,0.0101,-1,None,999.0,-1,-1,UNKNOWN,None
217.55,176.611,2949.197,-2.551,4.999,59.53,0.0101,-1,None,999.0,-1,-1,UNKNOWN,None
217.559,176.628,2949.472,-2.556,4.994,59.47,0.0101,-1,None,999.0,-1,-1,UNKNOWN,None
217.584,176.643,2949.747,-2.562,4.988,59.41,0.0101,-1,None,999.0,-1,-1,UNKNOWN,None
217.6,176.659,2950.022,-2.567,4.983,59.38,0.0101,-1,None,999.0,-1,-1,UNKNOWN,None
217.609,176.675,2950.297,-2.572,4.978,59.37,0.0101,-1,None,999.0,-1,-1,UNKNOWN,None
217.625,176.692,2950.572,-2.577,4.973,59.38,0.0101,-1,None,999.0,-1,-1,UNKNOWN,None
217.65,176.708,2950.847,-2.581,4.969,59.41,0.0101,-1,None,999.0,-1,-1,UNKNOWN,None
217.667,176.724,2951.122,-2.586,4.964,59.47,0.0101,-1,None,999.0,-1,-1,UNKNOWN,None
217.675,176.739,2951.398,-2.59,4.96,59.54,0.0101,-1,None,999.0,-1,-1,UNKNOWN,None
217.7,176.755,2951.674,-2.594,4.956,59.64,0.0101,-1,None,999.0,-1,-1,UNKNOWN,None
217.709,176.771,2951.953,-2.597,4.953,59.75,0.01,-1,None,999.0,-1,-1,UNKNOWN,None
217.725,176.787,2952.23,-2.601,4.949,59.87,0.0097,-1,None,999.0,-1,-1,UNKNOWN,None
217.742,176.805,2952.508,-2.604,4.946,60.01,0.0095,-1,None,999.0,-1,-1,UNKNOWN,None
217.759,176.82,2952.786,-2.607,4.943,60.15,0.0095,-1,None,999.0,-1,-1,UNKNOWN,None
217.767,176.836,2952.926,-2.608,4.942,60.23,0.0095,-1,None,999.0,-1,-1,UNKNOWN,None
217.784,176.852,2953.205,-2.611,4.939,60.36,0.0095,-1,None,999.0,-1,-1,UNKNOWN,None
217.809,176.868,2953.485,-2.613,4.937,60.49,0.0095,-1,None,999.0,-1,-1,UNKNOWN,None
217.809,176.885,2953.625,-2.614,4.936,60.55,0.0095,-1,None,999.0,-1,-1,UNKNOWN,None
217.825,176.901,2953.906,-2.616,4.934,60.64,0.0095,-1,None,999.0,-1,-1,UNKNOWN,None
217.842,176.917,2954.187,-2.618,4.932,60.71,0.0095,-1,None,999.0,-1,-1,UNKNOWN,None
217.859,176.933,2954.468,-2.619,4.931,60.74,0.0095,-1,None,999.0,-1,-1,UNKNOWN,None
217.892,176.948,2954.89,-2.62,4.93,60.75,0.0095,-1,None,999.0,-1,-1,UNKNOWN,None
217.909,176.964,2955.171,-2.621,4.929,60.73,0.0095,-1,None,999.0,-1,-1,UNKNOWN,None
217.925,176.98,2955.452,-2.621,4.929,60.69,0.0095,-1,None,999.0,-1,-1,UNKNOWN,None
217.934,176.996,2955.733,-2.622,4.928,60.64,0.0095,-1,None,999.0,-1,-1,UNKNOWN,None
217.95,177.013,2956.013,-2.622,4.928,60.58,0.0095,-1,None,999.0,-1,-1,UNKNOWN,None
217.967,177.029,2956.158,-2.621,4.929,60.55,0.0095,-1,None,999.0,-1,-1,UNKNOWN,None
217.986,177.045,2956.467,-2.621,4.929,60.47,0.0095,-1,None,999.0,-1,-1,UNKNOWN,None
217.995,177.06,2956.615,-2.62,4.93,60.42,0.0095,-1,None,999.0,-1,-1,UNKNOWN,None
218.011,177.077,2957.035,-2.619,4.931,60.3,0.0095,-1,None,999.0,-1,-1,UNKNOWN,None
218.028,177.093,2957.313,-2.617,4.933,60.2,0.0095,-1,None,999.0,-1,-1,UNKNOWN,None
218.045,177.108,2957.6,-2.616,4.934,60.11,0.0095,-1,None,999.0,-1,-1,UNKNOWN,None
218.063,177.124,2957.898,-2.614,4.936,60.0,0.0095,-1,None,999.0,-1,-1,UNKNOWN,None
218.08,177.14,2958.036,-2.613,4.937,59.95,0.0095,-1,None,999.0,-1,-1,UNKNOWN,None
218.088,177.157,2958.314,-2.61,4.94,59.85,0.0023,-1,None,999.0,-1,-1,UNKNOWN,None
218.105,177.173,2958.592,-2.608,4.942,59.75,0.0023,-1,None,999.0,-1,-1,UNKNOWN,None
218.13,177.188,2958.867,-2.606,4.944,59.66,0.0023,-1,None,999.0,-1,-1,UNKNOWN,None
218.146,177.205,2959.143,-2.603,4.947,59.58,0.0023,-1,None,999.0,-1,-1,UNKNOWN,None
218.155,177.22,2959.419,-2.6,4.95,59.5,0.0023,-1,None,999.0,-1,-1,UNKNOWN,None
218.174,177.236,2959.741,-2.597,4.953,59.44,0.0023,-1,None,999.0,-1,-1,UNKNOWN,None
218.193,177.252,2959.909,-2.595,4.955,59.41,0.0023,-1,None,999.0,-1,-1,UNKNOWN,None
218.21,177.268,2960.193,-2.591,4.959,59.38,0.0023,-1,None,999.0,-1,-1,UNKNOWN,None
218.21,177.284,2960.338,-2.59,4.96,59.38,0.0023,-1,None,999.0,-1,-1,UNKNOWN,None
218.228,177.3,2960.667,-2.585,4.965,59.39,0.0023,-1,None,999.0,-1,-1,UNKNOWN,None
218.257,177.316,2960.969,-2.581,4.969,59.43,0.0023,-1,None,999.0,-1,-1,UNKNOWN,None
218.274,177.332,2961.246,-2.578,4.972,59.49,0.0023,-1,None,999.0,-1,-1,UNKNOWN,None
218.282,177.354,2961.526,-2.573,4.977,59.57,0.0023,-1,None,999.0,-1,-1,UNKNOWN,None
218.299,177.362,2961.81,-2.569,4.981,59.67,0.0023,-1,None,999.0,-1,-1,UNKNOWN,None
218.324,177.381,2962.087,-2.565,4.985,59.79,0.0023,-1,None,999.0,-1,-1,UNKNOWN,None
218.333,177.396,2962.371,-2.561,4.989,59.92,0.0023,-1,None,999.0,-1,-1,UNKNOWN,None
218.358,177.412,2962.649,-2.556,4.994,60.05,0.0023,-1,None,999.0,-1,-1,UNKNOWN,None
218.366,177.428,2962.788,-2.554,4.996,60.13,0.0023,-1,None,999.0,-1,-1,UNKNOWN,None
218.384,177.443,2963.073,-2.549,5.001,60.28,0.0023,-1,None,999.0,-1,-1,UNKNOWN,None
218.4,177.459,2963.354,-2.544,5.006,60.43,0.0023,-1,None,999.0,-1,-1,UNKNOWN,None
218.417,177.48,2963.777,-2.537,5.013,60.66,0.0023,-1,None,999.0,-1,-1,UNKNOWN,None
218.434,177.492,2963.93,-2.534,5.016,60.74,0.0023,-1,None,999.0,-1,-1,UNKNOWN,None
218.451,177.507,2964.212,-2.529,5.021,60.88,0.0023,-1,None,999.0,-1,-1,UNKNOWN,None
218.468,177.524,2964.494,-2.524,5.026,61.0,0.0023,-1,None,999.0,-1,-1,UNKNOWN,None
218.476,177.54,2964.777,-2.519,5.031,61.09,0.0023,-1,None,999.0,-1,-1,UNKNOWN,None
218.493,177.555,2965.06,-2.514,5.036,61.16,0.0023,-1,None,999.0,-1,-1,UNKNOWN,None
218.518,177.571,2965.343,-2.508,5.042,61.2,0.0023,-1,None,999.0,-1,-1,UNKNOWN,None
218.526,177.587,2965.484,-2.505,5.045,61.2,0.0023,-1,None,999.0,-1,-1,UNKNOWN,None
218.534,177.603,2965.768,-2.5,5.05,61.2,0.0023,-1,None,999.0,-1,-1,UNKNOWN,None
218.551,177.62,2966.051,-2.494,5.056,61.19,0.0023,-1,None,999.0,-1,-1,UNKNOWN,None
218.576,177.635,2966.334,-2.488,5.062,61.16,0.0023,-1,None,999.0,-1,-1,UNKNOWN,None
218.593,177.652,2966.617,-2.483,5.067,61.11,0.0023,-1,None,999.0,-1,-1,UNKNOWN,None
218.61,177.668,2966.9,-2.477,5.073,61.06,0.0023,-1,None,999.0,-1,-1,UNKNOWN,None
218.618,177.683,2967.191,-2.471,5.079,61.0,0.0023,-1,None,999.0,-1,-1,UNKNOWN,None
218.645,177.706,2967.503,-2.464,5.086,60.93,0.0023,-1,None,999.0,-1,-1,UNKNOWN,None
218.654,177.714,2967.653,-2.461,5.089,60.89,0.0023,-1,None,999.0,-1,-1,UNKNOWN,None
218.672,177.731,2967.956,-2.454,5.096,60.81,0.0023,-1,None,999.0,-1,-1,UNKNOWN,None
218.689,177.747,2968.246,-2.448,5.102,60.73,0.0023,-1,None,999.0,-1,-1,UNKNOWN,None
218.689,177.763,2968.461,-2.443,5.107,60.66,0.0023,-1,None,999.0,-1,-1,UNKNOWN,None
218.71,177.779,2968.741,-2.437,5.113,60.58,0.0023,-1,None,999.0,-1,-1,UNKNOWN,None
218.727,177.795,2969.021,-2.431,5.119,60.48,0.0023,-1,None,999.0,-1,-1,UNKNOWN,None
218.744,177.813,2969.301,-2.424,5.126,60.39,0.0023,-1,None,999.0,-1,-1,UNKNOWN,None
218.769,177.829,2969.58,-2.418,5.132,60.29,0.0023,-1,None,999.0,-1,-1,UNKNOWN,None
218.769,177.845,2969.72,-2.414,5.136,60.24,0.0023,-1,None,999.0,-1,-1,UNKNOWN,None
218.794,177.861,2970.137,-2.405,5.145,60.09,0.0023,-1,None,999.0,-1,-1,UNKNOWN,None
218.81,177.876,2970.415,-2.398,5.152,59.99,0.0023,-1,None,999.0,-1,-1,UNKNOWN,None
218.837,177.892,2970.729,-2.39,5.16,59.89,0.0021,-1,None,999.0,-1,-1,UNKNOWN,None
218.847,177.908,2970.884,-2.387,5.163,59.84,0.0018,-1,None,999.0,-1,-1,UNKNOWN,None
218.855,177.924,2971.16,-2.38,5.17,59.75,0.0018,-1,None,999.0,-1,-1,UNKNOWN,None
218.872,177.94,2971.438,-2.373,5.177,59.67,0.0014,-1,None,999.0,-1,-1,UNKNOWN,None
218.897,177.956,2971.713,-2.366,5.184,59.6,0.0011,-1,None,999.0,-1,-1,UNKNOWN,None
218.913,177.973,2971.989,-2.359,5.191,59.54,0.0009,-1,None,999.0,-1,-1,UNKNOWN,None
218.93,177.989,2972.265,-2.352,5.198,59.51,0.0005,-1,None,999.0,-1,-1,UNKNOWN,None
218.947,178.005,2972.54,-2.345,5.205,59.49,0.0002,-1,None,999.0,-1,-1,UNKNOWN,None
218.955,178.021,2972.816,-2.338,5.212,59.49,-0.0001,-1,None,999.0,-1,-1,UNKNOWN,None
218.973,178.037,2973.116,-2.331,5.219,59.52,-0.0002,-1,None,999.0,-1,-1,UNKNOWN,None
218.99,178.053,2973.397,-2.324,5.226,59.57,-0.0005,-1,None,999.0,-1,-1,UNKNOWN,None
219.007,178.068,2973.673,-2.316,5.234,59.64,-0.0005,-1,None,999.0,-1,-1,UNKNOWN,None
219.024,178.085,2973.811,-2.313,5.237,59.68,-0.0005,-1,None,999.0,-1,-1,UNKNOWN,None
219.041,178.101,2974.092,-2.306,5.244,59.78,-0.0005,-1,None,999.0,-1,-1,UNKNOWN,None
219.049,178.115,2974.369,-2.299,5.251,59.9,-0.0005,-1,None,999.0,-1,-1,UNKNOWN,None
219.057,178.133,2974.508,-2.295,5.255,59.96,-0.0005,-1,None,999.0,-1,-1,UNKNOWN,None
219.084,178.148,2974.95,-2.283,5.267,60.18,-0.0005,-1,None,999.0,-1,-1,UNKNOWN,None
219.101,178.164,2975.247,-2.276,5.274,60.33,-0.0005,-1,None,999.0,-1,-1,UNKNOWN,None
219.118,178.18,2975.526,-2.268,5.282,60.48,-0.0005,-1,None,999.0,-1,-1,UNKNOWN,None
219.126,178.2,2975.676,-2.265,5.285,60.55,-0.0005,-1,None,999.0,-1,-1,UNKNOWN,None
219.152,178.212,2975.957,-2.257,5.293,60.68,-0.0005,-1,None,999.0,-1,-1,UNKNOWN,None
219.169,178.236,2976.38,-2.246,5.304,60.83,-0.0005,-1,None,999.0,-1,-1,UNKNOWN,None
219.177,178.243,2976.526,-2.242,5.308,60.86,-0.0005,-1,None,999.0,-1,-1,UNKNOWN,None
219.195,178.26,2976.828,-2.235,5.315,60.92,-0.0005,-1,None,999.0,-1,-1,UNKNOWN,None
219.221,178.276,2977.129,-2.227,5.323,60.96,-0.0005,-1,None,999.0,-1,-1,UNKNOWN,None
219.221,178.292,2977.3,-2.222,5.328,60.98,-0.0005,-1,None,999.0,-1,-1,UNKNOWN,None
219.249,178.308,2977.591,-2.215,5.335,60.98,-0.0005,-1,None,999.0,-1,-1,UNKNOWN,None
219.267,178.324,2977.894,-2.207,5.343,60.97,-0.0005,-1,None,999.0,-1,-1,UNKNOWN,None
219.276,178.34,2978.194,-2.199,5.351,60.93,-0.0005,-1,None,999.0,-1,-1,UNKNOWN,None
219.294,178.356,2978.502,-2.191,5.359,60.87,-0.0005,-1,None,999.0,-1,-1,UNKNOWN,None
219.303,178.372,2978.643,-2.187,5.363,60.85,-0.0005,-1,None,999.0,-1,-1,UNKNOWN,None
219.328,178.388,2978.935,-2.18,5.37,60.78,-0.0005,-1,None,999.0,-1,-1,UNKNOWN,None
219.345,178.403,2979.216,-2.172,5.378,60.71,-0.0005,-1,None,999.0,-1,-1,UNKNOWN,None
219.353,178.419,2979.497,-2.165,5.385,60.63,-0.0005,-1,None,999.0,-1,-1,UNKNOWN,None
219.37,178.435,2979.637,-2.161,5.389,60.58,-0.0005,-1,None,999.0,-1,-1,UNKNOWN,None
219.392,178.451,2980.01,-2.152,5.398,60.47,-0.0005,-1,None,999.0,-1,-1,UNKNOWN,None
219.409,178.467,2980.29,-2.145,5.405,60.37,-0.0005,-1,None,999.0,-1,-1,UNKNOWN,None
219.417,178.484,2980.569,-2.137,5.413,60.27,-0.0005,-1,None,999.0,-1,-1,UNKNOWN,None
219.425,178.499,2980.708,-2.134,5.416,60.22,-0.0005,-1,None,999.0,-1,-1,UNKNOWN,None
219.459,178.515,2981.125,-2.123,5.427,60.07,-0.0005,-1,None,999.0,-1,-1,UNKNOWN,None
219.468,178.531,2981.421,-2.115,5.435,59.96,-0.0005,-1,None,999.0,-1,-1,UNKNOWN,None
219.485,178.547,2981.7,-2.108,5.442,59.86,-0.0005,-1,None,999.0,-1,-1,UNKNOWN,None
219.51,178.563,2981.976,-2.101,5.449,59.75,-0.0005,-1,None,999.0,-1,-1,UNKNOWN,None
219.518,178.58,2982.252,-2.094,5.456,59.66,-0.0005,-1,None,999.0,-1,-1,UNKNOWN,None
219.527,178.596,2982.39,-2.091,5.459,59.61,-0.0009,-1,None,999.0,-1,-1,UNKNOWN,None
219.552,178.611,2982.666,-2.084,5.466,59.53,-0.0017,-1,None,999.0,-1,-1,UNKNOWN,None
219.568,178.628,2982.941,-2.077,5.473,59.47,-0.0027,-1,None,999.0,-1,-1,UNKNOWN,None
219.577,178.644,2983.216,-2.07,5.48,59.42,-0.0037,-1,None,999.0,-1,-1,UNKNOWN,None
219.602,178.66,2983.491,-2.063,5.487,59.38,-0.0052,-1,None,999.0,-1,-1,UNKNOWN,None
219.61,178.675,2983.82,-2.055,5.495,59.37,-0.006,-1,None,999.0,-1,-1,UNKNOWN,None
219.632,178.691,2984.001,-2.051,5.499,59.38,-0.0069,-1,None,999.0,-1,-1,UNKNOWN,None
219.641,178.708,2984.139,-2.047,5.503,59.39,-0.0078,-1,None,999.0,-1,-1,UNKNOWN,None
219.664,178.724,2984.527,-2.039,5.511,59.45,-0.0082,-1,None,999.0,-1,-1,UNKNOWN,None
219.673,178.74,2984.803,-2.032,5.518,59.52,-0.0084,-1,None,999.0,-1,-1,UNKNOWN,None
219.698,178.756,2985.079,-2.026,5.524,59.62,-0.0084,-1,None,999.0,-1,-1,UNKNOWN,None
219.706,178.771,2985.217,-2.023,5.527,59.67,-0.0084,-1,None,999.0,-1,-1,UNKNOWN,None
219.727,178.788,2985.574,-2.016,5.534,59.82,-0.0084,-1,None,999.0,-1,-1,UNKNOWN,None
219.736,178.805,2985.851,-2.01,5.54,59.95,-0.0084,-1,None,999.0,-1,-1,UNKNOWN,None
219.761,178.821,2986.129,-2.004,5.546,60.09,-0.0084,-1,None,999.0,-1,-1,UNKNOWN,None
219.777,178.837,2986.408,-1.999,5.551,60.24,-0.0084,-1,None,999.0,-1,-1,UNKNOWN,None
219.794,178.852,2986.688,-1.994,5.556,60.38,-0.0084,-1,None,999.0,-1,-1,UNKNOWN,None
219.802,178.868,2986.98,-1.988,5.562,60.53,-0.0084,-1,None,999.0,-1,-1,UNKNOWN,None
219.829,178.885,2987.27,-1.983,5.567,60.65,-0.0084,-1,None,999.0,-1,-1,UNKNOWN,None
219.837,178.901,2987.553,-1.979,5.571,60.74,-0.0084,-1,None,999.0,-1,-1,UNKNOWN,None
219.854,178.917,2987.834,-1.974,5.576,60.81,-0.0084,-1,None,999.0,-1,-1,UNKNOWN,None
219.88,178.933,2988.126,-1.969,5.581,60.84,-0.0084,-1,None,999.0,-1,-1,UNKNOWN,None
219.892,178.948,2988.333,-1.966,5.584,60.85,-0.0084,-1,None,999.0,-1,-1,UNKNOWN,None
219.903,178.965,2988.663,-1.962,5.588,60.84,-0.0084,-1,None,999.0,-1,-1,UNKNOWN,None
219.92,178.98,2988.808,-1.96,5.59,60.83,-0.0084,-1,None,999.0,-1,-1,UNKNOWN,None
219.937,178.997,2989.097,-1.956,5.594,60.79,-0.0084,-1,None,999.0,-1,-1,UNKNOWN,None
219.954,179.012,2989.383,-1.952,5.598,60.74,-0.0084,-1,None,999.0,-1,-1,UNKNOWN,None
219.971,179.028,2989.664,-1.949,5.601,60.68,-0.0084,-1,None,999.0,-1,-1,UNKNOWN,None
219.971,179.044,2989.804,-1.948,5.602,60.65,-0.0084,-1,None,999.0,-1,-1,UNKNOWN,None
219.999,179.06,2990.145,-1.944,5.606,60.56,-0.0084,-1,None,999.0,-1,-1,UNKNOWN,None
220.011,179.076,2990.479,-1.941,5.609,60.46,-0.0084,-1,None,999.0,-1,-1,UNKNOWN,None
220.019,179.092,2990.619,-1.94,5.61,60.42,-0.0084,-1,None,999.0,-1,-1,UNKNOWN,None
220.045,179.109,2991.057,-1.936,5.614,60.27,-0.0084,-1,None,999.0,-1,-1,UNKNOWN,None
220.062,179.124,2991.337,-1.935,5.615,60.18,-0.0084,-1,None,999.0,-1,-1,UNKNOWN,None
220.07,179.141,2991.476,-1.934,5.616,60.13,-0.0084,-1,None,999.0,-1,-1,UNKNOWN,None
220.096,179.157,2991.761,-1.932,5.618,60.03,-0.0084,-1,None,999.0,-1,-1,UNKNOWN,None
220.113,179.173,2992.043,-1.931,5.619,59.93,-0.0084,-1,None,999.0,-1,-1,UNKNOWN,None
220.121,179.189,2992.333,-1.93,5.62,59.84,-0.0084,-1,None,999.0,-1,-1,UNKNOWN,None
220.147,179.205,2992.61,-1.929,5.621,59.75,-0.0084,-1,None,999.0,-1,-1,UNKNOWN,None
220.163,179.22,2992.886,-1.928,5.622,59.67,-0.0084,-1,None,999.0,-1,-1,UNKNOWN,None
220.18,179.236,2993.166,-1.928,5.622,59.61,-0.0084,-1,None,999.0,-1,-1,UNKNOWN,None
220.19,179.252,2993.328,-1.928,5.622,59.58,-0.0084,-1,None,999.0,-1,-1,UNKNOWN,None
220.203,179.268,2993.679,-1.928,5.622,59.53,-0.0084,-1,None,999.0,-1,-1,UNKNOWN,None
220.228,179.285,2993.954,-1.928,5.622,59.51,-0.0084,-1,None,999.0,-1,-1,UNKNOWN,None
220.245,179.3,2994.23,-1.929,5.621,59.51,-0.0084,-1,None,999.0,-1,-1,UNKNOWN,None
220.253,179.316,2994.506,-1.93,5.62,59.54,-0.0084,-1,None,999.0,-1,-1,UNKNOWN,None
220.27,179.331,2994.654,-1.93,5.62,59.56,-0.0084,-1,None,999.0,-1,-1,UNKNOWN,None
220.289,179.346,2994.959,-1.932,5.618,59.63,-0.0084,-1,None,999.0,-1,-1,UNKNOWN,None
220.289,179.364,2995.097,-1.932,5.618,59.67,-0.0084,-1,None,999.0,-1,-1,UNKNOWN,None
220.323,179.38,2995.526,-1.935,5.615,59.82,-0.0084,-1,None,999.0,-1,-1,UNKNOWN,None
220.339,179.396,2995.803,-1.937,5.613,59.94,-0.0084,-1,None,999.0,-1,-1,UNKNOWN,None
220.356,179.411,2996.081,-1.939,5.611,60.06,-0.0084,-1,None,999.0,-1,-1,UNKNOWN,None
220.373,179.428,2996.359,-1.941,5.609,60.2,-0.0084,-1,None,999.0,-1,-1,UNKNOWN,None
220.381,179.443,2996.638,-1.944,5.606,60.34,-0.0084,-1,None,999.0,-1,-1,UNKNOWN,None
220.398,179.46,2996.918,-1.947,5.603,60.47,-0.0084,-1,None,999.0,-1,-1,UNKNOWN,None
220.406,179.476,2997.058,-1.948,5.602,60.53,-0.0084,-1,None,999.0,-1,-1,UNKNOWN,None
220.439,179.496,2997.479,-1.953,5.597,60.67,-0.0084,-1,None,999.0,-1,-1,UNKNOWN,None
220.448,179.507,2997.622,-1.955,5.595,60.71,-0.0084,-1,None,999.0,-1,-1,UNKNOWN,None
220.465,179.523,2997.903,-1.959,5.591,60.76,-0.0084,-1,None,999.0,-1,-1,UNKNOWN,None
220.473,179.539,2998.184,-1.963,5.587,60.79,-0.0084,-1,None,999.0,-1,-1,UNKNOWN,None
220.49,179.555,2998.466,-1.967,5.583,60.79,-0.0084,-1,None,999.0,-1,-1,UNKNOWN,None
220.515,179.571,2998.747,-1.972,5.578,60.77,-0.0084,-1,None,999.0,-1,-1,UNKNOWN,None
220.523,179.587,2999.028,-1.976,5.574,60.74,-0.0084,-1,None,999.0,-1,-1,UNKNOWN,None
220.531,179.602,2999.169,-1.979,5.571,60.72,-0.0049,-1,None,999.0,-1,-1,UNKNOWN,None
220.556,179.619,2999.59,-1.986,5.564,60.64,-0.0049,-1,None,999.0,-1,-1,UNKNOWN,None
220.565,179.635,2999.744,-1.989,5.561,60.61,-0.0049,-1,None,999.0,-1,-1,UNKNOWN,None
