timestamp_sim,elapsed_time_s,pos_x,pos_y_raw,pos_y_norm,speed_kmh,steer,active_sign_idx,active_maneuver,dist_to_next_sign,gaze_x,gaze_y,aoi_focus,line_type
317.28,0.0,0.119,-2.477,5.073,58.6,-0.0145,0,Right,149.88,-1,-1,UNKNOWN,None
317.288,0.016,0.39,-2.469,5.081,58.69,-0.0145,0,Right,149.61,-1,-1,UNKNOWN,None
317.306,0.032,0.542,-2.465,5.085,58.75,-0.0145,0,Right,149.46,-1,-1,UNKNOWN,None
317.324,0.048,0.833,-2.457,5.093,58.88,-0.0145,0,Right,149.17,-1,-1,UNKNOWN,None
317.342,0.064,1.137,-2.45,5.1,59.02,-0.0145,0,Right,148.86,-1,-1,UNKNOWN,None
317.359,0.08,1.417,-2.443,5.107,59.16,-0.0145,0,Right,148.58,-1,-1,UNKNOWN,None
317.376,0.096,1.691,-2.437,5.113,59.31,-0.0145,0,Right,148.31,-1,-1,UNKNOWN,None
317.385,0.112,1.979,-2.431,5.119,59.48,-0.0145,0,Right,148.02,-1,-1,UNKNOWN,None
317.393,0.128,2.124,-2.428,5.122,59.56,-0.0145,0,Right,147.88,-1,-1,UNKNOWN,None
317.42,0.144,2.41,-2.423,5.127,59.73,-0.0145,0,Right,147.59,-1,-1,UNKNOWN,None
317.436,0.16,2.69,-2.418,5.132,59.91,-0.0145,0,Right,147.31,-1,-1,UNKNOWN,None
317.453,0.176,2.968,-2.414,5.136,60.09,-0.0145,0,Right,147.03,-1,-1,UNKNOWN,None
317.461,0.19,3.107,-2.412,5.138,60.18,-0.0145,0,Right,146.89,-1,-1,UNKNOWN,None
317.474,0.205,3.454,-2.407,5.143,60.4,-0.0145,0,Right,146.55,-1,-1,UNKNOWN,None
317.499,0.223,3.734,-2.404,5.146,60.56,-0.0145,0,Right,146.27,-1,-1,UNKNOWN,None
317.515,0.239,4.015,-2.401,5.149,60.7,-0.0145,0,Right,145.99,-1,-1,UNKNOWN,None
317.515,0.255,4.156,-2.4,5.15,60.76,-0.0145,0,Right,145.84,-1,-1,UNKNOWN,None
317.54,0.271,4.578,-2.396,5.154,60.88,-0.0145,0,Right,145.42,-1,-1,UNKNOWN,None
317.549,0.287,4.719,-2.395,5.155,60.9,-0.0145,0,Right,145.28,-1,-1,UNKNOWN,None
317.574,0.304,5.001,-2.394,5.156,60.9,-0.0145,0,Right,145.0,-1,-1,UNKNOWN,None
317.59,0.325,5.424,-2.392,5.158,60.83,-0.0145,0,Right,144.58,-1,-1,UNKNOWN,None
317.615,0.334,5.705,-2.392,5.158,60.75,-0.0145,0,Right,144.3,-1,-1,UNKNOWN,None
317.632,0.352,5.986,-2.392,5.158,60.64,-0.0145,0,Right,144.01,-1,-1,UNKNOWN,None
317.64,0.368,6.266,-2.392,5.158,60.51,-0.0142,0,Right,143.73,-1,-1,UNKNOWN,None
317.649,0.384,6.406,-2.392,5.158,60.44,-0.0142,0,Right,143.59,-1,-1,UNKNOWN,None
317.674,0.4,6.685,-2.393,5.157,60.28,-0.0142,0,Right,143.31,-1,-1,UNKNOWN,None
317.682,0.416,6.964,-2.394,5.156,60.11,-0.0142,0,Right,143.04,-1,-1,UNKNOWN,None
317.707,0.432,7.241,-2.396,5.154,59.93,-0.0142,0,Right,142.76,-1,-1,UNKNOWN,None
317.724,0.448,7.518,-2.398,5.152,59.74,-0.0116,0,Right,142.48,-1,-1,UNKNOWN,None
317.742,0.464,7.824,-2.4,5.15,59.52,-0.0107,0,Right,142.18,-1,-1,UNKNOWN,None
317.759,0.48,8.098,-2.403,5.147,59.33,-0.0098,0,Right,141.9,-1,-1,UNKNOWN,None
317.776,0.496,8.372,-2.406,5.144,59.14,-0.0088,0,Right,141.63,-1,-1,UNKNOWN,None
317.792,0.512,8.646,-2.409,5.141,58.97,-0.0075,0,Right,141.35,-1,-1,UNKNOWN,None
317.801,0.528,8.918,-2.412,5.138,58.81,-0.0065,0,Right,141.08,-1,-1,UNKNOWN,None
317.826,0.544,9.19,-2.416,5.134,58.68,-0.0053,0,Right,140.81,-1,-1,UNKNOWN,None
317.826,0.56,9.325,-2.418,5.132,58.62,-0.0043,0,Right,140.67,-1,-1,UNKNOWN,None
317.842,0.576,9.596,-2.422,5.128,58.52,-0.0033,0,Right,140.4,-1,-1,UNKNOWN,None
317.867,0.592,9.867,-2.426,5.124,58.45,-0.0024,0,Right,140.13,-1,-1,UNKNOWN,None
317.884,0.608,10.138,-2.431,5.119,58.41,-0.0017,0,Right,139.86,-1,-1,UNKNOWN,None
317.901,0.625,10.408,-2.436,5.114,58.4,-0.0009,0,Right,139.59,-1,-1,UNKNOWN,None
317.917,0.64,10.679,-2.441,5.109,58.43,0.0002,0,Right,139.32,-1,-1,UNKNOWN,None
317.917,0.656,10.814,-2.444,5.106,58.44,0.0014,0,Right,139.19,-1,-1,UNKNOWN,None
317.951,0.672,11.22,-2.452,5.098,58.53,0.0023,0,Right,138.78,-1,-1,UNKNOWN,None
317.959,0.688,11.491,-2.457,5.093,58.61,0.0033,0,Right,138.51,-1,-1,UNKNOWN,None
317.984,0.704,11.763,-2.463,5.087,58.71,0.004,0,Right,138.24,-1,-1,UNKNOWN,None
317.992,0.72,12.039,-2.468,5.082,58.83,0.0046,0,Right,137.96,-1,-1,UNKNOWN,None
318.01,0.736,12.185,-2.472,5.078,58.89,0.005,0,Right,137.81,-1,-1,UNKNOWN,None
318.018,0.752,12.46,-2.477,5.073,59.02,0.0058,0,Right,137.54,-1,-1,UNKNOWN,None
318.043,0.768,12.736,-2.483,5.067,59.16,0.0065,0,Right,137.26,-1,-1,UNKNOWN,None
318.06,0.784,13.011,-2.489,5.061,59.31,0.0069,0,Right,136.99,-1,-1,UNKNOWN,None
318.079,0.8,13.326,-2.496,5.054,59.49,0.0075,0,Right,136.67,-1,-1,UNKNOWN,None
318.079,0.816,13.636,-2.503,5.047,59.68,0.0079,0,Right,136.36,-1,-1,UNKNOWN,None
318.098,0.83,13.636,-2.503,5.047,59.68,0.0079,0,Right,136.36,-1,-1,UNKNOWN,None
318.098,0.848,13.898,-2.509,5.041,59.84,0.0084,0,Right,136.1,-1,-1,UNKNOWN,None
318.13,0.864,14.315,-2.518,5.032,60.11,0.0097,0,Right,135.68,-1,-1,UNKNOWN,None
318.155,0.88,14.598,-2.524,5.026,60.29,0.0097,0,Right,135.4,-1,-1,UNKNOWN,None
318.172,0.896,14.882,-2.53,5.02,60.47,0.0097,0,Right,135.12,-1,-1,UNKNOWN,None
318.194,0.912,15.243,-2.537,5.013,60.67,0.0097,0,Right,134.76,-1,-1,UNKNOWN,None
318.202,0.928,15.387,-2.54,5.01,60.74,0.0097,0,Right,134.61,-1,-1,UNKNOWN,None
318.219,0.944,15.668,-2.545,5.005,60.84,0.0097,0,Right,134.33,-1,-1,UNKNOWN,None
318.236,0.96,15.95,-2.551,4.999,60.91,0.0097,0,Right,134.05,-1,-1,UNKNOWN,None
318.252,0.976,16.232,-2.556,4.994,60.93,0.0097,0,Right,133.77,-1,-1,UNKNOWN,None
318.261,0.992,16.514,-2.561,4.989,60.91,0.0097,0,Right,133.49,-1,-1,UNKNOWN,None
318.277,1.008,16.796,-2.566,4.984,60.85,0.01,0,Right,133.2,-1,-1,UNKNOWN,None
318.286,1.024,16.936,-2.569,4.981,60.82,0.01,0,Right,133.06,-1,-1,UNKNOWN,None
318.319,1.04,17.358,-2.576,4.974,60.67,0.01,0,Right,132.64,-1,-1,UNKNOWN,None
318.336,1.056,17.638,-2.581,4.969,60.54,0.0084,0,Right,132.36,-1,-1,UNKNOWN,None
318.344,1.072,17.94,-2.585,4.965,60.39,0.0079,0,Right,132.06,-1,-1,UNKNOWN,None
318.366,1.088,18.146,-2.588,4.962,60.28,0.0079,0,Right,131.85,-1,-1,UNKNOWN,None
318.383,1.104,18.424,-2.592,4.958,60.12,0.006,0,Right,131.58,-1,-1,UNKNOWN,None
318.399,1.12,18.704,-2.596,4.954,59.96,0.0049,0,Right,131.3,-1,-1,UNKNOWN,None
318.416,1.136,18.981,-2.6,4.95,59.8,0.0037,0,Right,131.02,-1,-1,UNKNOWN,None
318.425,1.152,19.26,-2.604,4.946,59.65,0.0025,0,Right,130.74,-1,-1,UNKNOWN,None
318.441,1.168,19.536,-2.607,4.943,59.51,0.0017,0,Right,130.46,-1,-1,UNKNOWN,None
318.45,1.184,19.673,-2.609,4.941,59.45,0.0009,0,Right,130.33,-1,-1,UNKNOWN,None
318.475,1.199,19.948,-2.612,4.938,59.33,0.0005,0,Right,130.05,-1,-1,UNKNOWN,None
318.475,1.218,20.085,-2.614,4.936,59.29,0.0002,0,Right,129.91,-1,-1,UNKNOWN,None
318.508,1.231,20.496,-2.618,4.932,59.18,0.0002,0,Right,129.5,-1,-1,UNKNOWN,None
318.516,1.247,20.77,-2.621,4.929,59.15,0.0002,0,Right,129.23,-1,-1,UNKNOWN,None
318.533,1.263,21.044,-2.624,4.926,59.15,0.0002,0,Right,128.96,-1,-1,UNKNOWN,None
318.558,1.279,21.326,-2.627,4.923,59.17,0.0005,0,Right,128.67,-1,-1,UNKNOWN,None
318.575,1.296,21.6,-2.63,4.92,59.22,0.0009,0,Right,128.4,-1,-1,UNKNOWN,None
318.587,1.312,21.795,-2.632,4.918,59.26,0.0011,0,Right,128.2,-1,-1,UNKNOWN,None
318.604,1.328,22.071,-2.634,4.916,59.34,0.0011,0,Right,127.93,-1,-1,UNKNOWN,None
318.621,1.344,22.35,-2.636,4.914,59.44,0.0011,0,Right,127.65,-1,-1,UNKNOWN,None
318.621,1.36,22.488,-2.638,4.912,59.49,0.0011,0,Right,127.51,-1,-1,UNKNOWN,None
318.646,1.376,22.902,-2.641,4.909,59.67,0.0011,0,Right,127.1,-1,-1,UNKNOWN,None
318.671,1.392,23.179,-2.643,4.907,59.8,0.0011,0,Right,126.82,-1,-1,UNKNOWN,None
318.688,1.408,23.463,-2.645,4.905,59.95,0.0011,0,Right,126.54,-1,-1,UNKNOWN,None
318.697,1.424,23.751,-2.647,4.903,60.11,0.0011,0,Right,126.25,-1,-1,UNKNOWN,None
318.705,1.44,23.894,-2.648,4.902,60.19,0.0011,0,Right,126.11,-1,-1,UNKNOWN,None
318.722,1.456,24.173,-2.65,4.9,60.34,0.0011,0,Right,125.83,-1,-1,UNKNOWN,None
318.748,1.472,24.479,-2.652,4.898,60.51,0.0011,0,Right,125.52,-1,-1,UNKNOWN,None
318.767,1.488,24.796,-2.654,4.896,60.65,0.0011,0,Right,125.2,-1,-1,UNKNOWN,None
318.776,1.504,25.111,-2.656,4.894,60.75,0.0011,0,Right,124.89,-1,-1,UNKNOWN,None
318.794,1.52,25.256,-2.657,4.893,60.78,0.0011,0,Right,124.74,-1,-1,UNKNOWN,None
318.811,1.536,25.538,-2.659,4.891,60.81,0.0011,0,Right,124.46,-1,-1,UNKNOWN,None
318.828,1.552,25.822,-2.66,4.89,60.79,0.0011,0,Right,124.18,-1,-1,UNKNOWN,None
318.845,1.569,26.103,-2.662,4.888,60.74,0.0011,0,Right,123.9,-1,-1,UNKNOWN,None
318.845,1.584,26.243,-2.662,4.888,60.71,0.0011,0,Right,123.76,-1,-1,UNKNOWN,None
318.87,1.6,26.664,-2.664,4.886,60.56,0.0011,0,Right,123.34,-1,-1,UNKNOWN,None
318.887,1.616,26.81,-2.665,4.885,60.49,0.0011,0,Right,123.19,-1,-1,UNKNOWN,None
318.896,1.632,27.137,-2.667,4.883,60.33,0.0011,0,Right,122.86,-1,-1,UNKNOWN,None
318.923,1.648,27.416,-2.668,4.882,60.17,0.0011,0,Right,122.58,-1,-1,UNKNOWN,None
318.94,1.664,27.7,-2.669,4.881,59.99,0.0011,0,Right,122.3,-1,-1,UNKNOWN,None
318.957,1.68,27.983,-2.671,4.879,59.81,0.0011,0,Right,122.02,-1,-1,UNKNOWN,None
318.974,1.696,28.263,-2.672,4.878,59.63,0.0011,0,Right,121.74,-1,-1,UNKNOWN,None
318.99,1.712,28.538,-2.673,4.877,59.45,0.0011,0,Right,121.46,-1,-1,UNKNOWN,None
318.99,1.728,28.676,-2.673,4.877,59.37,0.0011,0,Right,121.32,-1,-1,UNKNOWN,None
319.015,1.744,29.088,-2.675,4.875,59.14,0.0011,0,Right,120.91,-1,-1,UNKNOWN,None
319.032,1.76,29.366,-2.676,4.874,59.01,0.0011,0,Right,120.63,-1,-1,UNKNOWN,None
319.05,1.777,29.66,-2.677,4.873,58.9,0.0011,0,Right,120.34,-1,-1,UNKNOWN,None
319.068,1.792,29.815,-2.677,4.873,58.85,0.0011,0,Right,120.19,-1,-1,UNKNOWN,None
319.077,1.808,30.116,-2.678,4.872,58.79,0.0011,0,Right,119.88,-1,-1,UNKNOWN,None
319.103,1.824,30.39,-2.679,4.871,58.76,0.0011,0,Right,119.61,-1,-1,UNKNOWN,None
319.112,1.84,30.677,-2.68,4.87,58.77,0.0011,0,Right,119.32,-1,-1,UNKNOWN,None
319.121,1.854,30.889,-2.681,4.869,58.79,0.0011,0,Right,119.11,-1,-1,UNKNOWN,None
319.151,1.872,31.175,-2.681,4.869,58.84,0.0011,0,Right,118.82,-1,-1,UNKNOWN,None
319.16,1.888,31.448,-2.682,4.868,58.91,0.0011,0,Right,118.55,-1,-1,UNKNOWN,None
319.177,1.904,31.722,-2.683,4.867,59.0,0.0011,0,Right,118.28,-1,-1,UNKNOWN,None
319.193,1.92,31.995,-2.684,4.866,59.1,0.0011,0,Right,118.0,-1,-1,UNKNOWN,None
319.202,1.936,32.132,-2.684,4.866,59.16,0.0011,0,Right,117.87,-1,-1,UNKNOWN,None
319.221,1.951,32.312,-2.684,4.866,59.23,0.0011,0,Right,117.69,-1,-1,UNKNOWN,None
319.24,1.968,32.627,-2.685,4.865,59.38,0.0011,0,Right,117.37,-1,-1,UNKNOWN,None
319.255,1.984,33.019,-2.686,4.864,59.58,0.0011,0,Right,116.98,-1,-1,UNKNOWN,None
319.272,2.0,33.303,-2.686,4.864,59.74,0.0011,0,Right,116.7,-1,-1,UNKNOWN,None
319.29,2.026,33.592,-2.687,4.863,59.91,0.0011,0,Right,116.41,-1,-1,UNKNOWN,None
319.306,2.03,33.731,-2.687,4.863,59.99,0.0011,0,Right,116.27,-1,-1,UNKNOWN,None
319.315,2.048,34.014,-2.687,4.863,60.16,0.0011,0,Right,115.99,-1,-1,UNKNOWN,None
319.34,2.064,34.296,-2.688,4.862,60.34,0.0011,0,Right,115.7,-1,-1,UNKNOWN,None
319.34,2.081,34.436,-2.688,4.862,60.42,0.0011,0,Right,115.56,-1,-1,UNKNOWN,None
319.374,2.097,34.856,-2.688,4.862,60.66,0.0011,0,Right,115.14,-1,-1,UNKNOWN,None
319.382,2.112,35.138,-2.689,4.861,60.79,0.0011,0,Right,114.86,-1,-1,UNKNOWN,None
319.407,2.128,35.422,-2.689,4.861,60.88,0.0011,0,Right,114.58,-1,-1,UNKNOWN,None
319.415,2.144,35.705,-2.689,4.861,60.96,0.0011,0,Right,114.3,-1,-1,UNKNOWN,None
319.432,2.16,35.987,-2.689,4.861,61.01,0.0011,0,Right,114.01,-1,-1,UNKNOWN,None
319.45,2.176,36.145,-2.689,4.861,61.04,0.0011,0,Right,113.85,-1,-1,UNKNOWN,None
319.467,2.191,36.443,-2.69,4.86,61.05,0.0011,0,Right,113.56,-1,-1,UNKNOWN,None
319.484,2.207,36.725,-2.69,4.86,61.03,0.0011,0,Right,113.27,-1,-1,UNKNOWN,None
319.501,2.223,37.008,-2.69,4.86,60.98,0.0011,0,Right,112.99,-1,-1,UNKNOWN,None
319.51,2.237,37.167,-2.69,4.86,60.94,0.0011,0,Right,112.83,-1,-1,UNKNOWN,None
319.534,2.255,37.566,-2.69,4.86,60.79,0.0011,0,Right,112.43,-1,-1,UNKNOWN,None
319.534,2.271,37.75,-2.69,4.86,60.71,0.0011,0,Right,112.25,-1,-1,UNKNOWN,None
319.553,2.287,38.031,-2.69,4.86,60.56,0.0011,0,Right,111.97,-1,-1,UNKNOWN,None
319.57,2.304,38.31,-2.69,4.86,60.4,0.0011,0,Right,111.69,-1,-1,UNKNOWN,None
319.595,2.32,38.603,-2.69,4.86,60.22,0.0011,0,Right,111.4,-1,-1,UNKNOWN,None
319.612,2.336,38.881,-2.689,4.861,60.03,0.0011,0,Right,111.12,-1,-1,UNKNOWN,None
319.612,2.359,39.019,-2.689,4.861,59.93,0.0011,0,Right,110.98,-1,-1,UNKNOWN,None
319.638,2.366,39.313,-2.689,4.861,59.72,0.0011,0,Right,110.69,-1,-1,UNKNOWN,None
319.651,2.382,39.531,-2.689,4.861,59.56,0.0011,0,Right,110.47,-1,-1,UNKNOWN,None
319.668,2.4,39.943,-2.689,4.861,59.27,0.0011,0,Right,110.06,-1,-1,UNKNOWN,None
319.685,2.416,40.217,-2.688,4.862,59.09,0.0011,0,Right,109.78,-1,-1,UNKNOWN,None
319.71,2.432,40.49,-2.688,4.862,58.93,0.0011,0,Right,109.51,-1,-1,UNKNOWN,None
319.71,2.448,40.626,-2.688,4.862,58.85,0.0011,0,Right,109.37,-1,-1,UNKNOWN,None
319.743,2.464,41.034,-2.687,4.863,58.66,0.0011,0,Right,108.97,-1,-1,UNKNOWN,None
319.751,2.48,41.305,-2.687,4.863,58.57,0.0011,0,Right,108.69,-1,-1,UNKNOWN,None
319.768,2.496,41.576,-2.686,4.864,58.51,0.0011,0,Right,108.42,-1,-1,UNKNOWN,None
319.785,2.512,41.851,-2.686,4.864,58.48,0.0011,0,Right,108.15,-1,-1,UNKNOWN,None
319.793,2.528,41.995,-2.686,4.864,58.47,0.0011,0,Right,108.0,-1,-1,UNKNOWN,None
319.81,2.544,42.266,-2.685,4.865,58.49,0.0011,0,Right,107.73,-1,-1,UNKNOWN,None
319.835,2.56,42.537,-2.685,4.865,58.53,0.0011,0,Right,107.46,-1,-1,UNKNOWN,None
319.853,2.576,42.82,-2.684,4.866,58.59,0.0011,0,Right,107.18,-1,-1,UNKNOWN,None
319.861,2.592,43.094,-2.683,4.867,58.67,0.0011,0,Right,106.91,-1,-1,UNKNOWN,None
319.878,2.608,43.366,-2.683,4.867,58.76,0.0011,0,Right,106.63,-1,-1,UNKNOWN,None
319.903,2.624,43.641,-2.682,4.868,58.87,0.0011,0,Right,106.36,-1,-1,UNKNOWN,None
319.92,2.64,43.916,-2.681,4.869,58.99,0.0011,0,Right,106.08,-1,-1,UNKNOWN,None
319.928,2.656,44.19,-2.681,4.869,59.13,0.0011,0,Right,105.81,-1,-1,UNKNOWN,None
319.945,2.672,44.464,-2.68,4.87,59.27,0.0011,0,Right,105.54,-1,-1,UNKNOWN,None
319.961,2.688,44.739,-2.679,4.871,59.42,0.0011,0,Right,105.26,-1,-1,UNKNOWN,None
319.978,2.704,44.877,-2.679,4.871,59.5,0.0011,0,Right,105.12,-1,-1,UNKNOWN,None
319.986,2.72,45.153,-2.678,4.872,59.66,0.0011,0,Right,104.85,-1,-1,UNKNOWN,None
320.003,2.741,45.43,-2.677,4.873,59.83,0.0011,0,Right,104.57,-1,-1,UNKNOWN,None
320.028,2.752,45.709,-2.676,4.874,60.01,0.0011,0,Right,104.29,-1,-1,UNKNOWN,None
320.037,2.768,45.988,-2.675,4.875,60.18,0.0011,0,Right,104.01,-1,-1,UNKNOWN,None
320.053,2.784,46.267,-2.674,4.876,60.35,0.0011,0,Right,103.73,-1,-1,UNKNOWN,None
320.07,2.8,46.57,-2.673,4.877,60.52,0.0011,0,Right,103.43,-1,-1,UNKNOWN,None
320.088,2.816,46.854,-2.672,4.878,60.65,0.0011,0,Right,103.15,-1,-1,UNKNOWN,None
320.097,2.832,47.002,-2.671,4.879,60.7,0.0011,0,Right,103.0,-1,-1,UNKNOWN,None
320.123,2.848,47.309,-2.67,4.88,60.78,0.0011,0,Right,102.69,-1,-1,UNKNOWN,None
320.123,2.864,47.461,-2.669,4.881,60.8,0.0011,0,Right,102.54,-1,-1,UNKNOWN,None
320.159,2.88,47.908,-2.668,4.882,60.82,0.0011,0,Right,102.09,-1,-1,UNKNOWN,None
320.168,2.896,48.208,-2.666,4.884,60.8,0.0011,0,Right,101.79,-1,-1,UNKNOWN,None
320.187,2.912,48.386,-2.665,4.885,60.77,0.0011,0,Right,101.61,-1,-1,UNKNOWN,None
320.205,2.928,48.681,-2.664,4.886,60.71,0.0011,0,Right,101.32,-1,-1,UNKNOWN,None
320.221,2.944,48.962,-2.663,4.887,60.62,0.0011,0,Right,101.04,-1,-1,UNKNOWN,None
320.24,2.96,49.273,-2.661,4.889,60.49,0.0011,0,Right,100.73,-1,-1,UNKNOWN,None
320.25,2.976,49.441,-2.661,4.889,60.4,0.0011,0,Right,100.56,-1,-1,UNKNOWN,None
320.268,2.992,49.744,-2.659,4.891,60.24,0.0011,0,Right,100.26,-1,-1,UNKNOWN,None
320.268,3.01,49.883,-2.658,4.892,60.16,0.0011,0,Right,100.12,-1,-1,UNKNOWN,None
320.286,3.024,50.179,-2.657,4.893,59.97,0.0044,0,Right,99.82,-1,-1,UNKNOWN,None
320.319,3.04,50.594,-2.654,4.896,59.7,0.006,0,Right,99.41,-1,-1,UNKNOWN,None
320.336,3.056,50.872,-2.653,4.897,59.51,0.0076,0,Right,99.13,-1,-1,UNKNOWN,None
320.344,3.072,51.148,-2.651,4.899,59.33,0.0085,0,Right,98.85,-1,-1,UNKNOWN,None
320.353,3.088,51.286,-2.65,4.9,59.25,0.0095,0,Right,98.71,-1,-1,UNKNOWN,None
320.379,3.104,51.585,-2.648,4.902,59.07,0.0101,0,Right,98.41,-1,-1,UNKNOWN,None
320.396,3.12,51.867,-2.646,4.904,58.93,0.0111,0,Right,98.13,-1,-1,UNKNOWN,None
320.416,3.136,52.178,-2.643,4.907,58.79,0.0117,0,Right,97.82,-1,-1,UNKNOWN,None
320.425,3.153,52.34,-2.641,4.909,58.74,0.0126,0,Right,97.66,-1,-1,UNKNOWN,None
320.444,3.169,52.644,-2.639,4.911,58.66,0.0126,0,Right,97.36,-1,-1,UNKNOWN,None
320.455,3.184,52.829,-2.637,4.913,58.63,0.0126,0,Right,97.17,-1,-1,UNKNOWN,None
320.477,3.199,53.179,-2.633,4.917,58.61,0.0126,0,Right,96.82,-1,-1,UNKNOWN,None
320.494,3.216,53.46,-2.629,4.921,58.63,0.0126,0,Right,96.54,-1,-1,UNKNOWN,None
320.504,3.231,53.76,-2.626,4.924,58.68,0.0126,0,Right,96.24,-1,-1,UNKNOWN,None
320.521,3.247,53.896,-2.624,4.926,58.71,0.0123,0,Right,96.1,-1,-1,UNKNOWN,None
320.529,3.263,54.172,-2.62,4.93,58.79,0.012,0,Right,95.83,-1,-1,UNKNOWN,None
320.555,3.279,54.446,-2.616,4.934,58.88,0.0116,0,Right,95.55,-1,-1,UNKNOWN,None
320.571,3.296,54.719,-2.612,4.938,58.99,0.0109,0,Right,95.28,-1,-1,UNKNOWN,None
320.589,3.312,55.007,-2.607,4.943,59.11,0.0101,0,Right,94.99,-1,-1,UNKNOWN,None
320.589,3.328,55.144,-2.605,4.945,59.18,0.0095,0,Right,94.86,-1,-1,UNKNOWN,None
320.605,3.344,55.418,-2.6,4.95,59.32,0.0084,0,Right,94.58,-1,-1,UNKNOWN,None
320.631,3.36,55.863,-2.592,4.958,59.55,0.0072,0,Right,94.14,-1,-1,UNKNOWN,None
320.65,3.376,56.152,-2.586,4.964,59.72,0.006,0,Right,93.85,-1,-1,UNKNOWN,None
320.666,3.393,56.291,-2.583,4.967,59.8,0.0049,0,Right,93.71,-1,-1,UNKNOWN,None
320.683,3.408,56.568,-2.578,4.972,59.97,0.004,0,Right,93.43,-1,-1,UNKNOWN,None
320.701,3.424,56.859,-2.572,4.978,60.15,0.003,0,Right,93.14,-1,-1,UNKNOWN,None
320.71,3.44,57.015,-2.568,4.982,60.25,0.003,0,Right,92.98,-1,-1,UNKNOWN,None
320.72,3.456,57.403,-2.56,4.99,60.49,0.003,0,Right,92.6,-1,-1,UNKNOWN,None
320.744,3.471,57.726,-2.553,4.997,60.68,0.0009,0,Right,92.27,-1,-1,UNKNOWN,None
320.761,3.488,58.008,-2.546,5.004,60.83,0.0009,0,Right,91.99,-1,-1,UNKNOWN,None
320.769,3.504,58.152,-2.543,5.007,60.9,0.0009,0,Right,91.85,-1,-1,UNKNOWN,None
320.786,3.52,58.444,-2.536,5.014,61.02,0.0009,0,Right,91.56,-1,-1,UNKNOWN,None
320.803,3.536,58.761,-2.528,5.022,61.12,0.0009,0,Right,91.24,-1,-1,UNKNOWN,None
320.825,3.552,58.959,-2.523,5.027,61.15,0.0005,0,Right,91.04,-1,-1,UNKNOWN,None
320.834,3.571,59.262,-2.516,5.034,61.19,0.0005,0,Right,90.74,-1,-1,UNKNOWN,None
320.86,3.584,59.551,-2.508,5.042,61.18,0.0005,0,Right,90.45,-1,-1,UNKNOWN,None
320.877,3.601,59.834,-2.501,5.049,61.15,0.0005,0,Right,90.17,-1,-1,UNKNOWN,None
320.885,3.616,60.126,-2.493,5.057,61.09,0.0005,0,Right,89.87,-1,-1,UNKNOWN,None
320.902,3.632,60.267,-2.49,5.06,61.04,-0.0002,0,Right,89.73,-1,-1,UNKNOWN,None
320.916,3.649,60.646,-2.479,5.071,60.9,-0.0002,0,Right,89.35,-1,-1,UNKNOWN,None
320.933,3.664,60.928,-2.472,5.078,60.76,-0.0002,0,Right,89.07,-1,-1,UNKNOWN,None
320.949,3.68,61.208,-2.464,5.086,60.61,-0.0024,0,Right,88.79,-1,-1,UNKNOWN,None
320.958,3.697,61.348,-2.46,5.09,60.53,-0.0024,0,Right,88.65,-1,-1,UNKNOWN,None
320.991,3.712,61.773,-2.449,5.101,60.27,-0.0024,0,Right,88.23,-1,-1,UNKNOWN,None
321.008,3.728,62.051,-2.441,5.109,60.08,-0.0024,0,Right,87.95,-1,-1,UNKNOWN,None
321.016,3.744,62.328,-2.433,5.117,59.88,-0.0024,0,Right,87.67,-1,-1,UNKNOWN,None
321.033,3.76,62.605,-2.426,5.124,59.67,-0.0044,0,Right,87.4,-1,-1,UNKNOWN,None
321.054,3.776,62.813,-2.42,5.13,59.51,-0.0044,0,Right,87.19,-1,-1,UNKNOWN,None
321.071,3.793,63.087,-2.412,5.138,59.31,-0.0044,0,Right,86.91,-1,-1,UNKNOWN,None
321.081,3.808,63.393,-2.404,5.146,59.08,-0.004,0,Right,86.61,-1,-1,UNKNOWN,None
321.089,3.824,63.588,-2.398,5.152,58.95,-0.0033,0,Right,86.41,-1,-1,UNKNOWN,None
321.101,3.84,63.724,-2.395,5.155,58.86,-0.0024,0,Right,86.28,-1,-1,UNKNOWN,None
321.135,3.856,64.137,-2.383,5.167,58.62,-0.0017,0,Right,85.86,-1,-1,UNKNOWN,None
321.144,3.872,64.426,-2.375,5.175,58.48,-0.0008,0,Right,85.57,-1,-1,UNKNOWN,None
321.153,3.888,64.565,-2.371,5.179,58.43,0.0002,0,Right,85.44,-1,-1,UNKNOWN,None
321.179,3.904,64.845,-2.364,5.186,58.34,0.0011,0,Right,85.16,-1,-1,UNKNOWN,None
321.195,3.92,65.118,-2.356,5.194,58.28,0.0018,0,Right,84.88,-1,-1,UNKNOWN,None
321.213,3.936,65.402,-2.348,5.202,58.26,0.0028,0,Right,84.6,-1,-1,UNKNOWN,None
321.225,3.952,65.73,-2.339,5.211,58.28,0.0034,0,Right,84.27,-1,-1,UNKNOWN,None
321.25,3.968,66.002,-2.331,5.219,58.31,0.004,0,Right,84.0,-1,-1,UNKNOWN,None
321.259,3.984,66.151,-2.327,5.223,58.35,0.0044,0,Right,83.85,-1,-1,UNKNOWN,None
321.276,4.0,66.43,-2.319,5.231,58.42,0.0049,0,Right,83.57,-1,-1,UNKNOWN,None
321.294,4.016,66.721,-2.31,5.24,58.51,0.005,0,Right,83.28,-1,-1,UNKNOWN,None
321.307,4.033,66.921,-2.304,5.246,58.59,0.0056,0,Right,83.08,-1,-1,UNKNOWN,None
321.307,4.048,67.087,-2.3,5.25,58.66,0.0058,0,Right,82.91,-1,-1,UNKNOWN,None
321.337,4.064,67.561,-2.285,5.265,58.88,0.0058,0,Right,82.44,-1,-1,UNKNOWN,None
321.346,4.08,67.702,-2.281,5.269,58.95,0.006,0,Right,82.3,-1,-1,UNKNOWN,None
321.371,4.096,67.979,-2.273,5.277,59.09,0.006,0,Right,82.02,-1,-1,UNKNOWN,None
321.388,4.112,68.255,-2.264,5.286,59.25,0.006,0,Right,81.75,-1,-1,UNKNOWN,None
321.405,4.128,68.53,-2.256,5.294,59.41,0.006,0,Right,81.47,-1,-1,UNKNOWN,None
321.422,4.144,68.805,-2.247,5.303,59.58,0.006,0,Right,81.19,-1,-1,UNKNOWN,None
321.438,4.159,69.081,-2.239,5.311,59.75,0.006,0,Right,80.92,-1,-1,UNKNOWN,None
321.456,4.176,69.374,-2.229,5.321,59.94,0.006,0,Right,80.63,-1,-1,UNKNOWN,None
321.456,4.191,69.524,-2.225,5.325,60.03,0.006,0,Right,80.48,-1,-1,UNKNOWN,None
321.473,4.207,69.802,-2.216,5.334,60.22,0.006,0,Right,80.2,-1,-1,UNKNOWN,None
321.498,4.223,70.084,-2.206,5.344,60.4,0.006,0,Right,79.92,-1,-1,UNKNOWN,None
321.515,4.239,70.365,-2.197,5.353,60.58,0.006,0,Right,79.64,-1,-1,UNKNOWN,None
321.532,4.255,70.645,-2.188,5.362,60.73,0.006,0,Right,79.35,-1,-1,UNKNOWN,None
321.54,4.271,70.927,-2.178,5.372,60.84,0.006,0,Right,79.07,-1,-1,UNKNOWN,None
321.557,4.287,71.209,-2.168,5.382,60.93,0.006,0,Right,78.79,-1,-1,UNKNOWN,None
321.565,4.304,71.35,-2.163,5.387,60.95,0.006,0,Right,78.65,-1,-1,UNKNOWN,None
321.582,4.32,71.632,-2.153,5.397,60.96,0.006,0,Right,78.37,-1,-1,UNKNOWN,None
321.615,4.336,72.058,-2.138,5.412,60.91,0.006,0,Right,77.94,-1,-1,UNKNOWN,None
321.632,4.352,72.34,-2.128,5.422,60.84,-0.0002,0,Right,77.66,-1,-1,UNKNOWN,None
321.648,4.368,72.621,-2.118,5.432,60.74,-0.0017,0,Right,77.38,-1,-1,UNKNOWN,None
321.657,4.382,72.761,-2.113,5.437,60.69,-0.0017,0,Right,77.24,-1,-1,UNKNOWN,None
321.673,4.4,73.181,-2.097,5.453,60.5,-0.0017,0,Right,76.82,-1,-1,UNKNOWN,None
321.682,4.416,73.321,-2.092,5.458,60.43,-0.0017,0,Right,76.68,-1,-1,UNKNOWN,None
321.707,4.432,73.6,-2.082,5.468,60.27,-0.0069,0,Right,76.4,-1,-1,UNKNOWN,None
321.723,4.448,73.878,-2.072,5.478,60.1,-0.0069,0,Right,76.12,-1,-1,UNKNOWN,None
321.74,4.464,74.156,-2.062,5.488,59.92,-0.0069,0,Right,75.84,-1,-1,UNKNOWN,None
321.757,4.48,74.432,-2.051,5.499,59.72,-0.0098,0,Right,75.57,-1,-1,UNKNOWN,None
321.773,4.495,74.708,-2.041,5.509,59.52,-0.01,0,Right,75.29,-1,-1,UNKNOWN,None
321.79,4.512,74.982,-2.032,5.518,59.32,-0.0102,0,Right,75.02,-1,-1,UNKNOWN,None
321.807,4.528,75.256,-2.022,5.528,59.13,-0.0102,0,Right,74.74,-1,-1,UNKNOWN,None
321.823,4.544,75.529,-2.012,5.538,58.94,-0.0102,0,Right,74.47,-1,-1,UNKNOWN,None
321.832,4.56,75.81,-2.002,5.548,58.77,-0.0102,0,Right,74.19,-1,-1,UNKNOWN,None
321.841,4.576,75.964,-1.997,5.553,58.68,-0.0102,0,Right,74.04,-1,-1,UNKNOWN,None
321.868,4.593,76.257,-1.987,5.563,58.53,-0.0102,0,Right,73.74,-1,-1,UNKNOWN,None
321.878,4.608,76.568,-1.976,5.574,58.41,-0.01,0,Right,73.43,-1,-1,UNKNOWN,None
321.896,4.624,76.851,-1.967,5.583,58.33,-0.0098,0,Right,73.15,-1,-1,UNKNOWN,None
321.922,4.64,77.126,-1.958,5.592,58.28,-0.0098,0,Right,72.87,-1,-1,UNKNOWN,None
321.922,4.656,77.261,-1.953,5.597,58.27,-0.0098,0,Right,72.74,-1,-1,UNKNOWN,None
321.947,4.672,77.53,-1.944,5.606,58.27,-0.0098,0,Right,72.47,-1,-1,UNKNOWN,None
321.947,4.688,77.665,-1.94,5.61,58.28,-0.0098,0,Right,72.33,-1,-1,UNKNOWN,None
321.98,4.704,78.07,-1.927,5.623,58.35,-0.01,0,Right,71.93,-1,-1,UNKNOWN,None
321.997,4.721,78.341,-1.919,5.631,58.42,-0.0102,0,Right,71.66,-1,-1,UNKNOWN,None
322.013,4.736,78.611,-1.911,5.639,58.5,-0.0104,0,Right,71.39,-1,-1,UNKNOWN,None
322.031,4.752,78.895,-1.903,5.647,58.61,-0.0107,0,Right,71.11,-1,-1,UNKNOWN,None
322.048,4.768,79.166,-1.895,5.655,58.73,-0.0107,0,Right,70.83,-1,-1,UNKNOWN,None
322.056,4.785,79.447,-1.887,5.663,58.86,-0.011,0,Right,70.55,-1,-1,UNKNOWN,None
322.073,4.8,79.727,-1.88,5.67,59.0,-0.011,0,Right,70.27,-1,-1,UNKNOWN,None
322.082,4.816,79.863,-1.876,5.674,59.07,-0.011,0,Right,70.14,-1,-1,UNKNOWN,None
322.098,4.832,80.143,-1.869,5.681,59.23,-0.011,0,Right,69.86,-1,-1,UNKNOWN,None
322.124,4.848,80.417,-1.862,5.688,59.38,-0.011,0,Right,69.58,-1,-1,UNKNOWN,None
322.14,4.864,80.693,-1.856,5.694,59.55,-0.011,0,Right,69.31,-1,-1,UNKNOWN,None
322.157,4.881,80.969,-1.849,5.701,59.72,-0.011,0,Right,69.03,-1,-1,UNKNOWN,None
322.174,4.897,81.246,-1.843,5.707,59.9,-0.011,0,Right,68.75,-1,-1,UNKNOWN,None
322.192,4.913,81.554,-1.837,5.713,60.1,-0.011,0,Right,68.45,-1,-1,UNKNOWN,None
322.201,4.928,81.834,-1.831,5.719,60.28,-0.011,0,Right,68.17,-1,-1,UNKNOWN,None
322.217,4.944,82.115,-1.826,5.724,60.46,-0.011,0,Right,67.89,-1,-1,UNKNOWN,None
322.226,4.96,82.255,-1.823,5.727,60.55,-0.011,0,Right,67.75,-1,-1,UNKNOWN,None
322.243,4.976,82.561,-1.818,5.732,60.71,-0.01,0,Right,67.44,-1,-1,UNKNOWN,None
322.269,4.992,82.842,-1.813,5.737,60.85,-0.0098,0,Right,67.16,-1,-1,UNKNOWN,None
322.269,5.011,82.983,-1.811,5.739,60.91,-0.0098,0,Right,67.02,-1,-1,UNKNOWN,None
322.294,5.024,83.42,-1.804,5.746,61.09,-0.0098,0,Right,66.58,-1,-1,UNKNOWN,None
322.311,5.04,83.71,-1.8,5.75,61.19,-0.0098,0,Right,66.29,-1,-1,UNKNOWN,None
322.337,5.057,84.002,-1.796,5.754,61.25,-0.0098,0,Right,66.0,-1,-1,UNKNOWN,None
322.354,5.072,84.288,-1.793,5.757,61.26,-0.0098,0,Right,65.71,-1,-1,UNKNOWN,None
322.363,5.088,84.433,-1.791,5.759,61.25,-0.0098,0,Right,65.57,-1,-1,UNKNOWN,None
322.388,5.109,84.858,-1.787,5.763,61.18,-0.0098,0,Right,65.14,-1,-1,UNKNOWN,None
322.396,5.12,84.999,-1.785,5.765,61.14,-0.0098,0,Right,65.0,-1,-1,UNKNOWN,None
322.413,5.136,85.282,-1.783,5.767,61.04,-0.0098,0,Right,64.72,-1,-1,UNKNOWN,None
322.429,5.153,85.564,-1.781,5.769,60.91,-0.0072,0,Right,64.44,-1,-1,UNKNOWN,None
322.438,5.168,85.845,-1.779,5.771,60.77,-0.0072,0,Right,64.15,-1,-1,UNKNOWN,None
322.463,5.183,86.133,-1.777,5.773,60.61,-0.0072,0,Right,63.87,-1,-1,UNKNOWN,None
322.471,5.199,86.413,-1.775,5.775,60.44,-0.0072,0,Right,63.59,-1,-1,UNKNOWN,None
322.488,5.215,86.692,-1.774,5.776,60.25,-0.0072,0,Right,63.31,-1,-1,UNKNOWN,None
322.505,5.231,86.971,-1.773,5.777,60.05,-0.0072,0,Right,63.03,-1,-1,UNKNOWN,None
322.523,5.247,87.135,-1.773,5.777,59.93,-0.0072,0,Right,62.86,-1,-1,UNKNOWN,None
322.531,5.263,87.412,-1.772,5.778,59.72,-0.0033,0,Right,62.59,-1,-1,UNKNOWN,None
322.549,5.279,87.706,-1.771,5.779,59.5,-0.0028,0,Right,62.29,-1,-1,UNKNOWN,None
322.574,5.296,87.984,-1.771,5.779,59.29,-0.0024,0,Right,62.02,-1,-1,UNKNOWN,None
322.591,5.311,88.262,-1.771,5.779,59.09,-0.0018,0,Right,61.74,-1,-1,UNKNOWN,None
322.591,5.328,88.402,-1.771,5.779,58.99,-0.0018,0,Right,61.6,-1,-1,UNKNOWN,None
322.616,5.344,88.824,-1.771,5.779,58.73,-0.0017,0,Right,61.18,-1,-1,UNKNOWN,None
322.635,5.36,88.981,-1.771,5.779,58.65,-0.0017,0,Right,61.02,-1,-1,UNKNOWN,None
322.635,5.376,89.136,-1.771,5.779,58.57,-0.0017,0,Right,60.86,-1,-1,UNKNOWN,None
322.663,5.392,89.593,-1.772,5.778,58.4,-0.0017,0,Right,60.41,-1,-1,UNKNOWN,None
322.673,5.408,89.742,-1.773,5.777,58.36,-0.0017,0,Right,60.26,-1,-1,UNKNOWN,None
322.699,5.424,90.012,-1.774,5.776,58.32,-0.0017,0,Right,59.99,-1,-1,UNKNOWN,None
322.715,5.44,90.282,-1.775,5.775,58.31,-0.0017,0,Right,59.72,-1,-1,UNKNOWN,None
322.732,5.456,90.552,-1.776,5.774,58.32,-0.0017,0,Right,59.45,-1,-1,UNKNOWN,None
322.749,5.472,90.822,-1.777,5.773,58.36,-0.0017,0,Right,59.18,-1,-1,UNKNOWN,None
322.765,5.488,91.092,-1.778,5.772,58.42,-0.0017,0,Right,58.91,-1,-1,UNKNOWN,None
322.782,5.504,91.363,-1.78,5.77,58.5,-0.0017,0,Right,58.64,-1,-1,UNKNOWN,None
322.799,5.519,91.634,-1.781,5.769,58.6,-0.0017,0,Right,58.37,-1,-1,UNKNOWN,None
322.815,5.536,91.906,-1.783,5.767,58.71,-0.0017,0,Right,58.09,-1,-1,UNKNOWN,None
322.824,5.552,92.199,-1.785,5.765,58.84,-0.0017,0,Right,57.8,-1,-1,UNKNOWN,None
322.843,5.568,92.355,-1.786,5.764,58.91,-0.0017,0,Right,57.65,-1,-1,UNKNOWN,None
322.852,5.584,92.64,-1.788,5.762,59.06,-0.0017,0,Right,57.36,-1,-1,UNKNOWN,None
322.868,5.6,92.914,-1.79,5.76,59.21,-0.0017,0,Right,57.09,-1,-1,UNKNOWN,None
322.893,5.616,93.189,-1.792,5.758,59.37,-0.0017,0,Right,56.81,-1,-1,UNKNOWN,None
322.893,5.632,93.327,-1.793,5.757,59.45,-0.0017,0,Right,56.67,-1,-1,UNKNOWN,None
322.927,5.648,93.741,-1.797,5.753,59.7,-0.0017,0,Right,56.26,-1,-1,UNKNOWN,None
322.943,5.664,94.018,-1.799,5.751,59.87,-0.0017,0,Right,55.98,-1,-1,UNKNOWN,None
322.954,5.68,94.197,-1.801,5.749,59.99,-0.0017,0,Right,55.8,-1,-1,UNKNOWN,None
322.963,5.696,94.479,-1.803,5.747,60.18,-0.0017,0,Right,55.52,-1,-1,UNKNOWN,None
322.988,5.712,94.764,-1.806,5.744,60.36,-0.0017,0,Right,55.24,-1,-1,UNKNOWN,None
323.005,5.728,95.045,-1.809,5.741,60.54,-0.0017,0,Right,54.95,-1,-1,UNKNOWN,None
323.013,5.746,95.326,-1.812,5.738,60.71,-0.0017,0,Right,54.67,-1,-1,UNKNOWN,None
323.03,5.76,95.467,-1.813,5.737,60.78,-0.0017,0,Right,54.53,-1,-1,UNKNOWN,None
323.047,5.776,95.89,-1.817,5.733,60.99,-0.0017,0,Right,54.11,-1,-1,UNKNOWN,None
323.065,5.792,96.069,-1.819,5.731,61.06,-0.0017,0,Right,53.93,-1,-1,UNKNOWN,None
323.083,5.808,96.371,-1.822,5.728,61.15,-0.0017,0,Right,53.63,-1,-1,UNKNOWN,None
323.1,5.824,96.654,-1.825,5.725,61.2,-0.0017,0,Right,53.35,-1,-1,UNKNOWN,None
323.108,5.84,96.937,-1.829,5.721,61.21,-0.0017,0,Right,53.06,-1,-1,UNKNOWN,None
323.117,5.856,97.079,-1.83,5.72,61.2,-0.0017,0,Right,52.92,-1,-1,UNKNOWN,None
323.133,5.872,97.362,-1.833,5.717,61.15,-0.0017,0,Right,52.64,-1,-1,UNKNOWN,None
323.158,5.888,97.803,-1.838,5.712,61.02,-0.0017,0,Right,52.2,-1,-1,UNKNOWN,None
323.177,5.904,97.96,-1.84,5.71,60.95,-0.0017,0,Right,52.04,-1,-1,UNKNOWN,None
323.199,5.92,98.343,-1.845,5.705,60.77,-0.0017,0,Right,51.66,-1,-1,UNKNOWN,None
323.21,5.936,98.521,-1.847,5.703,60.68,-0.0017,0,Right,51.48,-1,-1,UNKNOWN,None
323.229,5.952,98.838,-1.851,5.699,60.49,-0.0017,0,Right,51.16,-1,-1,UNKNOWN,None
323.238,5.967,99.129,-1.855,5.695,60.31,-0.0017,0,Right,50.87,-1,-1,UNKNOWN,None
323.256,5.984,99.432,-1.858,5.692,60.1,-0.0017,0,Right,50.57,-1,-1,UNKNOWN,None
323.264,6.004,99.593,-1.861,5.689,59.98,-0.0017,0,Right,50.41,-1,-1,UNKNOWN,None
323.291,6.016,99.87,-1.864,5.686,59.78,-0.0017,0,Right,50.13,-1,-1,UNKNOWN,None
323.309,6.032,100.172,-1.868,5.682,59.55,-0.0017,0,Right,49.83,-1,-1,UNKNOWN,None
323.327,6.048,100.467,-1.872,5.678,59.35,-0.0017,0,Right,49.53,-1,-1,UNKNOWN,None
323.344,6.064,100.747,-1.876,5.674,59.16,-0.0017,0,Right,49.25,-1,-1,UNKNOWN,None
323.353,6.08,101.027,-1.88,5.67,58.99,-0.0017,0,Right,48.97,-1,-1,UNKNOWN,None
323.361,6.097,101.163,-1.882,5.668,58.91,-0.0017,0,Right,48.84,-1,-1,UNKNOWN,None
323.378,6.112,101.436,-1.885,5.665,58.78,-0.0017,0,Right,48.56,-1,-1,UNKNOWN,None
323.403,6.128,101.707,-1.889,5.661,58.67,-0.0017,0,Right,48.29,-1,-1,UNKNOWN,None
323.419,6.144,101.979,-1.893,5.657,58.59,-0.0017,0,Right,48.02,-1,-1,UNKNOWN,None
323.436,6.16,102.25,-1.897,5.653,58.54,-0.0017,0,Right,47.75,-1,-1,UNKNOWN,None
323.444,6.174,102.521,-1.901,5.649,58.52,-0.0017,0,Right,47.48,-1,-1,UNKNOWN,None
323.47,6.191,102.81,-1.905,5.645,58.53,-0.0017,0,Right,47.19,-1,-1,UNKNOWN,None
323.487,6.209,103.082,-1.909,5.641,58.57,-0.0017,0,Right,46.92,-1,-1,UNKNOWN,None
323.496,6.223,103.357,-1.914,5.636,58.63,-0.0017,0,Right,46.64,-1,-1,UNKNOWN,None
323.504,6.239,103.494,-1.916,5.634,58.66,-0.0017,0,Right,46.51,-1,-1,UNKNOWN,None
323.521,6.255,103.778,-1.92,5.63,58.75,-0.0017,0,Right,46.22,-1,-1,UNKNOWN,None
323.549,6.271,104.086,-1.925,5.625,58.87,-0.0017,0,Right,45.91,-1,-1,UNKNOWN,None
323.567,6.288,104.388,-1.93,5.62,59.0,-0.0017,0,Right,45.61,-1,-1,UNKNOWN,None
323.577,6.304,104.542,-1.932,5.618,59.07,-0.0017,0,Right,45.46,-1,-1,UNKNOWN,None
323.596,6.32,104.856,-1.938,5.612,59.22,-0.0017,0,Right,45.14,-1,-1,UNKNOWN,None
323.613,6.336,105.136,-1.942,5.608,59.37,-0.0017,0,Right,44.86,-1,-1,UNKNOWN,None
323.629,6.352,105.413,-1.947,5.603,59.53,-0.0017,0,Right,44.59,-1,-1,UNKNOWN,None
323.638,6.369,105.689,-1.951,5.599,59.69,-0.0017,0,Right,44.31,-1,-1,UNKNOWN,None
323.663,6.383,105.966,-1.956,5.594,59.86,-0.0017,0,Right,44.03,-1,-1,UNKNOWN,None
323.674,6.4,106.147,-1.959,5.591,59.97,-0.0014,0,Right,43.85,-1,-1,UNKNOWN,None
323.693,6.417,106.475,-1.965,5.585,60.18,-0.0014,0,Right,43.53,-1,-1,UNKNOWN,None
323.711,6.432,106.768,-1.97,5.58,60.37,-0.0014,0,Right,43.23,-1,-1,UNKNOWN,None
323.711,6.448,106.908,-1.972,5.578,60.46,-0.0014,0,Right,43.09,-1,-1,UNKNOWN,None
323.736,6.464,107.333,-1.98,5.57,60.7,-0.0014,0,Right,42.67,-1,-1,UNKNOWN,None
323.753,6.48,107.614,-1.985,5.565,60.83,-0.0014,0,Right,42.39,-1,-1,UNKNOWN,None
323.761,6.496,107.764,-1.988,5.562,60.89,-0.0014,0,Right,42.24,-1,-1,UNKNOWN,None
323.788,6.512,108.072,-1.993,5.557,60.97,-0.0014,0,Right,41.93,-1,-1,UNKNOWN,None
323.805,6.528,108.36,-1.998,5.552,60.99,-0.0014,0,Right,41.64,-1,-1,UNKNOWN,None
323.822,6.544,108.649,-2.004,5.546,60.98,-0.0014,0,Right,41.35,-1,-1,UNKNOWN,None
323.83,6.56,108.937,-2.009,5.541,60.92,-0.0014,0,Right,41.06,-1,-1,UNKNOWN,None
323.856,6.576,109.218,-2.014,5.536,60.84,-0.0014,0,Right,40.78,-1,-1,UNKNOWN,None
323.872,6.593,109.5,-2.02,5.53,60.73,-0.0008,0,Right,40.5,-1,-1,UNKNOWN,None
323.881,6.608,109.78,-2.025,5.525,60.6,-0.0008,0,Right,40.22,-1,-1,UNKNOWN,None
323.889,6.624,109.92,-2.028,5.522,60.53,-0.0008,0,Right,40.08,-1,-1,UNKNOWN,None
323.906,6.64,110.2,-2.033,5.517,60.38,-0.0008,0,Right,39.8,-1,-1,UNKNOWN,None
323.922,6.656,110.48,-2.038,5.512,60.2,-0.0008,0,Right,39.52,-1,-1,UNKNOWN,None
323.949,6.672,110.78,-2.044,5.506,60.01,-0.0008,0,Right,39.22,-1,-1,UNKNOWN,None
323.965,6.688,111.057,-2.05,5.5,59.81,-0.0008,0,Right,38.94,-1,-1,UNKNOWN,None
323.974,6.704,111.333,-2.055,5.495,59.61,-0.0005,0,Right,38.67,-1,-1,UNKNOWN,None
323.999,6.72,111.608,-2.06,5.49,59.4,-0.0005,0,Right,38.39,-1,-1,UNKNOWN,None
324.008,6.736,111.911,-2.066,5.484,59.18,-0.0005,0,Right,38.09,-1,-1,UNKNOWN,None
324.017,6.752,112.056,-2.069,5.481,59.08,-0.0005,0,Right,37.94,-1,-1,UNKNOWN,None
324.043,6.768,112.329,-2.075,5.475,58.89,-0.0005,0,Right,37.67,-1,-1,UNKNOWN,None
324.059,6.784,112.601,-2.08,5.47,58.72,-0.0005,0,Right,37.4,-1,-1,UNKNOWN,None
324.068,6.8,112.872,-2.086,5.464,58.57,-0.0005,0,Right,37.13,-1,-1,UNKNOWN,None
324.084,6.816,113.143,-2.091,5.459,58.45,-0.0005,0,Right,36.86,-1,-1,UNKNOWN,None
324.109,6.832,113.413,-2.097,5.453,58.34,-0.0005,0,Right,36.59,-1,-1,UNKNOWN,None
324.126,6.849,113.683,-2.102,5.448,58.27,-0.0005,0,Right,36.32,-1,-1,UNKNOWN,None
324.143,6.864,113.952,-2.108,5.442,58.24,-0.0005,0,Right,36.05,-1,-1,UNKNOWN,None
324.159,6.88,114.222,-2.113,5.437,58.23,-0.0005,0,Right,35.78,-1,-1,UNKNOWN,None
324.168,6.896,114.356,-2.116,5.434,58.23,-0.0005,0,Right,35.64,-1,-1,UNKNOWN,None
324.189,6.912,114.7,-2.123,5.427,58.28,-0.0005,0,Right,35.3,-1,-1,UNKNOWN,None
324.208,6.928,115.002,-2.129,5.421,58.34,-0.0005,0,Right,35.0,-1,-1,UNKNOWN,None
324.217,6.945,115.289,-2.135,5.415,58.43,-0.0005,0,Right,34.71,-1,-1,UNKNOWN,None
324.242,6.96,115.562,-2.141,5.409,58.53,-0.0005,0,Right,34.44,-1,-1,UNKNOWN,None
324.25,6.976,115.698,-2.144,5.406,58.58,-0.0005,0,Right,34.3,-1,-1,UNKNOWN,None
324.267,6.992,115.973,-2.15,5.4,58.7,-0.0005,0,Right,34.03,-1,-1,UNKNOWN,None
324.284,7.008,116.245,-2.156,5.394,58.83,-0.0005,0,Right,33.76,-1,-1,UNKNOWN,None
324.301,7.024,116.518,-2.161,5.389,58.97,-0.0005,0,Right,33.48,-1,-1,UNKNOWN,None
324.301,7.04,116.654,-2.164,5.386,59.04,-0.0005,0,Right,33.35,-1,-1,UNKNOWN,None
324.335,7.057,117.076,-2.173,5.377,59.28,-0.0005,0,Right,32.92,-1,-1,UNKNOWN,None
324.353,7.075,117.379,-2.18,5.37,59.46,-0.0005,0,Right,32.62,-1,-1,UNKNOWN,None
324.37,7.088,117.656,-2.186,5.364,59.63,-0.0002,0,Right,32.34,-1,-1,UNKNOWN,None
324.37,7.107,117.795,-2.189,5.361,59.72,-0.0002,0,Right,32.21,-1,-1,UNKNOWN,None
324.395,7.12,118.072,-2.195,5.355,59.89,-0.0002,0,Right,31.93,-1,-1,UNKNOWN,None
324.411,7.136,118.35,-2.201,5.349,60.08,-0.0002,0,Right,31.65,-1,-1,UNKNOWN,None
324.428,7.152,118.628,-2.207,5.343,60.26,-0.0002,0,Right,31.37,-1,-1,UNKNOWN,None
324.445,7.168,118.908,-2.213,5.337,60.44,-0.0002,0,Right,31.09,-1,-1,UNKNOWN,None
324.445,7.184,119.053,-2.216,5.334,60.53,-0.0002,0,Right,30.95,-1,-1,UNKNOWN,None
324.478,7.199,119.474,-2.225,5.325,60.74,-0.0002,0,Right,30.53,-1,-1,UNKNOWN,None
324.495,7.215,119.756,-2.231,5.319,60.84,-0.0002,0,Right,30.24,-1,-1,UNKNOWN,None
324.503,7.231,120.037,-2.237,5.313,60.9,-0.0002,0,Right,29.96,-1,-1,UNKNOWN,None
324.52,7.247,120.319,-2.243,5.307,60.91,-0.0002,0,Right,29.68,-1,-1,UNKNOWN,None
324.528,7.263,120.46,-2.246,5.304,60.9,-0.0002,0,Right,29.54,-1,-1,UNKNOWN,None
324.545,7.279,120.742,-2.253,5.297,60.86,-0.0002,0,Right,29.26,-1,-1,UNKNOWN,None
324.562,7.296,121.023,-2.259,5.291,60.78,-0.0002,0,Right,28.98,-1,-1,UNKNOWN,None
324.578,7.312,121.304,-2.265,5.285,60.68,-0.0002,0,Right,28.7,-1,-1,UNKNOWN,None
324.605,7.328,121.615,-2.272,5.278,60.54,-0.0002,0,Right,28.38,-1,-1,UNKNOWN,None
324.613,7.345,121.895,-2.278,5.272,60.39,-0.0002,0,Right,28.11,-1,-1,UNKNOWN,None
324.638,7.36,122.174,-2.284,5.266,60.23,-0.0002,0,Right,27.83,-1,-1,UNKNOWN,None
324.648,7.377,122.47,-2.291,5.259,60.04,-0.0002,0,Right,27.53,-1,-1,UNKNOWN,None
324.665,7.392,122.762,-2.297,5.253,59.84,-0.0002,0,Right,27.24,-1,-1,UNKNOWN,None
324.674,7.408,122.915,-2.3,5.25,59.73,0.0023,0,Right,27.08,-1,-1,UNKNOWN,None
324.7,7.424,123.194,-2.307,5.243,59.53,0.0028,0,Right,26.81,-1,-1,UNKNOWN,None
324.708,7.44,123.469,-2.312,5.238,59.33,0.003,0,Right,26.53,-1,-1,UNKNOWN,None
324.733,7.457,123.743,-2.318,5.232,59.13,0.0034,0,Right,26.26,-1,-1,UNKNOWN,None
324.733,7.472,123.879,-2.321,5.229,59.04,0.004,0,Right,26.12,-1,-1,UNKNOWN,None
324.767,7.488,124.288,-2.33,5.22,58.78,0.0044,0,Right,25.71,-1,-1,UNKNOWN,None
324.784,7.504,124.568,-2.336,5.214,58.62,0.0049,0,Right,25.43,-1,-1,UNKNOWN,None
324.793,7.52,124.851,-2.342,5.208,58.49,0.0053,0,Right,25.15,-1,-1,UNKNOWN,None
324.81,7.536,124.993,-2.345,5.205,58.44,0.006,0,Right,25.01,-1,-1,UNKNOWN,None
324.828,7.552,125.292,-2.351,5.199,58.35,0.0065,0,Right,24.71,-1,-1,UNKNOWN,None
324.828,7.568,125.465,-2.354,5.196,58.31,0.0069,0,Right,24.54,-1,-1,UNKNOWN,None
324.866,7.585,125.904,-2.363,5.187,58.28,0.0075,0,Right,24.1,-1,-1,UNKNOWN,None
324.875,7.601,126.039,-2.366,5.184,58.28,0.0079,0,Right,23.96,-1,-1,UNKNOWN,None
324.891,7.616,126.309,-2.371,5.179,58.31,0.0081,0,Right,23.69,-1,-1,UNKNOWN,None
324.908,7.632,126.587,-2.376,5.174,58.37,0.0084,0,Right,23.41,-1,-1,UNKNOWN,None
324.917,7.648,126.911,-2.382,5.168,58.45,0.0085,0,Right,23.09,-1,-1,UNKNOWN,None
324.938,7.664,127.061,-2.384,5.166,58.5,0.0088,0,Right,22.94,-1,-1,UNKNOWN,None
324.957,7.68,127.378,-2.39,5.16,58.62,0.0088,0,Right,22.62,-1,-1,UNKNOWN,None
324.974,7.696,127.65,-2.394,5.156,58.74,0.0091,0,Right,22.35,-1,-1,UNKNOWN,None
324.99,7.713,127.922,-2.398,5.152,58.86,0.0091,0,Right,22.08,-1,-1,UNKNOWN,None
324.999,7.728,128.059,-2.401,5.149,58.93,0.0091,0,Right,21.94,-1,-1,UNKNOWN,None
325.018,7.744,128.376,-2.405,5.145,59.1,0.0091,0,Right,21.62,-1,-1,UNKNOWN,None
325.035,7.76,128.655,-2.409,5.141,59.25,0.0091,0,Right,21.34,-1,-1,UNKNOWN,None
325.053,7.776,128.945,-2.413,5.137,59.42,0.0091,0,Right,21.06,-1,-1,UNKNOWN,None
325.072,7.793,129.262,-2.417,5.133,59.62,0.0091,0,Right,20.74,-1,-1,UNKNOWN,None
325.08,7.808,129.4,-2.419,5.131,59.7,0.0091,0,Right,20.6,-1,-1,UNKNOWN,None
325.099,7.827,129.851,-2.424,5.126,59.99,0.0091,0,Right,20.15,-1,-1,UNKNOWN,None
325.115,7.84,129.99,-2.426,5.124,60.08,0.0091,0,Right,20.01,-1,-1,UNKNOWN,None
325.132,7.856,130.274,-2.429,5.121,60.27,0.0091,0,Right,19.73,-1,-1,UNKNOWN,None
325.132,7.872,130.414,-2.43,5.12,60.36,0.0091,0,Right,19.59,-1,-1,UNKNOWN,None
325.165,7.888,130.821,-2.434,5.116,60.6,0.0091,0,Right,19.18,-1,-1,UNKNOWN,None
325.165,7.905,130.962,-2.435,5.115,60.67,0.0091,0,Right,19.04,-1,-1,UNKNOWN,None
325.19,7.92,131.384,-2.438,5.112,60.84,0.0091,0,Right,18.62,-1,-1,UNKNOWN,None
325.207,7.936,131.666,-2.44,5.11,60.9,0.0091,0,Right,18.33,-1,-1,UNKNOWN,None
325.224,7.953,131.961,-2.442,5.108,60.92,0.0091,0,Right,18.04,-1,-1,UNKNOWN,None
325.241,7.968,132.243,-2.444,5.106,60.89,0.006,0,Right,17.76,-1,-1,UNKNOWN,None
325.266,7.985,132.525,-2.445,5.105,60.83,0.006,0,Right,17.48,-1,-1,UNKNOWN,None
325.266,8.0,132.665,-2.445,5.105,60.79,0.006,0,Right,17.33,-1,-1,UNKNOWN,None
325.282,8.016,132.946,-2.446,5.104,60.7,0.006,0,Right,17.05,-1,-1,UNKNOWN,None
325.309,8.032,133.249,-2.447,5.103,60.56,0.006,0,Right,16.75,-1,-1,UNKNOWN,None
325.317,8.048,133.529,-2.448,5.102,60.42,0.006,0,Right,16.47,-1,-1,UNKNOWN,None
325.334,8.064,133.829,-2.448,5.102,60.25,0.006,0,Right,16.17,-1,-1,UNKNOWN,None
325.353,8.08,134.134,-2.449,5.101,60.05,0.006,0,Right,15.87,-1,-1,UNKNOWN,None
325.37,8.096,134.272,-2.449,5.101,59.96,0.006,0,Right,15.73,-1,-1,UNKNOWN,None
325.388,8.112,134.564,-2.449,5.101,59.75,0.0025,0,Right,15.44,-1,-1,UNKNOWN,None
325.404,8.128,134.84,-2.448,5.102,59.55,0.0023,0,Right,15.16,-1,-1,UNKNOWN,None
325.421,8.144,135.115,-2.448,5.102,59.35,0.0021,0,Right,14.89,-1,-1,UNKNOWN,None
325.429,8.16,135.389,-2.448,5.102,59.16,0.0021,0,Right,14.61,-1,-1,UNKNOWN,None
325.454,8.176,135.662,-2.447,5.103,58.97,0.0018,0,Right,14.34,-1,-1,UNKNOWN,None
325.463,8.191,135.934,-2.446,5.104,58.81,0.0018,0,Right,14.07,-1,-1,UNKNOWN,None
325.479,8.207,136.206,-2.445,5.105,58.66,0.0014,0,Right,13.79,-1,-1,UNKNOWN,None
325.496,8.223,136.477,-2.444,5.106,58.53,0.0011,0,Right,13.52,-1,-1,UNKNOWN,None
325.513,8.24,136.748,-2.443,5.107,58.43,0.0005,0,Right,13.25,-1,-1,UNKNOWN,None
325.529,8.255,136.883,-2.443,5.107,58.39,-0.0001,0,Right,13.12,-1,-1,UNKNOWN,None
325.546,8.272,137.153,-2.442,5.108,58.33,-0.0008,0,Right,12.85,-1,-1,UNKNOWN,None
325.563,8.287,137.423,-2.44,5.11,58.31,-0.0014,0,Right,12.58,-1,-1,UNKNOWN,None
325.579,8.304,137.693,-2.439,5.111,58.31,-0.0021,0,Right,12.31,-1,-1,UNKNOWN,None
325.596,8.321,137.966,-2.437,5.113,58.34,-0.0028,0,Right,12.03,-1,-1,UNKNOWN,None
325.613,8.336,138.237,-2.436,5.114,58.4,-0.0035,0,Right,11.76,-1,-1,UNKNOWN,None
325.613,8.352,138.372,-2.435,5.115,58.43,-0.004,0,Right,11.63,-1,-1,UNKNOWN,None
325.646,8.368,138.778,-2.433,5.117,58.56,-0.0044,0,Right,11.22,-1,-1,UNKNOWN,None
325.663,8.385,139.05,-2.431,5.119,58.66,-0.0052,0,Right,10.95,-1,-1,UNKNOWN,None
325.671,8.399,139.322,-2.43,5.12,58.78,-0.0053,0,Right,10.68,-1,-1,UNKNOWN,None
325.696,8.416,139.594,-2.428,5.122,58.91,-0.0056,0,Right,10.41,-1,-1,UNKNOWN,None
325.704,8.432,139.731,-2.428,5.122,58.97,-0.0059,0,Right,10.27,-1,-1,UNKNOWN,None
325.723,8.448,140.032,-2.426,5.124,59.13,-0.0059,0,Right,9.97,-1,-1,UNKNOWN,None
325.741,8.464,140.332,-2.424,5.126,59.3,-0.006,0,Right,9.67,-1,-1,UNKNOWN,None
325.741,8.48,140.47,-2.424,5.126,59.38,-0.006,0,Right,9.53,-1,-1,UNKNOWN,None
325.766,8.496,140.883,-2.422,5.128,59.63,-0.006,0,Right,9.12,-1,-1,UNKNOWN,None
325.791,8.512,141.16,-2.42,5.13,59.8,-0.006,0,Right,8.84,-1,-1,UNKNOWN,None
325.808,8.528,141.437,-2.419,5.131,59.98,-0.006,0,Right,8.56,-1,-1,UNKNOWN,None
325.816,8.544,141.577,-2.419,5.131,60.07,-0.006,0,Right,8.42,-1,-1,UNKNOWN,None
325.835,8.56,141.902,-2.417,5.133,60.28,-0.006,0,Right,8.1,-1,-1,UNKNOWN,None
325.852,8.576,142.182,-2.416,5.134,60.46,-0.006,0,Right,7.82,-1,-1,UNKNOWN,None
325.86,8.592,142.462,-2.415,5.135,60.64,-0.006,0,Right,7.54,-1,-1,UNKNOWN,None
325.886,8.609,142.757,-2.415,5.135,60.82,-0.006,0,Right,7.24,-1,-1,UNKNOWN,None
325.903,8.625,143.047,-2.414,5.136,60.98,-0.006,0,Right,6.95,-1,-1,UNKNOWN,None
325.912,8.64,143.345,-2.413,5.137,61.12,-0.006,0,Right,6.66,-1,-1,UNKNOWN,None
325.921,8.656,143.486,-2.413,5.137,61.17,-0.006,0,Right,6.51,-1,-1,UNKNOWN,None
325.938,8.672,143.77,-2.413,5.137,61.25,-0.006,0,Right,6.23,-1,-1,UNKNOWN,None
325.963,8.689,144.053,-2.412,5.138,61.29,-0.006,0,Right,5.95,-1,-1,UNKNOWN,None
325.979,8.704,144.339,-2.412,5.138,61.28,-0.006,0,Right,5.66,-1,-1,UNKNOWN,None
325.996,8.721,144.622,-2.412,5.138,61.23,-0.006,0,Right,5.38,-1,-1,UNKNOWN,None
326.004,8.736,144.905,-2.412,5.138,61.16,-0.006,0,Right,5.09,-1,-1,UNKNOWN,None
326.013,8.752,145.047,-2.412,5.138,61.11,-0.006,0,Right,4.95,-1,-1,UNKNOWN,None
326.046,8.768,145.47,-2.413,5.137,60.93,-0.006,0,Right,4.53,-1,-1,UNKNOWN,None
326.064,8.785,145.774,-2.413,5.137,60.77,-0.0056,0,Right,4.23,-1,-1,UNKNOWN,None
326.073,8.801,146.081,-2.414,5.136,60.6,-0.0056,0,Right,3.92,-1,-1,UNKNOWN,None
326.092,8.817,146.238,-2.415,5.135,60.5,-0.0056,0,Right,3.76,-1,-1,UNKNOWN,None
326.101,8.832,146.552,-2.416,5.134,60.3,-0.0056,0,Right,3.45,-1,-1,UNKNOWN,None
326.12,8.849,146.862,-2.417,5.133,60.08,-0.0056,0,Right,3.14,-1,-1,UNKNOWN,None
326.129,8.864,147.01,-2.417,5.133,59.97,-0.0056,0,Right,2.99,-1,-1,UNKNOWN,None
326.155,8.881,147.292,-2.419,5.131,59.76,-0.0033,0,Right,2.71,-1,-1,UNKNOWN,None
326.172,8.896,147.573,-2.42,5.13,59.54,-0.0027,0,Right,2.43,-1,-1,UNKNOWN,None
326.188,8.912,147.85,-2.422,5.128,59.33,-0.0021,0,Right,2.15,-1,-1,UNKNOWN,None
326.205,8.928,148.124,-2.423,5.127,59.12,-0.0017,0,Right,1.88,-1,-1,UNKNOWN,None
326.205,8.944,148.26,-2.424,5.126,59.03,-0.0012,0,Right,1.74,-1,-1,UNKNOWN,None
326.23,8.963,148.67,-2.426,5.124,58.75,-0.0008,0,Right,1.33,-1,-1,UNKNOWN,None
326.247,8.975,148.946,-2.428,5.122,58.6,-0.0001,0,Right,1.05,-1,-1,UNKNOWN,None
326.272,8.992,149.217,-2.43,5.12,58.46,0.0005,0,Right,0.78,-1,-1,UNKNOWN,None
326.28,9.008,149.487,-2.432,5.118,58.36,0.0009,0,Right,0.51,-1,-1,UNKNOWN,None
326.306,9.025,149.759,-2.434,5.116,58.28,0.0014,0,Right,0.24,-1,-1,UNKNOWN,None
326.306,9.04,149.895,-2.435,5.115,58.25,0.0023,0,Right,0.1,-1,-1,UNKNOWN,None
326.322,9.057,150.165,-2.437,5.113,58.23,0.0033,1,Left,149.84,-1,-1,UNKNOWN,None
326.347,9.073,150.434,-2.439,5.111,58.23,0.0042,1,Left,149.57,-1,-1,UNKNOWN,None
326.364,9.088,150.704,-2.441,5.109,58.26,0.005,1,Left,149.3,-1,-1,UNKNOWN,None
326.381,9.104,150.974,-2.443,5.107,58.31,0.0062,1,Left,149.03,-1,-1,UNKNOWN,None
326.398,9.12,151.252,-2.445,5.105,58.38,0.0075,1,Left,148.75,-1,-1,UNKNOWN,None
326.398,9.136,151.387,-2.446,5.104,58.42,0.0084,1,Left,148.61,-1,-1,UNKNOWN,None
326.431,9.152,151.794,-2.449,5.101,58.57,0.0095,1,Left,148.21,-1,-1,UNKNOWN,None
326.448,9.169,152.066,-2.451,5.099,58.69,0.0104,1,Left,147.93,-1,-1,UNKNOWN,None
326.456,9.185,152.338,-2.453,5.097,58.82,0.0111,1,Left,147.66,-1,-1,UNKNOWN,None
326.473,9.199,152.475,-2.454,5.096,58.88,0.0117,1,Left,147.52,-1,-1,UNKNOWN,None
326.481,9.215,152.749,-2.455,5.095,59.03,0.0123,1,Left,147.25,-1,-1,UNKNOWN,None
326.507,9.232,153.034,-2.457,5.093,59.19,0.0126,1,Left,146.97,-1,-1,UNKNOWN,None
326.524,9.247,153.317,-2.458,5.092,59.35,0.0127,1,Left,146.68,-1,-1,UNKNOWN,None
326.541,9.262,153.593,-2.459,5.091,59.52,0.0127,1,Left,146.41,-1,-1,UNKNOWN,None
326.549,9.279,153.869,-2.46,5.09,59.69,0.0127,1,Left,146.13,-1,-1,UNKNOWN,None
326.576,9.296,154.175,-2.461,5.089,59.88,0.0127,1,Left,145.82,-1,-1,UNKNOWN,None
326.584,9.312,154.453,-2.461,5.089,60.07,0.0127,1,Left,145.55,-1,-1,UNKNOWN,None
326.593,9.328,154.6,-2.461,5.089,60.16,0.0127,1,Left,145.4,-1,-1,UNKNOWN,None
326.624,9.344,154.98,-2.462,5.088,60.41,0.0127,1,Left,145.02,-1,-1,UNKNOWN,None
326.634,9.36,155.152,-2.462,5.088,60.51,0.0127,1,Left,144.85,-1,-1,UNKNOWN,None
326.653,9.376,155.472,-2.461,5.089,60.68,0.0127,1,Left,144.53,-1,-1,UNKNOWN,None
326.67,9.392,155.756,-2.461,5.089,60.8,0.0127,1,Left,144.24,-1,-1,UNKNOWN,None
326.68,9.408,155.916,-2.46,5.09,60.84,0.0127,1,Left,144.08,-1,-1,UNKNOWN,None
326.68,9.424,156.125,-2.46,5.09,60.88,0.0127,1,Left,143.88,-1,-1,UNKNOWN,None
326.717,9.44,156.55,-2.458,5.092,60.89,0.0127,1,Left,143.45,-1,-1,UNKNOWN,None
326.717,9.456,156.691,-2.457,5.093,60.88,0.0127,1,Left,143.31,-1,-1,UNKNOWN,None
326.739,9.472,157.068,-2.455,5.095,60.79,-0.0009,1,Left,142.93,-1,-1,UNKNOWN,None
326.764,9.488,157.349,-2.454,5.096,60.7,-0.0009,1,Left,142.65,-1,-1,UNKNOWN,None
326.781,9.505,157.63,-2.452,5.098,60.59,-0.0031,1,Left,142.37,-1,-1,UNKNOWN,None
326.789,9.52,157.91,-2.45,5.1,60.46,-0.0031,1,Left,142.09,-1,-1,UNKNOWN,None
326.806,9.536,158.189,-2.448,5.102,60.31,-0.0031,1,Left,141.81,-1,-1,UNKNOWN,None
326.832,9.552,158.483,-2.446,5.104,60.13,-0.0031,1,Left,141.52,-1,-1,UNKNOWN,None
326.84,9.568,158.761,-2.444,5.106,59.95,-0.0031,1,Left,141.24,-1,-1,UNKNOWN,None
326.849,9.584,158.899,-2.443,5.107,59.85,-0.0033,1,Left,141.1,-1,-1,UNKNOWN,None
326.874,9.6,159.314,-2.439,5.111,59.56,-0.0033,1,Left,140.69,-1,-1,UNKNOWN,None
326.89,9.617,159.451,-2.438,5.112,59.46,-0.0028,1,Left,140.55,-1,-1,UNKNOWN,None
326.899,9.632,159.726,-2.436,5.114,59.27,-0.0028,1,Left,140.27,-1,-1,UNKNOWN,None
326.924,9.648,160.0,-2.433,5.117,59.09,-0.0027,1,Left,140.0,-1,-1,UNKNOWN,None
326.94,9.664,160.273,-2.431,5.119,58.92,-0.0027,1,Left,139.73,-1,-1,UNKNOWN,None
326.957,9.681,160.545,-2.428,5.122,58.78,-0.0027,1,Left,139.45,-1,-1,UNKNOWN,None
326.965,9.696,160.817,-2.426,5.124,58.65,-0.0027,1,Left,139.18,-1,-1,UNKNOWN,None
326.982,9.712,161.088,-2.423,5.127,58.55,-0.0027,1,Left,138.91,-1,-1,UNKNOWN,None
327.007,9.728,161.362,-2.42,5.13,58.48,-0.0027,1,Left,138.64,-1,-1,UNKNOWN,None
327.024,9.744,161.632,-2.418,5.132,58.44,-0.0031,1,Left,138.37,-1,-1,UNKNOWN,None
327.032,9.76,161.904,-2.415,5.135,58.43,-0.0037,1,Left,138.1,-1,-1,UNKNOWN,None
327.049,9.776,162.184,-2.412,5.138,58.45,-0.0047,1,Left,137.82,-1,-1,UNKNOWN,None
327.066,9.793,162.319,-2.411,5.139,58.47,-0.0056,1,Left,137.68,-1,-1,UNKNOWN,None
327.083,9.809,162.59,-2.408,5.142,58.52,-0.0068,1,Left,137.41,-1,-1,UNKNOWN,None
327.1,9.824,162.861,-2.406,5.144,58.59,-0.0079,1,Left,137.14,-1,-1,UNKNOWN,None
327.116,9.84,163.133,-2.403,5.147,58.68,-0.0088,1,Left,136.87,-1,-1,UNKNOWN,None
327.116,9.856,163.269,-2.402,5.148,58.73,-0.0098,1,Left,136.73,-1,-1,UNKNOWN,None
327.151,9.872,163.696,-2.398,5.152,58.91,-0.0107,1,Left,136.3,-1,-1,UNKNOWN,None
327.16,9.889,163.979,-2.396,5.154,59.05,-0.0111,1,Left,136.02,-1,-1,UNKNOWN,None
327.176,9.904,164.253,-2.394,5.156,59.19,-0.0116,1,Left,135.75,-1,-1,UNKNOWN,None
327.193,9.92,164.531,-2.392,5.158,59.34,-0.0116,1,Left,135.47,-1,-1,UNKNOWN,None
327.201,9.936,164.669,-2.391,5.159,59.41,-0.0116,1,Left,135.33,-1,-1,UNKNOWN,None
327.218,9.952,164.945,-2.39,5.16,59.57,-0.0116,1,Left,135.06,-1,-1,UNKNOWN,None
327.244,9.969,165.228,-2.388,5.162,59.75,-0.0111,1,Left,134.77,-1,-1,UNKNOWN,None
327.252,9.983,165.373,-2.388,5.162,59.84,-0.0107,1,Left,134.63,-1,-1,UNKNOWN,None
327.281,10.001,165.86,-2.386,5.164,60.15,-0.01,1,Left,134.14,-1,-1,UNKNOWN,None
327.281,10.016,165.999,-2.385,5.165,60.24,-0.01,1,Left,134.0,-1,-1,UNKNOWN,None
327.307,10.032,166.282,-2.384,5.166,60.42,-0.01,1,Left,133.72,-1,-1,UNKNOWN,None
327.315,10.048,166.604,-2.384,5.166,60.61,-0.0079,1,Left,133.4,-1,-1,UNKNOWN,None
327.326,10.064,166.864,-2.383,5.167,60.77,-0.0069,1,Left,133.14,-1,-1,UNKNOWN,None
327.352,10.08,167.194,-2.383,5.167,60.96,-0.0069,1,Left,132.81,-1,-1,UNKNOWN,None
327.361,10.096,167.336,-2.383,5.167,61.04,-0.0069,1,Left,132.66,-1,-1,UNKNOWN,None
327.388,10.113,167.657,-2.383,5.167,61.2,-0.0069,1,Left,132.34,-1,-1,UNKNOWN,None
327.405,10.129,167.945,-2.383,5.167,61.33,-0.0069,1,Left,132.06,-1,-1,UNKNOWN,None
327.422,10.151,168.371,-2.384,5.166,61.44,-0.0069,1,Left,131.63,-1,-1,UNKNOWN,None
327.438,10.16,168.514,-2.384,5.166,61.46,-0.0028,1,Left,131.49,-1,-1,UNKNOWN,None
327.455,10.176,168.798,-2.385,5.165,61.47,-0.0028,1,Left,131.2,-1,-1,UNKNOWN,None
327.472,10.192,169.092,-2.386,5.164,61.43,-0.0028,1,Left,130.91,-1,-1,UNKNOWN,None
327.48,10.207,169.376,-2.387,5.163,61.37,-0.0028,1,Left,130.62,-1,-1,UNKNOWN,None
327.489,10.223,169.518,-2.388,5.162,61.32,-0.0028,1,Left,130.48,-1,-1,UNKNOWN,None
327.514,10.24,169.801,-2.389,5.161,61.21,-0.0028,1,Left,130.2,-1,-1,UNKNOWN,None
327.53,10.255,170.084,-2.39,5.16,61.08,-0.0028,1,Left,129.92,-1,-1,UNKNOWN,None
327.539,10.274,170.366,-2.392,5.158,60.94,-0.0028,1,Left,129.63,-1,-1,UNKNOWN,None
327.565,10.287,170.665,-2.394,5.156,60.76,-0.0028,1,Left,129.34,-1,-1,UNKNOWN,None
327.583,10.304,170.966,-2.396,5.154,60.56,-0.0028,1,Left,129.03,-1,-1,UNKNOWN,None
327.6,10.321,171.251,-2.398,5.152,60.37,-0.0028,1,Left,128.75,-1,-1,UNKNOWN,None
327.608,10.337,171.538,-2.4,5.15,60.16,-0.0028,1,Left,128.46,-1,-1,UNKNOWN,None
327.626,10.352,171.822,-2.402,5.148,59.94,-0.0028,1,Left,128.18,-1,-1,UNKNOWN,None
327.634,10.368,171.96,-2.403,5.147,59.83,0.0127,1,Left,128.04,-1,-1,UNKNOWN,None
327.651,10.384,172.237,-2.406,5.144,59.62,0.0136,1,Left,127.76,-1,-1,UNKNOWN,None
327.676,10.4,172.512,-2.408,5.142,59.4,0.0143,1,Left,127.49,-1,-1,UNKNOWN,None
327.692,10.417,172.786,-2.409,5.141,59.19,0.0151,1,Left,127.21,-1,-1,UNKNOWN,None
327.709,10.433,173.06,-2.411,5.139,58.99,0.0152,1,Left,126.94,-1,-1,UNKNOWN,None
327.734,10.457,173.468,-2.414,5.136,58.73,0.0152,1,Left,126.53,-1,-1,UNKNOWN,None
327.734,10.462,173.604,-2.415,5.135,58.65,0.0152,1,Left,126.4,-1,-1,UNKNOWN,None
327.751,10.48,173.875,-2.416,5.134,58.52,0.0152,1,Left,126.13,-1,-1,UNKNOWN,None
327.776,10.497,174.152,-2.417,5.133,58.4,0.0152,1,Left,125.85,-1,-1,UNKNOWN,None
327.784,10.512,174.422,-2.419,5.131,58.33,0.0151,1,Left,125.58,-1,-1,UNKNOWN,None
327.802,10.528,174.572,-2.419,5.131,58.29,0.0148,1,Left,125.43,-1,-1,UNKNOWN,None
327.81,10.544,174.849,-2.42,5.13,58.27,0.0143,1,Left,125.15,-1,-1,UNKNOWN,None
327.836,10.56,175.118,-2.421,5.129,58.27,0.0139,1,Left,124.88,-1,-1,UNKNOWN,None
327.852,10.577,175.388,-2.421,5.129,58.3,0.0132,1,Left,124.61,-1,-1,UNKNOWN,None
327.869,10.592,175.658,-2.422,5.128,58.35,0.0126,1,Left,124.34,-1,-1,UNKNOWN,None
327.869,10.608,175.793,-2.422,5.128,58.38,0.0116,1,Left,124.21,-1,-1,UNKNOWN,None
327.903,10.624,176.203,-2.422,5.128,58.5,0.0104,1,Left,123.8,-1,-1,UNKNOWN,None
327.919,10.64,176.474,-2.422,5.128,58.61,0.0095,1,Left,123.53,-1,-1,UNKNOWN,None
327.936,10.656,176.746,-2.422,5.128,58.72,0.0084,1,Left,123.25,-1,-1,UNKNOWN,None
327.944,10.672,177.018,-2.421,5.129,58.85,0.0072,1,Left,122.98,-1,-1,UNKNOWN,None
327.961,10.689,177.291,-2.42,5.13,58.99,0.0065,1,Left,122.71,-1,-1,UNKNOWN,None
327.986,10.705,177.565,-2.42,5.13,59.13,0.0056,1,Left,122.44,-1,-1,UNKNOWN,None
327.994,10.721,177.702,-2.419,5.131,59.21,0.005,1,Left,122.3,-1,-1,UNKNOWN,None
328.003,10.737,177.977,-2.418,5.132,59.37,0.0046,1,Left,122.02,-1,-1,UNKNOWN,None
328.028,10.751,178.263,-2.417,5.133,59.54,0.0042,1,Left,121.74,-1,-1,UNKNOWN,None
328.028,10.768,178.401,-2.416,5.134,59.63,0.0042,1,Left,121.6,-1,-1,UNKNOWN,None
328.057,10.784,178.88,-2.413,5.137,59.93,0.0042,1,Left,121.12,-1,-1,UNKNOWN,None
328.065,10.8,179.019,-2.412,5.138,60.02,0.0042,1,Left,120.98,-1,-1,UNKNOWN,None
328.082,10.816,179.302,-2.41,5.14,60.21,0.0042,1,Left,120.7,-1,-1,UNKNOWN,None
328.111,10.833,179.65,-2.408,5.142,60.43,0.0042,1,Left,120.35,-1,-1,UNKNOWN,None
328.12,10.849,179.949,-2.405,5.145,60.61,0.0042,1,Left,120.05,-1,-1,UNKNOWN,None
328.146,10.864,180.23,-2.403,5.147,60.75,0.0042,1,Left,119.77,-1,-1,UNKNOWN,None
328.154,10.881,180.371,-2.401,5.149,60.81,0.0042,1,Left,119.63,-1,-1,UNKNOWN,None
328.172,10.897,180.668,-2.398,5.152,60.9,0.0042,1,Left,119.33,-1,-1,UNKNOWN,None
328.188,10.912,180.95,-2.395,5.155,60.95,0.0042,1,Left,119.05,-1,-1,UNKNOWN,None
328.205,10.929,181.233,-2.392,5.158,60.94,0.0042,1,Left,118.77,-1,-1,UNKNOWN,None
328.222,10.944,181.515,-2.389,5.161,60.9,0.0042,1,Left,118.49,-1,-1,UNKNOWN,None
328.24,10.961,181.823,-2.385,5.165,60.82,0.0042,1,Left,118.18,-1,-1,UNKNOWN,None
328.249,10.977,182.114,-2.381,5.169,60.72,0.0042,1,Left,117.89,-1,-1,UNKNOWN,None
328.266,10.992,182.403,-2.377,5.173,60.59,0.0042,1,Left,117.6,-1,-1,UNKNOWN,None
328.274,11.009,182.545,-2.375,5.175,60.52,0.0042,1,Left,117.45,-1,-1,UNKNOWN,None
328.3,11.024,182.831,-2.371,5.179,60.37,0.0042,1,Left,117.17,-1,-1,UNKNOWN,None
328.317,11.04,183.109,-2.367,5.183,60.2,0.0042,1,Left,116.89,-1,-1,UNKNOWN,None
328.333,11.056,183.387,-2.363,5.187,60.02,0.0042,1,Left,116.61,-1,-1,UNKNOWN,None
328.333,11.072,183.526,-2.361,5.189,59.93,0.0042,1,Left,116.47,-1,-1,UNKNOWN,None
328.367,11.088,183.941,-2.354,5.196,59.63,0.004,1,Left,116.06,-1,-1,UNKNOWN,None
328.375,11.103,184.216,-2.35,5.2,59.43,0.0037,1,Left,115.78,-1,-1,UNKNOWN,None
328.392,11.12,184.354,-2.347,5.203,59.33,0.0034,1,Left,115.65,-1,-1,UNKNOWN,None
328.411,11.136,184.668,-2.342,5.208,59.1,0.003,1,Left,115.33,-1,-1,UNKNOWN,None
328.428,11.152,184.946,-2.337,5.213,58.92,0.0025,1,Left,115.05,-1,-1,UNKNOWN,None
328.428,11.168,185.082,-2.334,5.216,58.83,0.0017,1,Left,114.92,-1,-1,UNKNOWN,None
328.444,11.184,185.354,-2.329,5.221,58.67,0.0007,1,Left,114.65,-1,-1,UNKNOWN,None
328.478,11.199,185.76,-2.322,5.228,58.47,-0.0002,1,Left,114.24,-1,-1,UNKNOWN,None
328.495,11.214,186.039,-2.317,5.233,58.37,-0.0012,1,Left,113.96,-1,-1,UNKNOWN,None
328.505,11.231,186.201,-2.313,5.237,58.33,-0.0021,1,Left,113.8,-1,-1,UNKNOWN,None
328.522,11.247,186.479,-2.308,5.242,58.28,-0.0031,1,Left,113.52,-1,-1,UNKNOWN,None
328.539,11.263,186.757,-2.303,5.247,58.26,-0.0035,1,Left,113.24,-1,-1,UNKNOWN,None
328.556,11.28,187.027,-2.298,5.252,58.27,-0.004,1,Left,112.97,-1,-1,UNKNOWN,None
328.564,11.296,187.296,-2.292,5.258,58.31,-0.004,1,Left,112.7,-1,-1,UNKNOWN,None
328.573,11.312,187.432,-2.29,5.26,58.34,-0.004,1,Left,112.57,-1,-1,UNKNOWN,None
328.598,11.328,187.837,-2.282,5.268,58.44,-0.004,1,Left,112.16,-1,-1,UNKNOWN,None
328.623,11.345,188.108,-2.277,5.273,58.54,-0.004,1,Left,111.89,-1,-1,UNKNOWN,None
328.639,11.36,188.379,-2.271,5.279,58.65,-0.0037,1,Left,111.62,-1,-1,UNKNOWN,None
328.656,11.376,188.651,-2.266,5.284,58.77,-0.0033,1,Left,111.35,-1,-1,UNKNOWN,None
328.664,11.392,188.924,-2.261,5.289,58.9,-0.0028,1,Left,111.08,-1,-1,UNKNOWN,None
328.681,11.408,189.197,-2.255,5.295,59.04,-0.0024,1,Left,110.8,-1,-1,UNKNOWN,None
328.689,11.424,189.334,-2.253,5.297,59.11,-0.0018,1,Left,110.67,-1,-1,UNKNOWN,None
328.714,11.44,189.608,-2.247,5.303,59.27,-0.0017,1,Left,110.39,-1,-1,UNKNOWN,None
328.732,11.456,189.897,-2.242,5.308,59.44,-0.0012,1,Left,110.1,-1,-1,UNKNOWN,None
328.74,11.473,190.173,-2.236,5.314,59.61,-0.0009,1,Left,109.83,-1,-1,UNKNOWN,None
328.748,11.488,190.311,-2.234,5.316,59.69,-0.0008,1,Left,109.69,-1,-1,UNKNOWN,None
328.765,11.504,190.588,-2.228,5.322,59.87,-0.0008,1,Left,109.41,-1,-1,UNKNOWN,None
328.798,11.52,191.005,-2.22,5.33,60.14,-0.0008,1,Left,108.99,-1,-1,UNKNOWN,None
328.815,11.536,191.285,-2.215,5.335,60.33,-0.0008,1,Left,108.71,-1,-1,UNKNOWN,None
328.823,11.552,191.565,-2.21,5.34,60.51,-0.0008,1,Left,108.43,-1,-1,UNKNOWN,None
328.84,11.568,191.846,-2.204,5.346,60.67,-0.0008,1,Left,108.15,-1,-1,UNKNOWN,None
328.857,11.584,192.127,-2.199,5.351,60.8,-0.0008,1,Left,107.87,-1,-1,UNKNOWN,None
328.873,11.6,192.409,-2.194,5.356,60.91,-0.0008,1,Left,107.59,-1,-1,UNKNOWN,None
328.89,11.616,192.55,-2.191,5.359,60.94,-0.0008,1,Left,107.45,-1,-1,UNKNOWN,None
328.907,11.632,192.832,-2.186,5.364,60.98,-0.0008,1,Left,107.17,-1,-1,UNKNOWN,None
328.923,11.648,193.115,-2.181,5.369,60.97,-0.0008,1,Left,106.89,-1,-1,UNKNOWN,None
328.94,11.665,193.397,-2.175,5.375,60.93,-0.0008,1,Left,106.6,-1,-1,UNKNOWN,None
328.94,11.68,193.538,-2.173,5.377,60.89,-0.0008,1,Left,106.46,-1,-1,UNKNOWN,None
328.973,11.696,193.96,-2.165,5.385,60.76,-0.0008,1,Left,106.04,-1,-1,UNKNOWN,None
328.99,11.712,194.24,-2.16,5.39,60.64,-0.0008,1,Left,105.76,-1,-1,UNKNOWN,None
329.007,11.727,194.521,-2.155,5.395,60.5,-0.0008,1,Left,105.48,-1,-1,UNKNOWN,None
329.023,11.745,194.8,-2.15,5.4,60.35,-0.0008,1,Left,105.2,-1,-1,UNKNOWN,None
329.04,11.76,195.079,-2.145,5.405,60.18,-0.0008,1,Left,104.92,-1,-1,UNKNOWN,None
329.048,11.776,195.357,-2.14,5.41,60.0,-0.0008,1,Left,104.64,-1,-1,UNKNOWN,None
329.065,11.792,195.634,-2.135,5.415,59.81,-0.0008,1,Left,104.37,-1,-1,UNKNOWN,None
329.073,11.808,195.772,-2.132,5.418,59.71,-0.0008,1,Left,104.23,-1,-1,UNKNOWN,None
329.09,11.824,196.048,-2.128,5.422,59.52,-0.0008,1,Left,103.95,-1,-1,UNKNOWN,None
329.115,11.84,196.322,-2.123,5.427,59.33,-0.0005,1,Left,103.68,-1,-1,UNKNOWN,None
329.132,11.856,196.606,-2.118,5.432,59.14,-0.0005,1,Left,103.39,-1,-1,UNKNOWN,None
329.15,11.872,196.891,-2.113,5.437,58.97,-0.0002,1,Left,103.11,-1,-1,UNKNOWN,None
329.167,11.888,197.18,-2.108,5.442,58.82,-0.0001,1,Left,102.82,-1,-1,UNKNOWN,None
329.177,11.905,197.484,-2.103,5.447,58.69,-0.0001,1,Left,102.52,-1,-1,UNKNOWN,None
329.195,11.92,197.622,-2.1,5.45,58.64,0.0005,1,Left,102.38,-1,-1,UNKNOWN,None
329.211,11.937,197.897,-2.095,5.455,58.56,0.0005,1,Left,102.1,-1,-1,UNKNOWN,None
329.22,11.951,198.035,-2.093,5.457,58.53,0.0009,1,Left,101.96,-1,-1,UNKNOWN,None
329.241,11.968,198.514,-2.085,5.465,58.5,0.0009,1,Left,101.49,-1,-1,UNKNOWN,None
329.249,11.984,198.656,-2.082,5.468,58.5,0.0011,1,Left,101.34,-1,-1,UNKNOWN,None
329.277,12.0,198.962,-2.077,5.473,58.54,0.0014,1,Left,101.04,-1,-1,UNKNOWN,None
329.294,12.016,199.233,-2.072,5.478,58.6,0.0014,1,Left,100.77,-1,-1,UNKNOWN,None
329.311,12.033,199.515,-2.067,5.483,58.68,0.0014,1,Left,100.48,-1,-1,UNKNOWN,None
329.32,12.048,199.798,-2.063,5.487,58.78,0.0014,1,Left,100.2,-1,-1,UNKNOWN,None
329.337,12.064,200.084,-2.058,5.492,58.89,0.0014,1,Left,99.92,-1,-1,UNKNOWN,None
329.346,12.08,200.228,-2.055,5.495,58.95,0.0014,1,Left,99.77,-1,-1,UNKNOWN,None
329.372,12.097,200.508,-2.05,5.5,59.08,0.0014,1,Left,99.49,-1,-1,UNKNOWN,None
329.389,12.112,200.791,-2.045,5.505,59.23,0.0014,1,Left,99.21,-1,-1,UNKNOWN,None
329.406,12.128,201.066,-2.04,5.51,59.37,0.0014,1,Left,98.93,-1,-1,UNKNOWN,None
329.414,12.144,201.345,-2.035,5.515,59.53,0.0014,1,Left,98.65,-1,-1,UNKNOWN,None
329.431,12.16,201.483,-2.033,5.517,59.61,0.0014,1,Left,98.52,-1,-1,UNKNOWN,None
329.454,12.175,201.864,-2.026,5.524,59.84,0.0014,1,Left,98.14,-1,-1,UNKNOWN,None
329.464,12.191,202.186,-2.021,5.529,60.04,0.0014,1,Left,97.81,-1,-1,UNKNOWN,None
329.473,12.207,202.338,-2.018,5.532,60.14,0.0014,1,Left,97.66,-1,-1,UNKNOWN,None
329.482,12.223,202.477,-2.015,5.535,60.23,0.0014,1,Left,97.52,-1,-1,UNKNOWN,None
329.517,12.239,202.92,-2.007,5.543,60.51,0.0014,1,Left,97.08,-1,-1,UNKNOWN,None
329.534,12.255,203.204,-2.002,5.548,60.7,0.0014,1,Left,96.8,-1,-1,UNKNOWN,None
329.542,12.271,203.498,-1.997,5.553,60.89,0.0014,1,Left,96.5,-1,-1,UNKNOWN,None
329.559,12.287,203.78,-1.992,5.558,61.05,0.0014,1,Left,96.22,-1,-1,UNKNOWN,None
329.584,12.305,204.063,-1.986,5.564,61.18,0.0014,1,Left,95.94,-1,-1,UNKNOWN,None
329.596,12.321,204.261,-1.983,5.567,61.25,0.0014,1,Left,95.74,-1,-1,UNKNOWN,None
329.613,12.337,204.555,-1.977,5.573,61.33,0.0014,1,Left,95.44,-1,-1,UNKNOWN,None
329.622,12.353,204.839,-1.972,5.578,61.35,-0.0018,1,Left,95.16,-1,-1,UNKNOWN,None
329.647,12.369,205.133,-1.967,5.583,61.34,-0.0018,1,Left,94.87,-1,-1,UNKNOWN,None
329.664,12.385,205.417,-1.961,5.589,61.29,-0.0035,1,Left,94.58,-1,-1,UNKNOWN,None
329.673,12.4,205.706,-1.956,5.594,61.22,-0.0035,1,Left,94.29,-1,-1,UNKNOWN,None
329.681,12.416,205.861,-1.953,5.597,61.16,-0.0047,1,Left,94.14,-1,-1,UNKNOWN,None
329.698,12.432,206.144,-1.948,5.602,61.05,-0.0047,1,Left,93.86,-1,-1,UNKNOWN,None
329.723,12.449,206.426,-1.943,5.607,60.92,-0.0047,1,Left,93.57,-1,-1,UNKNOWN,None
329.74,12.465,206.707,-1.938,5.612,60.77,-0.0047,1,Left,93.29,-1,-1,UNKNOWN,None
329.757,12.481,206.988,-1.933,5.617,60.6,-0.0047,1,Left,93.01,-1,-1,UNKNOWN,None
329.765,12.496,207.27,-1.928,5.622,60.42,-0.0047,1,Left,92.73,-1,-1,UNKNOWN,None
329.782,12.512,207.549,-1.923,5.627,60.23,-0.0047,1,Left,92.45,-1,-1,UNKNOWN,None
329.807,12.528,207.828,-1.918,5.632,60.03,-0.0047,1,Left,92.17,-1,-1,UNKNOWN,None
329.824,12.545,208.105,-1.914,5.636,59.82,-0.0047,1,Left,91.9,-1,-1,UNKNOWN,None
329.84,12.56,208.381,-1.909,5.641,59.6,-0.0043,1,Left,91.62,-1,-1,UNKNOWN,None
329.849,12.577,208.656,-1.905,5.645,59.39,-0.004,1,Left,91.34,-1,-1,UNKNOWN,None
329.857,12.592,208.793,-1.902,5.648,59.28,-0.0037,1,Left,91.21,-1,-1,UNKNOWN,None
329.882,12.608,209.067,-1.898,5.652,59.07,-0.0035,1,Left,90.93,-1,-1,UNKNOWN,None
329.9,12.624,209.363,-1.893,5.657,58.86,-0.0033,1,Left,90.64,-1,-1,UNKNOWN,None
329.917,12.641,209.636,-1.889,5.661,58.68,-0.0028,1,Left,90.36,-1,-1,UNKNOWN,None
329.935,12.656,209.94,-1.884,5.666,58.51,-0.0024,1,Left,90.06,-1,-1,UNKNOWN,None
329.945,12.673,210.245,-1.88,5.67,58.36,-0.0018,1,Left,89.76,-1,-1,UNKNOWN,None
329.964,12.688,210.396,-1.877,5.673,58.3,-0.0017,1,Left,89.6,-1,-1,UNKNOWN,None
329.964,12.704,210.531,-1.875,5.675,58.26,-0.0012,1,Left,89.47,-1,-1,UNKNOWN,None
329.997,12.72,210.935,-1.869,5.681,58.17,-0.0009,1,Left,89.06,-1,-1,UNKNOWN,None
330.005,12.736,211.204,-1.865,5.685,58.16,-0.0008,1,Left,88.8,-1,-1,UNKNOWN,None
330.022,12.752,211.474,-1.861,5.689,58.17,-0.0005,1,Left,88.53,-1,-1,UNKNOWN,None
330.047,12.769,211.743,-1.858,5.692,58.2,-0.0002,1,Left,88.26,-1,-1,UNKNOWN,None
330.064,12.784,212.013,-1.854,5.696,58.26,-0.0001,1,Left,87.99,-1,-1,UNKNOWN,None
330.08,12.801,212.283,-1.85,5.7,58.33,-0.0001,1,Left,87.72,-1,-1,UNKNOWN,None
330.098,12.817,212.568,-1.846,5.704,58.43,-0.0001,1,Left,87.43,-1,-1,UNKNOWN,None
330.106,12.832,212.704,-1.844,5.706,58.48,0.0002,1,Left,87.3,-1,-1,UNKNOWN,None
330.123,12.849,212.975,-1.84,5.71,58.6,0.0002,1,Left,87.03,-1,-1,UNKNOWN,None
330.14,12.865,213.248,-1.837,5.713,58.73,0.0002,1,Left,86.75,-1,-1,UNKNOWN,None
330.156,12.88,213.521,-1.833,5.717,58.86,0.0002,1,Left,86.48,-1,-1,UNKNOWN,None
330.165,12.897,213.824,-1.829,5.721,59.03,0.0002,1,Left,86.18,-1,-1,UNKNOWN,None
330.192,12.913,214.099,-1.825,5.725,59.18,0.0002,1,Left,85.9,-1,-1,UNKNOWN,None
330.2,12.928,214.38,-1.822,5.728,59.35,0.0002,1,Left,85.62,-1,-1,UNKNOWN,None
330.218,12.944,214.667,-1.818,5.732,59.52,0.0002,1,Left,85.33,-1,-1,UNKNOWN,None
330.235,12.96,214.816,-1.816,5.734,59.62,0.0002,1,Left,85.18,-1,-1,UNKNOWN,None
330.252,12.977,215.107,-1.812,5.738,59.8,0.0002,1,Left,84.89,-1,-1,UNKNOWN,None
330.269,12.993,215.384,-1.809,5.741,59.98,0.0002,1,Left,84.62,-1,-1,UNKNOWN,None
330.286,13.008,215.664,-1.805,5.745,60.17,0.0002,1,Left,84.34,-1,-1,UNKNOWN,None
330.294,13.024,215.944,-1.801,5.749,60.36,0.0002,1,Left,84.06,-1,-1,UNKNOWN,None
330.319,13.041,216.225,-1.798,5.752,60.54,0.0002,1,Left,83.77,-1,-1,UNKNOWN,None
330.328,13.057,216.518,-1.794,5.756,60.71,0.0002,1,Left,83.48,-1,-1,UNKNOWN,None
330.346,13.072,216.811,-1.79,5.76,60.85,0.0002,1,Left,83.19,-1,-1,UNKNOWN,None
330.354,13.088,216.953,-1.788,5.762,60.91,0.0002,1,Left,83.05,-1,-1,UNKNOWN,None
330.38,13.105,217.252,-1.785,5.765,60.99,0.0002,1,Left,82.75,-1,-1,UNKNOWN,None
330.397,13.121,217.537,-1.781,5.769,61.02,0.0002,1,Left,82.46,-1,-1,UNKNOWN,None
330.405,13.136,217.826,-1.777,5.773,61.01,0.0002,1,Left,82.17,-1,-1,UNKNOWN,None
330.422,13.153,218.157,-1.773,5.777,60.95,0.0002,1,Left,81.84,-1,-1,UNKNOWN,None
330.434,13.167,218.157,-1.773,5.777,60.95,0.0002,1,Left,81.84,-1,-1,UNKNOWN,None
330.453,13.183,218.487,-1.769,5.781,60.86,0.0002,1,Left,81.51,-1,-1,UNKNOWN,None
330.478,13.2,218.902,-1.764,5.786,60.69,0.0002,1,Left,81.1,-1,-1,UNKNOWN,None
330.495,13.214,219.189,-1.76,5.79,60.54,0.0002,1,Left,80.81,-1,-1,UNKNOWN,None
330.495,13.231,219.329,-1.759,5.791,60.47,0.0002,1,Left,80.67,-1,-1,UNKNOWN,None
330.52,13.248,219.747,-1.753,5.797,60.21,0.0002,1,Left,80.25,-1,-1,UNKNOWN,None
330.537,13.264,219.899,-1.751,5.799,60.11,0.0002,1,Left,80.1,-1,-1,UNKNOWN,None
330.554,13.279,220.177,-1.748,5.802,59.92,0.0009,1,Left,79.82,-1,-1,UNKNOWN,None
330.572,13.296,220.48,-1.744,5.806,59.7,0.0009,1,Left,79.52,-1,-1,UNKNOWN,None
330.589,13.312,220.755,-1.741,5.809,59.5,0.0009,1,Left,79.24,-1,-1,UNKNOWN,None
330.597,13.328,221.031,-1.737,5.813,59.31,0.0009,1,Left,78.97,-1,-1,UNKNOWN,None
330.605,13.344,221.168,-1.735,5.815,59.21,0.0009,1,Left,78.83,-1,-1,UNKNOWN,None
330.622,13.36,221.478,-1.731,5.819,59.02,0.0009,1,Left,78.52,-1,-1,UNKNOWN,None
330.643,13.376,221.776,-1.728,5.822,58.85,0.0009,1,Left,78.22,-1,-1,UNKNOWN,None
330.643,13.392,221.776,-1.728,5.822,58.85,0.0009,1,Left,78.22,-1,-1,UNKNOWN,None
330.684,13.408,222.319,-1.721,5.829,58.61,0.0009,1,Left,77.68,-1,-1,UNKNOWN,None
330.693,13.424,222.59,-1.717,5.833,58.53,0.0009,1,Left,77.41,-1,-1,UNKNOWN,None
330.718,13.44,222.861,-1.714,5.836,58.48,0.0009,1,Left,77.14,-1,-1,UNKNOWN,None
330.734,13.456,223.132,-1.71,5.84,58.47,0.0009,1,Left,76.87,-1,-1,UNKNOWN,None
330.751,13.472,223.403,-1.706,5.844,58.48,0.0009,1,Left,76.6,-1,-1,UNKNOWN,None
330.768,13.488,223.674,-1.703,5.847,58.52,0.0007,1,Left,76.33,-1,-1,UNKNOWN,None
330.776,13.505,223.945,-1.699,5.851,58.57,0.0005,1,Left,76.06,-1,-1,UNKNOWN,None
330.793,13.52,224.223,-1.696,5.854,58.65,0.0002,1,Left,75.78,-1,-1,UNKNOWN,None
330.801,13.537,224.36,-1.694,5.856,58.7,-0.0002,1,Left,75.64,-1,-1,UNKNOWN,None
330.826,13.553,224.634,-1.69,5.86,58.8,-0.0005,1,Left,75.37,-1,-1,UNKNOWN,None
330.843,13.568,224.907,-1.687,5.863,58.91,-0.0009,1,Left,75.09,-1,-1,UNKNOWN,None
330.86,13.584,225.18,-1.683,5.867,59.04,-0.0017,1,Left,74.82,-1,-1,UNKNOWN,None
330.868,13.602,225.454,-1.679,5.871,59.18,-0.0024,1,Left,74.55,-1,-1,UNKNOWN,None
330.893,13.617,225.728,-1.676,5.874,59.32,-0.0031,1,Left,74.27,-1,-1,UNKNOWN,None
330.901,13.632,226.003,-1.672,5.878,59.48,-0.0035,1,Left,74.0,-1,-1,UNKNOWN,None
330.91,13.649,226.141,-1.671,5.879,59.56,-0.0043,1,Left,73.86,-1,-1,UNKNOWN,None
330.943,13.665,226.556,-1.665,5.885,59.81,-0.0044,1,Left,73.44,-1,-1,UNKNOWN,None
330.951,13.679,226.833,-1.662,5.888,59.98,-0.0047,1,Left,73.17,-1,-1,UNKNOWN,None
330.96,13.696,226.973,-1.66,5.89,60.07,-0.0047,1,Left,73.03,-1,-1,UNKNOWN,None
330.985,13.712,227.391,-1.655,5.895,60.34,-0.0047,1,Left,72.61,-1,-1,UNKNOWN,None
331.001,13.727,227.531,-1.654,5.896,60.43,-0.0047,1,Left,72.47,-1,-1,UNKNOWN,None
331.01,13.744,227.813,-1.65,5.9,60.6,-0.0047,1,Left,72.19,-1,-1,UNKNOWN,None
331.035,13.76,228.1,-1.647,5.903,60.75,-0.0047,1,Left,71.9,-1,-1,UNKNOWN,None
331.044,13.776,228.382,-1.644,5.906,60.86,-0.0047,1,Left,71.62,-1,-1,UNKNOWN,None
331.069,13.792,228.664,-1.641,5.909,60.94,-0.0047,1,Left,71.34,-1,-1,UNKNOWN,None
331.078,13.808,228.819,-1.639,5.911,60.97,-0.0047,1,Left,71.18,-1,-1,UNKNOWN,None
331.102,13.825,229.231,-1.635,5.915,60.97,-0.0047,1,Left,70.77,-1,-1,UNKNOWN,None
331.119,13.84,229.513,-1.632,5.918,60.92,-0.0047,1,Left,70.49,-1,-1,UNKNOWN,None
331.135,13.856,229.795,-1.629,5.921,60.84,-0.0047,1,Left,70.21,-1,-1,UNKNOWN,None
331.144,13.873,230.076,-1.627,5.923,60.74,-0.0047,1,Left,69.92,-1,-1,UNKNOWN,None
331.16,13.889,230.357,-1.624,5.926,60.61,-0.0047,1,Left,69.64,-1,-1,UNKNOWN,None
331.185,13.904,230.637,-1.622,5.928,60.47,-0.0047,1,Left,69.36,-1,-1,UNKNOWN,None
331.185,13.92,230.777,-1.621,5.929,60.39,-0.0047,1,Left,69.22,-1,-1,UNKNOWN,None
331.202,13.936,231.06,-1.618,5.932,60.21,-0.0047,1,Left,68.94,-1,-1,UNKNOWN,None
331.227,13.952,231.339,-1.616,5.934,60.03,-0.0047,1,Left,68.66,-1,-1,UNKNOWN,None
331.244,13.968,231.616,-1.614,5.936,59.83,-0.0047,1,Left,68.38,-1,-1,UNKNOWN,None
331.252,13.984,231.937,-1.612,5.938,59.6,-0.0037,1,Left,68.06,-1,-1,UNKNOWN,None
331.263,13.999,232.205,-1.61,5.94,59.4,-0.0037,1,Left,67.8,-1,-1,UNKNOWN,None
331.296,14.02,232.479,-1.608,5.942,59.2,-0.0035,1,Left,67.52,-1,-1,UNKNOWN,None
331.305,14.032,232.752,-1.607,5.943,59.01,-0.0035,1,Left,67.25,-1,-1,UNKNOWN,None
331.321,14.048,233.025,-1.605,5.945,58.83,-0.0035,1,Left,66.98,-1,-1,UNKNOWN,None
331.33,14.064,233.161,-1.604,5.946,58.74,-0.0035,1,Left,66.84,-1,-1,UNKNOWN,None
331.355,14.08,233.445,-1.603,5.947,58.59,-0.0033,1,Left,66.56,-1,-1,UNKNOWN,None
331.372,14.097,233.716,-1.602,5.948,58.46,-0.0033,1,Left,66.28,-1,-1,UNKNOWN,None
331.389,14.113,233.987,-1.6,5.95,58.36,-0.0033,1,Left,66.01,-1,-1,UNKNOWN,None
331.406,14.129,234.257,-1.599,5.951,58.29,-0.0028,1,Left,65.74,-1,-1,UNKNOWN,None
331.422,14.145,234.527,-1.598,5.952,58.26,-0.0028,1,Left,65.47,-1,-1,UNKNOWN,None
331.439,14.161,234.797,-1.597,5.953,58.25,-0.0027,1,Left,65.2,-1,-1,UNKNOWN,None
331.456,14.176,235.066,-1.597,5.953,58.27,-0.0024,1,Left,64.93,-1,-1,UNKNOWN,None
331.464,14.191,235.336,-1.596,5.954,58.31,-0.0021,1,Left,64.66,-1,-1,UNKNOWN,None
331.481,14.207,235.607,-1.595,5.955,58.38,-0.0018,1,Left,64.39,-1,-1,UNKNOWN,None
331.497,14.223,235.742,-1.595,5.955,58.42,-0.0014,1,Left,64.26,-1,-1,UNKNOWN,None
331.506,14.24,236.084,-1.594,5.956,58.53,-0.0014,1,Left,63.92,-1,-1,UNKNOWN,None
331.527,14.256,236.382,-1.594,5.956,58.65,-0.0012,1,Left,63.62,-1,-1,UNKNOWN,None
331.537,14.271,236.528,-1.594,5.956,58.72,-0.0009,1,Left,63.47,-1,-1,UNKNOWN,None
331.562,14.287,236.8,-1.593,5.957,58.85,-0.0009,1,Left,63.2,-1,-1,UNKNOWN,None
331.57,14.304,237.073,-1.593,5.957,58.98,-0.0008,1,Left,62.93,-1,-1,UNKNOWN,None
331.597,14.32,237.366,-1.593,5.957,59.14,-0.0008,1,Left,62.63,-1,-1,UNKNOWN,None
331.597,14.336,237.503,-1.593,5.957,59.22,-0.0008,1,Left,62.5,-1,-1,UNKNOWN,None
331.622,14.352,237.925,-1.592,5.958,59.47,-0.0008,1,Left,62.08,-1,-1,UNKNOWN,None
331.648,14.369,238.22,-1.592,5.958,59.65,-0.0008,1,Left,61.78,-1,-1,UNKNOWN,None
331.657,14.384,238.502,-1.592,5.958,59.83,-0.0005,1,Left,61.5,-1,-1,UNKNOWN,None
331.665,14.4,238.642,-1.592,5.958,59.92,-0.0005,1,Left,61.36,-1,-1,UNKNOWN,None
331.682,14.416,238.92,-1.592,5.958,60.1,-0.0005,1,Left,61.08,-1,-1,UNKNOWN,None
331.711,14.433,239.257,-1.593,5.957,60.32,-0.0005,1,Left,60.74,-1,-1,UNKNOWN,None
331.727,14.448,239.537,-1.593,5.957,60.5,-0.0005,1,Left,60.46,-1,-1,UNKNOWN,None
331.744,14.465,239.819,-1.593,5.957,60.66,-0.0002,1,Left,60.18,-1,-1,UNKNOWN,None
331.752,14.481,240.1,-1.593,5.957,60.81,-0.0002,1,Left,59.9,-1,-1,UNKNOWN,None
331.769,14.495,240.241,-1.593,5.957,60.88,-0.0002,1,Left,59.76,-1,-1,UNKNOWN,None
331.786,14.513,240.665,-1.594,5.956,61.09,-0.0002,1,Left,59.34,-1,-1,UNKNOWN,None
331.794,14.529,240.817,-1.594,5.956,61.16,-0.0002,1,Left,59.18,-1,-1,UNKNOWN,None
331.822,14.545,241.133,-1.594,5.956,61.29,-0.0002,1,Left,58.87,-1,-1,UNKNOWN,None
331.838,14.56,241.417,-1.595,5.955,61.39,-0.0002,1,Left,58.58,-1,-1,UNKNOWN,None
331.848,14.576,241.748,-1.595,5.955,61.5,-0.0002,1,Left,58.25,-1,-1,UNKNOWN,None
331.866,14.592,241.9,-1.595,5.955,61.55,-0.0002,1,Left,58.1,-1,-1,UNKNOWN,None
331.875,14.608,242.186,-1.596,5.954,61.62,-0.0002,1,Left,57.81,-1,-1,UNKNOWN,None
331.9,14.625,242.471,-1.596,5.954,61.68,-0.0002,1,Left,57.53,-1,-1,UNKNOWN,None
331.918,14.64,242.787,-1.597,5.953,61.72,-0.0002,1,Left,57.21,-1,-1,UNKNOWN,None
331.928,14.656,243.121,-1.597,5.953,61.72,-0.0002,1,Left,56.88,-1,-1,UNKNOWN,None
331.946,14.672,243.266,-1.597,5.953,61.71,-0.0002,1,Left,56.73,-1,-1,UNKNOWN,None
331.963,14.688,243.551,-1.598,5.952,61.65,-0.0002,1,Left,56.45,-1,-1,UNKNOWN,None
331.979,14.704,243.836,-1.598,5.952,61.57,-0.0002,1,Left,56.16,-1,-1,UNKNOWN,None
331.988,14.72,244.125,-1.599,5.951,61.46,-0.0002,1,Left,55.88,-1,-1,UNKNOWN,None
331.996,14.736,244.267,-1.599,5.951,61.4,-0.0002,1,Left,55.73,-1,-1,UNKNOWN,None
332.013,14.752,244.555,-1.6,5.95,61.26,-0.0002,1,Left,55.45,-1,-1,UNKNOWN,None
332.047,14.769,244.979,-1.601,5.949,61.02,-0.0002,1,Left,55.02,-1,-1,UNKNOWN,None
332.055,14.785,245.12,-1.601,5.949,60.93,-0.0002,1,Left,54.88,-1,-1,UNKNOWN,None
332.075,14.8,245.464,-1.602,5.948,60.7,-0.0002,1,Left,54.54,-1,-1,UNKNOWN,None
332.092,14.817,245.749,-1.602,5.948,60.5,-0.0014,1,Left,54.25,-1,-1,UNKNOWN,None
332.11,14.832,246.046,-1.603,5.947,60.29,-0.0014,1,Left,53.95,-1,-1,UNKNOWN,None
332.119,14.848,246.333,-1.604,5.946,60.07,-0.0014,1,Left,53.67,-1,-1,UNKNOWN,None
332.137,14.864,246.627,-1.605,5.945,59.83,-0.0014,1,Left,53.37,-1,-1,UNKNOWN,None
332.153,14.88,246.903,-1.605,5.945,59.61,-0.0088,1,Left,53.1,-1,-1,UNKNOWN,None
332.171,14.896,247.066,-1.606,5.944,59.48,-0.011,1,Left,52.93,-1,-1,UNKNOWN,None
332.188,14.912,247.343,-1.607,5.943,59.25,-0.0133,1,Left,52.66,-1,-1,UNKNOWN,None
332.205,14.929,247.617,-1.608,5.942,59.04,-0.0155,1,Left,52.38,-1,-1,UNKNOWN,None
332.213,14.944,247.889,-1.61,5.94,58.84,-0.0177,1,Left,52.11,-1,-1,UNKNOWN,None
332.222,14.961,248.025,-1.611,5.939,58.75,-0.0197,1,Left,51.97,-1,-1,UNKNOWN,None
332.255,14.975,248.432,-1.614,5.936,58.5,-0.0219,1,Left,51.57,-1,-1,UNKNOWN,None
332.263,14.992,248.702,-1.616,5.934,58.36,-0.0232,1,Left,51.3,-1,-1,UNKNOWN,None
332.28,15.008,248.972,-1.618,5.932,58.25,-0.0251,1,Left,51.03,-1,-1,UNKNOWN,None
332.297,15.024,249.241,-1.621,5.929,58.17,-0.0264,1,Left,50.76,-1,-1,UNKNOWN,None
332.313,15.04,249.511,-1.625,5.925,58.13,-0.0276,1,Left,50.49,-1,-1,UNKNOWN,None
332.33,15.057,249.647,-1.627,5.923,58.11,-0.0286,1,Left,50.35,-1,-1,UNKNOWN,None
332.338,15.077,249.916,-1.631,5.919,58.11,-0.0292,1,Left,50.08,-1,-1,UNKNOWN,None
332.363,15.088,250.187,-1.635,5.915,58.14,-0.0302,1,Left,49.81,-1,-1,UNKNOWN,None
332.38,15.104,250.456,-1.64,5.91,58.19,-0.0305,1,Left,49.54,-1,-1,UNKNOWN,None
332.388,15.12,250.726,-1.645,5.905,58.25,-0.0309,1,Left,49.27,-1,-1,UNKNOWN,None
332.405,15.136,250.997,-1.651,5.899,58.34,-0.0311,1,Left,49.0,-1,-1,UNKNOWN,None
332.422,15.152,251.268,-1.658,5.892,58.44,-0.0314,1,Left,48.73,-1,-1,UNKNOWN,None
332.447,15.168,251.541,-1.665,5.885,58.55,-0.0315,1,Left,48.46,-1,-1,UNKNOWN,None
332.464,15.184,251.812,-1.673,5.877,58.68,-0.0315,1,Left,48.19,-1,-1,UNKNOWN,None
332.472,15.2,252.084,-1.681,5.869,58.81,-0.0315,1,Left,47.92,-1,-1,UNKNOWN,None
332.489,15.215,252.221,-1.685,5.865,58.88,-0.0315,1,Left,47.78,-1,-1,UNKNOWN,None
332.497,15.231,252.5,-1.694,5.856,59.03,-0.0315,1,Left,47.5,-1,-1,UNKNOWN,None
332.522,15.247,252.774,-1.704,5.846,59.19,-0.0315,1,Left,47.23,-1,-1,UNKNOWN,None
332.539,15.263,253.048,-1.715,5.835,59.35,-0.0315,1,Left,46.95,-1,-1,UNKNOWN,None
332.547,15.279,253.398,-1.729,5.821,59.57,-0.0315,1,Left,46.6,-1,-1,UNKNOWN,None
332.569,15.296,253.547,-1.735,5.815,59.66,-0.0315,1,Left,46.45,-1,-1,UNKNOWN,None
332.587,15.312,253.848,-1.749,5.801,59.85,-0.0315,1,Left,46.15,-1,-1,UNKNOWN,None
332.604,15.328,254.125,-1.762,5.788,60.04,-0.0315,1,Left,45.87,-1,-1,UNKNOWN,None
332.618,15.344,254.362,-1.774,5.776,60.19,-0.0315,1,Left,45.64,-1,-1,UNKNOWN,None
332.635,15.36,254.641,-1.788,5.762,60.37,-0.0315,1,Left,45.36,-1,-1,UNKNOWN,None
332.652,15.376,254.921,-1.803,5.747,60.54,-0.0311,1,Left,45.08,-1,-1,UNKNOWN,None
332.671,15.393,255.253,-1.823,5.727,60.72,-0.0311,1,Left,44.75,-1,-1,UNKNOWN,None
332.688,15.408,255.534,-1.84,5.71,60.85,-0.0311,1,Left,44.47,-1,-1,UNKNOWN,None
332.696,15.425,255.816,-1.858,5.692,60.96,-0.0311,1,Left,44.18,-1,-1,UNKNOWN,None
332.705,15.441,255.962,-1.867,5.683,61.0,-0.0311,1,Left,44.04,-1,-1,UNKNOWN,None
332.722,15.456,256.244,-1.886,5.664,61.05,-0.0311,1,Left,43.76,-1,-1,UNKNOWN,None
332.738,15.472,256.534,-1.907,5.643,61.05,-0.0311,1,Left,43.47,-1,-1,UNKNOWN,None
332.764,15.488,256.816,-1.927,5.623,61.02,-0.0311,1,Left,43.18,-1,-1,UNKNOWN,None
332.78,15.505,257.097,-1.949,5.601,60.95,-0.0311,1,Left,42.9,-1,-1,UNKNOWN,None
332.797,15.521,257.378,-1.971,5.579,60.85,-0.0311,1,Left,42.62,-1,-1,UNKNOWN,None
332.814,15.537,257.658,-1.994,5.556,60.73,-0.0311,1,Left,42.34,-1,-1,UNKNOWN,None
332.832,15.552,257.97,-2.02,5.53,60.57,-0.0311,1,Left,42.03,-1,-1,UNKNOWN,None
332.841,15.568,258.249,-2.045,5.505,60.41,-0.0311,1,Left,41.75,-1,-1,UNKNOWN,None
332.849,15.586,258.388,-2.057,5.493,60.32,-0.0311,1,Left,41.61,-1,-1,UNKNOWN,None
332.866,15.601,258.674,-2.083,5.467,60.13,-0.0311,1,Left,41.33,-1,-1,UNKNOWN,None
332.883,15.616,258.951,-2.11,5.44,59.93,-0.0311,1,Left,41.05,-1,-1,UNKNOWN,None
332.908,15.633,259.226,-2.136,5.414,59.73,-0.0028,1,Left,40.77,-1,-1,UNKNOWN,None
332.925,15.648,259.5,-2.163,5.387,59.53,-0.0009,1,Left,40.5,-1,-1,UNKNOWN,None
332.933,15.664,259.637,-2.177,5.373,59.43,0.0009,1,Left,40.36,-1,-1,UNKNOWN,None
332.933,15.681,259.774,-2.191,5.359,59.33,0.0009,1,Left,40.23,-1,-1,UNKNOWN,None
332.976,15.697,260.347,-2.249,5.301,58.94,0.0028,1,Left,39.65,-1,-1,UNKNOWN,None
332.985,15.713,260.623,-2.278,5.272,58.77,0.003,1,Left,39.38,-1,-1,UNKNOWN,None
333.002,15.729,260.896,-2.307,5.243,58.63,0.003,1,Left,39.1,-1,-1,UNKNOWN,None
333.019,15.744,261.031,-2.322,5.228,58.57,0.003,1,Left,38.97,-1,-1,UNKNOWN,None
333.036,15.76,261.31,-2.352,5.198,58.47,0.003,1,Left,38.69,-1,-1,UNKNOWN,None
333.044,15.777,261.585,-2.382,5.168,58.4,0.003,1,Left,38.41,-1,-1,UNKNOWN,None
333.061,15.793,261.865,-2.414,5.136,58.36,0.0028,1,Left,38.14,-1,-1,UNKNOWN,None
333.07,15.808,261.999,-2.429,5.121,58.35,0.0028,1,Left,38.0,-1,-1,UNKNOWN,None
333.104,15.824,262.41,-2.476,5.074,58.38,0.0028,1,Left,37.59,-1,-1,UNKNOWN,None
333.121,15.841,262.688,-2.507,5.043,58.42,0.0028,1,Left,37.31,-1,-1,UNKNOWN,Left_Broken
333.121,15.856,262.83,-2.524,5.026,58.45,0.0028,1,Left,37.17,-1,-1,UNKNOWN,None
333.138,15.873,263.099,-2.555,4.995,58.53,0.0028,1,Left,36.9,-1,-1,UNKNOWN,None
333.163,15.888,263.368,-2.587,4.963,58.62,0.0028,1,Left,36.63,-1,-1,UNKNOWN,None
333.18,15.904,263.638,-2.619,4.931,58.73,0.0028,1,Left,36.36,-1,-1,UNKNOWN,None
333.197,15.92,263.909,-2.651,4.899,58.85,0.0028,1,Left,36.09,-1,-1,UNKNOWN,None
333.197,15.936,264.044,-2.667,4.883,58.91,0.0028,1,Left,35.96,-1,-1,UNKNOWN,None
333.213,15.952,264.315,-2.699,4.851,59.05,0.003,1,Left,35.68,-1,-1,UNKNOWN,None
333.23,15.968,264.587,-2.732,4.818,59.2,0.003,1,Left,35.41,-1,-1,UNKNOWN,None
333.263,15.985,264.997,-2.781,4.769,59.43,0.003,1,Left,35.0,-1,-1,UNKNOWN,None
333.272,16.001,265.275,-2.815,4.735,59.6,0.003,1,Left,34.73,-1,-1,UNKNOWN,None
333.289,16.017,265.558,-2.849,4.701,59.77,0.003,1,Left,34.44,-1,-1,UNKNOWN,None
333.306,16.033,265.698,-2.866,4.684,59.86,0.003,1,Left,34.3,-1,-1,UNKNOWN,None
333.324,16.049,266.001,-2.903,4.647,60.06,0.003,1,Left,34.0,-1,-1,UNKNOWN,None
333.334,16.065,266.296,-2.939,4.611,60.25,0.003,1,Left,33.7,-1,-1,UNKNOWN,None
333.359,16.084,266.574,-2.972,4.578,60.43,0.003,1,Left,33.43,-1,-1,UNKNOWN,None
333.375,16.097,266.852,-3.006,4.544,60.58,0.003,1,Left,33.15,-1,-1,UNKNOWN,Left_Broken
333.392,16.113,267.131,-3.04,4.51,60.72,0.003,1,Left,32.87,-1,-1,UNKNOWN,None
333.401,16.129,267.288,-3.059,4.491,60.78,0.003,1,Left,32.71,-1,-1,UNKNOWN,None
333.419,16.144,267.584,-3.095,4.455,60.9,0.003,1,Left,32.42,-1,-1,UNKNOWN,None
333.436,16.16,267.868,-3.13,4.42,61.0,0.003,1,Left,32.13,-1,-1,UNKNOWN,None
333.447,16.177,268.208,-3.171,4.379,61.11,0.003,1,Left,31.79,-1,-1,UNKNOWN,None
333.466,16.192,268.366,-3.19,4.36,61.15,0.003,1,Left,31.63,-1,-1,UNKNOWN,None
333.466,16.207,268.513,-3.208,4.342,61.19,0.003,1,Left,31.49,-1,-1,UNKNOWN,None
333.503,16.224,269.003,-3.267,4.283,61.25,0.003,1,Left,31.0,-1,-1,UNKNOWN,None
333.503,16.239,269.171,-3.288,4.262,61.24,0.003,1,Left,30.83,-1,-1,UNKNOWN,None
333.53,16.256,269.459,-3.323,4.227,61.2,0.003,1,Left,30.54,-1,-1,UNKNOWN,None
333.54,16.271,269.757,-3.358,4.192,61.12,0.003,1,Left,30.24,-1,-1,UNKNOWN,None
333.565,16.287,270.037,-3.392,4.158,61.02,0.003,1,Left,29.96,-1,-1,UNKNOWN,None
333.581,16.305,270.317,-3.426,4.124,60.9,0.003,1,Left,29.68,-1,-1,UNKNOWN,None
333.598,16.32,270.597,-3.459,4.091,60.76,0.003,1,Left,29.4,-1,-1,UNKNOWN,None
333.615,16.337,270.887,-3.494,4.056,60.59,0.003,1,Left,29.11,-1,-1,UNKNOWN,None
333.632,16.352,271.164,-3.527,4.023,60.41,0.003,1,Left,28.84,-1,-1,UNKNOWN,None
333.632,16.372,271.321,-3.546,4.004,60.31,0.003,1,Left,28.68,-1,-1,UNKNOWN,None
333.65,16.384,271.606,-3.58,3.97,60.12,0.0033,1,Left,28.39,-1,-1,UNKNOWN,None
333.667,16.4,271.882,-3.613,3.937,59.92,0.0034,1,Left,28.12,-1,-1,UNKNOWN,None
333.692,16.417,272.156,-3.645,3.905,59.72,0.0037,1,Left,27.84,-1,-1,UNKNOWN,None
333.709,16.433,272.44,-3.679,3.871,59.52,0.0037,1,Left,27.56,-1,-1,UNKNOWN,None
333.718,16.449,272.713,-3.711,3.839,59.34,0.0042,1,Left,27.29,-1,-1,UNKNOWN,None
333.734,16.465,272.985,-3.743,3.807,59.17,0.0044,1,Left,27.01,-1,-1,UNKNOWN,None
333.759,16.481,273.258,-3.775,3.775,59.02,0.005,1,Left,26.74,-1,-1,UNKNOWN,None
333.768,16.496,273.529,-3.807,3.743,58.9,0.0056,1,Left,26.47,-1,-1,UNKNOWN,None
333.788,16.512,273.722,-3.829,3.721,58.82,0.0062,1,Left,26.28,-1,-1,UNKNOWN,None
333.798,16.529,274.036,-3.866,3.684,58.73,0.0072,1,Left,25.96,-1,-1,UNKNOWN,None
333.816,16.545,274.178,-3.882,3.668,58.7,0.0081,1,Left,25.82,-1,-1,UNKNOWN,None
333.826,16.561,274.338,-3.901,3.649,58.68,0.0091,1,Left,25.66,-1,-1,UNKNOWN,None
333.837,16.576,274.659,-3.938,3.612,58.68,0.0101,1,Left,25.34,-1,-1,UNKNOWN,None
333.871,16.592,275.064,-3.984,3.566,58.72,0.0111,1,Left,24.94,-1,-1,UNKNOWN,None
333.888,16.608,275.339,-4.015,3.535,58.78,0.012,1,Left,24.66,-1,-1,UNKNOWN,None
333.896,16.625,275.619,-4.046,3.504,58.85,0.013,1,Left,24.38,-1,-1,UNKNOWN,None
333.905,16.64,275.765,-4.062,3.488,58.9,0.0136,1,Left,24.23,-1,-1,UNKNOWN,None
333.933,16.657,276.081,-4.097,3.453,59.02,0.0143,1,Left,23.92,-1,-1,UNKNOWN,None
333.933,16.672,276.237,-4.114,3.436,59.08,0.0148,1,Left,23.76,-1,-1,UNKNOWN,None
333.968,16.688,276.645,-4.159,3.391,59.27,0.0148,1,Left,23.35,-1,-1,UNKNOWN,None
333.977,16.704,276.929,-4.189,3.361,59.42,0.0148,1,Left,23.07,-1,-1,UNKNOWN,None
333.995,16.721,277.097,-4.207,3.343,59.51,0.0148,1,Left,22.9,-1,-1,UNKNOWN,None
334.015,16.735,277.429,-4.243,3.307,59.69,0.0148,1,Left,22.57,-1,-1,UNKNOWN,None
334.032,16.753,277.705,-4.271,3.279,59.85,0.0143,1,Left,22.3,-1,-1,UNKNOWN,None
334.032,16.768,277.843,-4.286,3.264,59.94,0.0135,1,Left,22.16,-1,-1,UNKNOWN,None
334.065,16.784,278.258,-4.329,3.221,60.19,0.0123,1,Left,21.74,-1,-1,UNKNOWN,None
334.065,16.8,278.399,-4.343,3.207,60.28,0.0123,1,Left,21.6,-1,-1,UNKNOWN,None
334.099,16.819,278.821,-4.386,3.164,60.55,0.0123,1,Left,21.18,-1,-1,UNKNOWN,Left_Broken
334.107,16.833,278.961,-4.4,3.15,60.63,0.0123,1,Left,21.04,-1,-1,UNKNOWN,None
334.125,16.849,279.248,-4.428,3.122,60.77,0.0123,1,Left,20.75,-1,-1,UNKNOWN,None
334.133,16.863,279.538,-4.457,3.093,60.89,0.0123,1,Left,20.46,-1,-1,UNKNOWN,None
334.15,16.881,279.819,-4.484,3.066,60.96,0.0123,1,Left,20.18,-1,-1,UNKNOWN,None
334.175,16.897,280.104,-4.511,3.039,60.99,0.0123,1,Left,19.9,-1,-1,UNKNOWN,None
334.186,16.913,280.281,-4.528,3.022,60.98,0.0123,1,Left,19.72,-1,-1,UNKNOWN,None
334.202,16.929,280.559,-4.555,2.995,60.95,0.0123,1,Left,19.44,-1,-1,UNKNOWN,None
334.211,16.945,280.84,-4.581,2.969,60.88,0.0123,1,Left,19.16,-1,-1,UNKNOWN,None
334.236,16.961,281.12,-4.607,2.943,60.78,0.0123,1,Left,18.88,-1,-1,UNKNOWN,None
334.244,16.977,281.409,-4.633,2.917,60.66,0.0042,1,Left,18.59,-1,-1,UNKNOWN,None
334.27,16.992,281.688,-4.658,2.892,60.52,0.0044,1,Left,18.31,-1,-1,UNKNOWN,None
334.27,17.008,281.827,-4.671,2.879,60.45,0.0044,1,Left,18.17,-1,-1,UNKNOWN,None
334.295,17.024,282.255,-4.709,2.841,60.22,0.0053,1,Left,17.75,-1,-1,UNKNOWN,None
334.312,17.041,282.541,-4.734,2.816,60.04,0.0053,1,Left,17.46,-1,-1,UNKNOWN,None
334.329,17.056,282.818,-4.758,2.792,59.87,0.0062,1,Left,17.18,-1,-1,UNKNOWN,Left_Broken
334.346,17.072,282.955,-4.77,2.78,59.77,0.0065,1,Left,17.04,-1,-1,UNKNOWN,None
334.362,17.089,283.231,-4.793,2.757,59.59,0.0069,1,Left,16.77,-1,-1,UNKNOWN,None
334.371,17.107,283.505,-4.817,2.733,59.41,0.0069,1,Left,16.5,-1,-1,UNKNOWN,None
334.396,17.121,283.778,-4.839,2.711,59.23,0.0072,1,Left,16.22,-1,-1,UNKNOWN,None
334.412,17.137,284.051,-4.862,2.688,59.07,0.0075,1,Left,15.95,-1,-1,UNKNOWN,None
334.429,17.152,284.323,-4.884,2.666,58.93,0.0075,1,Left,15.68,-1,-1,UNKNOWN,None
334.446,17.168,284.594,-4.906,2.644,58.81,0.0075,1,Left,15.41,-1,-1,UNKNOWN,None
334.454,17.185,284.865,-4.928,2.622,58.72,0.0075,1,Left,15.13,-1,-1,UNKNOWN,None
334.479,17.199,285.136,-4.949,2.601,58.65,0.0075,1,Left,14.86,-1,-1,UNKNOWN,None
334.489,17.215,285.424,-4.972,2.578,58.61,0.0076,1,Left,14.58,-1,-1,UNKNOWN,None
334.497,17.231,285.57,-4.983,2.567,58.6,0.0079,1,Left,14.43,-1,-1,UNKNOWN,None
334.523,17.247,285.841,-5.004,2.546,58.61,0.0079,1,Left,14.16,-1,-1,UNKNOWN,None
334.539,17.263,286.113,-5.025,2.525,58.65,0.0084,1,Left,13.89,-1,-1,UNKNOWN,None
334.548,17.279,286.384,-5.045,2.505,58.7,0.0088,1,Left,13.62,-1,-1,UNKNOWN,None
334.564,17.296,286.655,-5.065,2.485,58.78,0.0095,1,Left,13.34,-1,-1,UNKNOWN,None
334.573,17.312,286.798,-5.076,2.474,58.82,0.0101,1,Left,13.2,-1,-1,UNKNOWN,None
334.601,17.329,287.264,-5.11,2.44,59.0,0.0111,1,Left,12.74,-1,-1,UNKNOWN,None
334.62,17.345,287.433,-5.122,2.428,59.08,0.012,1,Left,12.57,-1,-1,UNKNOWN,None
334.63,17.361,287.727,-5.142,2.408,59.22,0.013,1,Left,12.27,-1,-1,UNKNOWN,None
334.647,17.377,288.003,-5.161,2.389,59.36,0.0139,1,Left,12.0,-1,-1,UNKNOWN,None
334.672,17.393,288.28,-5.18,2.37,59.51,0.0151,1,Left,11.72,-1,-1,UNKNOWN,None
334.681,17.409,288.567,-5.199,2.351,59.67,0.0158,1,Left,11.43,-1,-1,UNKNOWN,None
334.706,17.425,288.843,-5.217,2.333,59.83,0.0167,1,Left,11.16,-1,-1,UNKNOWN,None
334.706,17.441,288.981,-5.226,2.324,59.92,0.0174,1,Left,11.02,-1,-1,UNKNOWN,None
334.731,17.457,289.259,-5.244,2.306,60.09,0.0178,1,Left,10.74,-1,-1,UNKNOWN,None
334.747,17.472,289.537,-5.261,2.289,60.26,0.0178,1,Left,10.46,-1,-1,UNKNOWN,None
334.764,17.489,289.816,-5.279,2.271,60.44,0.0183,1,Left,10.18,-1,-1,UNKNOWN,None
334.781,17.505,290.096,-5.295,2.255,60.62,0.0183,1,Left,9.9,-1,-1,UNKNOWN,None
334.797,17.52,290.377,-5.312,2.238,60.8,0.0183,1,Left,9.62,-1,-1,UNKNOWN,None
334.797,17.536,290.518,-5.32,2.23,60.88,0.0183,1,Left,9.48,-1,-1,UNKNOWN,None
334.824,17.552,290.97,-5.345,2.205,61.1,0.0183,1,Left,9.03,-1,-1,UNKNOWN,None
334.841,17.568,291.262,-5.361,2.189,61.2,0.0183,1,Left,8.74,-1,-1,UNKNOWN,None
334.85,17.585,291.403,-5.368,2.182,61.23,0.0183,1,Left,8.6,-1,-1,UNKNOWN,None
334.875,17.601,291.687,-5.383,2.167,61.26,0.0183,1,Left,8.31,-1,-1,UNKNOWN,None
334.891,17.617,291.97,-5.397,2.153,61.24,0.0183,1,Left,8.03,-1,-1,UNKNOWN,None
334.908,17.632,292.253,-5.411,2.139,61.19,0.0162,1,Left,7.75,-1,-1,UNKNOWN,None
334.925,17.649,292.535,-5.425,2.125,61.12,0.0158,1,Left,7.46,-1,-1,UNKNOWN,None
334.942,17.664,292.82,-5.438,2.112,61.03,0.0151,1,Left,7.18,-1,-1,UNKNOWN,None
334.95,17.68,293.104,-5.451,2.099,60.93,0.0151,1,Left,6.9,-1,-1,UNKNOWN,None
334.975,17.697,293.386,-5.463,2.087,60.81,0.0151,1,Left,6.61,-1,-1,UNKNOWN,None
334.992,17.713,293.667,-5.475,2.075,60.68,0.0151,1,Left,6.33,-1,-1,UNKNOWN,None
335.008,17.73,293.947,-5.486,2.064,60.53,0.0151,1,Left,6.05,-1,-1,UNKNOWN,None
335.025,17.745,294.227,-5.497,2.053,60.36,0.0151,1,Left,5.77,-1,-1,UNKNOWN,None
335.042,17.761,294.505,-5.508,2.042,60.17,0.0151,1,Left,5.49,-1,-1,UNKNOWN,None
335.042,17.776,294.644,-5.513,2.037,60.08,0.0151,1,Left,5.36,-1,-1,UNKNOWN,None
335.067,17.793,294.921,-5.523,2.027,59.88,0.0151,1,Left,5.08,-1,-1,UNKNOWN,None
335.083,17.808,295.2,-5.532,2.018,59.67,0.0097,1,Left,4.8,-1,-1,UNKNOWN,None
335.092,17.825,295.475,-5.541,2.009,59.46,0.0092,1,Left,4.53,-1,-1,UNKNOWN,None
335.118,17.841,295.767,-5.55,2.0,59.24,0.0088,1,Left,4.23,-1,-1,UNKNOWN,None
335.127,17.857,296.073,-5.56,1.99,59.03,0.0084,1,Left,3.93,-1,-1,UNKNOWN,None
335.145,17.873,296.346,-5.568,1.982,58.85,0.0079,1,Left,3.65,-1,-1,UNKNOWN,None
335.162,17.888,296.482,-5.571,1.979,58.76,0.0076,1,Left,3.52,-1,-1,UNKNOWN,None
335.174,17.905,296.864,-5.582,1.968,58.56,0.0075,1,Left,3.14,-1,-1,UNKNOWN,None
335.202,17.921,297.143,-5.589,1.961,58.44,0.0075,1,Left,2.86,-1,-1,UNKNOWN,None
335.202,17.937,297.278,-5.592,1.958,58.39,0.0075,1,Left,2.72,-1,-1,UNKNOWN,None
335.227,17.953,297.551,-5.599,1.951,58.32,0.0075,1,Left,2.45,-1,-1,UNKNOWN,None
335.244,17.969,297.822,-5.605,1.945,58.28,0.0075,1,Left,2.18,-1,-1,UNKNOWN,None
335.261,17.985,298.091,-5.611,1.939,58.27,0.0075,1,Left,1.91,-1,-1,UNKNOWN,None
335.269,18.001,298.364,-5.616,1.934,58.28,0.0075,1,Left,1.64,-1,-1,UNKNOWN,None
335.287,18.017,298.654,-5.622,1.928,58.33,0.0075,1,Left,1.35,-1,-1,UNKNOWN,None
335.306,18.032,298.952,-5.627,1.923,58.4,0.0075,1,Left,1.05,-1,-1,UNKNOWN,None
335.322,18.049,299.087,-5.629,1.921,58.44,0.0075,1,Left,0.91,-1,-1,UNKNOWN,None
335.339,18.064,299.358,-5.634,1.916,58.53,0.0075,1,Left,0.64,-1,-1,UNKNOWN,None
335.356,18.08,299.64,-5.638,1.912,58.64,0.0075,1,Left,0.36,-1,-1,UNKNOWN,None
335.374,18.097,299.926,-5.642,1.908,58.77,0.0075,1,Left,0.07,-1,-1,UNKNOWN,None
335.374,18.117,300.081,-5.644,1.906,58.84,0.0075,2,Middle,149.92,-1,-1,UNKNOWN,None
335.4,18.127,300.491,-5.649,1.901,59.05,0.0075,2,Middle,149.51,-1,-1,UNKNOWN,None
335.417,18.144,300.765,-5.653,1.897,59.2,0.0075,2,Middle,149.24,-1,-1,UNKNOWN,None
335.425,18.16,300.903,-5.654,1.896,59.28,0.0075,2,Middle,149.1,-1,-1,UNKNOWN,None
335.442,18.176,301.192,-5.657,1.893,59.45,0.0075,2,Middle,148.81,-1,-1,UNKNOWN,None
335.467,18.191,301.468,-5.659,1.891,59.62,0.0075,2,Middle,148.53,-1,-1,UNKNOWN,None
335.476,18.208,301.744,-5.662,1.888,59.79,0.0075,2,Middle,148.26,-1,-1,UNKNOWN,None
335.501,18.223,302.022,-5.664,1.886,59.97,0.0075,2,Middle,147.98,-1,-1,UNKNOWN,None
335.517,18.239,302.3,-5.666,1.884,60.16,0.0075,2,Middle,147.7,-1,-1,UNKNOWN,None
335.526,18.255,302.579,-5.667,1.883,60.34,0.0072,2,Middle,147.42,-1,-1,UNKNOWN,None
335.551,18.272,302.859,-5.669,1.881,60.53,0.0072,2,Middle,147.14,-1,-1,UNKNOWN,None
335.559,18.288,303.147,-5.67,1.88,60.72,0.0072,2,Middle,146.85,-1,-1,UNKNOWN,None
335.577,18.304,303.435,-5.671,1.879,60.89,0.0069,2,Middle,146.57,-1,-1,UNKNOWN,None
335.593,18.321,303.717,-5.672,1.878,61.04,0.0069,2,Middle,146.28,-1,-1,UNKNOWN,None
335.61,18.337,303.86,-5.672,1.878,61.11,0.0069,2,Middle,146.14,-1,-1,UNKNOWN,None
335.627,18.353,304.145,-5.672,1.878,61.23,0.0069,2,Middle,145.85,-1,-1,UNKNOWN,None
335.644,18.369,304.431,-5.673,1.877,61.33,0.0069,2,Middle,145.57,-1,-1,UNKNOWN,None
335.66,18.385,304.719,-5.673,1.877,61.38,0.0069,2,Middle,145.28,-1,-1,UNKNOWN,None
335.679,18.401,305.035,-5.672,1.878,61.38,0.0069,2,Middle,144.97,-1,-1,UNKNOWN,None
335.687,18.416,305.319,-5.672,1.878,61.34,0.0069,2,Middle,144.68,-1,-1,UNKNOWN,None
335.712,18.431,305.602,-5.671,1.879,61.27,0.0069,2,Middle,144.4,-1,-1,UNKNOWN,None
335.723,18.448,305.781,-5.671,1.879,61.22,0.0069,2,Middle,144.22,-1,-1,UNKNOWN,None
335.733,18.464,305.963,-5.67,1.88,61.15,0.0069,2,Middle,144.04,-1,-1,UNKNOWN,None
335.755,18.48,306.328,-5.669,1.881,60.98,0.0069,2,Middle,143.67,-1,-1,UNKNOWN,None
335.772,18.496,306.61,-5.667,1.883,60.82,0.0069,2,Middle,143.39,-1,-1,UNKNOWN,None
335.78,18.512,306.891,-5.666,1.884,60.66,0.0069,2,Middle,143.11,-1,-1,UNKNOWN,None
335.797,18.528,307.171,-5.664,1.886,60.47,0.0069,2,Middle,142.83,-1,-1,UNKNOWN,None
335.813,18.545,307.451,-5.662,1.888,60.28,0.0069,2,Middle,142.55,-1,-1,UNKNOWN,None
335.822,18.56,307.59,-5.661,1.889,60.18,0.0069,2,Middle,142.41,-1,-1,UNKNOWN,None
335.855,18.576,308.008,-5.658,1.892,59.87,0.0069,2,Middle,141.99,-1,-1,UNKNOWN,None
335.872,18.593,308.284,-5.655,1.895,59.65,0.0069,2,Middle,141.72,-1,-1,UNKNOWN,None
335.888,18.608,308.559,-5.652,1.898,59.43,0.0069,2,Middle,141.44,-1,-1,UNKNOWN,None
335.897,18.624,308.834,-5.65,1.9,59.22,0.0069,2,Middle,141.17,-1,-1,UNKNOWN,None
335.913,18.64,309.107,-5.646,1.904,59.01,0.0069,2,Middle,140.89,-1,-1,UNKNOWN,None
335.922,18.656,309.243,-5.645,1.905,58.92,0.0069,2,Middle,140.76,-1,-1,UNKNOWN,None
335.947,18.672,309.515,-5.642,1.908,58.74,0.0068,2,Middle,140.48,-1,-1,UNKNOWN,None
335.963,18.688,309.787,-5.638,1.912,58.58,0.0068,2,Middle,140.21,-1,-1,UNKNOWN,None
335.98,18.704,310.057,-5.634,1.916,58.44,0.0065,2,Middle,139.94,-1,-1,UNKNOWN,None
335.98,18.72,310.193,-5.632,1.918,58.38,0.006,2,Middle,139.81,-1,-1,UNKNOWN,None
336.013,18.738,310.597,-5.626,1.924,58.25,0.0058,2,Middle,139.4,-1,-1,UNKNOWN,None
336.022,18.752,310.867,-5.622,1.928,58.21,0.005,2,Middle,139.13,-1,-1,UNKNOWN,None
336.039,18.768,311.143,-5.618,1.932,58.19,0.0046,2,Middle,138.86,-1,-1,UNKNOWN,None
336.064,18.785,311.413,-5.613,1.937,58.2,0.004,2,Middle,138.59,-1,-1,UNKNOWN,None
336.074,18.8,311.568,-5.61,1.94,58.22,0.0033,2,Middle,138.43,-1,-1,UNKNOWN,None
336.082,18.816,311.838,-5.606,1.944,58.27,0.0028,2,Middle,138.16,-1,-1,UNKNOWN,None
336.099,18.833,312.108,-5.601,1.949,58.34,0.0021,2,Middle,137.89,-1,-1,UNKNOWN,None
336.124,18.849,312.379,-5.596,1.954,58.43,0.0017,2,Middle,137.62,-1,-1,UNKNOWN,None
336.14,18.864,312.65,-5.591,1.959,58.53,0.0011,2,Middle,137.35,-1,-1,UNKNOWN,None
336.149,18.881,312.921,-5.585,1.965,58.65,0.0007,2,Middle,137.08,-1,-1,UNKNOWN,None
336.157,18.896,313.057,-5.583,1.967,58.71,0.0002,2,Middle,136.94,-1,-1,UNKNOWN,None
336.182,18.913,313.466,-5.574,1.976,58.91,-0.0001,2,Middle,136.53,-1,-1,UNKNOWN,None
336.19,18.928,313.602,-5.572,1.978,58.99,-0.0005,2,Middle,136.4,-1,-1,UNKNOWN,None
336.224,18.944,314.013,-5.563,1.987,59.22,-0.0008,2,Middle,135.99,-1,-1,UNKNOWN,None
336.232,18.96,314.296,-5.557,1.993,59.38,-0.0012,2,Middle,135.7,-1,-1,UNKNOWN,None
336.249,18.976,314.572,-5.551,1.999,59.55,-0.0014,2,Middle,135.43,-1,-1,UNKNOWN,None
336.274,18.993,314.848,-5.545,2.005,59.73,-0.0017,2,Middle,135.15,-1,-1,UNKNOWN,None
336.282,19.008,314.986,-5.542,2.008,59.81,-0.0017,2,Middle,135.01,-1,-1,UNKNOWN,None
336.299,19.025,315.264,-5.536,2.014,60.0,-0.0018,2,Middle,134.74,-1,-1,UNKNOWN,None
336.316,19.04,315.542,-5.53,2.02,60.18,-0.0018,2,Middle,134.46,-1,-1,UNKNOWN,None
336.332,19.056,315.822,-5.524,2.026,60.37,-0.0018,2,Middle,134.18,-1,-1,UNKNOWN,None
336.332,19.074,315.961,-5.521,2.029,60.46,-0.0018,2,Middle,134.04,-1,-1,UNKNOWN,None
336.357,19.088,316.382,-5.512,2.038,60.71,-0.0018,2,Middle,133.62,-1,-1,UNKNOWN,None
336.382,19.104,316.664,-5.506,2.044,60.85,-0.0018,2,Middle,133.34,-1,-1,UNKNOWN,None
336.391,19.12,316.946,-5.499,2.051,60.95,-0.0018,2,Middle,133.05,-1,-1,UNKNOWN,None
336.416,19.136,317.228,-5.493,2.057,61.02,-0.0018,2,Middle,132.77,-1,-1,UNKNOWN,None
336.424,19.152,317.518,-5.487,2.063,61.03,-0.0018,2,Middle,132.48,-1,-1,UNKNOWN,None
336.441,19.168,317.8,-5.48,2.07,61.01,-0.0018,2,Middle,132.2,-1,-1,UNKNOWN,None
336.449,19.184,317.941,-5.477,2.073,60.98,-0.0018,2,Middle,132.06,-1,-1,UNKNOWN,None
336.474,19.2,318.223,-5.471,2.079,60.9,-0.0018,2,Middle,131.78,-1,-1,UNKNOWN,None
336.491,19.215,318.505,-5.465,2.085,60.8,-0.0018,2,Middle,131.5,-1,-1,UNKNOWN,None
336.499,19.231,318.786,-5.458,2.092,60.68,-0.0018,2,Middle,131.21,-1,-1,UNKNOWN,None
336.524,19.247,319.066,-5.452,2.098,60.53,-0.0018,2,Middle,130.93,-1,-1,UNKNOWN,None
336.533,19.263,319.346,-5.446,2.104,60.37,-0.0018,2,Middle,130.65,-1,-1,UNKNOWN,None
336.549,19.279,319.624,-5.44,2.11,60.19,-0.0018,2,Middle,130.38,-1,-1,UNKNOWN,None
336.558,19.296,319.763,-5.437,2.113,60.1,-0.0018,2,Middle,130.24,-1,-1,UNKNOWN,None
336.574,19.312,320.068,-5.43,2.12,59.89,-0.0018,2,Middle,129.93,-1,-1,UNKNOWN,None
336.584,19.328,320.249,-5.426,2.124,59.76,-0.0002,2,Middle,129.75,-1,-1,UNKNOWN,None
336.612,19.344,320.669,-5.417,2.133,59.44,-0.0001,2,Middle,129.33,-1,-1,UNKNOWN,None
336.629,19.36,320.944,-5.411,2.139,59.24,-0.0001,2,Middle,129.06,-1,-1,UNKNOWN,None
336.654,19.377,321.218,-5.405,2.145,59.05,0.0002,2,Middle,128.78,-1,-1,UNKNOWN,None
336.662,19.392,321.354,-5.402,2.148,58.96,0.0002,2,Middle,128.65,-1,-1,UNKNOWN,None
336.675,19.408,321.691,-5.395,2.155,58.75,0.0002,2,Middle,128.31,-1,-1,UNKNOWN,None
336.7,19.424,321.962,-5.389,2.161,58.61,0.0002,2,Middle,128.04,-1,-1,UNKNOWN,None
336.717,19.44,322.236,-5.383,2.167,58.49,0.0002,2,Middle,127.76,-1,-1,UNKNOWN,None
336.717,19.456,322.391,-5.38,2.17,58.43,0.0002,2,Middle,127.61,-1,-1,UNKNOWN,None
336.744,19.473,322.823,-5.371,2.179,58.33,0.0002,2,Middle,127.18,-1,-1,UNKNOWN,None
336.761,19.489,323.093,-5.365,2.185,58.3,0.0002,2,Middle,126.91,-1,-1,UNKNOWN,None
336.778,19.504,323.228,-5.362,2.188,58.3,0.0002,2,Middle,126.77,-1,-1,UNKNOWN,None
336.786,19.521,323.497,-5.356,2.194,58.32,0.0002,2,Middle,126.5,-1,-1,UNKNOWN,None
336.811,19.536,323.768,-5.351,2.199,58.36,0.0002,2,Middle,126.23,-1,-1,UNKNOWN,None
336.82,19.553,324.044,-5.345,2.205,58.42,0.0002,2,Middle,125.96,-1,-1,UNKNOWN,None
336.836,19.569,324.314,-5.339,2.211,58.51,0.0002,2,Middle,125.69,-1,-1,UNKNOWN,None
336.853,19.585,324.586,-5.333,2.217,58.6,0.0002,2,Middle,125.41,-1,-1,UNKNOWN,None
336.861,19.601,324.721,-5.331,2.219,58.66,0.0002,2,Middle,125.28,-1,-1,UNKNOWN,None
336.895,19.616,325.132,-5.322,2.228,58.84,0.0002,2,Middle,124.87,-1,-1,UNKNOWN,None
336.904,19.633,325.409,-5.316,2.234,58.97,0.0002,2,Middle,124.59,-1,-1,UNKNOWN,None
336.92,19.648,325.682,-5.31,2.24,59.12,0.0002,2,Middle,124.32,-1,-1,UNKNOWN,None
336.929,19.665,325.833,-5.307,2.243,59.2,0.0002,2,Middle,124.17,-1,-1,UNKNOWN,None
336.946,19.681,326.116,-5.301,2.249,59.36,0.0002,2,Middle,123.88,-1,-1,UNKNOWN,None
336.972,19.697,326.393,-5.295,2.255,59.53,0.0002,2,Middle,123.61,-1,-1,UNKNOWN,None
336.989,19.712,326.672,-5.289,2.261,59.7,0.0002,2,Middle,123.33,-1,-1,UNKNOWN,None
336.989,19.728,326.819,-5.286,2.264,59.79,0.0002,2,Middle,123.18,-1,-1,UNKNOWN,None
337.023,19.743,327.251,-5.277,2.273,60.07,0.0002,2,Middle,122.75,-1,-1,UNKNOWN,None
337.04,19.761,327.529,-5.271,2.279,60.25,0.0002,2,Middle,122.47,-1,-1,UNKNOWN,None
337.05,19.776,327.704,-5.268,2.282,60.36,0.0002,2,Middle,122.3,-1,-1,UNKNOWN,None
337.067,19.792,327.984,-5.262,2.288,60.53,0.0002,2,Middle,122.02,-1,-1,UNKNOWN,None
337.075,19.807,328.265,-5.256,2.294,60.68,0.0002,2,Middle,121.74,-1,-1,UNKNOWN,None
337.084,19.824,328.405,-5.253,2.297,60.74,0.0002,2,Middle,121.59,-1,-1,UNKNOWN,None
337.1,19.84,328.687,-5.247,2.303,60.84,0.0002,2,Middle,121.31,-1,-1,UNKNOWN,None
337.125,19.856,329.109,-5.238,2.312,60.9,0.0002,2,Middle,120.89,-1,-1,UNKNOWN,None
337.142,19.872,329.391,-5.232,2.318,60.89,0.0002,2,Middle,120.61,-1,-1,UNKNOWN,None
337.159,19.887,329.673,-5.226,2.324,60.84,0.0002,2,Middle,120.33,-1,-1,UNKNOWN,None
337.184,19.904,329.958,-5.22,2.33,60.76,0.0002,2,Middle,120.04,-1,-1,UNKNOWN,None
337.193,19.92,330.253,-5.214,2.336,60.65,0.0002,2,Middle,119.75,-1,-1,UNKNOWN,None
337.201,19.936,330.393,-5.211,2.339,60.59,0.0002,2,Middle,119.61,-1,-1,UNKNOWN,None
337.227,19.952,330.679,-5.205,2.345,60.44,0.0002,2,Middle,119.32,-1,-1,UNKNOWN,None
337.244,19.969,330.961,-5.199,2.351,60.29,0.0002,2,Middle,119.04,-1,-1,UNKNOWN,None
337.26,19.984,331.24,-5.193,2.357,60.11,0.0002,2,Middle,118.76,-1,-1,UNKNOWN,None
337.269,20.0,331.378,-5.19,2.36,60.02,0.0002,2,Middle,118.62,-1,-1,UNKNOWN,None
337.277,20.016,331.663,-5.184,2.366,59.83,0.0002,2,Middle,118.34,-1,-1,UNKNOWN,None
337.302,20.032,332.077,-5.175,2.375,59.52,-0.0001,2,Middle,117.92,-1,-1,UNKNOWN,None
337.319,20.048,332.215,-5.172,2.378,59.42,-0.0005,2,Middle,117.79,-1,-1,UNKNOWN,None
337.328,20.064,332.587,-5.165,2.385,59.14,-0.0005,2,Middle,117.41,-1,-1,UNKNOWN,None
337.36,20.08,332.895,-5.158,2.392,58.92,-0.0009,2,Middle,117.11,-1,-1,UNKNOWN,None
337.369,20.096,333.167,-5.152,2.398,58.74,-0.0012,2,Middle,116.83,-1,-1,UNKNOWN,None
337.377,20.112,333.303,-5.149,2.401,58.66,-0.0014,2,Middle,116.7,-1,-1,UNKNOWN,None
337.402,20.128,333.574,-5.144,2.406,58.51,-0.0018,2,Middle,116.43,-1,-1,UNKNOWN,None
337.41,20.144,333.844,-5.138,2.412,58.37,-0.0021,2,Middle,116.16,-1,-1,UNKNOWN,None
337.436,20.16,334.116,-5.132,2.418,58.27,-0.0024,2,Middle,115.88,-1,-1,UNKNOWN,None
337.436,20.176,334.251,-5.13,2.42,58.23,-0.0024,2,Middle,115.75,-1,-1,UNKNOWN,None
337.461,20.191,334.659,-5.121,2.429,58.15,-0.0024,2,Middle,115.34,-1,-1,UNKNOWN,None
337.478,20.208,334.93,-5.116,2.434,58.14,-0.0024,2,Middle,115.07,-1,-1,UNKNOWN,None
337.503,20.223,335.199,-5.11,2.44,58.15,-0.0024,2,Middle,114.8,-1,-1,UNKNOWN,None
337.519,20.239,335.468,-5.105,2.445,58.19,-0.0024,2,Middle,114.53,-1,-1,UNKNOWN,None
337.528,20.255,335.744,-5.099,2.451,58.26,-0.0024,2,Middle,114.26,-1,-1,UNKNOWN,None
337.536,20.271,335.879,-5.097,2.453,58.29,-0.0024,2,Middle,114.12,-1,-1,UNKNOWN,None
337.561,20.287,336.149,-5.091,2.459,58.38,-0.0024,2,Middle,113.85,-1,-1,UNKNOWN,None
337.57,20.304,336.419,-5.086,2.464,58.49,-0.0021,2,Middle,113.58,-1,-1,UNKNOWN,None
337.595,20.321,336.691,-5.08,2.47,58.6,-0.0017,2,Middle,113.31,-1,-1,UNKNOWN,None
337.614,20.337,337.007,-5.074,2.476,58.75,-0.0014,2,Middle,112.99,-1,-1,UNKNOWN,None
337.631,20.352,337.284,-5.069,2.481,58.89,-0.0009,2,Middle,112.72,-1,-1,UNKNOWN,None
337.648,20.369,337.562,-5.064,2.486,59.05,-0.0005,2,Middle,112.44,-1,-1,UNKNOWN,None
337.656,20.385,337.836,-5.058,2.492,59.2,0.0002,2,Middle,112.16,-1,-1,UNKNOWN,None
337.674,20.4,337.983,-5.055,2.495,59.29,0.0009,2,Middle,112.02,-1,-1,UNKNOWN,None
337.69,20.417,338.258,-5.05,2.5,59.46,0.0011,2,Middle,111.74,-1,-1,UNKNOWN,None
337.708,20.433,338.547,-5.045,2.505,59.64,0.0014,2,Middle,111.45,-1,-1,UNKNOWN,None
337.717,20.448,338.849,-5.039,2.511,59.83,0.0014,2,Middle,111.15,-1,-1,UNKNOWN,None
337.743,20.464,339.126,-5.033,2.517,60.02,0.0014,2,Middle,110.87,-1,-1,UNKNOWN,None
337.743,20.48,339.32,-5.03,2.52,60.15,0.0014,2,Middle,110.68,-1,-1,UNKNOWN,None
337.772,20.497,339.618,-5.024,2.526,60.34,0.0014,2,Middle,110.38,-1,-1,UNKNOWN,None
337.789,20.513,339.898,-5.018,2.532,60.51,0.0014,2,Middle,110.1,-1,-1,UNKNOWN,None
337.805,20.529,340.179,-5.013,2.537,60.65,0.0014,2,Middle,109.82,-1,-1,UNKNOWN,None
337.814,20.545,340.466,-5.008,2.542,60.76,0.0014,2,Middle,109.53,-1,-1,UNKNOWN,None
337.822,20.559,340.652,-5.004,2.546,60.81,0.0014,2,Middle,109.35,-1,-1,UNKNOWN,None
337.844,20.577,340.966,-4.998,2.552,60.86,0.0014,2,Middle,109.03,-1,-1,UNKNOWN,None
337.869,20.593,341.255,-4.992,2.558,60.85,0.0014,2,Middle,108.74,-1,-1,UNKNOWN,None
337.886,20.609,341.541,-4.987,2.563,60.8,0.0014,2,Middle,108.46,-1,-1,UNKNOWN,None
337.894,20.625,341.822,-4.981,2.569,60.73,0.0014,2,Middle,108.18,-1,-1,UNKNOWN,None
337.92,20.641,342.114,-4.976,2.574,60.62,0.0014,2,Middle,107.89,-1,-1,UNKNOWN,None
337.928,20.656,342.394,-4.97,2.58,60.49,0.0014,2,Middle,107.61,-1,-1,UNKNOWN,None
337.946,20.672,342.544,-4.967,2.583,60.41,0.0014,2,Middle,107.46,-1,-1,UNKNOWN,None
337.965,20.688,342.866,-4.961,2.589,60.23,0.0014,2,Middle,107.13,-1,-1,UNKNOWN,None
337.974,20.704,343.197,-4.954,2.596,60.02,0.0014,2,Middle,106.8,-1,-1,UNKNOWN,None
337.994,20.72,343.353,-4.951,2.599,59.92,0.0014,2,Middle,106.65,-1,-1,UNKNOWN,None
338.015,20.736,343.694,-4.944,2.606,59.68,-0.0018,2,Middle,106.31,-1,-1,UNKNOWN,None
338.015,20.752,343.872,-4.941,2.609,59.56,-0.0028,2,Middle,106.13,-1,-1,UNKNOWN,None
338.044,20.769,344.179,-4.935,2.615,59.34,-0.0037,2,Middle,105.82,-1,-1,UNKNOWN,None
338.061,20.784,344.468,-4.929,2.621,59.14,-0.0047,2,Middle,105.53,-1,-1,UNKNOWN,None
338.07,20.8,344.745,-4.924,2.626,58.96,-0.0053,2,Middle,105.26,-1,-1,UNKNOWN,None
338.089,20.817,344.919,-4.921,2.629,58.86,-0.0059,2,Middle,105.08,-1,-1,UNKNOWN,None
338.108,20.832,345.226,-4.915,2.635,58.7,-0.0063,2,Middle,104.77,-1,-1,UNKNOWN,None
338.125,20.849,345.497,-4.91,2.64,58.58,-0.0065,2,Middle,104.5,-1,-1,UNKNOWN,None
338.133,20.864,345.799,-4.905,2.645,58.48,-0.0065,2,Middle,104.2,-1,-1,UNKNOWN,None
338.143,20.881,345.966,-4.902,2.648,58.44,-0.0065,2,Middle,104.03,-1,-1,UNKNOWN,None
338.177,20.898,346.343,-4.895,2.655,58.39,-0.0065,2,Middle,103.66,-1,-1,UNKNOWN,None
338.185,20.912,346.483,-4.893,2.657,58.39,-0.0065,2,Middle,103.52,-1,-1,UNKNOWN,None
338.203,20.928,346.763,-4.888,2.662,58.41,-0.0065,2,Middle,103.24,-1,-1,UNKNOWN,None
338.219,20.945,347.037,-4.883,2.667,58.45,-0.0065,2,Middle,102.96,-1,-1,UNKNOWN,None
338.237,20.961,347.316,-4.879,2.671,58.51,-0.0065,2,Middle,102.68,-1,-1,UNKNOWN,None
338.245,20.977,347.587,-4.874,2.676,58.59,-0.0063,2,Middle,102.41,-1,-1,UNKNOWN,None
338.27,20.992,347.859,-4.87,2.68,58.69,-0.006,2,Middle,102.14,-1,-1,UNKNOWN,None
338.287,21.009,348.144,-4.866,2.684,58.81,-0.006,2,Middle,101.86,-1,-1,UNKNOWN,None
338.297,21.025,348.301,-4.863,2.687,58.87,-0.0059,2,Middle,101.7,-1,-1,UNKNOWN,None
338.316,21.04,348.607,-4.859,2.691,59.02,-0.0053,2,Middle,101.39,-1,-1,UNKNOWN,None
338.332,21.056,348.881,-4.855,2.695,59.16,-0.0052,2,Middle,101.12,-1,-1,UNKNOWN,None
338.341,21.073,349.156,-4.851,2.699,59.31,-0.0049,2,Middle,100.84,-1,-1,UNKNOWN,None
338.357,21.089,349.431,-4.848,2.702,59.47,-0.0044,2,Middle,100.57,-1,-1,UNKNOWN,None
338.375,21.105,349.721,-4.844,2.706,59.64,-0.0043,2,Middle,100.28,-1,-1,UNKNOWN,None
338.392,21.119,349.998,-4.84,2.71,59.81,-0.0037,2,Middle,100.0,-1,-1,UNKNOWN,None
338.417,21.136,350.276,-4.837,2.713,59.99,-0.0035,2,Middle,99.72,-1,-1,UNKNOWN,None
338.425,21.152,350.554,-4.834,2.716,60.17,-0.0033,2,Middle,99.45,-1,-1,UNKNOWN,None
338.433,21.169,350.706,-4.832,2.718,60.27,-0.0033,2,Middle,99.29,-1,-1,UNKNOWN,None
338.459,21.185,350.993,-4.829,2.721,60.46,-0.0033,2,Middle,99.01,-1,-1,UNKNOWN,None
338.478,21.199,351.301,-4.825,2.725,60.64,-0.0033,2,Middle,98.7,-1,-1,UNKNOWN,None
338.494,21.215,351.583,-4.822,2.728,60.79,-0.0033,2,Middle,98.42,-1,-1,UNKNOWN,None
338.503,21.232,351.865,-4.82,2.73,60.9,-0.0033,2,Middle,98.14,-1,-1,UNKNOWN,None
338.519,21.247,352.147,-4.817,2.733,60.97,-0.0033,2,Middle,97.85,-1,-1,UNKNOWN,None
338.536,21.264,352.429,-4.814,2.736,61.0,-0.0033,2,Middle,97.57,-1,-1,UNKNOWN,None
338.553,21.279,352.711,-4.812,2.738,60.99,-0.0033,2,Middle,97.29,-1,-1,UNKNOWN,None
338.561,21.297,352.853,-4.811,2.739,60.97,-0.0033,2,Middle,97.15,-1,-1,UNKNOWN,None
338.586,21.313,353.135,-4.808,2.742,60.9,-0.0033,2,Middle,96.87,-1,-1,UNKNOWN,None
338.595,21.328,353.466,-4.806,2.744,60.79,-0.0033,2,Middle,96.53,-1,-1,UNKNOWN,None
338.616,21.345,353.773,-4.803,2.747,60.65,-0.0033,2,Middle,96.23,-1,-1,UNKNOWN,None
338.633,21.361,353.928,-4.802,2.748,60.58,-0.0033,2,Middle,96.07,-1,-1,UNKNOWN,None
338.652,21.377,354.24,-4.8,2.75,60.41,-0.0033,2,Middle,95.76,-1,-1,UNKNOWN,None
338.67,21.393,354.55,-4.798,2.752,60.21,-0.0033,2,Middle,95.45,-1,-1,UNKNOWN,None
338.687,21.408,354.828,-4.796,2.754,60.03,-0.0033,2,Middle,95.17,-1,-1,UNKNOWN,None
338.695,21.424,355.105,-4.795,2.755,59.83,-0.0033,2,Middle,94.9,-1,-1,UNKNOWN,None
338.72,21.441,355.381,-4.793,2.757,59.63,-0.0075,2,Middle,94.62,-1,-1,UNKNOWN,None
338.729,21.456,355.656,-4.792,2.758,59.42,-0.0088,2,Middle,94.34,-1,-1,UNKNOWN,None
338.745,21.472,355.794,-4.791,2.759,59.32,-0.0098,2,Middle,94.21,-1,-1,UNKNOWN,None
338.754,21.488,356.083,-4.79,2.76,59.11,-0.011,2,Middle,93.92,-1,-1,UNKNOWN,None
338.779,21.504,356.356,-4.79,2.76,58.92,-0.0119,2,Middle,93.64,-1,-1,UNKNOWN,None
338.796,21.52,356.628,-4.789,2.761,58.75,-0.0126,2,Middle,93.37,-1,-1,UNKNOWN,None
338.813,21.536,356.9,-4.789,2.761,58.6,-0.013,2,Middle,93.1,-1,-1,UNKNOWN,None
338.813,21.552,357.035,-4.789,2.761,58.53,-0.013,2,Middle,92.96,-1,-1,UNKNOWN,None
338.829,21.569,357.307,-4.789,2.761,58.41,-0.013,2,Middle,92.69,-1,-1,UNKNOWN,None
338.863,21.584,357.714,-4.789,2.761,58.29,-0.013,2,Middle,92.29,-1,-1,UNKNOWN,None
338.88,21.601,357.993,-4.79,2.76,58.25,-0.0127,2,Middle,92.01,-1,-1,UNKNOWN,None
338.889,21.622,358.262,-4.79,2.76,58.24,-0.0121,2,Middle,91.74,-1,-1,UNKNOWN,None
338.905,21.633,358.532,-4.791,2.759,58.26,-0.0111,2,Middle,91.47,-1,-1,UNKNOWN,None
338.922,21.648,358.667,-4.792,2.758,58.28,-0.0107,2,Middle,91.33,-1,-1,UNKNOWN,None
338.93,21.664,358.974,-4.794,2.756,58.34,-0.0098,2,Middle,91.03,-1,-1,UNKNOWN,None
338.941,21.68,359.125,-4.794,2.756,58.38,-0.0086,2,Middle,90.88,-1,-1,UNKNOWN,None
338.971,21.697,359.458,-4.797,2.753,58.48,-0.0075,2,Middle,90.54,-1,-1,UNKNOWN,None
338.987,21.713,359.722,-4.798,2.752,58.58,-0.0063,2,Middle,90.28,-1,-1,UNKNOWN,None
339.004,21.728,360.004,-4.801,2.749,58.7,-0.0052,2,Middle,90.0,-1,-1,UNKNOWN,None
339.013,21.743,360.281,-4.803,2.747,58.83,-0.0037,2,Middle,89.72,-1,-1,UNKNOWN,None
339.029,21.761,360.56,-4.805,2.745,58.97,-0.0028,2,Middle,89.44,-1,-1,UNKNOWN,None
339.049,21.776,360.873,-4.808,2.742,59.14,-0.0018,2,Middle,89.13,-1,-1,UNKNOWN,None
339.066,21.792,361.01,-4.81,2.74,59.22,-0.0009,2,Middle,88.99,-1,-1,UNKNOWN,None
339.082,21.809,361.285,-4.813,2.737,59.38,-0.0001,2,Middle,88.71,-1,-1,UNKNOWN,None
339.091,21.825,361.561,-4.816,2.734,59.55,0.0005,2,Middle,88.44,-1,-1,UNKNOWN,None
339.118,21.841,361.876,-4.819,2.731,59.74,0.0011,2,Middle,88.12,-1,-1,UNKNOWN,None
339.127,21.857,362.162,-4.822,2.728,59.93,0.0014,2,Middle,87.84,-1,-1,UNKNOWN,None
339.152,21.871,362.445,-4.826,2.724,60.12,0.0017,2,Middle,87.55,-1,-1,UNKNOWN,None
339.16,21.889,362.724,-4.829,2.721,60.3,0.0017,2,Middle,87.28,-1,-1,UNKNOWN,None
339.178,21.905,363.012,-4.833,2.717,60.48,0.0017,2,Middle,86.99,-1,-1,UNKNOWN,None
339.194,21.921,363.152,-4.834,2.716,60.57,0.0017,2,Middle,86.85,-1,-1,UNKNOWN,None
339.203,21.936,363.433,-4.838,2.712,60.72,0.0017,2,Middle,86.57,-1,-1,UNKNOWN,None
339.211,21.952,363.584,-4.84,2.71,60.79,0.0017,2,Middle,86.42,-1,-1,UNKNOWN,None
339.245,21.968,364.007,-4.846,2.704,60.92,0.0017,2,Middle,85.99,-1,-1,UNKNOWN,None
339.245,21.984,364.148,-4.848,2.702,60.94,0.0017,2,Middle,85.85,-1,-1,UNKNOWN,None
339.262,22.0,364.491,-4.852,2.698,60.95,0.0017,2,Middle,85.51,-1,-1,UNKNOWN,None
339.294,22.018,364.832,-4.857,2.693,60.9,0.0017,2,Middle,85.17,-1,-1,UNKNOWN,None
339.294,22.033,365.039,-4.86,2.69,60.85,0.0017,2,Middle,84.96,-1,-1,UNKNOWN,None
339.323,22.049,365.321,-4.864,2.686,60.76,0.0017,2,Middle,84.68,-1,-1,UNKNOWN,None
339.331,22.064,365.601,-4.868,2.682,60.64,0.0017,2,Middle,84.4,-1,-1,UNKNOWN,None
339.356,22.079,365.886,-4.872,2.678,60.5,0.0017,2,Middle,84.11,-1,-1,UNKNOWN,None
339.373,22.097,366.165,-4.876,2.674,60.34,0.0017,2,Middle,83.83,-1,-1,UNKNOWN,None
339.389,22.113,366.444,-4.88,2.67,60.17,0.0017,2,Middle,83.56,-1,-1,UNKNOWN,None
339.389,22.129,366.583,-4.882,2.668,60.07,0.0017,2,Middle,83.42,-1,-1,UNKNOWN,None
339.424,22.145,367.018,-4.888,2.662,59.77,0.0017,2,Middle,82.98,-1,-1,UNKNOWN,None
339.433,22.16,367.302,-4.892,2.658,59.56,0.0046,2,Middle,82.7,-1,-1,UNKNOWN,None
339.449,22.176,367.579,-4.896,2.654,59.35,0.0046,2,Middle,82.42,-1,-1,UNKNOWN,None
339.466,22.192,367.716,-4.898,2.652,59.25,0.0046,2,Middle,82.28,-1,-1,UNKNOWN,None
339.475,22.207,367.989,-4.902,2.648,59.05,0.0046,2,Middle,82.01,-1,-1,UNKNOWN,None
339.491,22.223,368.262,-4.905,2.645,58.86,0.0046,2,Middle,81.74,-1,-1,UNKNOWN,None
339.508,22.239,368.534,-4.909,2.641,58.69,0.0046,2,Middle,81.47,-1,-1,UNKNOWN,None
339.533,22.256,368.805,-4.913,2.637,58.54,0.0046,2,Middle,81.19,-1,-1,UNKNOWN,None
339.55,22.272,369.077,-4.916,2.634,58.41,0.0046,2,Middle,80.92,-1,-1,UNKNOWN,None
339.566,22.286,369.347,-4.92,2.63,58.3,0.0046,2,Middle,80.65,-1,-1,UNKNOWN,None
339.566,22.304,369.482,-4.921,2.629,58.26,0.0046,2,Middle,80.52,-1,-1,UNKNOWN,None
339.592,22.32,369.9,-4.926,2.624,58.19,0.0042,2,Middle,80.1,-1,-1,UNKNOWN,None
339.609,22.339,370.169,-4.93,2.62,58.18,0.004,2,Middle,79.83,-1,-1,UNKNOWN,None
339.617,22.352,370.304,-4.931,2.619,58.18,0.0033,2,Middle,79.7,-1,-1,UNKNOWN,None
339.634,22.368,370.579,-4.934,2.616,58.21,0.0028,2,Middle,79.42,-1,-1,UNKNOWN,None
339.659,22.384,370.849,-4.937,2.613,58.27,0.0018,2,Middle,79.15,-1,-1,UNKNOWN,None
339.676,22.4,371.119,-4.94,2.61,58.34,0.0009,2,Middle,78.88,-1,-1,UNKNOWN,None
339.684,22.416,371.389,-4.943,2.607,58.43,-0.0001,2,Middle,78.61,-1,-1,UNKNOWN,None
339.701,22.432,371.524,-4.945,2.605,58.48,-0.0012,2,Middle,78.48,-1,-1,UNKNOWN,None
339.709,22.449,371.796,-4.948,2.602,58.59,-0.0021,2,Middle,78.2,-1,-1,UNKNOWN,None
339.743,22.464,372.203,-4.952,2.598,58.78,-0.0031,2,Middle,77.8,-1,-1,UNKNOWN,None
339.751,22.479,372.476,-4.955,2.595,58.92,-0.0037,2,Middle,77.52,-1,-1,UNKNOWN,None
339.768,22.496,372.751,-4.959,2.591,59.07,-0.0043,2,Middle,77.25,-1,-1,UNKNOWN,None
339.776,22.519,372.916,-4.96,2.59,59.16,-0.0044,2,Middle,77.08,-1,-1,UNKNOWN,None
339.803,22.527,373.194,-4.964,2.586,59.32,-0.0047,2,Middle,76.81,-1,-1,UNKNOWN,None
339.822,22.544,373.514,-4.967,2.583,59.52,-0.0047,2,Middle,76.49,-1,-1,UNKNOWN,None
339.839,22.56,373.796,-4.97,2.58,59.69,-0.0047,2,Middle,76.2,-1,-1,UNKNOWN,None
339.848,22.576,374.073,-4.974,2.576,59.87,-0.0047,2,Middle,75.93,-1,-1,UNKNOWN,None
339.864,22.592,374.351,-4.977,2.573,60.06,-0.0047,2,Middle,75.65,-1,-1,UNKNOWN,None
339.881,22.608,374.63,-4.98,2.57,60.24,-0.0047,2,Middle,75.37,-1,-1,UNKNOWN,None
339.889,22.624,374.77,-4.982,2.568,60.33,-0.0047,2,Middle,75.23,-1,-1,UNKNOWN,None
339.915,22.64,375.058,-4.985,2.565,60.51,-0.0047,2,Middle,74.94,-1,-1,UNKNOWN,None
339.932,22.657,375.345,-4.989,2.561,60.66,-0.0047,2,Middle,74.65,-1,-1,UNKNOWN,None
339.949,22.673,375.627,-4.992,2.558,60.78,-0.0047,2,Middle,74.37,-1,-1,UNKNOWN,None
339.965,22.687,375.908,-4.996,2.554,60.86,-0.0047,2,Middle,74.09,-1,-1,UNKNOWN,None
339.982,22.705,376.192,-5.0,2.55,60.89,-0.0047,2,Middle,73.81,-1,-1,UNKNOWN,None
339.99,22.72,376.474,-5.003,2.547,60.88,-0.0047,2,Middle,73.53,-1,-1,UNKNOWN,None
340.016,22.736,376.764,-5.007,2.543,60.84,-0.0047,2,Middle,73.24,-1,-1,UNKNOWN,None
340.024,22.753,377.047,-5.011,2.539,60.76,-0.0047,2,Middle,72.95,-1,-1,UNKNOWN,None
340.042,22.768,377.206,-5.014,2.536,60.7,-0.0024,2,Middle,72.79,-1,-1,UNKNOWN,None
340.059,22.784,377.486,-5.017,2.533,60.59,-0.0024,2,Middle,72.51,-1,-1,UNKNOWN,None
340.075,22.8,377.766,-5.022,2.528,60.46,-0.0024,2,Middle,72.23,-1,-1,UNKNOWN,None
340.092,22.816,378.045,-5.026,2.524,60.3,-0.0024,2,Middle,71.95,-1,-1,UNKNOWN,None
340.1,22.832,378.324,-5.03,2.52,60.14,-0.0024,2,Middle,71.68,-1,-1,UNKNOWN,None
340.125,22.848,378.602,-5.034,2.516,59.96,-0.0024,2,Middle,71.4,-1,-1,UNKNOWN,None
340.134,22.864,378.904,-5.039,2.511,59.75,-0.0024,2,Middle,71.1,-1,-1,UNKNOWN,None
340.144,22.88,379.072,-5.041,2.509,59.63,-0.0024,2,Middle,70.93,-1,-1,UNKNOWN,None
340.172,22.896,379.374,-5.046,2.504,59.42,-0.0024,2,Middle,70.63,-1,-1,UNKNOWN,None
340.189,22.913,379.66,-5.051,2.499,59.22,-0.0024,2,Middle,70.34,-1,-1,UNKNOWN,None
340.198,22.929,379.949,-5.055,2.495,59.03,-0.0024,2,Middle,70.05,-1,-1,UNKNOWN,None
340.219,22.945,380.15,-5.059,2.491,58.92,-0.0024,2,Middle,69.85,-1,-1,UNKNOWN,None
340.237,22.961,380.443,-5.064,2.486,58.76,-0.0024,2,Middle,69.56,-1,-1,UNKNOWN,None
340.237,22.977,380.579,-5.066,2.484,58.7,-0.0024,2,Middle,69.42,-1,-1,UNKNOWN,None
340.271,22.991,380.986,-5.073,2.477,58.54,-0.0024,2,Middle,69.01,-1,-1,UNKNOWN,None
340.287,23.008,381.257,-5.078,2.472,58.48,-0.0024,2,Middle,68.74,-1,-1,UNKNOWN,None
340.304,23.024,381.53,-5.083,2.467,58.45,-0.0024,2,Middle,68.47,-1,-1,UNKNOWN,None
340.313,23.04,381.808,-5.088,2.462,58.44,-0.0024,2,Middle,68.19,-1,-1,UNKNOWN,None
340.33,23.056,381.952,-5.091,2.459,58.45,-0.0024,2,Middle,68.05,-1,-1,UNKNOWN,None
340.338,23.072,382.225,-5.096,2.454,58.49,-0.0024,2,Middle,67.78,-1,-1,UNKNOWN,None
340.363,23.088,382.496,-5.101,2.449,58.55,-0.0024,2,Middle,67.5,-1,-1,UNKNOWN,None
340.372,23.104,382.783,-5.106,2.444,58.63,-0.0024,2,Middle,67.22,-1,-1,UNKNOWN,None
340.391,23.121,383.079,-5.112,2.438,58.73,-0.0024,2,Middle,66.92,-1,-1,UNKNOWN,None
340.408,23.137,383.358,-5.118,2.432,58.85,-0.0024,2,Middle,66.64,-1,-1,UNKNOWN,None
340.425,23.153,383.635,-5.123,2.427,58.97,-0.0024,2,Middle,66.36,-1,-1,UNKNOWN,None
340.433,23.169,383.781,-5.126,2.424,59.04,-0.0018,2,Middle,66.22,-1,-1,UNKNOWN,None
340.451,23.184,384.104,-5.133,2.417,59.21,-0.0017,2,Middle,65.9,-1,-1,UNKNOWN,None
340.474,23.2,384.311,-5.137,2.413,59.32,-0.0014,2,Middle,65.69,-1,-1,UNKNOWN,None
340.491,23.216,384.586,-5.143,2.407,59.47,-0.0012,2,Middle,65.41,-1,-1,UNKNOWN,None
340.499,23.232,384.865,-5.149,2.401,59.64,-0.0012,2,Middle,65.14,-1,-1,UNKNOWN,None
340.516,23.248,385.144,-5.155,2.395,59.81,-0.0012,2,Middle,64.86,-1,-1,UNKNOWN,None
340.543,23.263,385.446,-5.161,2.389,60.0,-0.0012,2,Middle,64.55,-1,-1,UNKNOWN,None
340.552,23.279,385.593,-5.164,2.386,60.09,-0.0012,2,Middle,64.41,-1,-1,UNKNOWN,None
340.575,23.296,385.99,-5.173,2.377,60.35,-0.0012,2,Middle,64.01,-1,-1,UNKNOWN,None
340.584,23.313,386.138,-5.176,2.374,60.44,-0.0012,2,Middle,63.86,-1,-1,UNKNOWN,None
340.594,23.329,386.522,-5.185,2.365,60.65,-0.0012,2,Middle,63.48,-1,-1,UNKNOWN,None
340.624,23.344,386.803,-5.191,2.359,60.77,-0.0012,2,Middle,63.2,-1,-1,UNKNOWN,None
340.624,23.361,386.993,-5.195,2.355,60.83,-0.0012,2,Middle,63.01,-1,-1,UNKNOWN,None
340.652,23.376,387.277,-5.202,2.348,60.89,-0.0012,2,Middle,62.72,-1,-1,UNKNOWN,None
340.66,23.393,387.573,-5.208,2.342,60.91,-0.0012,2,Middle,62.43,-1,-1,UNKNOWN,None
340.678,23.408,387.87,-5.215,2.335,60.88,-0.0012,2,Middle,62.13,-1,-1,UNKNOWN,None
340.695,23.425,388.151,-5.222,2.328,60.81,-0.0012,2,Middle,61.85,-1,-1,UNKNOWN,None
340.712,23.441,388.44,-5.229,2.321,60.71,-0.0012,2,Middle,61.56,-1,-1,UNKNOWN,None
340.721,23.456,388.606,-5.232,2.318,60.65,-0.0012,2,Middle,61.39,-1,-1,UNKNOWN,None
340.747,23.472,388.89,-5.239,2.311,60.51,-0.0012,2,Middle,61.11,-1,-1,UNKNOWN,None
340.764,23.489,389.17,-5.246,2.304,60.37,-0.0012,2,Middle,60.83,-1,-1,UNKNOWN,None
340.781,23.505,389.448,-5.252,2.298,60.2,-0.0012,2,Middle,60.55,-1,-1,UNKNOWN,None
340.789,23.521,389.732,-5.259,2.291,60.02,-0.0012,2,Middle,60.27,-1,-1,UNKNOWN,None
340.806,23.536,389.87,-5.262,2.288,59.92,-0.0012,2,Middle,60.13,-1,-1,UNKNOWN,None
340.828,23.552,390.232,-5.271,2.279,59.67,-0.0012,2,Middle,59.77,-1,-1,UNKNOWN,None
340.839,23.569,390.588,-5.28,2.27,59.41,-0.0009,2,Middle,59.41,-1,-1,UNKNOWN,None
340.849,23.585,390.732,-5.283,2.267,59.31,-0.0005,2,Middle,59.27,-1,-1,UNKNOWN,None
340.875,23.6,391.006,-5.29,2.26,59.12,-0.0001,2,Middle,58.99,-1,-1,UNKNOWN,None
340.891,23.617,391.279,-5.297,2.253,58.94,0.0009,2,Middle,58.72,-1,-1,UNKNOWN,None
340.909,23.633,391.568,-5.304,2.246,58.78,0.0017,2,Middle,58.43,-1,-1,UNKNOWN,None
340.918,23.649,391.847,-5.311,2.239,58.64,0.0025,2,Middle,58.15,-1,-1,UNKNOWN,None
340.943,23.664,392.122,-5.317,2.233,58.53,0.0033,2,Middle,57.88,-1,-1,UNKNOWN,None
340.96,23.679,392.397,-5.324,2.226,58.44,0.0037,2,Middle,57.6,-1,-1,UNKNOWN,None
340.977,23.696,392.667,-5.331,2.219,58.39,0.0042,2,Middle,57.33,-1,-1,UNKNOWN,None
340.989,23.713,392.86,-5.335,2.215,58.38,0.0046,2,Middle,57.14,-1,-1,UNKNOWN,None
341.007,23.729,393.162,-5.342,2.208,58.38,0.005,2,Middle,56.84,-1,-1,UNKNOWN,None
341.024,23.745,393.433,-5.349,2.201,58.41,0.0058,2,Middle,56.57,-1,-1,UNKNOWN,None
341.033,23.761,393.586,-5.352,2.198,58.44,0.0065,2,Middle,56.41,-1,-1,UNKNOWN,None
341.051,23.777,393.872,-5.359,2.191,58.51,0.0068,2,Middle,56.13,-1,-1,UNKNOWN,None
341.068,23.793,394.143,-5.365,2.185,58.59,0.0068,2,Middle,55.86,-1,-1,UNKNOWN,None
341.084,23.809,394.415,-5.371,2.179,58.69,0.0068,2,Middle,55.59,-1,-1,UNKNOWN,None
341.101,23.825,394.687,-5.377,2.173,58.8,0.0068,2,Middle,55.31,-1,-1,UNKNOWN,None
341.101,23.84,394.823,-5.38,2.17,58.87,0.0068,2,Middle,55.18,-1,-1,UNKNOWN,None
341.128,23.857,395.261,-5.39,2.16,59.08,0.0068,2,Middle,54.74,-1,-1,UNKNOWN,None
341.146,23.873,395.425,-5.393,2.157,59.17,0.0068,2,Middle,54.57,-1,-1,UNKNOWN,None
341.164,23.889,395.723,-5.4,2.15,59.33,0.0068,2,Middle,54.28,-1,-1,UNKNOWN,None
341.184,23.904,396.052,-5.406,2.144,59.52,0.0068,2,Middle,53.95,-1,-1,UNKNOWN,None
341.192,23.92,396.328,-5.412,2.138,59.69,0.0068,2,Middle,53.67,-1,-1,UNKNOWN,None
341.201,23.936,396.475,-5.415,2.135,59.78,0.0068,2,Middle,53.52,-1,-1,UNKNOWN,None
341.218,23.952,396.754,-5.42,2.13,59.95,0.0068,2,Middle,53.25,-1,-1,UNKNOWN,None
341.246,23.968,397.075,-5.426,2.124,60.16,0.0068,2,Middle,52.93,-1,-1,UNKNOWN,None
341.264,23.984,397.382,-5.432,2.118,60.36,0.0068,2,Middle,52.62,-1,-1,UNKNOWN,None
341.273,24.001,397.674,-5.437,2.113,60.55,0.0068,2,Middle,52.33,-1,-1,UNKNOWN,None
341.29,24.017,397.955,-5.442,2.108,60.71,0.0068,2,Middle,52.04,-1,-1,UNKNOWN,None
341.306,24.033,398.096,-5.444,2.106,60.78,0.0068,2,Middle,51.9,-1,-1,UNKNOWN,None
341.323,24.049,398.378,-5.449,2.101,60.92,0.0068,2,Middle,51.62,-1,-1,UNKNOWN,None
341.34,24.064,398.66,-5.453,2.097,61.04,0.0068,2,Middle,51.34,-1,-1,UNKNOWN,None
341.348,24.081,398.943,-5.458,2.092,61.12,0.0068,2,Middle,51.06,-1,-1,UNKNOWN,None
341.365,24.096,399.226,-5.462,2.088,61.18,0.0068,2,Middle,50.77,-1,-1,UNKNOWN,None
341.39,24.113,399.509,-5.466,2.084,61.2,0.0068,2,Middle,50.49,-1,-1,UNKNOWN,None
341.398,24.129,399.792,-5.47,2.08,61.18,0.0068,2,Middle,50.21,-1,-1,UNKNOWN,None
341.416,24.145,400.11,-5.474,2.076,61.12,0.0068,2,Middle,49.89,-1,-1,UNKNOWN,None
341.425,24.161,400.275,-5.476,2.074,61.08,0.0068,2,Middle,49.73,-1,-1,UNKNOWN,None
341.444,24.175,400.597,-5.48,2.07,60.99,0.006,2,Middle,49.4,-1,-1,UNKNOWN,None
341.463,24.191,400.916,-5.483,2.067,60.87,0.006,2,Middle,49.08,-1,-1,UNKNOWN,None
341.482,24.208,401.075,-5.485,2.065,60.8,0.006,2,Middle,48.92,-1,-1,UNKNOWN,None
341.5,24.223,401.383,-5.488,2.062,60.66,0.006,2,Middle,48.62,-1,-1,UNKNOWN,None
341.509,24.239,401.676,-5.491,2.059,60.5,0.004,2,Middle,48.32,-1,-1,UNKNOWN,None
341.535,24.256,401.974,-5.494,2.056,60.32,0.004,2,Middle,48.03,-1,-1,UNKNOWN,None
341.544,24.272,402.253,-5.496,2.054,60.14,0.004,2,Middle,47.75,-1,-1,UNKNOWN,None
341.552,24.288,402.392,-5.498,2.052,60.05,0.004,2,Middle,47.61,-1,-1,UNKNOWN,None
341.577,24.305,402.807,-5.501,2.049,59.75,0.004,2,Middle,47.19,-1,-1,UNKNOWN,None
341.594,24.321,403.083,-5.503,2.047,59.54,0.0009,2,Middle,46.92,-1,-1,UNKNOWN,None
341.61,24.337,403.22,-5.504,2.046,59.43,0.0007,2,Middle,46.78,-1,-1,UNKNOWN,None
341.629,24.352,403.521,-5.506,2.044,59.21,0.0007,2,Middle,46.48,-1,-1,UNKNOWN,None
341.645,24.368,403.795,-5.508,2.042,59.0,0.0007,2,Middle,46.21,-1,-1,UNKNOWN,None
341.662,24.385,404.067,-5.509,2.041,58.81,0.0007,2,Middle,45.93,-1,-1,UNKNOWN,None
341.672,24.401,404.367,-5.511,2.039,58.62,0.0007,2,Middle,45.63,-1,-1,UNKNOWN,None
341.69,24.417,404.652,-5.513,2.037,58.47,0.0007,2,Middle,45.35,-1,-1,UNKNOWN,None
341.706,24.433,404.787,-5.513,2.037,58.4,0.0007,2,Middle,45.21,-1,-1,UNKNOWN,None
341.723,24.449,405.057,-5.515,2.035,58.29,0.0007,2,Middle,44.94,-1,-1,UNKNOWN,None
341.74,24.465,405.326,-5.516,2.034,58.2,0.0007,2,Middle,44.67,-1,-1,UNKNOWN,None
341.756,24.481,405.596,-5.517,2.033,58.15,0.0007,2,Middle,44.4,-1,-1,UNKNOWN,None
341.773,24.496,405.865,-5.518,2.032,58.13,0.0007,2,Middle,44.14,-1,-1,UNKNOWN,None
341.781,24.512,406.134,-5.519,2.031,58.14,0.0007,2,Middle,43.87,-1,-1,UNKNOWN,None
341.8,24.529,406.446,-5.52,2.03,58.18,0.0007,2,Middle,43.55,-1,-1,UNKNOWN,None
341.817,24.544,406.581,-5.521,2.029,58.2,0.0007,2,Middle,43.42,-1,-1,UNKNOWN,None
341.827,24.561,406.864,-5.521,2.029,58.28,0.0007,2,Middle,43.14,-1,-1,UNKNOWN,None
341.852,24.577,407.142,-5.522,2.028,58.36,0.0007,2,Middle,42.86,-1,-1,UNKNOWN,None
341.869,24.593,407.413,-5.523,2.027,58.47,0.0007,2,Middle,42.59,-1,-1,UNKNOWN,None
341.877,24.609,407.684,-5.523,2.027,58.58,0.0007,2,Middle,42.32,-1,-1,UNKNOWN,None
341.894,24.625,407.97,-5.524,2.026,58.72,0.0007,2,Middle,42.03,-1,-1,UNKNOWN,None
341.92,24.641,408.243,-5.525,2.025,58.85,0.0007,2,Middle,41.76,-1,-1,UNKNOWN,None
341.928,24.656,408.516,-5.525,2.025,59.0,0.0007,2,Middle,41.48,-1,-1,UNKNOWN,None
341.945,24.673,408.797,-5.525,2.025,59.16,0.0007,2,Middle,41.2,-1,-1,UNKNOWN,None
341.962,24.688,408.934,-5.526,2.024,59.24,0.0007,2,Middle,41.07,-1,-1,UNKNOWN,None
341.978,24.704,409.209,-5.526,2.024,59.41,0.0007,2,Middle,40.79,-1,-1,UNKNOWN,None
341.987,24.721,409.484,-5.526,2.024,59.58,0.0007,2,Middle,40.52,-1,-1,UNKNOWN,None
342.012,24.737,409.761,-5.527,2.023,59.76,0.0007,2,Middle,40.24,-1,-1,UNKNOWN,None
342.028,24.753,410.038,-5.527,2.023,59.94,0.0007,2,Middle,39.96,-1,-1,UNKNOWN,None
342.028,24.769,410.222,-5.527,2.023,60.06,0.0007,2,Middle,39.78,-1,-1,UNKNOWN,None
342.064,24.785,410.64,-5.527,2.023,60.34,0.0007,2,Middle,39.36,-1,-1,UNKNOWN,None
342.073,24.801,410.921,-5.528,2.022,60.52,0.0007,2,Middle,39.08,-1,-1,UNKNOWN,None
342.081,24.816,411.061,-5.528,2.022,60.61,0.0007,2,Middle,38.94,-1,-1,UNKNOWN,None
342.098,24.833,411.342,-5.528,2.022,60.76,0.0007,2,Middle,38.66,-1,-1,UNKNOWN,None
342.123,24.848,411.624,-5.528,2.022,60.88,0.0007,2,Middle,38.38,-1,-1,UNKNOWN,None
342.139,24.864,411.906,-5.528,2.022,60.97,0.0007,2,Middle,38.09,-1,-1,UNKNOWN,None
342.148,24.881,412.188,-5.528,2.022,61.02,0.0007,2,Middle,37.81,-1,-1,UNKNOWN,None
342.173,24.897,412.471,-5.528,2.022,61.04,0.0007,2,Middle,37.53,-1,-1,UNKNOWN,None
342.184,24.913,412.655,-5.528,2.022,61.04,0.0007,2,Middle,37.35,-1,-1,UNKNOWN,None
342.193,24.93,412.955,-5.528,2.022,60.99,0.0007,2,Middle,37.04,-1,-1,UNKNOWN,None
342.21,24.944,413.253,-5.528,2.022,60.91,0.0007,2,Middle,36.75,-1,-1,UNKNOWN,None
342.236,24.961,413.544,-5.528,2.022,60.81,0.0007,2,Middle,36.46,-1,-1,UNKNOWN,None
342.253,24.976,413.829,-5.527,2.023,60.69,0.0007,2,Middle,36.17,-1,-1,UNKNOWN,None
342.261,24.992,414.109,-5.527,2.023,60.54,0.0007,2,Middle,35.89,-1,-1,UNKNOWN,None
342.287,25.009,414.398,-5.527,2.023,60.38,0.0007,2,Middle,35.6,-1,-1,UNKNOWN,None
342.295,25.025,414.681,-5.527,2.023,60.21,0.0007,2,Middle,35.32,-1,-1,UNKNOWN,None
342.32,25.041,414.959,-5.527,2.023,60.02,0.0007,2,Middle,35.04,-1,-1,UNKNOWN,None
342.329,25.056,415.236,-5.526,2.024,59.83,0.0007,2,Middle,34.76,-1,-1,UNKNOWN,None
342.337,25.072,415.374,-5.526,2.024,59.73,0.0007,2,Middle,34.63,-1,-1,UNKNOWN,None
342.354,25.088,415.65,-5.526,2.024,59.52,0.0007,2,Middle,34.35,-1,-1,UNKNOWN,None
342.371,25.104,415.929,-5.526,2.024,59.31,0.0007,2,Middle,34.07,-1,-1,UNKNOWN,None
342.396,25.12,416.208,-5.525,2.025,59.11,0.0007,2,Middle,33.79,-1,-1,UNKNOWN,None
342.413,25.137,416.481,-5.525,2.025,58.92,0.0007,2,Middle,33.52,-1,-1,UNKNOWN,None
342.421,25.152,416.754,-5.525,2.025,58.75,0.0007,2,Middle,33.25,-1,-1,UNKNOWN,None
342.446,25.169,417.027,-5.524,2.026,58.6,0.0007,2,Middle,32.97,-1,-1,UNKNOWN,None
342.463,25.185,417.297,-5.524,2.026,58.47,0.0007,2,Middle,32.7,-1,-1,UNKNOWN,None
342.479,25.2,417.568,-5.524,2.026,58.36,0.0007,2,Middle,32.43,-1,-1,UNKNOWN,None
342.488,25.215,417.838,-5.523,2.027,58.29,0.0007,2,Middle,32.16,-1,-1,UNKNOWN,None
342.504,25.232,418.107,-5.523,2.027,58.25,0.0007,2,Middle,31.89,-1,-1,UNKNOWN,None
342.521,25.248,418.242,-5.522,2.028,58.24,0.0007,2,Middle,31.76,-1,-1,UNKNOWN,None
342.538,25.264,418.512,-5.522,2.028,58.24,0.0007,2,Middle,31.49,-1,-1,UNKNOWN,None
342.554,25.28,418.782,-5.521,2.029,58.27,0.0007,2,Middle,31.22,-1,-1,UNKNOWN,None
342.571,25.296,419.052,-5.521,2.029,58.32,0.0007,2,Middle,30.95,-1,-1,UNKNOWN,None
342.588,25.313,419.322,-5.52,2.03,58.39,0.0007,2,Middle,30.68,-1,-1,UNKNOWN,None
342.604,25.328,419.593,-5.52,2.03,58.48,0.0007,2,Middle,30.41,-1,-1,UNKNOWN,None
342.604,25.344,419.728,-5.52,2.03,58.53,0.0007,2,Middle,30.27,-1,-1,UNKNOWN,None
342.629,25.361,420.142,-5.519,2.031,58.7,0.0007,2,Middle,29.86,-1,-1,UNKNOWN,None
342.656,25.377,420.427,-5.518,2.032,58.84,0.0007,2,Middle,29.57,-1,-1,UNKNOWN,None
342.664,25.392,420.7,-5.517,2.033,58.98,0.0007,2,Middle,29.3,-1,-1,UNKNOWN,None
342.681,25.408,420.974,-5.517,2.033,59.13,0.0007,2,Middle,29.03,-1,-1,UNKNOWN,None
342.697,25.424,421.248,-5.516,2.034,59.28,0.0007,2,Middle,28.75,-1,-1,UNKNOWN,None
342.706,25.44,421.385,-5.516,2.034,59.36,0.0007,2,Middle,28.61,-1,-1,UNKNOWN,None
342.731,25.456,421.661,-5.515,2.035,59.53,0.0007,2,Middle,28.34,-1,-1,UNKNOWN,None
342.747,25.472,421.937,-5.514,2.036,59.7,0.0007,2,Middle,28.06,-1,-1,UNKNOWN,None
342.764,25.488,422.214,-5.513,2.037,59.88,0.0007,2,Middle,27.79,-1,-1,UNKNOWN,None
342.764,25.504,422.353,-5.513,2.037,59.97,0.0007,2,Middle,27.65,-1,-1,UNKNOWN,None
342.797,25.519,422.767,-5.512,2.038,60.24,0.0007,2,Middle,27.23,-1,-1,UNKNOWN,None
342.814,25.536,423.047,-5.511,2.039,60.43,0.0007,2,Middle,26.95,-1,-1,UNKNOWN,None
342.831,25.552,423.334,-5.51,2.04,60.62,0.0007,2,Middle,26.67,-1,-1,UNKNOWN,None
342.839,25.567,423.618,-5.509,2.041,60.78,0.0007,2,Middle,26.38,-1,-1,UNKNOWN,None
342.856,25.584,423.9,-5.508,2.042,60.92,0.0007,2,Middle,26.1,-1,-1,UNKNOWN,None
342.873,25.6,424.183,-5.507,2.043,61.02,0.0007,2,Middle,25.82,-1,-1,UNKNOWN,None
342.881,25.616,424.324,-5.507,2.043,61.06,0.0007,2,Middle,25.68,-1,-1,UNKNOWN,None
342.906,25.633,424.613,-5.506,2.044,61.09,0.0007,2,Middle,25.39,-1,-1,UNKNOWN,None
342.923,25.649,424.902,-5.505,2.045,61.09,0.003,2,Middle,25.1,-1,-1,UNKNOWN,None
342.94,25.664,425.185,-5.504,2.046,61.04,0.0042,2,Middle,24.82,-1,-1,UNKNOWN,None
342.948,25.681,425.467,-5.502,2.048,60.98,0.0042,2,Middle,24.53,-1,-1,UNKNOWN,None
342.965,25.697,425.756,-5.501,2.049,60.88,0.0042,2,Middle,24.24,-1,-1,UNKNOWN,None
342.984,25.713,426.069,-5.5,2.05,60.75,0.0107,2,Middle,23.93,-1,-1,UNKNOWN,None
343.001,25.729,426.349,-5.498,2.052,60.61,0.0139,2,Middle,23.65,-1,-1,UNKNOWN,None
343.009,25.745,426.496,-5.497,2.053,60.54,0.0178,2,Middle,23.5,-1,-1,UNKNOWN,None
343.026,25.761,426.776,-5.495,2.055,60.4,0.0178,2,Middle,23.22,-1,-1,UNKNOWN,None
343.052,25.777,427.063,-5.493,2.057,60.25,0.0178,2,Middle,22.94,-1,-1,UNKNOWN,None
343.06,25.791,427.341,-5.491,2.059,60.09,0.0178,2,Middle,22.66,-1,-1,UNKNOWN,None
343.077,25.808,427.618,-5.488,2.062,59.92,0.0178,2,Middle,22.38,-1,-1,UNKNOWN,None
343.085,25.824,427.757,-5.487,2.063,59.82,0.0308,2,Middle,22.24,-1,-1,UNKNOWN,None
343.115,25.84,428.124,-5.482,2.068,59.57,0.0318,2,Middle,21.88,-1,-1,UNKNOWN,None
343.124,25.855,428.4,-5.479,2.071,59.38,0.0322,2,Middle,21.6,-1,-1,UNKNOWN,None
343.15,25.872,428.691,-5.474,2.076,59.18,0.0327,2,Middle,21.31,-1,-1,UNKNOWN,None
343.159,25.889,428.972,-5.469,2.081,59.0,0.033,2,Middle,21.03,-1,-1,UNKNOWN,None
343.184,25.905,429.244,-5.464,2.086,58.85,0.033,2,Middle,20.76,-1,-1,UNKNOWN,None
343.192,25.92,429.517,-5.458,2.092,58.71,0.033,2,Middle,20.48,-1,-1,UNKNOWN,None
343.209,25.937,429.796,-5.452,2.098,58.59,0.033,2,Middle,20.2,-1,-1,UNKNOWN,None
343.226,25.953,430.067,-5.445,2.105,58.5,0.033,2,Middle,19.93,-1,-1,UNKNOWN,None
343.242,25.969,430.202,-5.442,2.108,58.47,0.033,2,Middle,19.8,-1,-1,UNKNOWN,None
343.259,25.984,430.473,-5.434,2.116,58.43,0.033,2,Middle,19.53,-1,-1,UNKNOWN,None
343.276,26.001,430.743,-5.426,2.124,58.42,0.033,2,Middle,19.26,-1,-1,UNKNOWN,None
343.292,26.017,431.014,-5.417,2.133,58.43,0.033,2,Middle,18.99,-1,-1,UNKNOWN,None
343.309,26.033,431.284,-5.408,2.142,58.47,0.033,2,Middle,18.72,-1,-1,UNKNOWN,None
343.327,26.049,431.575,-5.397,2.153,58.53,0.033,2,Middle,18.43,-1,-1,UNKNOWN,None
343.335,26.064,431.848,-5.386,2.164,58.61,0.033,2,Middle,18.15,-1,-1,UNKNOWN,None
343.353,26.085,432.136,-5.374,2.176,58.71,0.033,2,Middle,17.86,-1,-1,UNKNOWN,None
343.353,26.097,432.136,-5.374,2.176,58.71,0.033,2,Middle,17.86,-1,-1,UNKNOWN,None
343.379,26.111,432.615,-5.352,2.198,58.91,0.033,2,Middle,17.39,-1,-1,UNKNOWN,None
343.399,26.127,432.888,-5.339,2.211,59.04,0.033,2,Middle,17.11,-1,-1,UNKNOWN,None
343.424,26.145,433.161,-5.324,2.226,59.18,0.033,2,Middle,16.84,-1,-1,UNKNOWN,None
343.432,26.161,433.435,-5.309,2.241,59.33,0.033,2,Middle,16.56,-1,-1,UNKNOWN,None
343.449,26.176,433.71,-5.294,2.256,59.48,0.0327,2,Middle,16.29,-1,-1,UNKNOWN,None
343.457,26.191,433.848,-5.285,2.265,59.56,0.0324,2,Middle,16.15,-1,-1,UNKNOWN,None
343.482,26.207,434.124,-5.268,2.282,59.73,0.0324,2,Middle,15.88,-1,-1,UNKNOWN,None
343.491,26.223,434.4,-5.25,2.3,59.9,0.032,2,Middle,15.6,-1,-1,UNKNOWN,None
343.507,26.239,434.539,-5.241,2.309,59.99,0.0318,2,Middle,15.46,-1,-1,UNKNOWN,None
343.524,26.255,434.957,-5.212,2.338,60.25,0.0318,2,Middle,15.04,-1,-1,UNKNOWN,None
343.541,26.271,435.248,-5.191,2.359,60.45,0.0315,2,Middle,14.75,-1,-1,UNKNOWN,None
343.56,26.288,435.564,-5.167,2.383,60.65,0.0315,2,Middle,14.44,-1,-1,UNKNOWN,None
343.569,26.305,435.715,-5.155,2.395,60.75,0.0315,2,Middle,14.29,-1,-1,UNKNOWN,None
343.598,26.32,436.059,-5.127,2.423,60.96,0.0306,2,Middle,13.94,-1,-1,UNKNOWN,None
343.61,26.337,436.395,-5.098,2.452,61.15,0.0306,2,Middle,13.61,-1,-1,UNKNOWN,None
343.618,26.353,436.536,-5.086,2.464,61.22,0.0306,2,Middle,13.46,-1,-1,UNKNOWN,None
343.646,26.369,436.862,-5.057,2.493,61.37,0.0306,2,Middle,13.14,-1,-1,UNKNOWN,None
343.662,26.385,437.145,-5.031,2.519,61.46,0.0306,2,Middle,12.86,-1,-1,UNKNOWN,None
343.662,26.4,437.311,-5.015,2.535,61.5,0.0306,2,Middle,12.69,-1,-1,UNKNOWN,None
343.68,26.417,437.602,-4.986,2.564,61.53,0.0306,2,Middle,12.4,-1,-1,UNKNOWN,None
343.697,26.433,437.885,-4.958,2.592,61.52,0.0306,2,Middle,12.11,-1,-1,UNKNOWN,None
343.723,26.449,438.17,-4.928,2.622,61.47,0.0306,2,Middle,11.83,-1,-1,UNKNOWN,None
343.739,26.465,438.456,-4.898,2.652,61.39,0.0306,2,Middle,11.54,-1,-1,UNKNOWN,None
343.756,26.481,438.743,-4.866,2.684,61.28,0.0306,2,Middle,11.26,-1,-1,UNKNOWN,None
343.765,26.497,439.025,-4.835,2.715,61.14,0.0306,2,Middle,10.98,-1,-1,UNKNOWN,None
343.791,26.513,439.334,-4.799,2.751,60.98,0.0306,2,Middle,10.67,-1,-1,UNKNOWN,Left_Broken
343.801,26.529,439.637,-4.763,2.787,60.79,0.0228,2,Middle,10.36,-1,-1,UNKNOWN,None
343.819,26.544,439.789,-4.745,2.805,60.7,0.0228,2,Middle,10.21,-1,-1,UNKNOWN,None
343.836,26.561,440.079,-4.709,2.841,60.51,0.0228,2,Middle,9.92,-1,-1,UNKNOWN,None
343.853,26.576,440.365,-4.673,2.877,60.3,0.0228,2,Middle,9.64,-1,-1,UNKNOWN,None
343.861,26.593,440.641,-4.638,2.912,60.1,0.016,2,Middle,9.36,-1,-1,UNKNOWN,None
343.878,26.609,440.779,-4.62,2.93,59.99,0.016,2,Middle,9.22,-1,-1,UNKNOWN,None
343.89,26.623,441.137,-4.573,2.977,59.71,0.013,2,Middle,8.86,-1,-1,UNKNOWN,None
343.92,26.639,441.467,-4.528,3.022,59.45,0.012,2,Middle,8.53,-1,-1,UNKNOWN,None
343.93,26.657,441.635,-4.505,3.045,59.32,0.0109,2,Middle,8.36,-1,-1,UNKNOWN,None
343.948,26.672,441.917,-4.466,3.084,59.1,0.01,2,Middle,8.08,-1,-1,UNKNOWN,None
343.956,26.688,442.188,-4.428,3.122,58.9,0.0091,2,Middle,7.81,-1,-1,UNKNOWN,None
343.973,26.704,442.457,-4.389,3.161,58.72,0.0081,2,Middle,7.54,-1,-1,UNKNOWN,None
343.981,26.72,442.591,-4.37,3.18,58.63,0.0069,2,Middle,7.41,-1,-1,UNKNOWN,None
344.006,26.736,442.995,-4.311,3.239,58.42,0.006,2,Middle,7.0,-1,-1,UNKNOWN,None
344.031,26.752,443.267,-4.271,3.279,58.3,0.0049,2,Middle,6.73,-1,-1,UNKNOWN,None
344.04,26.768,443.545,-4.229,3.321,58.22,0.0037,2,Middle,6.46,-1,-1,UNKNOWN,None
344.057,26.785,443.811,-4.189,3.361,58.17,0.0025,2,Middle,6.19,-1,-1,UNKNOWN,None
344.074,26.801,444.077,-4.148,3.402,58.16,0.0014,2,Middle,5.92,-1,-1,UNKNOWN,Left_Broken
344.09,26.817,444.21,-4.127,3.423,58.16,-0.0001,2,Middle,5.79,-1,-1,UNKNOWN,None
344.107,26.833,444.476,-4.086,3.464,58.18,-0.0014,2,Middle,5.52,-1,-1,UNKNOWN,None
344.125,26.849,444.762,-4.041,3.509,58.24,-0.0028,2,Middle,5.24,-1,-1,UNKNOWN,None
344.142,26.865,445.028,-3.999,3.551,58.31,-0.0043,2,Middle,4.97,-1,-1,UNKNOWN,None
344.158,26.881,445.295,-3.957,3.593,58.39,-0.0056,2,Middle,4.7,-1,-1,UNKNOWN,None
344.175,26.897,445.563,-3.914,3.636,58.49,-0.0069,2,Middle,4.44,-1,-1,UNKNOWN,None
344.192,26.913,445.833,-3.871,3.679,58.61,-0.0084,2,Middle,4.17,-1,-1,UNKNOWN,None
344.2,26.929,446.101,-3.828,3.722,58.74,-0.0095,2,Middle,3.9,-1,-1,UNKNOWN,None
344.218,26.944,446.25,-3.804,3.746,58.81,-0.0107,2,Middle,3.75,-1,-1,UNKNOWN,None
344.226,26.961,446.528,-3.76,3.79,58.96,-0.0116,2,Middle,3.47,-1,-1,UNKNOWN,None
344.252,26.977,446.806,-3.715,3.835,59.12,-0.0126,2,Middle,3.19,-1,-1,UNKNOWN,None
344.269,26.993,447.076,-3.672,3.878,59.28,-0.0135,2,Middle,2.92,-1,-1,UNKNOWN,None
344.285,27.009,447.348,-3.628,3.922,59.44,-0.0142,2,Middle,2.65,-1,-1,UNKNOWN,None
344.294,27.025,447.62,-3.584,3.966,59.61,-0.0151,2,Middle,2.38,-1,-1,UNKNOWN,None
344.31,27.041,447.893,-3.541,4.009,59.79,-0.0161,2,Middle,2.11,-1,-1,UNKNOWN,None
344.335,27.057,448.167,-3.497,4.053,59.97,-0.0168,2,Middle,1.83,-1,-1,UNKNOWN,None
344.344,27.072,448.442,-3.453,4.097,60.16,-0.0177,2,Middle,1.56,-1,-1,UNKNOWN,None
344.361,27.089,448.725,-3.408,4.142,60.35,-0.0177,2,Middle,1.28,-1,-1,UNKNOWN,None
344.378,27.105,449.004,-3.365,4.185,60.53,-0.0193,2,Middle,1.0,-1,-1,UNKNOWN,None
344.394,27.121,449.143,-3.343,4.207,60.62,-0.0193,2,Middle,0.86,-1,-1,UNKNOWN,None
344.403,27.137,449.425,-3.299,4.251,60.8,-0.0212,2,Middle,0.58,-1,-1,UNKNOWN,None
344.42,27.152,449.708,-3.255,4.295,60.97,-0.0212,2,Middle,0.29,-1,-1,UNKNOWN,None
344.436,27.168,449.987,-3.212,4.338,61.12,-0.0212,2,Middle,0.01,-1,-1,UNKNOWN,None
344.453,27.185,450.127,-3.19,4.36,61.18,-0.0212,3,Middle,149.87,-1,-1,UNKNOWN,None
344.461,27.2,450.411,-3.147,4.403,61.29,-0.0212,3,Middle,149.59,-1,-1,UNKNOWN,None
344.487,27.216,450.841,-3.082,4.468,61.37,-0.0212,3,Middle,149.16,-1,-1,UNKNOWN,None
344.504,27.232,451.126,-3.04,4.51,61.37,-0.0212,3,Middle,148.87,-1,-1,UNKNOWN,None
344.521,27.248,451.407,-2.998,4.552,61.33,-0.0283,3,Middle,148.59,-1,-1,UNKNOWN,Left_Broken
344.529,27.263,451.548,-2.978,4.572,61.3,-0.0283,3,Middle,148.45,-1,-1,UNKNOWN,None
344.554,27.28,451.828,-2.937,4.613,61.22,-0.0283,3,Middle,148.17,-1,-1,UNKNOWN,None
344.572,27.297,452.123,-2.895,4.655,61.11,-0.0302,3,Middle,147.88,-1,-1,UNKNOWN,None
344.572,27.312,452.274,-2.874,4.676,61.04,-0.0302,3,Middle,147.73,-1,-1,UNKNOWN,None
344.589,27.329,452.561,-2.834,4.716,60.9,-0.0302,3,Middle,147.44,-1,-1,UNKNOWN,None
344.623,27.344,452.99,-2.775,4.775,60.65,-0.0302,3,Middle,147.01,-1,-1,UNKNOWN,None
344.632,27.361,453.279,-2.737,4.813,60.46,-0.0302,3,Middle,146.72,-1,-1,UNKNOWN,None
344.641,27.377,453.427,-2.717,4.833,60.36,-0.0302,3,Middle,146.57,-1,-1,UNKNOWN,None
344.667,27.393,453.723,-2.678,4.872,60.15,-0.0302,3,Middle,146.28,-1,-1,UNKNOWN,None
344.684,27.409,453.999,-2.643,4.907,59.94,-0.0302,3,Middle,146.0,-1,-1,UNKNOWN,None
344.701,27.425,454.278,-2.608,4.942,59.72,-0.0306,3,Middle,145.72,-1,-1,UNKNOWN,None
344.718,27.441,454.552,-2.574,4.976,59.51,-0.0306,3,Middle,145.45,-1,-1,UNKNOWN,None
344.718,27.457,454.688,-2.557,4.993,59.4,-0.0306,3,Middle,145.31,-1,-1,UNKNOWN,None
344.743,27.473,455.104,-2.507,5.043,59.09,-0.0306,3,Middle,144.9,-1,-1,UNKNOWN,None
344.76,27.488,455.375,-2.476,5.074,58.9,-0.0306,3,Middle,144.62,-1,-1,UNKNOWN,Left_Broken
344.777,27.505,455.645,-2.445,5.105,58.73,-0.0306,3,Middle,144.35,-1,-1,UNKNOWN,None
344.802,27.521,455.92,-2.414,5.136,58.58,-0.0306,3,Middle,144.08,-1,-1,UNKNOWN,None
344.81,27.537,456.054,-2.4,5.15,58.51,-0.0306,3,Middle,143.95,-1,-1,UNKNOWN,None
344.819,27.553,456.323,-2.371,5.179,58.4,-0.0306,3,Middle,143.68,-1,-1,UNKNOWN,None
344.844,27.569,456.598,-2.342,5.208,58.32,-0.0305,3,Middle,143.4,-1,-1,UNKNOWN,None
344.861,27.585,456.866,-2.315,5.235,58.27,-0.0305,3,Middle,143.13,-1,-1,UNKNOWN,None
344.869,27.601,457.134,-2.289,5.261,58.26,-0.0302,3,Middle,142.87,-1,-1,UNKNOWN,None
344.886,27.617,457.406,-2.263,5.287,58.27,-0.0302,3,Middle,142.59,-1,-1,UNKNOWN,None
344.911,27.632,457.685,-2.237,5.313,58.31,-0.0299,3,Middle,142.32,-1,-1,UNKNOWN,None
344.929,27.648,457.97,-2.211,5.339,58.37,-0.0297,3,Middle,142.03,-1,-1,UNKNOWN,None
344.937,27.665,458.239,-2.188,5.362,58.45,-0.0292,3,Middle,141.76,-1,-1,UNKNOWN,None
344.954,27.68,458.374,-2.176,5.374,58.49,-0.0288,3,Middle,141.63,-1,-1,UNKNOWN,None
344.962,27.697,458.645,-2.154,5.396,58.59,-0.0286,3,Middle,141.36,-1,-1,UNKNOWN,None
344.987,27.713,458.915,-2.132,5.418,58.7,-0.0283,3,Middle,141.08,-1,-1,UNKNOWN,None
344.987,27.728,459.051,-2.122,5.428,58.76,-0.028,3,Middle,140.95,-1,-1,UNKNOWN,None
345.013,27.744,459.462,-2.091,5.459,58.97,-0.0279,3,Middle,140.54,-1,-1,UNKNOWN,None
345.038,27.761,459.735,-2.071,5.479,59.11,-0.0274,3,Middle,140.27,-1,-1,UNKNOWN,None
345.054,27.777,460.008,-2.052,5.498,59.26,-0.0272,3,Middle,139.99,-1,-1,UNKNOWN,None
345.054,27.793,460.145,-2.043,5.507,59.34,-0.027,3,Middle,139.85,-1,-1,UNKNOWN,None
345.08,27.809,460.563,-2.016,5.534,59.59,-0.0267,3,Middle,139.44,-1,-1,UNKNOWN,None
345.096,27.825,460.839,-2.0,5.55,59.76,-0.0267,3,Middle,139.16,-1,-1,UNKNOWN,None
345.105,27.84,460.978,-1.992,5.558,59.85,-0.0267,3,Middle,139.02,-1,-1,UNKNOWN,None
345.121,27.856,461.255,-1.976,5.574,60.03,-0.0267,3,Middle,138.74,-1,-1,UNKNOWN,None
345.146,27.872,461.536,-1.961,5.589,60.21,-0.0267,3,Middle,138.46,-1,-1,UNKNOWN,None
345.163,27.888,461.815,-1.946,5.604,60.39,-0.0267,3,Middle,138.19,-1,-1,UNKNOWN,None
345.163,27.905,461.975,-1.938,5.612,60.49,-0.0267,3,Middle,138.03,-1,-1,UNKNOWN,None
345.191,27.921,462.433,-1.917,5.633,60.78,-0.0267,3,Middle,137.57,-1,-1,UNKNOWN,None
345.21,27.937,462.598,-1.91,5.64,60.89,-0.0267,3,Middle,137.4,-1,-1,UNKNOWN,None
345.227,27.953,462.892,-1.898,5.652,61.05,-0.0267,3,Middle,137.11,-1,-1,UNKNOWN,None
345.244,27.969,463.178,-1.887,5.663,61.19,-0.0267,3,Middle,136.82,-1,-1,UNKNOWN,None
345.253,27.985,463.478,-1.876,5.674,61.29,-0.0267,3,Middle,136.52,-1,-1,UNKNOWN,None
345.27,28.001,463.764,-1.867,5.683,61.35,-0.0267,3,Middle,136.24,-1,-1,UNKNOWN,None
345.295,28.017,464.048,-1.858,5.692,61.36,-0.0267,3,Middle,135.95,-1,-1,UNKNOWN,None
345.311,28.033,464.332,-1.85,5.7,61.34,-0.0267,3,Middle,135.67,-1,-1,UNKNOWN,None
345.32,28.048,464.615,-1.843,5.707,61.28,-0.0267,3,Middle,135.38,-1,-1,UNKNOWN,None
345.328,28.064,464.757,-1.84,5.71,61.23,-0.0267,3,Middle,135.24,-1,-1,UNKNOWN,None
345.353,28.081,465.195,-1.831,5.719,61.06,-0.0267,3,Middle,134.8,-1,-1,UNKNOWN,None
345.372,28.096,465.356,-1.828,5.722,60.99,-0.0267,3,Middle,134.64,-1,-1,UNKNOWN,None
345.389,28.112,465.653,-1.824,5.726,60.83,-0.0267,3,Middle,134.35,-1,-1,UNKNOWN,None
345.406,28.128,465.934,-1.82,5.73,60.66,-0.0267,3,Middle,134.07,-1,-1,UNKNOWN,None
345.406,28.144,466.074,-1.818,5.732,60.57,-0.0267,3,Middle,133.93,-1,-1,UNKNOWN,None
345.439,28.16,466.493,-1.815,5.735,60.29,-0.0267,3,Middle,133.51,-1,-1,UNKNOWN,None
345.456,28.175,466.772,-1.814,5.736,60.08,-0.0267,3,Middle,133.23,-1,-1,UNKNOWN,None
345.456,28.191,466.91,-1.813,5.737,59.98,-0.0267,3,Middle,133.09,-1,-1,UNKNOWN,None
345.481,28.207,467.187,-1.813,5.737,59.76,-0.0116,3,Middle,132.81,-1,-1,UNKNOWN,None
345.498,28.224,467.463,-1.813,5.737,59.55,-0.0091,3,Middle,132.54,-1,-1,UNKNOWN,None
345.514,28.239,467.738,-1.813,5.737,59.33,-0.0068,3,Middle,132.26,-1,-1,UNKNOWN,None
345.531,28.255,468.012,-1.814,5.736,59.12,-0.0049,3,Middle,131.99,-1,-1,UNKNOWN,None
345.539,28.271,468.285,-1.816,5.734,58.93,-0.0035,3,Middle,131.71,-1,-1,UNKNOWN,None
345.557,28.287,468.596,-1.818,5.732,58.72,-0.0024,3,Middle,131.4,-1,-1,UNKNOWN,None
345.584,28.305,468.871,-1.821,5.729,58.56,-0.0018,3,Middle,131.13,-1,-1,UNKNOWN,None
345.6,28.321,469.142,-1.824,5.726,58.43,-0.0017,3,Middle,130.86,-1,-1,UNKNOWN,None
345.609,28.335,469.277,-1.825,5.725,58.38,-0.0017,3,Middle,130.72,-1,-1,UNKNOWN,None
345.617,28.352,469.547,-1.829,5.721,58.29,-0.0017,3,Middle,130.45,-1,-1,UNKNOWN,None
345.642,28.368,469.816,-1.833,5.717,58.23,-0.0017,3,Middle,130.18,-1,-1,UNKNOWN,None
345.65,28.384,470.09,-1.837,5.713,58.2,-0.0017,3,Middle,129.91,-1,-1,UNKNOWN,None
345.676,28.4,470.36,-1.841,5.709,58.2,-0.0018,3,Middle,129.64,-1,-1,UNKNOWN,None
345.692,28.416,470.629,-1.846,5.704,58.23,-0.0024,3,Middle,129.37,-1,-1,UNKNOWN,None
345.692,28.432,470.764,-1.849,5.701,58.25,-0.0027,3,Middle,129.24,-1,-1,UNKNOWN,None
345.717,28.448,471.169,-1.857,5.693,58.35,-0.0031,3,Middle,128.83,-1,-1,UNKNOWN,None
345.742,28.464,471.439,-1.863,5.687,58.44,-0.0035,3,Middle,128.56,-1,-1,UNKNOWN,None
345.751,28.485,471.714,-1.87,5.68,58.55,-0.0037,3,Middle,128.29,-1,-1,UNKNOWN,None
345.767,28.495,471.985,-1.876,5.674,58.66,-0.004,3,Middle,128.01,-1,-1,UNKNOWN,None
345.784,28.513,472.257,-1.883,5.667,58.79,-0.004,3,Middle,127.74,-1,-1,UNKNOWN,None
345.801,28.529,472.537,-1.891,5.659,58.93,-0.004,3,Middle,127.46,-1,-1,UNKNOWN,None
345.819,28.544,472.695,-1.895,5.655,59.02,-0.004,3,Middle,127.3,-1,-1,UNKNOWN,None
345.836,28.561,472.969,-1.902,5.648,59.17,-0.004,3,Middle,127.03,-1,-1,UNKNOWN,None
345.853,28.577,473.243,-1.91,5.64,59.33,-0.004,3,Middle,126.76,-1,-1,UNKNOWN,None
345.869,28.593,473.519,-1.918,5.632,59.5,-0.004,3,Middle,126.48,-1,-1,UNKNOWN,None
345.886,28.608,473.795,-1.926,5.624,59.67,-0.004,3,Middle,126.21,-1,-1,UNKNOWN,None
345.903,28.624,474.071,-1.935,5.615,59.85,-0.004,3,Middle,125.93,-1,-1,UNKNOWN,None
345.919,28.64,474.349,-1.943,5.607,60.03,-0.004,3,Middle,125.65,-1,-1,UNKNOWN,None
345.928,28.657,474.627,-1.952,5.598,60.21,-0.004,3,Middle,125.37,-1,-1,UNKNOWN,None
345.944,28.673,474.907,-1.961,5.589,60.39,-0.004,3,Middle,125.09,-1,-1,UNKNOWN,None
345.961,28.689,475.194,-1.97,5.58,60.56,-0.004,3,Middle,124.81,-1,-1,UNKNOWN,None
345.979,28.704,475.343,-1.975,5.575,60.63,-0.004,3,Middle,124.66,-1,-1,UNKNOWN,None
345.995,28.72,475.624,-1.985,5.565,60.75,-0.004,3,Middle,124.38,-1,-1,UNKNOWN,None
346.012,28.736,475.905,-1.994,5.556,60.83,-0.004,3,Middle,124.09,-1,-1,UNKNOWN,None
346.029,28.753,476.198,-2.005,5.545,60.88,-0.004,3,Middle,123.8,-1,-1,UNKNOWN,None
346.029,28.768,476.339,-2.009,5.541,60.89,-0.004,3,Middle,123.66,-1,-1,UNKNOWN,None
346.063,28.785,476.769,-2.025,5.525,60.87,-0.004,3,Middle,123.23,-1,-1,UNKNOWN,None
346.071,28.801,477.051,-2.035,5.515,60.81,-0.004,3,Middle,122.95,-1,-1,UNKNOWN,None
346.09,28.817,477.231,-2.041,5.509,60.76,-0.004,3,Middle,122.77,-1,-1,UNKNOWN,None
346.105,28.832,477.624,-2.056,5.494,60.62,-0.004,3,Middle,122.38,-1,-1,UNKNOWN,None
346.114,28.849,477.77,-2.061,5.489,60.55,-0.004,3,Middle,122.23,-1,-1,UNKNOWN,None
346.131,28.864,478.053,-2.072,5.478,60.41,-0.004,3,Middle,121.95,-1,-1,UNKNOWN,None
346.156,28.881,478.332,-2.083,5.467,60.25,-0.004,3,Middle,121.67,-1,-1,UNKNOWN,None
346.173,28.897,478.611,-2.094,5.456,60.07,-0.004,3,Middle,121.39,-1,-1,UNKNOWN,None
346.189,28.913,478.888,-2.104,5.446,59.89,-0.004,3,Middle,121.11,-1,-1,UNKNOWN,None
346.206,28.929,479.164,-2.115,5.435,59.69,-0.004,3,Middle,120.84,-1,-1,UNKNOWN,None
346.223,28.944,479.439,-2.126,5.424,59.49,-0.004,3,Middle,120.56,-1,-1,UNKNOWN,None
346.232,28.961,479.731,-2.138,5.412,59.28,-0.004,3,Middle,120.27,-1,-1,UNKNOWN,None
346.249,28.977,480.011,-2.15,5.4,59.09,-0.004,3,Middle,119.99,-1,-1,UNKNOWN,None
346.257,28.993,480.148,-2.155,5.395,59.0,-0.0037,3,Middle,119.85,-1,-1,UNKNOWN,None
346.274,29.008,480.42,-2.166,5.384,58.83,-0.0035,3,Middle,119.58,-1,-1,UNKNOWN,None
346.3,29.023,480.706,-2.178,5.372,58.68,-0.0033,3,Middle,119.29,-1,-1,UNKNOWN,None
346.309,29.041,481.059,-2.193,5.357,58.52,-0.0027,3,Middle,118.94,-1,-1,UNKNOWN,None
346.332,29.057,481.231,-2.201,5.349,58.46,-0.0018,3,Middle,118.77,-1,-1,UNKNOWN,None
346.351,29.073,481.529,-2.213,5.337,58.39,-0.0008,3,Middle,118.47,-1,-1,UNKNOWN,None
346.351,29.089,481.719,-2.222,5.328,58.36,0.0007,3,Middle,118.28,-1,-1,UNKNOWN,None
346.385,29.105,482.083,-2.237,5.313,58.35,0.0021,3,Middle,117.92,-1,-1,UNKNOWN,None
346.385,29.124,482.222,-2.243,5.307,58.35,0.003,3,Middle,117.78,-1,-1,UNKNOWN,None
346.385,29.137,482.222,-2.243,5.307,58.35,0.003,3,Middle,117.78,-1,-1,UNKNOWN,None
346.429,29.153,482.799,-2.268,5.282,58.45,0.0042,3,Middle,117.2,-1,-1,UNKNOWN,None
346.441,29.167,482.991,-2.276,5.274,58.51,0.0046,3,Middle,117.01,-1,-1,UNKNOWN,None
346.46,29.185,483.302,-2.29,5.26,58.61,0.0053,3,Middle,116.7,-1,-1,UNKNOWN,None
346.469,29.199,483.584,-2.302,5.248,58.72,0.006,3,Middle,116.42,-1,-1,UNKNOWN,None
346.495,29.216,483.871,-2.314,5.236,58.85,0.0068,3,Middle,116.13,-1,-1,UNKNOWN,None
346.506,29.232,484.049,-2.322,5.228,58.93,0.0069,3,Middle,115.95,-1,-1,UNKNOWN,None
346.506,29.248,484.205,-2.329,5.221,59.01,0.0069,3,Middle,115.8,-1,-1,UNKNOWN,None
346.54,29.264,484.615,-2.346,5.204,59.23,0.0069,3,Middle,115.38,-1,-1,UNKNOWN,None
346.549,29.28,484.89,-2.358,5.192,59.39,0.0069,3,Middle,115.11,-1,-1,UNKNOWN,None
346.574,29.296,485.165,-2.369,5.181,59.55,0.0069,3,Middle,114.83,-1,-1,UNKNOWN,None
346.59,29.312,485.441,-2.381,5.169,59.72,0.0069,3,Middle,114.56,-1,-1,UNKNOWN,None
346.607,29.329,485.718,-2.392,5.158,59.89,0.0069,3,Middle,114.28,-1,-1,UNKNOWN,None
346.615,29.344,485.996,-2.404,5.146,60.07,0.0069,3,Middle,114.0,-1,-1,UNKNOWN,None
346.64,29.36,486.274,-2.415,5.135,60.26,0.0069,3,Middle,113.73,-1,-1,UNKNOWN,None
346.649,29.376,486.554,-2.426,5.124,60.43,0.0069,3,Middle,113.45,-1,-1,UNKNOWN,None
346.665,29.393,486.834,-2.438,5.112,60.61,0.0069,3,Middle,113.17,-1,-1,UNKNOWN,None
346.682,29.409,486.975,-2.443,5.107,60.69,0.0069,3,Middle,113.03,-1,-1,UNKNOWN,None
346.699,29.425,487.256,-2.454,5.096,60.85,0.0069,3,Middle,112.74,-1,-1,UNKNOWN,None
346.715,29.44,487.538,-2.465,5.085,60.98,0.0069,3,Middle,112.46,-1,-1,UNKNOWN,None
346.732,29.456,487.821,-2.476,5.074,61.08,0.0069,3,Middle,112.18,-1,-1,UNKNOWN,None
346.74,29.472,488.113,-2.487,5.063,61.14,0.0069,3,Middle,111.89,-1,-1,UNKNOWN,None
346.766,29.489,488.396,-2.498,5.052,61.16,0.0069,3,Middle,111.6,-1,-1,UNKNOWN,None
346.774,29.504,488.679,-2.508,5.042,61.13,0.0069,3,Middle,111.32,-1,-1,UNKNOWN,None
346.799,29.523,488.966,-2.519,5.031,61.07,0.0069,3,Middle,111.03,-1,-1,UNKNOWN,None
346.816,29.536,489.248,-2.529,5.021,60.98,0.0069,3,Middle,110.75,-1,-1,UNKNOWN,None
346.825,29.552,489.396,-2.534,5.016,60.92,0.0069,3,Middle,110.6,-1,-1,UNKNOWN,None
346.837,29.568,489.74,-2.546,5.004,60.76,0.0069,3,Middle,110.26,-1,-1,UNKNOWN,None
346.845,29.591,489.88,-2.551,4.999,60.69,0.0069,3,Middle,110.12,-1,-1,UNKNOWN,None
346.87,29.599,490.301,-2.565,4.985,60.44,0.0069,3,Middle,109.7,-1,-1,UNKNOWN,None
346.895,29.617,490.582,-2.574,4.976,60.26,0.0069,3,Middle,109.42,-1,-1,UNKNOWN,None
346.904,29.633,490.86,-2.583,4.967,60.08,0.0069,3,Middle,109.14,-1,-1,UNKNOWN,None
346.929,29.649,491.137,-2.592,4.958,59.89,0.0069,3,Middle,108.86,-1,-1,UNKNOWN,None
346.929,29.665,491.29,-2.597,4.953,59.79,0.0069,3,Middle,108.71,-1,-1,UNKNOWN,None
346.956,29.68,491.587,-2.606,4.944,59.61,0.0069,3,Middle,108.41,-1,-1,UNKNOWN,None
346.968,29.697,491.781,-2.612,4.938,59.49,0.0069,3,Middle,108.22,-1,-1,UNKNOWN,None
346.988,29.713,492.111,-2.622,4.928,59.32,0.0069,3,Middle,107.89,-1,-1,UNKNOWN,None
347.005,29.729,492.401,-2.63,4.92,59.19,0.0069,3,Middle,107.6,-1,-1,UNKNOWN,None
347.014,29.745,492.69,-2.639,4.911,59.09,0.0069,3,Middle,107.31,-1,-1,UNKNOWN,None
347.04,29.761,492.964,-2.646,4.904,59.03,0.0069,3,Middle,107.04,-1,-1,UNKNOWN,None
347.048,29.777,493.237,-2.654,4.896,58.99,0.0069,3,Middle,106.76,-1,-1,UNKNOWN,None
347.065,29.793,493.517,-2.661,4.889,58.99,0.0069,3,Middle,106.48,-1,-1,UNKNOWN,None
347.082,29.809,493.79,-2.668,4.882,59.02,0.0069,3,Middle,106.21,-1,-1,UNKNOWN,None
347.098,29.825,493.927,-2.671,4.879,59.04,0.0069,3,Middle,106.07,-1,-1,UNKNOWN,None
347.116,29.841,494.217,-2.678,4.872,59.1,0.0069,3,Middle,105.78,-1,-1,UNKNOWN,None
347.125,29.855,494.513,-2.685,4.865,59.18,0.0069,3,Middle,105.49,-1,-1,UNKNOWN,None
347.151,29.873,494.795,-2.692,4.858,59.28,0.0069,3,Middle,105.2,-1,-1,UNKNOWN,None
347.16,29.889,494.936,-2.695,4.855,59.33,0.0069,3,Middle,105.06,-1,-1,UNKNOWN,None
347.169,29.904,495.242,-2.702,4.848,59.46,0.0069,3,Middle,104.76,-1,-1,UNKNOWN,Left_Broken
347.187,29.921,495.518,-2.708,4.842,59.59,0.0069,3,Middle,104.48,-1,-1,UNKNOWN,None
347.212,29.936,495.794,-2.713,4.837,59.73,0.0069,3,Middle,104.21,-1,-1,UNKNOWN,None
347.22,29.953,496.079,-2.719,4.831,59.88,0.0069,3,Middle,103.92,-1,-1,UNKNOWN,None
347.237,29.969,496.357,-2.724,4.826,60.04,0.0069,3,Middle,103.64,-1,-1,UNKNOWN,None
347.262,29.985,496.635,-2.73,4.82,60.2,0.0069,3,Middle,103.36,-1,-1,UNKNOWN,None
347.279,30.001,496.914,-2.735,4.815,60.35,0.0069,3,Middle,103.09,-1,-1,UNKNOWN,None
347.287,30.016,497.198,-2.739,4.811,60.5,0.0069,3,Middle,102.8,-1,-1,UNKNOWN,None
347.305,30.032,497.492,-2.744,4.806,60.64,0.0069,3,Middle,102.51,-1,-1,UNKNOWN,None
347.322,30.049,497.779,-2.749,4.801,60.76,0.0069,3,Middle,102.22,-1,-1,UNKNOWN,None
347.338,30.065,497.92,-2.751,4.799,60.81,0.0069,3,Middle,102.08,-1,-1,UNKNOWN,None
347.347,30.08,498.202,-2.755,4.795,60.89,0.0069,3,Middle,101.8,-1,-1,UNKNOWN,None
347.372,30.097,498.484,-2.759,4.791,60.92,0.0069,3,Middle,101.52,-1,-1,UNKNOWN,None
347.389,30.112,498.772,-2.763,4.787,60.92,0.0069,3,Middle,101.23,-1,-1,UNKNOWN,Left_Broken
347.406,30.128,499.059,-2.767,4.783,60.88,0.0069,3,Middle,100.94,-1,-1,UNKNOWN,None
347.406,30.145,499.202,-2.768,4.782,60.84,0.0069,3,Middle,100.8,-1,-1,UNKNOWN,None
347.431,30.161,499.626,-2.773,4.777,60.7,0.0069,3,Middle,100.37,-1,-1,UNKNOWN,None
347.448,30.176,499.906,-2.776,4.774,60.57,0.0069,3,Middle,100.09,-1,-1,UNKNOWN,None
347.473,30.191,500.186,-2.779,4.771,60.43,0.0069,3,Middle,99.81,-1,-1,UNKNOWN,None
347.481,30.208,500.326,-2.78,4.77,60.35,0.0069,3,Middle,99.67,-1,-1,UNKNOWN,None
347.489,30.223,500.605,-2.783,4.767,60.18,0.0069,3,Middle,99.4,-1,-1,UNKNOWN,None
347.514,30.239,500.882,-2.785,4.765,60.0,0.0069,3,Middle,99.12,-1,-1,UNKNOWN,None
347.531,30.255,501.16,-2.787,4.763,59.81,0.0069,3,Middle,98.84,-1,-1,UNKNOWN,None
347.548,30.272,501.442,-2.789,4.761,59.62,0.0069,3,Middle,98.56,-1,-1,UNKNOWN,None
347.56,30.288,501.79,-2.792,4.758,59.39,0.0069,3,Middle,98.21,-1,-1,UNKNOWN,None
347.577,30.305,502.064,-2.793,4.757,59.23,0.0069,3,Middle,97.94,-1,-1,UNKNOWN,None
347.586,30.321,502.201,-2.794,4.756,59.15,0.0069,3,Middle,97.8,-1,-1,UNKNOWN,None
347.602,30.337,502.474,-2.795,4.755,59.01,0.0069,3,Middle,97.53,-1,-1,UNKNOWN,None
347.628,30.353,502.752,-2.796,4.754,58.9,0.0069,3,Middle,97.25,-1,-1,UNKNOWN,None
347.644,30.369,503.025,-2.797,4.753,58.81,0.0069,3,Middle,96.98,-1,-1,UNKNOWN,None
347.653,30.384,503.297,-2.797,4.753,58.75,0.0069,3,Middle,96.7,-1,-1,UNKNOWN,None
347.661,30.401,503.433,-2.798,4.752,58.73,0.0069,3,Middle,96.57,-1,-1,UNKNOWN,None
347.694,30.415,503.841,-2.798,4.752,58.72,0.0069,3,Middle,96.16,-1,-1,UNKNOWN,None
347.703,30.432,504.119,-2.798,4.752,58.75,0.0069,3,Middle,95.88,-1,-1,UNKNOWN,None
347.723,30.448,504.314,-2.798,4.752,58.78,0.0069,3,Middle,95.69,-1,-1,UNKNOWN,None
347.734,30.464,504.671,-2.798,4.752,58.87,0.0069,3,Middle,95.33,-1,-1,UNKNOWN,None
347.754,30.479,504.807,-2.797,4.753,58.91,0.0069,3,Middle,95.19,-1,-1,UNKNOWN,None
347.762,30.497,505.08,-2.797,4.753,59.0,0.0069,3,Middle,94.92,-1,-1,UNKNOWN,None
347.787,30.512,505.354,-2.796,4.754,59.11,0.0069,3,Middle,94.65,-1,-1,UNKNOWN,None
347.804,30.528,505.631,-2.795,4.755,59.24,0.0069,3,Middle,94.37,-1,-1,UNKNOWN,None
347.812,30.544,505.906,-2.794,4.756,59.37,0.0069,3,Middle,94.09,-1,-1,UNKNOWN,None
347.829,30.56,506.181,-2.792,4.758,59.51,0.0069,3,Middle,93.82,-1,-1,UNKNOWN,None
347.837,30.576,506.319,-2.792,4.758,59.59,0.0069,3,Middle,93.68,-1,-1,UNKNOWN,None
347.862,30.593,506.734,-2.789,4.761,59.82,0.0069,3,Middle,93.27,-1,-1,UNKNOWN,None
347.887,30.608,507.012,-2.787,4.763,59.99,0.0069,3,Middle,92.99,-1,-1,UNKNOWN,None
347.895,30.624,507.29,-2.785,4.765,60.16,0.0069,3,Middle,92.71,-1,-1,UNKNOWN,None
347.913,30.641,507.576,-2.782,4.768,60.34,0.0069,3,Middle,92.42,-1,-1,UNKNOWN,None
347.929,30.656,507.856,-2.78,4.77,60.51,0.0069,3,Middle,92.14,-1,-1,UNKNOWN,None
347.946,30.672,507.996,-2.778,4.772,60.58,0.0069,3,Middle,92.0,-1,-1,UNKNOWN,None
347.954,30.688,508.277,-2.776,4.774,60.73,0.0069,3,Middle,91.72,-1,-1,UNKNOWN,None
347.979,30.704,508.559,-2.773,4.777,60.84,0.0069,3,Middle,91.44,-1,-1,UNKNOWN,None
347.996,30.72,508.841,-2.769,4.781,60.93,0.0069,3,Middle,91.16,-1,-1,UNKNOWN,Left_Broken
348.013,30.737,509.123,-2.766,4.784,61.0,0.0069,3,Middle,90.88,-1,-1,UNKNOWN,None
348.029,30.751,509.406,-2.762,4.788,61.02,0.0069,3,Middle,90.59,-1,-1,UNKNOWN,None
348.038,30.769,509.688,-2.758,4.792,61.01,0.0069,3,Middle,90.31,-1,-1,UNKNOWN,None
348.063,30.784,509.971,-2.754,4.796,60.96,0.0069,3,Middle,90.03,-1,-1,UNKNOWN,None
348.071,30.8,510.253,-2.75,4.8,60.88,0.0069,3,Middle,89.75,-1,-1,UNKNOWN,None
348.088,30.816,510.534,-2.746,4.804,60.78,0.0069,3,Middle,89.47,-1,-1,UNKNOWN,None
348.105,30.833,510.685,-2.743,4.807,60.71,0.0069,3,Middle,89.32,-1,-1,UNKNOWN,None
348.125,30.849,511.022,-2.738,4.812,60.54,0.0069,3,Middle,88.98,-1,-1,UNKNOWN,None
348.125,30.864,511.162,-2.735,4.815,60.46,0.0069,3,Middle,88.84,-1,-1,UNKNOWN,None
348.142,30.881,511.301,-2.733,4.817,60.38,0.0069,3,Middle,88.7,-1,-1,UNKNOWN,None
348.167,30.896,511.858,-2.722,4.828,60.02,0.0069,3,Middle,88.14,-1,-1,UNKNOWN,None
348.192,30.912,512.135,-2.717,4.833,59.82,0.0069,3,Middle,87.86,-1,-1,UNKNOWN,None
348.208,30.929,512.411,-2.712,4.838,59.61,0.0034,3,Middle,87.59,-1,-1,UNKNOWN,None
348.217,30.945,512.686,-2.706,4.844,59.41,0.003,3,Middle,87.31,-1,-1,UNKNOWN,None
348.233,30.961,512.961,-2.7,4.85,59.2,0.0025,3,Middle,87.04,-1,-1,UNKNOWN,None
348.258,30.977,513.234,-2.694,4.856,59.01,0.0018,3,Middle,86.77,-1,-1,UNKNOWN,None
348.258,30.992,513.37,-2.691,4.859,58.92,0.0014,3,Middle,86.63,-1,-1,UNKNOWN,None
348.275,31.008,513.645,-2.685,4.865,58.74,0.0009,3,Middle,86.36,-1,-1,UNKNOWN,Left_Broken
348.295,31.024,513.967,-2.678,4.872,58.56,0.0002,3,Middle,86.03,-1,-1,UNKNOWN,None
348.303,31.04,514.131,-2.674,4.876,58.48,-0.0005,3,Middle,85.87,-1,-1,UNKNOWN,None
348.322,31.056,514.412,-2.668,4.882,58.36,-0.0012,3,Middle,85.59,-1,-1,UNKNOWN,None
348.347,31.073,514.682,-2.662,4.888,58.28,-0.0021,3,Middle,85.32,-1,-1,UNKNOWN,None
348.364,31.088,514.952,-2.655,4.895,58.23,-0.0033,3,Middle,85.05,-1,-1,UNKNOWN,None
348.381,31.104,515.221,-2.649,4.901,58.22,-0.0043,3,Middle,84.78,-1,-1,UNKNOWN,None
348.381,31.12,515.356,-2.646,4.904,58.22,-0.0053,3,Middle,84.64,-1,-1,UNKNOWN,None
348.415,31.136,515.77,-2.636,4.914,58.26,-0.006,3,Middle,84.23,-1,-1,UNKNOWN,None
348.423,31.152,516.04,-2.63,4.92,58.32,-0.0069,3,Middle,83.96,-1,-1,UNKNOWN,None
348.44,31.168,516.31,-2.623,4.927,58.4,-0.0078,3,Middle,83.69,-1,-1,UNKNOWN,None
348.456,31.185,516.581,-2.617,4.933,58.49,-0.0084,3,Middle,83.42,-1,-1,UNKNOWN,None
348.465,31.2,516.716,-2.614,4.936,58.54,-0.0088,3,Middle,83.28,-1,-1,UNKNOWN,None
348.481,31.215,516.987,-2.607,4.943,58.66,-0.0091,3,Middle,83.01,-1,-1,UNKNOWN,None
348.506,31.232,517.261,-2.601,4.949,58.78,-0.0094,3,Middle,82.74,-1,-1,UNKNOWN,None
348.524,31.248,517.553,-2.595,4.955,58.93,-0.0094,3,Middle,82.45,-1,-1,UNKNOWN,None
348.535,31.264,517.875,-2.587,4.963,59.1,-0.0094,3,Middle,82.13,-1,-1,UNKNOWN,None
348.561,31.281,518.161,-2.581,4.969,59.27,-0.0094,3,Middle,81.84,-1,-1,UNKNOWN,None
348.561,31.296,518.299,-2.578,4.972,59.35,-0.0094,3,Middle,81.7,-1,-1,UNKNOWN,None
348.578,31.312,518.574,-2.572,4.978,59.51,-0.0094,3,Middle,81.43,-1,-1,UNKNOWN,None
348.603,31.328,518.851,-2.567,4.983,59.69,-0.0094,3,Middle,81.15,-1,-1,UNKNOWN,None
348.62,31.344,519.128,-2.561,4.989,59.86,-0.0094,3,Middle,80.87,-1,-1,UNKNOWN,None
348.637,31.36,519.411,-2.556,4.994,60.05,-0.0094,3,Middle,80.59,-1,-1,UNKNOWN,None
348.645,31.376,519.714,-2.55,5.0,60.25,-0.0094,3,Middle,80.29,-1,-1,UNKNOWN,None
348.671,31.392,519.994,-2.545,5.005,60.43,-0.0094,3,Middle,80.01,-1,-1,UNKNOWN,None
348.68,31.409,520.274,-2.54,5.01,60.58,-0.0094,3,Middle,79.73,-1,-1,UNKNOWN,None
348.7,31.424,520.472,-2.536,5.014,60.68,-0.0094,3,Middle,79.53,-1,-1,UNKNOWN,None
348.71,31.441,520.792,-2.531,5.019,60.8,-0.0094,3,Middle,79.21,-1,-1,UNKNOWN,None
348.735,31.457,521.074,-2.526,5.024,60.87,-0.0094,3,Middle,78.93,-1,-1,UNKNOWN,None
348.744,31.472,521.356,-2.522,5.028,60.89,-0.0094,3,Middle,78.64,-1,-1,UNKNOWN,None
348.76,31.488,521.637,-2.518,5.032,60.86,-0.0094,3,Middle,78.36,-1,-1,UNKNOWN,None
348.777,31.505,521.919,-2.514,5.036,60.81,-0.0094,3,Middle,78.08,-1,-1,UNKNOWN,None
348.785,31.52,522.06,-2.512,5.038,60.77,-0.0094,3,Middle,77.94,-1,-1,UNKNOWN,None
348.802,31.536,522.34,-2.509,5.041,60.68,-0.0094,3,Middle,77.66,-1,-1,UNKNOWN,None
348.827,31.552,522.626,-2.505,5.045,60.55,-0.0094,3,Middle,77.37,-1,-1,UNKNOWN,None
348.844,31.569,522.905,-2.502,5.048,60.41,-0.0094,3,Middle,77.09,-1,-1,UNKNOWN,None
348.861,31.585,523.185,-2.499,5.051,60.25,-0.0094,3,Middle,76.82,-1,-1,UNKNOWN,None
348.861,31.601,523.324,-2.498,5.052,60.17,-0.0088,3,Middle,76.68,-1,-1,UNKNOWN,None
348.886,31.617,523.74,-2.494,5.056,59.9,-0.0088,3,Middle,76.26,-1,-1,UNKNOWN,None
348.911,31.633,524.017,-2.492,5.058,59.71,-0.0075,3,Middle,75.98,-1,-1,UNKNOWN,None
348.911,31.649,524.155,-2.491,5.059,59.61,-0.0065,3,Middle,75.85,-1,-1,UNKNOWN,None
348.936,31.665,524.567,-2.488,5.062,59.32,-0.0056,3,Middle,75.43,-1,-1,UNKNOWN,None
348.953,31.681,524.857,-2.487,5.063,59.13,-0.0047,3,Middle,75.14,-1,-1,UNKNOWN,None
348.962,31.696,524.993,-2.486,5.064,59.04,-0.0035,3,Middle,75.01,-1,-1,UNKNOWN,None
348.978,31.713,525.266,-2.484,5.066,58.87,-0.0024,3,Middle,74.73,-1,-1,UNKNOWN,None
348.987,31.727,525.266,-2.484,5.066,58.87,-0.0024,3,Middle,74.73,-1,-1,UNKNOWN,None
349.024,31.744,525.869,-2.482,5.068,58.58,-0.0005,3,Middle,74.13,-1,-1,UNKNOWN,None
349.04,31.761,526.14,-2.481,5.069,58.49,0.0009,3,Middle,73.86,-1,-1,UNKNOWN,None
349.057,31.777,526.414,-2.48,5.07,58.42,0.0018,3,Middle,73.59,-1,-1,UNKNOWN,None
349.074,31.792,526.684,-2.479,5.071,58.39,0.0028,3,Middle,73.32,-1,-1,UNKNOWN,None
349.082,31.809,526.819,-2.479,5.071,58.39,0.0037,3,Middle,73.18,-1,-1,UNKNOWN,None
349.099,31.825,527.09,-2.478,5.072,58.4,0.0042,3,Middle,72.91,-1,-1,UNKNOWN,None
349.116,31.84,527.36,-2.477,5.073,58.44,0.0049,3,Middle,72.64,-1,-1,UNKNOWN,None
349.132,31.857,527.631,-2.477,5.073,58.5,0.0053,3,Middle,72.37,-1,-1,UNKNOWN,None
349.149,31.873,527.902,-2.476,5.074,58.57,0.0058,3,Middle,72.1,-1,-1,UNKNOWN,None
349.166,31.888,528.175,-2.476,5.074,58.67,0.006,3,Middle,71.82,-1,-1,UNKNOWN,None
349.183,31.905,528.452,-2.475,5.075,58.78,0.0065,3,Middle,71.55,-1,-1,UNKNOWN,None
349.191,31.921,528.727,-2.475,5.075,58.9,0.0069,3,Middle,71.27,-1,-1,UNKNOWN,None
349.216,31.937,529.005,-2.474,5.076,59.03,0.0072,3,Middle,71.0,-1,-1,UNKNOWN,None
349.225,31.953,529.286,-2.473,5.077,59.18,0.0075,3,Middle,70.71,-1,-1,UNKNOWN,None
349.242,31.968,529.425,-2.473,5.077,59.26,0.0076,3,Middle,70.57,-1,-1,UNKNOWN,None
349.25,31.985,529.7,-2.472,5.078,59.41,0.0076,3,Middle,70.3,-1,-1,UNKNOWN,None
349.275,31.999,529.976,-2.472,5.078,59.57,0.0076,3,Middle,70.02,-1,-1,UNKNOWN,None
349.284,32.017,530.252,-2.471,5.079,59.74,0.0079,3,Middle,69.75,-1,-1,UNKNOWN,None
349.31,32.033,530.547,-2.47,5.08,59.92,0.0079,3,Middle,69.45,-1,-1,UNKNOWN,None
349.327,32.047,530.836,-2.469,5.081,60.11,0.0079,3,Middle,69.16,-1,-1,UNKNOWN,None
349.327,32.064,530.993,-2.468,5.082,60.21,0.0079,3,Middle,69.01,-1,-1,UNKNOWN,None
349.353,32.08,531.413,-2.466,5.084,60.48,0.0079,3,Middle,68.59,-1,-1,UNKNOWN,None
349.361,32.096,531.553,-2.465,5.085,60.56,0.0079,3,Middle,68.45,-1,-1,UNKNOWN,None
349.378,32.112,531.834,-2.464,5.086,60.72,0.0079,3,Middle,68.17,-1,-1,UNKNOWN,None
349.404,32.128,532.125,-2.462,5.088,60.86,0.0079,3,Middle,67.88,-1,-1,UNKNOWN,None
349.404,32.144,532.266,-2.461,5.089,60.93,0.0079,3,Middle,67.73,-1,-1,UNKNOWN,None
349.429,32.16,532.694,-2.458,5.092,61.1,0.0079,3,Middle,67.31,-1,-1,UNKNOWN,None
349.445,32.177,532.977,-2.456,5.094,61.19,0.0079,3,Middle,67.02,-1,-1,UNKNOWN,None
349.462,32.191,533.266,-2.454,5.096,61.26,0.0079,3,Middle,66.73,-1,-1,UNKNOWN,None
349.479,32.208,533.549,-2.452,5.098,61.3,0.0079,3,Middle,66.45,-1,-1,UNKNOWN,None
349.496,32.223,533.835,-2.449,5.101,61.29,0.0079,3,Middle,66.16,-1,-1,UNKNOWN,None
349.513,32.239,533.977,-2.448,5.102,61.28,0.0079,3,Middle,66.02,-1,-1,UNKNOWN,None
349.521,32.255,534.26,-2.445,5.105,61.22,0.0079,3,Middle,65.74,-1,-1,UNKNOWN,None
349.546,32.271,534.543,-2.442,5.108,61.13,0.0079,3,Middle,65.46,-1,-1,UNKNOWN,None
349.554,32.288,534.826,-2.439,5.111,61.02,0.0079,3,Middle,65.17,-1,-1,UNKNOWN,None
349.571,32.304,535.108,-2.435,5.115,60.88,0.0079,3,Middle,64.89,-1,-1,UNKNOWN,None
349.596,32.32,535.389,-2.432,5.118,60.73,0.0079,3,Middle,64.61,-1,-1,UNKNOWN,None
349.596,32.336,535.53,-2.43,5.12,60.65,0.0079,3,Middle,64.47,-1,-1,UNKNOWN,None
349.629,32.353,535.949,-2.424,5.126,60.39,0.0079,3,Middle,64.05,-1,-1,UNKNOWN,None
349.629,32.369,536.089,-2.422,5.128,60.3,0.0079,3,Middle,63.91,-1,-1,UNKNOWN,None
349.654,32.384,536.506,-2.416,5.134,60.0,0.0079,3,Middle,63.49,-1,-1,UNKNOWN,None
349.679,32.401,536.783,-2.412,5.138,59.79,0.0076,3,Middle,63.22,-1,-1,UNKNOWN,None
349.696,32.417,537.059,-2.407,5.143,59.58,0.0076,3,Middle,62.94,-1,-1,UNKNOWN,None
349.704,32.433,537.334,-2.402,5.148,59.37,0.0072,3,Middle,62.67,-1,-1,UNKNOWN,None
349.721,32.449,537.608,-2.397,5.153,59.18,0.0069,3,Middle,62.39,-1,-1,UNKNOWN,None
349.729,32.465,537.758,-2.394,5.156,59.07,0.0065,3,Middle,62.24,-1,-1,UNKNOWN,None
349.755,32.481,538.038,-2.389,5.161,58.89,0.006,3,Middle,61.96,-1,-1,UNKNOWN,None
349.772,32.497,538.31,-2.384,5.166,58.74,0.0053,3,Middle,61.69,-1,-1,UNKNOWN,None
349.789,32.513,538.581,-2.378,5.172,58.61,0.0049,3,Middle,61.42,-1,-1,UNKNOWN,None
349.789,32.528,538.717,-2.375,5.175,58.55,0.0049,3,Middle,61.28,-1,-1,UNKNOWN,None
349.805,32.544,538.988,-2.37,5.18,58.46,0.003,3,Middle,61.01,-1,-1,UNKNOWN,None
349.839,32.561,539.393,-2.361,5.189,58.39,0.0021,3,Middle,60.61,-1,-1,UNKNOWN,None
349.847,32.576,539.663,-2.355,5.195,58.38,0.0014,3,Middle,60.34,-1,-1,UNKNOWN,None
349.864,32.592,539.934,-2.348,5.202,58.39,0.0005,3,Middle,60.07,-1,-1,UNKNOWN,None
349.88,32.608,540.204,-2.342,5.208,58.43,-0.0002,3,Middle,59.8,-1,-1,UNKNOWN,None
349.897,32.624,540.475,-2.336,5.214,58.49,-0.0009,3,Middle,59.53,-1,-1,UNKNOWN,None
349.914,32.64,540.61,-2.332,5.218,58.53,-0.0017,3,Middle,59.39,-1,-1,UNKNOWN,None
349.922,32.656,540.881,-2.326,5.224,58.62,-0.0024,3,Middle,59.12,-1,-1,UNKNOWN,None
349.947,32.672,541.153,-2.319,5.231,58.72,-0.0031,3,Middle,58.85,-1,-1,UNKNOWN,None
349.947,32.688,541.295,-2.316,5.234,58.78,-0.0035,3,Middle,58.71,-1,-1,UNKNOWN,None
349.972,32.705,541.704,-2.306,5.244,58.97,-0.0043,3,Middle,58.3,-1,-1,UNKNOWN,None
349.981,32.721,541.84,-2.302,5.248,59.04,-0.0044,3,Middle,58.16,-1,-1,UNKNOWN,None
349.997,32.737,542.114,-2.295,5.255,59.18,-0.0047,3,Middle,57.89,-1,-1,UNKNOWN,None
350.024,32.753,542.545,-2.285,5.265,59.42,-0.0047,3,Middle,57.46,-1,-1,UNKNOWN,None
350.04,32.768,542.823,-2.278,5.272,59.58,-0.0047,3,Middle,57.18,-1,-1,UNKNOWN,None
350.065,32.784,543.1,-2.271,5.279,59.75,-0.0047,3,Middle,56.9,-1,-1,UNKNOWN,None
350.074,32.8,543.24,-2.267,5.283,59.84,-0.0047,3,Middle,56.76,-1,-1,UNKNOWN,None
350.082,32.816,543.523,-2.26,5.29,60.02,-0.0047,3,Middle,56.48,-1,-1,UNKNOWN,None
350.108,32.833,543.81,-2.253,5.297,60.21,-0.0047,3,Middle,56.19,-1,-1,UNKNOWN,None
350.125,32.848,544.097,-2.246,5.304,60.39,-0.0047,3,Middle,55.9,-1,-1,UNKNOWN,None
350.134,32.865,544.384,-2.239,5.311,60.57,-0.0047,3,Middle,55.62,-1,-1,UNKNOWN,None
350.159,32.881,544.667,-2.232,5.318,60.75,-0.0047,3,Middle,55.33,-1,-1,UNKNOWN,None
350.176,32.897,544.953,-2.225,5.325,60.93,-0.0047,3,Middle,55.05,-1,-1,UNKNOWN,None
350.185,32.913,545.241,-2.218,5.332,61.1,-0.0047,3,Middle,54.76,-1,-1,UNKNOWN,None
350.202,32.929,545.398,-2.215,5.335,61.2,-0.0047,3,Middle,54.6,-1,-1,UNKNOWN,None
350.219,32.945,545.692,-2.208,5.342,61.38,-0.0047,3,Middle,54.31,-1,-1,UNKNOWN,None
350.23,32.96,546.017,-2.2,5.35,61.57,-0.0047,3,Middle,53.98,-1,-1,UNKNOWN,None
350.247,32.976,546.16,-2.197,5.353,61.64,-0.0047,3,Middle,53.84,-1,-1,UNKNOWN,None
350.256,32.993,546.492,-2.189,5.361,61.78,-0.0047,3,Middle,53.51,-1,-1,UNKNOWN,None
350.266,33.008,546.636,-2.186,5.364,61.83,-0.0047,3,Middle,53.36,-1,-1,UNKNOWN,None
350.275,33.024,546.779,-2.183,5.367,61.87,-0.0047,3,Middle,53.22,-1,-1,UNKNOWN,None
350.316,33.041,547.352,-2.17,5.38,61.91,-0.0047,3,Middle,52.65,-1,-1,UNKNOWN,None
350.333,33.056,547.638,-2.164,5.386,61.88,-0.0047,3,Middle,52.36,-1,-1,UNKNOWN,None
350.333,33.072,547.781,-2.161,5.389,61.85,-0.0047,3,Middle,52.22,-1,-1,UNKNOWN,None
350.358,33.088,548.21,-2.152,5.398,61.71,-0.0047,3,Middle,51.79,-1,-1,UNKNOWN,None
350.383,33.105,548.498,-2.146,5.404,61.59,-0.0047,3,Middle,51.5,-1,-1,UNKNOWN,None
350.4,33.12,548.783,-2.14,5.41,61.45,-0.0047,3,Middle,51.22,-1,-1,UNKNOWN,None
350.416,33.138,549.067,-2.135,5.415,61.29,-0.0047,3,Middle,50.93,-1,-1,UNKNOWN,None
350.425,33.152,549.35,-2.129,5.421,61.11,-0.0047,3,Middle,50.65,-1,-1,UNKNOWN,None
350.441,33.169,549.632,-2.124,5.426,60.93,-0.0047,3,Middle,50.37,-1,-1,UNKNOWN,None
350.45,33.184,549.773,-2.121,5.429,60.83,-0.0047,3,Middle,50.23,-1,-1,UNKNOWN,None
350.475,33.2,550.053,-2.116,5.434,60.63,-0.0047,3,Middle,49.95,-1,-1,UNKNOWN,None
350.491,33.215,550.333,-2.111,5.439,60.41,-0.0047,3,Middle,49.67,-1,-1,UNKNOWN,None
350.5,33.232,550.612,-2.106,5.444,60.2,-0.0047,3,Middle,49.39,-1,-1,UNKNOWN,None
350.516,33.247,550.89,-2.102,5.448,59.97,-0.0047,3,Middle,49.11,-1,-1,UNKNOWN,None
350.541,33.264,551.167,-2.097,5.453,59.74,-0.0047,3,Middle,48.83,-1,-1,UNKNOWN,None
350.558,33.279,551.443,-2.093,5.457,59.51,-0.0047,3,Middle,48.56,-1,-1,UNKNOWN,None
350.575,33.296,551.717,-2.088,5.462,59.29,-0.0047,3,Middle,48.28,-1,-1,UNKNOWN,None
350.591,33.312,551.991,-2.084,5.466,59.08,-0.0047,3,Middle,48.01,-1,-1,UNKNOWN,None
350.6,33.329,552.264,-2.08,5.47,58.89,-0.0047,3,Middle,47.74,-1,-1,UNKNOWN,None
350.617,33.344,552.545,-2.076,5.474,58.7,-0.0047,3,Middle,47.45,-1,-1,UNKNOWN,None
350.634,33.36,552.681,-2.074,5.476,58.62,-0.0047,3,Middle,47.32,-1,-1,UNKNOWN,None
350.642,33.377,552.952,-2.07,5.48,58.48,-0.0047,3,Middle,47.05,-1,-1,UNKNOWN,None
350.667,33.393,553.222,-2.067,5.483,58.37,-0.0047,3,Middle,46.78,-1,-1,UNKNOWN,None
350.684,33.409,553.492,-2.063,5.487,58.29,-0.0047,3,Middle,46.51,-1,-1,UNKNOWN,None
350.7,33.425,553.762,-2.06,5.49,58.24,-0.0047,3,Middle,46.24,-1,-1,UNKNOWN,None
350.7,33.441,553.896,-2.058,5.492,58.23,-0.0047,3,Middle,46.1,-1,-1,UNKNOWN,None
350.717,33.457,554.166,-2.055,5.495,58.22,-0.0047,3,Middle,45.83,-1,-1,UNKNOWN,None
350.75,33.472,554.571,-2.051,5.499,58.27,-0.0047,3,Middle,45.43,-1,-1,UNKNOWN,None
350.759,33.489,554.841,-2.048,5.502,58.33,-0.0047,3,Middle,45.16,-1,-1,UNKNOWN,None
350.775,33.505,555.111,-2.045,5.505,58.4,-0.0047,3,Middle,44.89,-1,-1,UNKNOWN,None
350.792,33.521,555.383,-2.043,5.507,58.49,-0.0047,3,Middle,44.62,-1,-1,UNKNOWN,None
350.809,33.537,555.661,-2.04,5.51,58.6,-0.0047,3,Middle,44.34,-1,-1,UNKNOWN,None
350.826,33.553,555.933,-2.038,5.512,58.72,-0.0047,3,Middle,44.07,-1,-1,UNKNOWN,None
350.834,33.569,556.069,-2.037,5.513,58.79,-0.0047,3,Middle,43.93,-1,-1,UNKNOWN,None
350.853,33.585,556.37,-2.035,5.515,58.94,-0.0047,3,Middle,43.63,-1,-1,UNKNOWN,None
350.878,33.601,556.644,-2.033,5.517,59.09,-0.0047,3,Middle,43.36,-1,-1,UNKNOWN,None
350.886,33.623,556.918,-2.031,5.519,59.24,-0.0047,3,Middle,43.08,-1,-1,UNKNOWN,None
350.903,33.631,557.193,-2.029,5.521,59.4,-0.0047,3,Middle,42.81,-1,-1,UNKNOWN,None
350.92,33.648,557.475,-2.027,5.523,59.58,-0.0047,3,Middle,42.52,-1,-1,UNKNOWN,None
350.936,33.665,557.752,-2.026,5.524,59.75,-0.0047,3,Middle,42.25,-1,-1,UNKNOWN,None
350.961,33.681,558.03,-2.025,5.525,59.93,-0.0047,3,Middle,41.97,-1,-1,UNKNOWN,None
350.97,33.697,558.309,-2.023,5.527,60.11,-0.0047,3,Middle,41.69,-1,-1,UNKNOWN,None
350.978,33.713,558.456,-2.023,5.527,60.21,-0.0047,3,Middle,41.54,-1,-1,UNKNOWN,None
351.005,33.728,558.758,-2.022,5.528,60.41,-0.0047,3,Middle,41.24,-1,-1,UNKNOWN,None
351.022,33.745,559.04,-2.021,5.529,60.58,-0.0047,3,Middle,40.96,-1,-1,UNKNOWN,None
351.03,33.759,559.321,-2.02,5.53,60.73,-0.0047,3,Middle,40.68,-1,-1,UNKNOWN,None
351.055,33.777,559.603,-2.019,5.531,60.84,-0.0047,3,Middle,40.4,-1,-1,UNKNOWN,None
351.063,33.792,559.885,-2.019,5.531,60.92,-0.0047,3,Middle,40.12,-1,-1,UNKNOWN,None
351.08,33.809,560.173,-2.018,5.532,60.95,-0.0047,3,Middle,39.83,-1,-1,UNKNOWN,None
351.097,33.825,560.46,-2.018,5.532,60.94,-0.0047,3,Middle,39.54,-1,-1,UNKNOWN,None
351.106,33.84,560.601,-2.018,5.532,60.92,-0.0047,3,Middle,39.4,-1,-1,UNKNOWN,None
351.122,33.857,560.883,-2.018,5.532,60.86,-0.0047,3,Middle,39.12,-1,-1,UNKNOWN,None
351.149,33.872,561.189,-2.018,5.532,60.76,-0.0047,3,Middle,38.81,-1,-1,UNKNOWN,None
351.165,33.888,561.47,-2.018,5.532,60.64,-0.0047,3,Middle,38.53,-1,-1,UNKNOWN,None
351.174,33.905,561.75,-2.018,5.532,60.51,-0.0047,3,Middle,38.25,-1,-1,UNKNOWN,None
351.199,33.921,562.038,-2.019,5.531,60.35,-0.0047,3,Middle,37.96,-1,-1,UNKNOWN,None
351.208,33.937,562.318,-2.019,5.531,60.19,-0.0047,3,Middle,37.68,-1,-1,UNKNOWN,None
351.233,33.953,562.603,-2.02,5.53,60.0,-0.0047,3,Middle,37.4,-1,-1,UNKNOWN,None
351.25,33.979,563.019,-2.021,5.529,59.71,-0.0047,3,Middle,36.98,-1,-1,UNKNOWN,None
351.258,33.983,563.019,-2.021,5.529,59.71,-0.0047,3,Middle,36.98,-1,-1,UNKNOWN,None
351.277,34.0,563.333,-2.022,5.528,59.48,-0.0047,3,Middle,36.67,-1,-1,UNKNOWN,None
351.292,34.017,563.582,-2.023,5.527,59.29,-0.0047,3,Middle,36.42,-1,-1,UNKNOWN,None
351.301,34.033,563.857,-2.024,5.526,59.08,-0.0047,3,Middle,36.14,-1,-1,UNKNOWN,None
351.326,34.049,564.13,-2.026,5.524,58.89,-0.0047,3,Middle,35.87,-1,-1,UNKNOWN,None
351.334,34.065,564.402,-2.027,5.523,58.71,-0.0047,3,Middle,35.6,-1,-1,UNKNOWN,None
351.351,34.08,564.673,-2.029,5.521,58.55,-0.0047,3,Middle,35.33,-1,-1,UNKNOWN,None
351.367,34.096,564.962,-2.031,5.519,58.4,-0.0047,3,Middle,35.04,-1,-1,UNKNOWN,None
351.386,34.113,565.241,-2.033,5.517,58.28,-0.0047,3,Middle,34.76,-1,-1,UNKNOWN,None
351.394,34.128,565.375,-2.034,5.516,58.23,-0.0047,3,Middle,34.62,-1,-1,UNKNOWN,None
351.411,34.145,565.645,-2.036,5.514,58.16,-0.0047,3,Middle,34.36,-1,-1,UNKNOWN,None
351.436,34.16,565.914,-2.038,5.512,58.12,-0.0047,3,Middle,34.09,-1,-1,UNKNOWN,None
351.453,34.175,566.188,-2.04,5.51,58.11,-0.0047,3,Middle,33.81,-1,-1,UNKNOWN,None
351.453,34.192,566.323,-2.041,5.509,58.12,-0.0047,3,Middle,33.68,-1,-1,UNKNOWN,None
351.48,34.208,566.761,-2.046,5.504,58.18,-0.0047,3,Middle,33.24,-1,-1,UNKNOWN,None
351.505,34.224,567.034,-2.048,5.502,58.25,-0.0047,3,Middle,32.97,-1,-1,UNKNOWN,None
351.505,34.239,567.169,-2.05,5.5,58.29,-0.0047,3,Middle,32.83,-1,-1,UNKNOWN,None
351.522,34.255,567.44,-2.053,5.497,58.38,-0.0047,3,Middle,32.56,-1,-1,UNKNOWN,None
351.538,34.272,567.712,-2.056,5.494,58.49,-0.0047,3,Middle,32.29,-1,-1,UNKNOWN,None
351.563,34.288,567.983,-2.059,5.491,58.61,-0.0047,3,Middle,32.02,-1,-1,UNKNOWN,None
351.58,34.305,568.255,-2.062,5.488,58.74,-0.0047,3,Middle,31.74,-1,-1,UNKNOWN,None
351.597,34.321,568.527,-2.066,5.484,58.88,-0.0047,3,Middle,31.47,-1,-1,UNKNOWN,None
351.613,34.337,568.801,-2.069,5.481,59.03,-0.0047,3,Middle,31.2,-1,-1,UNKNOWN,None
351.622,34.353,568.938,-2.071,5.479,59.11,-0.0047,3,Middle,31.06,-1,-1,UNKNOWN,None
351.63,34.369,569.212,-2.075,5.475,59.27,-0.0047,3,Middle,30.79,-1,-1,UNKNOWN,None
351.663,34.385,569.624,-2.081,5.469,59.52,-0.0047,3,Middle,30.38,-1,-1,UNKNOWN,None
351.672,34.401,569.901,-2.085,5.465,59.7,-0.0047,3,Middle,30.1,-1,-1,UNKNOWN,None
351.689,34.416,570.191,-2.089,5.461,59.89,-0.0047,3,Middle,29.81,-1,-1,UNKNOWN,None
351.698,34.433,570.338,-2.092,5.458,59.99,-0.0047,3,Middle,29.66,-1,-1,UNKNOWN,None
351.715,34.448,570.616,-2.096,5.454,60.17,-0.0047,3,Middle,29.38,-1,-1,UNKNOWN,None
351.731,34.465,570.895,-2.101,5.449,60.36,-0.0047,3,Middle,29.1,-1,-1,UNKNOWN,None
351.748,34.481,571.183,-2.106,5.444,60.55,-0.0047,3,Middle,28.82,-1,-1,UNKNOWN,None
351.757,34.496,571.323,-2.108,5.442,60.63,-0.0047,3,Middle,28.68,-1,-1,UNKNOWN,None
351.774,34.519,571.604,-2.113,5.437,60.78,-0.0047,3,Middle,28.4,-1,-1,UNKNOWN,None
351.799,34.527,572.027,-2.121,5.429,60.95,-0.0047,3,Middle,27.97,-1,-1,UNKNOWN,None
351.815,34.545,572.31,-2.126,5.424,61.01,-0.0047,3,Middle,27.69,-1,-1,UNKNOWN,None
351.832,34.561,572.592,-2.132,5.418,61.03,-0.0047,3,Middle,27.41,-1,-1,UNKNOWN,None
351.849,34.577,572.875,-2.137,5.413,61.0,-0.0047,3,Middle,27.13,-1,-1,UNKNOWN,None
351.857,34.593,573.016,-2.14,5.41,60.98,-0.0047,3,Middle,26.98,-1,-1,UNKNOWN,None
351.883,34.609,573.313,-2.146,5.404,60.9,-0.0047,3,Middle,26.69,-1,-1,UNKNOWN,None
351.894,34.623,573.677,-2.154,5.396,60.76,-0.0047,3,Middle,26.32,-1,-1,UNKNOWN,None
351.913,34.641,573.824,-2.157,5.393,60.69,-0.0047,3,Middle,26.18,-1,-1,UNKNOWN,None
351.931,34.656,574.124,-2.164,5.386,60.54,-0.0047,3,Middle,25.88,-1,-1,UNKNOWN,None
351.948,34.672,574.403,-2.17,5.38,60.38,-0.0047,3,Middle,25.6,-1,-1,UNKNOWN,None
351.956,34.688,574.682,-2.176,5.374,60.2,-0.0047,3,Middle,25.32,-1,-1,UNKNOWN,None
351.964,34.704,574.821,-2.179,5.371,60.11,-0.0047,3,Middle,25.18,-1,-1,UNKNOWN,None
351.981,34.721,575.099,-2.186,5.364,59.92,-0.0047,3,Middle,24.9,-1,-1,UNKNOWN,None
352.006,34.737,575.513,-2.196,5.354,59.61,-0.0002,3,Middle,24.49,-1,-1,UNKNOWN,None
352.023,34.753,575.797,-2.202,5.348,59.4,0.0005,3,Middle,24.2,-1,-1,UNKNOWN,None
352.048,34.772,576.073,-2.209,5.341,59.19,0.0014,3,Middle,23.93,-1,-1,UNKNOWN,None
352.065,34.784,576.346,-2.216,5.334,59.0,0.0028,3,Middle,23.65,-1,-1,UNKNOWN,None
352.073,34.8,576.619,-2.222,5.328,58.82,0.0033,3,Middle,23.38,-1,-1,UNKNOWN,None
352.09,34.816,576.755,-2.226,5.324,58.73,0.004,3,Middle,23.25,-1,-1,UNKNOWN,None
352.107,34.832,577.026,-2.232,5.318,58.58,0.0046,3,Middle,22.97,-1,-1,UNKNOWN,None
352.123,34.848,577.297,-2.239,5.311,58.45,0.005,3,Middle,22.7,-1,-1,UNKNOWN,None
352.14,34.864,577.567,-2.246,5.304,58.34,0.006,3,Middle,22.43,-1,-1,UNKNOWN,None
352.157,34.88,577.836,-2.252,5.298,58.27,0.0065,3,Middle,22.16,-1,-1,UNKNOWN,None
352.165,34.896,578.106,-2.259,5.291,58.23,0.0072,3,Middle,21.89,-1,-1,UNKNOWN,None
352.173,34.912,578.241,-2.262,5.288,58.22,0.0075,3,Middle,21.76,-1,-1,UNKNOWN,None
352.19,34.928,578.51,-2.269,5.281,58.22,0.0076,3,Middle,21.49,-1,-1,UNKNOWN,None
352.223,34.944,578.915,-2.278,5.272,58.27,0.0079,3,Middle,21.09,-1,-1,UNKNOWN,None
352.232,34.961,579.185,-2.285,5.265,58.33,0.0079,3,Middle,20.82,-1,-1,UNKNOWN,None
352.257,34.978,579.459,-2.291,5.259,58.41,0.0079,3,Middle,20.54,-1,-1,UNKNOWN,None
352.265,34.993,579.73,-2.297,5.253,58.51,0.0079,3,Middle,20.27,-1,-1,UNKNOWN,None
352.29,35.009,580.001,-2.303,5.247,58.62,0.0079,3,Middle,20.0,-1,-1,UNKNOWN,None
352.29,35.025,580.137,-2.306,5.244,58.68,0.0079,3,Middle,19.86,-1,-1,UNKNOWN,None
352.315,35.041,580.41,-2.312,5.238,58.81,0.0079,3,Middle,19.59,-1,-1,UNKNOWN,None
352.332,35.057,580.682,-2.318,5.232,58.95,0.0079,3,Middle,19.32,-1,-1,UNKNOWN,None
352.348,35.073,580.956,-2.324,5.226,59.09,0.0079,3,Middle,19.04,-1,-1,UNKNOWN,None
352.365,35.087,581.23,-2.33,5.22,59.25,0.0079,3,Middle,18.77,-1,-1,UNKNOWN,None
352.365,35.104,581.367,-2.332,5.218,59.33,0.0079,3,Middle,18.63,-1,-1,UNKNOWN,None
352.392,35.121,581.679,-2.339,5.211,59.52,0.0079,3,Middle,18.32,-1,-1,UNKNOWN,None
352.406,35.137,581.909,-2.343,5.207,59.66,0.0079,3,Middle,18.09,-1,-1,UNKNOWN,None
352.426,35.152,582.371,-2.352,5.198,59.96,0.0079,3,Middle,17.63,-1,-1,UNKNOWN,None
352.434,35.169,582.51,-2.354,5.196,60.05,0.0079,3,Middle,17.49,-1,-1,UNKNOWN,None
352.451,35.184,582.79,-2.359,5.191,60.23,0.0079,3,Middle,17.21,-1,-1,UNKNOWN,None
352.476,35.199,583.069,-2.364,5.186,60.42,0.0079,3,Middle,16.93,-1,-1,UNKNOWN,None
352.484,35.216,583.353,-2.369,5.181,60.59,0.0079,3,Middle,16.65,-1,-1,UNKNOWN,None
352.501,35.232,583.634,-2.373,5.177,60.74,0.0079,3,Middle,16.37,-1,-1,UNKNOWN,None
352.509,35.248,583.775,-2.376,5.174,60.81,0.0079,3,Middle,16.23,-1,-1,UNKNOWN,None
352.535,35.264,584.217,-2.382,5.168,60.95,0.0079,3,Middle,15.78,-1,-1,UNKNOWN,None
352.552,35.279,584.359,-2.384,5.166,60.97,0.0079,3,Middle,15.64,-1,-1,UNKNOWN,None
352.561,35.297,584.703,-2.389,5.161,60.98,0.0079,3,Middle,15.3,-1,-1,UNKNOWN,None
352.589,35.313,584.985,-2.392,5.158,60.94,0.0079,3,Middle,15.01,-1,-1,UNKNOWN,None
352.589,35.328,585.126,-2.394,5.156,60.92,0.0079,3,Middle,14.87,-1,-1,UNKNOWN,None
352.614,35.345,585.552,-2.399,5.151,60.79,0.0079,3,Middle,14.45,-1,-1,UNKNOWN,None
352.632,35.361,585.854,-2.402,5.148,60.66,0.0079,3,Middle,14.15,-1,-1,UNKNOWN,None
352.649,35.377,586.135,-2.405,5.145,60.52,0.0079,3,Middle,13.87,-1,-1,UNKNOWN,None
352.657,35.392,586.275,-2.406,5.144,60.44,0.0079,3,Middle,13.73,-1,-1,UNKNOWN,None
352.682,35.409,586.554,-2.409,5.141,60.28,0.0079,3,Middle,13.45,-1,-1,UNKNOWN,None
352.691,35.424,586.832,-2.411,5.139,60.11,0.0079,3,Middle,13.17,-1,-1,UNKNOWN,None
352.716,35.441,587.11,-2.413,5.137,59.92,0.0079,3,Middle,12.89,-1,-1,UNKNOWN,None
352.732,35.457,587.386,-2.415,5.135,59.72,0.0079,3,Middle,12.61,-1,-1,UNKNOWN,None
352.749,35.473,587.662,-2.417,5.133,59.52,0.0079,3,Middle,12.34,-1,-1,UNKNOWN,None
352.749,35.49,587.8,-2.418,5.132,59.42,0.0079,3,Middle,12.2,-1,-1,UNKNOWN,None
352.783,35.504,588.216,-2.42,5.13,59.13,0.0079,3,Middle,11.78,-1,-1,UNKNOWN,None
352.799,35.521,588.489,-2.421,5.129,58.96,0.0079,3,Middle,11.51,-1,-1,UNKNOWN,None
352.808,35.537,588.764,-2.421,5.129,58.79,0.0079,3,Middle,11.24,-1,-1,UNKNOWN,None
352.824,35.553,589.035,-2.422,5.128,58.66,0.0079,3,Middle,10.96,-1,-1,UNKNOWN,None
352.85,35.568,589.312,-2.422,5.128,58.54,0.0079,3,Middle,10.69,-1,-1,UNKNOWN,None
352.85,35.585,589.447,-2.423,5.127,58.49,0.0076,3,Middle,10.55,-1,-1,UNKNOWN,None
352.866,35.6,589.722,-2.423,5.127,58.42,0.0075,3,Middle,10.28,-1,-1,UNKNOWN,None
352.883,35.616,589.993,-2.422,5.128,58.38,0.0069,3,Middle,10.01,-1,-1,UNKNOWN,None
352.909,35.633,590.267,-2.422,5.128,58.37,0.0068,3,Middle,9.73,-1,-1,UNKNOWN,None
352.918,35.648,590.553,-2.422,5.128,58.39,0.0062,3,Middle,9.45,-1,-1,UNKNOWN,None
352.936,35.664,590.709,-2.421,5.129,58.41,0.0058,3,Middle,9.29,-1,-1,UNKNOWN,None
352.955,35.681,591.016,-2.42,5.13,58.48,0.0053,3,Middle,8.98,-1,-1,UNKNOWN,None
352.971,35.696,591.287,-2.419,5.131,58.55,0.0049,3,Middle,8.71,-1,-1,UNKNOWN,None
352.988,35.713,591.559,-2.418,5.132,58.65,0.0042,3,Middle,8.44,-1,-1,UNKNOWN,None
353.005,35.729,591.831,-2.417,5.133,58.76,0.0033,3,Middle,8.17,-1,-1,UNKNOWN,None
353.013,35.745,592.103,-2.415,5.135,58.88,0.0023,3,Middle,7.9,-1,-1,UNKNOWN,None
353.03,35.76,592.378,-2.413,5.137,59.01,0.0014,3,Middle,7.62,-1,-1,UNKNOWN,None
353.055,35.776,592.651,-2.412,5.138,59.15,0.0005,3,Middle,7.35,-1,-1,UNKNOWN,None
353.063,35.792,592.926,-2.41,5.14,59.3,-0.0001,3,Middle,7.07,-1,-1,UNKNOWN,None
353.083,35.809,593.12,-2.408,5.142,59.41,-0.0005,3,Middle,6.88,-1,-1,UNKNOWN,None
353.083,35.824,593.295,-2.407,5.143,59.52,-0.0009,3,Middle,6.7,-1,-1,UNKNOWN,None
353.119,35.841,593.715,-2.404,5.146,59.77,-0.0014,3,Middle,6.29,-1,-1,UNKNOWN,None
353.128,35.857,594.002,-2.402,5.148,59.95,-0.0017,3,Middle,6.0,-1,-1,UNKNOWN,None
353.136,35.872,594.158,-2.4,5.15,60.05,-0.0017,3,Middle,5.84,-1,-1,UNKNOWN,None
353.154,35.889,594.437,-2.398,5.152,60.24,-0.0017,3,Middle,5.56,-1,-1,UNKNOWN,None
353.179,35.905,594.716,-2.396,5.154,60.42,-0.0017,3,Middle,5.28,-1,-1,UNKNOWN,None
353.196,35.921,594.996,-2.393,5.157,60.59,-0.0017,3,Middle,5.0,-1,-1,UNKNOWN,None
353.212,35.945,595.418,-2.389,5.161,60.8,-0.0017,3,Middle,4.58,-1,-1,UNKNOWN,None
353.221,35.951,595.559,-2.388,5.162,60.85,-0.0017,3,Middle,4.44,-1,-1,UNKNOWN,None
353.238,35.968,595.856,-2.385,5.165,60.94,-0.0017,3,Middle,4.14,-1,-1,UNKNOWN,None
353.255,35.985,596.145,-2.383,5.167,60.97,-0.0017,3,Middle,3.86,-1,-1,UNKNOWN,None
353.272,36.001,596.427,-2.38,5.17,60.96,-0.0017,3,Middle,3.57,-1,-1,UNKNOWN,None
353.289,36.017,596.715,-2.377,5.173,60.91,-0.0017,3,Middle,3.29,-1,-1,UNKNOWN,None
353.297,36.032,596.856,-2.376,5.174,60.88,-0.0017,3,Middle,3.14,-1,-1,UNKNOWN,None
353.322,36.048,597.137,-2.373,5.177,60.78,-0.0017,3,Middle,2.86,-1,-1,UNKNOWN,None
353.339,36.064,597.418,-2.37,5.18,60.67,-0.0017,3,Middle,2.58,-1,-1,UNKNOWN,None
353.356,36.081,597.709,-2.368,5.182,60.52,-0.0017,3,Middle,2.29,-1,-1,UNKNOWN,None
353.365,36.096,598.014,-2.365,5.185,60.35,-0.0017,3,Middle,1.99,-1,-1,UNKNOWN,None
353.375,36.113,598.235,-2.362,5.188,60.22,-0.0017,3,Middle,1.76,-1,-1,UNKNOWN,None
353.399,36.129,598.563,-2.359,5.191,60.0,-0.0017,3,Middle,1.44,-1,-1,UNKNOWN,None
353.416,36.146,598.84,-2.357,5.193,59.81,-0.0017,3,Middle,1.16,-1,-1,UNKNOWN,None
353.432,36.16,599.117,-2.354,5.196,59.6,-0.0017,3,Middle,0.88,-1,-1,UNKNOWN,None
353.441,36.177,599.258,-2.353,5.197,59.5,-0.0017,3,Middle,0.74,-1,-1,UNKNOWN,None
353.466,36.191,599.533,-2.35,5.2,59.29,-0.0017,3,Middle,0.47,-1,-1,UNKNOWN,None
353.483,36.208,599.806,-2.348,5.202,59.09,-0.0017,3,Middle,0.19,-1,-1,UNKNOWN,None
353.5,36.223,600.085,-2.345,5.205,58.9,-0.0017,4,Left,149.91,-1,-1,UNKNOWN,None
353.508,36.24,600.357,-2.342,5.208,58.73,-0.0017,4,Left,149.64,-1,-1,UNKNOWN,None
353.525,36.256,600.628,-2.34,5.21,58.58,-0.0017,4,Left,149.37,-1,-1,UNKNOWN,None
353.55,36.272,600.899,-2.338,5.212,58.45,-0.0017,4,Left,149.1,-1,-1,UNKNOWN,None
353.569,36.287,601.205,-2.335,5.215,58.33,-0.0017,4,Left,148.79,-1,-1,UNKNOWN,None
353.578,36.304,601.351,-2.334,5.216,58.29,-0.0017,4,Left,148.65,-1,-1,UNKNOWN,None
353.592,36.321,601.712,-2.33,5.22,58.23,-0.0017,4,Left,148.29,-1,-1,UNKNOWN,None
353.608,36.336,601.982,-2.328,5.222,58.21,-0.0017,4,Left,148.02,-1,-1,UNKNOWN,None
353.626,36.353,602.141,-2.327,5.223,58.22,-0.0017,4,Left,147.86,-1,-1,UNKNOWN,None
353.643,36.369,602.412,-2.325,5.225,58.25,-0.0017,4,Left,147.59,-1,-1,UNKNOWN,None
353.66,36.385,602.682,-2.322,5.228,58.31,-0.0017,4,Left,147.32,-1,-1,UNKNOWN,None
353.677,36.401,602.955,-2.32,5.23,58.38,-0.0017,4,Left,147.04,-1,-1,UNKNOWN,None
353.695,36.417,603.259,-2.318,5.232,58.48,-0.0017,4,Left,146.74,-1,-1,UNKNOWN,None
353.704,36.433,603.539,-2.316,5.234,58.59,-0.0017,4,Left,146.46,-1,-1,UNKNOWN,None
353.722,36.449,603.821,-2.314,5.236,58.72,-0.0017,4,Left,146.18,-1,-1,UNKNOWN,None
353.739,36.464,603.961,-2.313,5.237,58.78,-0.0017,4,Left,146.04,-1,-1,UNKNOWN,None
353.764,36.485,604.374,-2.31,5.24,58.99,-0.0017,4,Left,145.63,-1,-1,UNKNOWN,None
353.773,36.496,604.528,-2.309,5.241,59.08,-0.0017,4,Left,145.47,-1,-1,UNKNOWN,None
353.784,36.511,604.842,-2.306,5.244,59.25,-0.0017,4,Left,145.16,-1,-1,UNKNOWN,None
353.792,36.529,604.979,-2.305,5.245,59.33,-0.0017,4,Left,145.02,-1,-1,UNKNOWN,None
353.811,36.545,605.147,-2.304,5.246,59.43,-0.0017,4,Left,144.85,-1,-1,UNKNOWN,None
353.828,36.559,605.575,-2.302,5.248,59.7,-0.0017,4,Left,144.42,-1,-1,UNKNOWN,None
353.837,36.576,605.714,-2.301,5.249,59.79,-0.0017,4,Left,144.29,-1,-1,UNKNOWN,None
353.864,36.593,606.175,-2.298,5.252,60.09,-0.0012,4,Left,143.82,-1,-1,UNKNOWN,None
353.881,36.609,606.454,-2.296,5.254,60.28,-0.0012,4,Left,143.55,-1,-1,UNKNOWN,None
353.906,36.625,606.734,-2.294,5.256,60.45,-0.0012,4,Left,143.27,-1,-1,UNKNOWN,None
353.906,36.641,606.874,-2.294,5.256,60.54,-0.0012,4,Left,143.13,-1,-1,UNKNOWN,None
353.931,36.657,607.155,-2.292,5.258,60.69,-0.0012,4,Left,142.85,-1,-1,UNKNOWN,None
353.948,36.673,607.442,-2.29,5.26,60.81,-0.0012,4,Left,142.56,-1,-1,UNKNOWN,None
353.965,36.688,607.723,-2.289,5.261,60.89,-0.0012,4,Left,142.28,-1,-1,UNKNOWN,None
353.975,36.703,607.892,-2.288,5.262,60.92,-0.0012,4,Left,142.11,-1,-1,UNKNOWN,None
353.992,36.721,608.337,-2.286,5.264,60.92,-0.0012,4,Left,141.66,-1,-1,UNKNOWN,None
354.001,36.735,608.568,-2.285,5.265,60.88,-0.0012,4,Left,141.43,-1,-1,UNKNOWN,None
354.023,36.752,608.715,-2.284,5.266,60.84,-0.0012,4,Left,141.28,-1,-1,UNKNOWN,None
354.043,36.769,609.044,-2.282,5.268,60.73,-0.0012,4,Left,140.96,-1,-1,UNKNOWN,None
354.059,36.785,609.325,-2.281,5.269,60.61,-0.0012,4,Left,140.68,-1,-1,UNKNOWN,None
354.077,36.801,609.614,-2.28,5.27,60.47,-0.0012,4,Left,140.39,-1,-1,UNKNOWN,None
354.094,36.817,609.914,-2.278,5.272,60.3,-0.0012,4,Left,140.09,-1,-1,UNKNOWN,None
354.111,36.833,610.195,-2.277,5.273,60.13,-0.0012,4,Left,139.81,-1,-1,UNKNOWN,None
354.128,36.849,610.472,-2.276,5.274,59.94,0.0085,4,Left,139.53,-1,-1,UNKNOWN,None
354.136,36.865,610.613,-2.275,5.275,59.85,0.0085,4,Left,139.39,-1,-1,UNKNOWN,None
354.156,36.881,610.944,-2.273,5.277,59.62,0.0085,4,Left,139.06,-1,-1,UNKNOWN,None
354.165,36.895,611.271,-2.272,5.278,59.4,0.0085,4,Left,138.73,-1,-1,UNKNOWN,None
354.176,36.912,611.408,-2.271,5.279,59.31,0.0085,4,Left,138.59,-1,-1,UNKNOWN,None
354.21,36.929,611.819,-2.268,5.282,59.07,0.0084,4,Left,138.18,-1,-1,UNKNOWN,None
354.218,36.945,612.096,-2.267,5.283,58.93,0.0079,4,Left,137.9,-1,-1,UNKNOWN,None
354.235,36.961,612.232,-2.266,5.284,58.87,0.0075,4,Left,137.77,-1,-1,UNKNOWN,None
354.251,36.977,612.504,-2.264,5.286,58.77,0.0068,4,Left,137.5,-1,-1,UNKNOWN,None
354.268,36.993,612.776,-2.262,5.288,58.69,0.006,4,Left,137.22,-1,-1,UNKNOWN,None
354.285,37.009,613.048,-2.26,5.29,58.65,0.0053,4,Left,136.95,-1,-1,UNKNOWN,None
354.293,37.025,613.319,-2.258,5.292,58.64,0.0046,4,Left,136.68,-1,-1,UNKNOWN,None
354.301,37.04,613.455,-2.257,5.293,58.65,0.004,4,Left,136.55,-1,-1,UNKNOWN,None
354.335,37.057,613.862,-2.254,5.296,58.7,0.0033,4,Left,136.14,-1,-1,UNKNOWN,None
354.351,37.071,614.134,-2.251,5.299,58.76,0.0025,4,Left,135.87,-1,-1,UNKNOWN,None
354.36,37.088,614.407,-2.249,5.301,58.84,0.0021,4,Left,135.59,-1,-1,UNKNOWN,None
354.377,37.104,614.549,-2.248,5.302,58.89,0.0014,4,Left,135.45,-1,-1,UNKNOWN,None
354.386,37.12,614.841,-2.245,5.305,59.0,0.0014,4,Left,135.16,-1,-1,UNKNOWN,None
354.403,37.136,615.114,-2.243,5.307,59.11,0.0011,4,Left,134.89,-1,-1,UNKNOWN,None
354.428,37.152,615.389,-2.24,5.31,59.24,0.0011,4,Left,134.61,-1,-1,UNKNOWN,None
354.428,37.168,615.534,-2.239,5.311,59.32,0.0011,4,Left,134.47,-1,-1,UNKNOWN,None
354.453,37.185,615.948,-2.235,5.315,59.54,0.0011,4,Left,134.05,-1,-1,UNKNOWN,None
354.47,37.198,616.224,-2.232,5.318,59.69,0.0011,4,Left,133.78,-1,-1,UNKNOWN,None
354.495,37.215,616.501,-2.229,5.321,59.85,0.0011,4,Left,133.5,-1,-1,UNKNOWN,None
354.503,37.231,616.779,-2.226,5.324,60.02,0.0011,4,Left,133.22,-1,-1,UNKNOWN,None
354.529,37.248,617.07,-2.223,5.327,60.2,0.0011,4,Left,132.93,-1,-1,UNKNOWN,None
354.538,37.263,617.209,-2.222,5.328,60.29,0.0011,4,Left,132.79,-1,-1,UNKNOWN,None
354.554,37.279,617.489,-2.219,5.331,60.45,0.0011,4,Left,132.51,-1,-1,UNKNOWN,None
354.563,37.296,617.77,-2.215,5.335,60.59,0.0011,4,Left,132.23,-1,-1,UNKNOWN,None
354.579,37.312,618.051,-2.212,5.338,60.7,0.0011,4,Left,131.95,-1,-1,UNKNOWN,None
354.605,37.328,618.338,-2.209,5.341,60.77,0.0011,4,Left,131.66,-1,-1,UNKNOWN,None
354.613,37.344,618.62,-2.206,5.344,60.8,0.0011,4,Left,131.38,-1,-1,UNKNOWN,None
354.63,37.36,618.76,-2.204,5.346,60.8,0.0011,4,Left,131.24,-1,-1,UNKNOWN,None
354.648,37.377,619.242,-2.198,5.352,60.72,0.0011,4,Left,130.76,-1,-1,UNKNOWN,None
354.667,37.392,619.383,-2.196,5.354,60.68,0.0011,4,Left,130.62,-1,-1,UNKNOWN,None
354.675,37.408,619.663,-2.193,5.357,60.59,0.0011,4,Left,130.34,-1,-1,UNKNOWN,None
354.7,37.424,619.943,-2.189,5.361,60.46,0.0011,4,Left,130.06,-1,-1,UNKNOWN,None
354.717,37.44,620.23,-2.186,5.364,60.32,0.0011,4,Left,129.77,-1,-1,UNKNOWN,None
354.725,37.456,620.509,-2.182,5.368,60.16,0.0011,4,Left,129.49,-1,-1,UNKNOWN,None
354.75,37.473,620.787,-2.178,5.372,59.99,0.0011,4,Left,129.21,-1,-1,UNKNOWN,None
354.767,37.488,621.064,-2.175,5.375,59.81,0.0011,4,Left,128.94,-1,-1,UNKNOWN,None
354.775,37.504,621.34,-2.171,5.379,59.62,0.0011,4,Left,128.66,-1,-1,UNKNOWN,None
354.792,37.52,621.477,-2.169,5.381,59.52,0.0011,4,Left,128.52,-1,-1,UNKNOWN,None
354.807,37.536,621.718,-2.166,5.384,59.36,0.0011,4,Left,128.28,-1,-1,UNKNOWN,None
354.831,37.552,622.115,-2.16,5.39,59.1,0.0011,4,Left,127.89,-1,-1,UNKNOWN,None
354.848,37.568,622.394,-2.156,5.394,58.94,0.0011,4,Left,127.61,-1,-1,UNKNOWN,None
354.864,37.585,622.667,-2.153,5.397,58.81,0.0011,4,Left,127.33,-1,-1,UNKNOWN,None
354.873,37.6,622.938,-2.149,5.401,58.69,0.0011,4,Left,127.06,-1,-1,UNKNOWN,None
354.881,37.616,623.075,-2.147,5.403,58.64,0.0011,4,Left,126.92,-1,-1,UNKNOWN,None
354.906,37.632,623.346,-2.143,5.407,58.57,0.0011,4,Left,126.65,-1,-1,UNKNOWN,None
354.923,37.648,623.617,-2.139,5.411,58.53,0.0011,4,Left,126.38,-1,-1,UNKNOWN,None
354.94,37.664,623.891,-2.135,5.415,58.51,0.0011,4,Left,126.11,-1,-1,UNKNOWN,None
354.956,37.68,624.162,-2.131,5.419,58.53,0.0011,4,Left,125.84,-1,-1,UNKNOWN,None
354.974,37.696,624.457,-2.126,5.424,58.57,0.0011,4,Left,125.54,-1,-1,UNKNOWN,None
354.974,37.712,624.64,-2.124,5.426,58.61,0.0011,4,Left,125.36,-1,-1,UNKNOWN,None
355.003,37.728,624.916,-2.119,5.431,58.69,0.0011,4,Left,125.08,-1,-1,UNKNOWN,None
355.02,37.744,625.192,-2.115,5.435,58.78,0.0011,4,Left,124.81,-1,-1,UNKNOWN,None
355.037,37.76,625.485,-2.111,5.439,58.9,0.0011,4,Left,124.51,-1,-1,UNKNOWN,None
355.047,37.776,625.794,-2.106,5.444,59.03,0.0011,4,Left,124.21,-1,-1,UNKNOWN,None
355.066,37.793,625.959,-2.103,5.447,59.11,0.0011,4,Left,124.04,-1,-1,UNKNOWN,None
355.084,37.808,626.245,-2.099,5.451,59.26,0.0011,4,Left,123.76,-1,-1,UNKNOWN,None
355.093,37.825,626.54,-2.094,5.456,59.42,0.0011,4,Left,123.46,-1,-1,UNKNOWN,None
355.111,37.841,626.86,-2.089,5.461,59.6,0.0011,4,Left,123.14,-1,-1,UNKNOWN,None
355.121,37.857,627.018,-2.086,5.464,59.69,0.0011,4,Left,122.98,-1,-1,UNKNOWN,None
355.149,37.873,627.326,-2.081,5.469,59.88,0.0011,4,Left,122.67,-1,-1,UNKNOWN,None
355.158,37.887,627.626,-2.076,5.474,60.07,0.0011,4,Left,122.37,-1,-1,UNKNOWN,None
355.176,37.905,627.781,-2.074,5.476,60.17,0.0011,4,Left,122.22,-1,-1,UNKNOWN,None
355.187,37.921,628.093,-2.069,5.481,60.37,0.0011,4,Left,121.91,-1,-1,UNKNOWN,None
355.212,37.937,628.373,-2.064,5.486,60.53,0.0011,4,Left,121.63,-1,-1,UNKNOWN,None
355.22,37.951,628.653,-2.059,5.491,60.67,0.0011,4,Left,121.35,-1,-1,UNKNOWN,None
355.245,37.969,628.935,-2.055,5.495,60.78,0.0011,4,Left,121.07,-1,-1,UNKNOWN,None
355.262,37.984,629.216,-2.05,5.5,60.85,0.0011,4,Left,120.78,-1,-1,UNKNOWN,None
355.262,38.001,629.357,-2.047,5.503,60.87,0.0011,4,Left,120.64,-1,-1,UNKNOWN,None
355.295,38.016,629.78,-2.04,5.51,60.86,0.0011,4,Left,120.22,-1,-1,UNKNOWN,None
355.303,38.033,630.061,-2.035,5.515,60.81,0.0011,4,Left,119.94,-1,-1,UNKNOWN,None
355.328,38.049,630.342,-2.03,5.52,60.73,0.0011,4,Left,119.66,-1,-1,UNKNOWN,None
355.337,38.065,630.623,-2.025,5.525,60.62,0.0009,4,Left,119.38,-1,-1,UNKNOWN,None
355.353,38.08,630.903,-2.02,5.53,60.49,0.0009,4,Left,119.1,-1,-1,UNKNOWN,None
355.37,38.096,631.043,-2.018,5.532,60.42,0.0009,4,Left,118.96,-1,-1,UNKNOWN,None
355.387,38.112,631.322,-2.013,5.537,60.27,0.0009,4,Left,118.68,-1,-1,UNKNOWN,None
355.395,38.128,631.6,-2.008,5.542,60.1,0.0009,4,Left,118.4,-1,-1,UNKNOWN,None
355.421,38.145,631.888,-2.003,5.547,59.92,0.0009,4,Left,118.11,-1,-1,UNKNOWN,None
355.437,38.16,632.165,-1.998,5.552,59.72,0.0009,4,Left,117.83,-1,-1,UNKNOWN,None
355.437,38.176,632.303,-1.995,5.555,59.63,0.0009,4,Left,117.7,-1,-1,UNKNOWN,None
355.463,38.191,632.584,-1.99,5.56,59.43,0.0009,4,Left,117.42,-1,-1,UNKNOWN,None
355.484,38.208,632.945,-1.983,5.567,59.18,0.0009,4,Left,117.06,-1,-1,UNKNOWN,None
355.494,38.223,633.25,-1.978,5.572,58.98,0.0009,4,Left,116.75,-1,-1,UNKNOWN,None
355.513,38.24,633.411,-1.975,5.575,58.89,0.0009,4,Left,116.59,-1,-1,UNKNOWN,None
355.532,38.256,633.723,-1.969,5.581,58.72,0.0009,4,Left,116.28,-1,-1,UNKNOWN,None
355.532,38.271,633.859,-1.966,5.584,58.66,0.0009,4,Left,116.14,-1,-1,UNKNOWN,None
355.549,38.287,634.13,-1.961,5.589,58.55,0.0009,4,Left,115.87,-1,-1,UNKNOWN,None
355.583,38.304,634.544,-1.953,5.597,58.44,0.0009,4,Left,115.46,-1,-1,UNKNOWN,None
355.599,38.319,634.814,-1.948,5.602,58.4,0.0009,4,Left,115.19,-1,-1,UNKNOWN,None
355.599,38.336,634.95,-1.946,5.604,58.4,0.0009,4,Left,115.05,-1,-1,UNKNOWN,None
355.624,38.352,635.355,-1.938,5.612,58.42,0.0009,4,Left,114.64,-1,-1,UNKNOWN,None
355.633,38.368,635.509,-1.935,5.615,58.45,0.0009,4,Left,114.49,-1,-1,UNKNOWN,None
355.65,38.384,635.78,-1.93,5.62,58.51,0.0009,4,Left,114.22,-1,-1,UNKNOWN,None
355.675,38.4,636.052,-1.924,5.626,58.58,0.0009,4,Left,113.95,-1,-1,UNKNOWN,None
355.692,38.417,636.326,-1.919,5.631,58.68,0.0009,4,Left,113.67,-1,-1,UNKNOWN,None
355.701,38.433,636.605,-1.913,5.637,58.79,0.0009,4,Left,113.39,-1,-1,UNKNOWN,None
355.718,38.448,636.878,-1.908,5.642,58.91,0.0009,4,Left,113.12,-1,-1,UNKNOWN,None
355.743,38.465,637.151,-1.903,5.647,59.04,0.0009,4,Left,112.85,-1,-1,UNKNOWN,None
355.759,38.48,637.427,-1.897,5.653,59.18,0.0009,4,Left,112.57,-1,-1,UNKNOWN,None
355.768,38.495,637.701,-1.891,5.659,59.33,0.0009,4,Left,112.3,-1,-1,UNKNOWN,None
355.793,38.513,637.977,-1.886,5.664,59.49,0.0009,4,Left,112.02,-1,-1,UNKNOWN,None
355.801,38.528,638.253,-1.88,5.67,59.66,0.0005,4,Left,111.75,-1,-1,UNKNOWN,None
355.818,38.544,638.391,-1.878,5.672,59.74,-0.0002,4,Left,111.61,-1,-1,UNKNOWN,None
355.826,38.56,638.668,-1.872,5.678,59.92,-0.0009,4,Left,111.33,-1,-1,UNKNOWN,None
355.851,38.576,638.946,-1.866,5.684,60.09,-0.0021,4,Left,111.05,-1,-1,UNKNOWN,None
355.868,38.592,639.225,-1.861,5.689,60.28,-0.0021,4,Left,110.78,-1,-1,UNKNOWN,None
355.876,38.608,639.504,-1.855,5.695,60.45,-0.0021,4,Left,110.5,-1,-1,UNKNOWN,None
355.884,38.624,639.645,-1.852,5.698,60.53,-0.0021,4,Left,110.36,-1,-1,UNKNOWN,None
355.909,38.641,640.066,-1.844,5.706,60.74,-0.0021,4,Left,109.93,-1,-1,UNKNOWN,None
355.918,38.656,640.207,-1.841,5.709,60.8,-0.0021,4,Left,109.79,-1,-1,UNKNOWN,None
355.951,38.672,640.629,-1.833,5.717,60.9,-0.0021,4,Left,109.37,-1,-1,UNKNOWN,None
355.959,38.688,640.911,-1.827,5.723,60.91,-0.0021,4,Left,109.09,-1,-1,UNKNOWN,None
355.976,38.704,641.193,-1.821,5.729,60.89,-0.0094,4,Left,108.81,-1,-1,UNKNOWN,None
355.993,38.72,641.475,-1.816,5.734,60.83,-0.0094,4,Left,108.52,-1,-1,UNKNOWN,None
356.001,38.736,641.616,-1.813,5.737,60.79,-0.0094,4,Left,108.38,-1,-1,UNKNOWN,None
356.018,38.752,641.908,-1.808,5.742,60.69,-0.0094,4,Left,108.09,-1,-1,UNKNOWN,None
356.035,38.769,642.194,-1.803,5.747,60.56,-0.0094,4,Left,107.81,-1,-1,UNKNOWN,None
356.053,38.783,642.501,-1.798,5.752,60.4,-0.0094,4,Left,107.5,-1,-1,UNKNOWN,None
356.072,38.8,642.802,-1.792,5.758,60.23,-0.0094,4,Left,107.2,-1,-1,UNKNOWN,None
356.089,38.816,643.091,-1.788,5.762,60.05,-0.0094,4,Left,106.91,-1,-1,UNKNOWN,None
356.097,38.832,643.25,-1.785,5.765,59.95,-0.0094,4,Left,106.75,-1,-1,UNKNOWN,None
356.124,38.848,643.527,-1.781,5.769,59.76,-0.0094,4,Left,106.47,-1,-1,UNKNOWN,None
356.14,38.864,643.803,-1.777,5.773,59.56,-0.0094,4,Left,106.2,-1,-1,UNKNOWN,None
356.157,38.881,644.078,-1.772,5.778,59.37,-0.0094,4,Left,105.92,-1,-1,UNKNOWN,None
356.165,38.897,644.354,-1.769,5.781,59.18,-0.0094,4,Left,105.65,-1,-1,UNKNOWN,None
356.182,38.912,644.627,-1.765,5.785,59.01,-0.0094,4,Left,105.37,-1,-1,UNKNOWN,None
356.207,38.928,644.903,-1.761,5.789,58.85,-0.0094,4,Left,105.1,-1,-1,UNKNOWN,None
356.224,38.944,645.174,-1.758,5.792,58.71,-0.0094,4,Left,104.83,-1,-1,UNKNOWN,None
356.233,38.96,645.451,-1.755,5.795,58.6,-0.0094,4,Left,104.55,-1,-1,UNKNOWN,None
356.249,38.976,645.722,-1.752,5.798,58.51,-0.0088,4,Left,104.28,-1,-1,UNKNOWN,None
356.258,38.992,645.857,-1.751,5.799,58.48,-0.0082,4,Left,104.14,-1,-1,UNKNOWN,None
356.283,39.007,646.13,-1.748,5.802,58.44,-0.0072,4,Left,103.87,-1,-1,UNKNOWN,None
356.299,39.025,646.4,-1.745,5.805,58.43,-0.0063,4,Left,103.6,-1,-1,UNKNOWN,None
356.316,39.041,646.671,-1.743,5.807,58.45,-0.0052,4,Left,103.33,-1,-1,UNKNOWN,None
356.333,39.057,646.942,-1.741,5.809,58.5,-0.004,4,Left,103.06,-1,-1,UNKNOWN,None
356.341,39.072,647.213,-1.739,5.811,58.56,-0.0028,4,Left,102.79,-1,-1,UNKNOWN,None
356.366,39.089,647.484,-1.737,5.813,58.64,-0.0018,4,Left,102.52,-1,-1,UNKNOWN,None
356.374,39.105,647.756,-1.735,5.815,58.74,-0.0009,4,Left,102.24,-1,-1,UNKNOWN,None
356.4,39.12,648.033,-1.733,5.817,58.85,-0.0001,4,Left,101.97,-1,-1,UNKNOWN,None
356.416,39.136,648.306,-1.732,5.818,58.97,0.0007,4,Left,101.69,-1,-1,UNKNOWN,None
356.425,39.152,648.442,-1.731,5.819,59.04,0.0014,4,Left,101.56,-1,-1,UNKNOWN,None
356.445,39.168,648.781,-1.729,5.821,59.21,0.0017,4,Left,101.22,-1,-1,UNKNOWN,None
356.462,39.185,649.055,-1.728,5.822,59.36,0.0018,4,Left,100.94,-1,-1,UNKNOWN,None
356.479,39.2,649.331,-1.726,5.824,59.52,0.0018,4,Left,100.67,-1,-1,UNKNOWN,None
356.487,39.216,649.618,-1.725,5.825,59.69,0.0018,4,Left,100.38,-1,-1,UNKNOWN,None
356.511,39.232,649.872,-1.724,5.826,59.85,0.0018,4,Left,100.13,-1,-1,UNKNOWN,None
356.52,39.247,650.161,-1.722,5.828,60.03,0.0018,4,Left,99.84,-1,-1,UNKNOWN,None
356.528,39.264,650.309,-1.722,5.828,60.13,0.0018,4,Left,99.69,-1,-1,UNKNOWN,None
356.546,39.279,650.588,-1.721,5.829,60.3,0.0018,4,Left,99.41,-1,-1,UNKNOWN,None
356.571,39.297,650.868,-1.72,5.83,60.47,0.0018,4,Left,99.13,-1,-1,UNKNOWN,None
356.588,39.312,651.154,-1.719,5.831,60.64,0.0018,4,Left,98.85,-1,-1,UNKNOWN,None
356.604,39.327,651.436,-1.718,5.832,60.8,0.0018,4,Left,98.56,-1,-1,UNKNOWN,None
356.604,39.344,651.577,-1.717,5.833,60.87,0.0018,4,Left,98.42,-1,-1,UNKNOWN,None
356.63,39.361,652.03,-1.715,5.835,61.06,0.0018,4,Left,97.97,-1,-1,UNKNOWN,None
356.648,39.376,652.322,-1.714,5.836,61.14,0.0018,4,Left,97.68,-1,-1,UNKNOWN,None
356.657,39.392,652.469,-1.714,5.836,61.16,0.0018,4,Left,97.53,-1,-1,UNKNOWN,None
356.683,39.408,652.77,-1.713,5.837,61.18,0.0018,4,Left,97.23,-1,-1,UNKNOWN,None
356.693,39.424,653.076,-1.712,5.838,61.14,0.0018,4,Left,96.92,-1,-1,UNKNOWN,None
356.701,39.441,653.217,-1.711,5.839,61.12,0.0018,4,Left,96.78,-1,-1,UNKNOWN,None
356.734,39.455,653.641,-1.71,5.84,60.99,0.0018,4,Left,96.36,-1,-1,UNKNOWN,None
356.744,39.472,653.936,-1.709,5.841,60.87,0.0018,4,Left,96.06,-1,-1,UNKNOWN,None
356.769,39.49,654.231,-1.708,5.842,60.73,0.0018,4,Left,95.77,-1,-1,UNKNOWN,None
356.786,39.505,654.512,-1.707,5.843,60.57,0.0018,4,Left,95.49,-1,-1,UNKNOWN,None
356.794,39.52,654.652,-1.706,5.844,60.49,0.0021,4,Left,95.35,-1,-1,UNKNOWN,None
356.803,39.536,654.931,-1.705,5.845,60.31,0.0021,4,Left,95.07,-1,-1,UNKNOWN,None
356.828,39.553,655.219,-1.704,5.846,60.12,0.0021,4,Left,94.78,-1,-1,UNKNOWN,None
356.845,39.568,655.497,-1.703,5.847,59.93,0.0021,4,Left,94.5,-1,-1,UNKNOWN,None
356.862,39.584,655.773,-1.702,5.848,59.73,0.0021,4,Left,94.23,-1,-1,UNKNOWN,None
356.87,39.601,656.049,-1.701,5.849,59.53,0.0021,4,Left,93.95,-1,-1,UNKNOWN,None
356.895,39.617,656.324,-1.7,5.85,59.34,0.0021,4,Left,93.68,-1,-1,UNKNOWN,None
356.904,39.633,656.607,-1.698,5.852,59.16,0.0021,4,Left,93.39,-1,-1,UNKNOWN,None
356.921,39.649,656.887,-1.697,5.853,59.0,0.0021,4,Left,93.11,-1,-1,UNKNOWN,None
356.937,39.665,657.159,-1.696,5.854,58.86,0.0021,4,Left,92.84,-1,-1,UNKNOWN,None
356.946,39.68,657.295,-1.695,5.855,58.8,0.0018,4,Left,92.7,-1,-1,UNKNOWN,None
356.971,39.696,657.578,-1.694,5.856,58.69,0.0017,4,Left,92.42,-1,-1,UNKNOWN,None
356.98,39.713,657.853,-1.692,5.858,58.62,0.0014,4,Left,92.15,-1,-1,UNKNOWN,None
357.005,39.729,658.124,-1.691,5.859,58.58,0.0011,4,Left,91.88,-1,-1,UNKNOWN,None
357.023,39.745,658.424,-1.689,5.861,58.58,0.0011,4,Left,91.58,-1,-1,UNKNOWN,None
357.032,39.76,658.56,-1.689,5.861,58.59,0.0011,4,Left,91.44,-1,-1,UNKNOWN,None
357.032,39.776,658.83,-1.687,5.863,58.62,0.0011,4,Left,91.17,-1,-1,UNKNOWN,None
357.068,39.792,659.142,-1.685,5.865,58.68,0.0011,4,Left,90.86,-1,-1,UNKNOWN,None
357.076,39.809,659.427,-1.684,5.866,58.77,0.0011,4,Left,90.57,-1,-1,UNKNOWN,None
357.093,39.824,659.699,-1.682,5.868,58.86,0.0011,4,Left,90.3,-1,-1,UNKNOWN,None
357.118,39.841,659.972,-1.68,5.87,58.97,0.0011,4,Left,90.03,-1,-1,UNKNOWN,None
357.135,39.857,660.252,-1.679,5.871,59.09,0.0009,4,Left,89.75,-1,-1,UNKNOWN,None
357.144,39.872,660.526,-1.677,5.873,59.23,0.0009,4,Left,89.47,-1,-1,UNKNOWN,None
357.16,39.888,660.801,-1.675,5.875,59.37,0.0007,4,Left,89.2,-1,-1,UNKNOWN,None
357.169,39.904,660.943,-1.674,5.876,59.44,0.0005,4,Left,89.06,-1,-1,UNKNOWN,None
357.186,39.92,661.218,-1.672,5.878,59.6,0.0002,4,Left,88.78,-1,-1,UNKNOWN,None
357.202,39.937,661.495,-1.671,5.879,59.76,-0.0002,4,Left,88.51,-1,-1,UNKNOWN,None
357.227,39.953,661.773,-1.669,5.881,59.93,-0.0008,4,Left,88.23,-1,-1,UNKNOWN,None
357.244,39.969,662.051,-1.667,5.883,60.1,-0.0014,4,Left,87.95,-1,-1,UNKNOWN,None
357.261,39.985,662.33,-1.665,5.885,60.28,-0.0014,4,Left,87.67,-1,-1,UNKNOWN,None
357.277,40.001,662.61,-1.663,5.887,60.46,-0.0027,4,Left,87.39,-1,-1,UNKNOWN,None
357.287,40.016,662.91,-1.661,5.889,60.64,-0.0027,4,Left,87.09,-1,-1,UNKNOWN,None
357.304,40.032,663.195,-1.659,5.891,60.8,-0.0027,4,Left,86.81,-1,-1,UNKNOWN,None
357.32,40.048,663.477,-1.657,5.893,60.94,-0.0044,4,Left,86.52,-1,-1,UNKNOWN,None
357.337,40.064,663.767,-1.655,5.895,61.08,-0.0044,4,Left,86.23,-1,-1,UNKNOWN,None
357.354,40.08,663.908,-1.655,5.895,61.13,-0.0044,4,Left,86.09,-1,-1,UNKNOWN,None
357.371,40.096,664.199,-1.653,5.897,61.23,-0.0044,4,Left,85.8,-1,-1,UNKNOWN,None
357.383,40.112,664.395,-1.652,5.898,61.27,-0.0044,4,Left,85.61,-1,-1,UNKNOWN,None
357.405,40.128,664.766,-1.65,5.9,61.31,-0.0044,4,Left,85.23,-1,-1,UNKNOWN,None
357.413,40.144,665.056,-1.648,5.902,61.28,-0.0044,4,Left,84.94,-1,-1,UNKNOWN,None
357.422,40.16,665.198,-1.647,5.903,61.26,-0.0044,4,Left,84.8,-1,-1,UNKNOWN,None
357.455,40.176,665.623,-1.645,5.905,61.13,-0.0044,4,Left,84.38,-1,-1,UNKNOWN,None
357.463,40.191,665.906,-1.644,5.906,61.02,-0.0047,4,Left,84.09,-1,-1,UNKNOWN,None
357.48,40.207,666.188,-1.642,5.908,60.89,-0.0047,4,Left,83.81,-1,-1,UNKNOWN,None
357.497,40.224,666.469,-1.641,5.909,60.74,-0.0047,4,Left,83.53,-1,-1,UNKNOWN,None
357.505,40.24,666.619,-1.64,5.91,60.66,-0.0047,4,Left,83.38,-1,-1,UNKNOWN,None
357.522,40.256,666.899,-1.639,5.911,60.48,-0.0047,4,Left,83.1,-1,-1,UNKNOWN,None
357.547,40.271,667.179,-1.638,5.912,60.3,-0.0047,4,Left,82.82,-1,-1,UNKNOWN,None
357.556,40.288,667.457,-1.637,5.913,60.1,-0.0047,4,Left,82.54,-1,-1,UNKNOWN,None
357.581,40.304,667.734,-1.637,5.913,59.9,-0.0047,4,Left,82.27,-1,-1,UNKNOWN,None
357.581,40.32,667.873,-1.636,5.914,59.8,-0.0047,4,Left,82.13,-1,-1,UNKNOWN,None
357.606,40.336,668.287,-1.635,5.915,59.52,-0.0047,4,Left,81.71,-1,-1,UNKNOWN,None
357.614,40.353,668.424,-1.635,5.915,59.43,-0.0047,4,Left,81.58,-1,-1,UNKNOWN,None
357.64,40.369,668.859,-1.634,5.916,59.17,-0.0047,4,Left,81.14,-1,-1,UNKNOWN,None
357.657,40.385,669.132,-1.634,5.916,59.03,-0.0047,4,Left,80.87,-1,-1,UNKNOWN,None
357.682,40.4,669.405,-1.634,5.916,58.92,-0.0047,4,Left,80.59,-1,-1,UNKNOWN,None
357.682,40.416,669.541,-1.633,5.917,58.87,-0.0047,4,Left,80.46,-1,-1,UNKNOWN,None
357.699,40.433,669.813,-1.633,5.917,58.8,-0.0047,4,Left,80.19,-1,-1,UNKNOWN,None
357.724,40.449,670.09,-1.633,5.917,58.76,-0.0047,4,Left,79.91,-1,-1,UNKNOWN,None
357.732,40.465,670.362,-1.634,5.916,58.75,-0.0047,4,Left,79.64,-1,-1,UNKNOWN,None
357.757,40.48,670.634,-1.634,5.916,58.77,-0.0047,4,Left,79.37,-1,-1,UNKNOWN,None
357.768,40.496,670.946,-1.634,5.916,58.82,-0.0047,4,Left,79.05,-1,-1,UNKNOWN,None
357.785,40.512,671.219,-1.635,5.915,58.88,-0.0047,4,Left,78.78,-1,-1,UNKNOWN,None
357.801,40.528,671.493,-1.636,5.914,58.97,-0.0047,4,Left,78.51,-1,-1,UNKNOWN,None
357.81,40.544,671.629,-1.636,5.914,59.02,-0.0047,4,Left,78.37,-1,-1,UNKNOWN,None
357.826,40.56,671.903,-1.637,5.913,59.12,-0.0047,4,Left,78.1,-1,-1,UNKNOWN,None
357.851,40.577,672.177,-1.638,5.912,59.24,-0.0044,4,Left,77.82,-1,-1,UNKNOWN,None
357.868,40.592,672.452,-1.639,5.911,59.37,-0.004,4,Left,77.55,-1,-1,UNKNOWN,None
357.885,40.608,672.727,-1.64,5.91,59.51,-0.0033,4,Left,77.27,-1,-1,UNKNOWN,None
357.901,40.625,673.003,-1.641,5.909,59.66,-0.0027,4,Left,77.0,-1,-1,UNKNOWN,None
357.91,40.64,673.296,-1.643,5.907,59.83,-0.0018,4,Left,76.7,-1,-1,UNKNOWN,None
357.919,40.656,673.484,-1.644,5.906,59.94,-0.0009,4,Left,76.52,-1,-1,UNKNOWN,None
357.947,40.673,673.768,-1.645,5.905,60.11,-0.0002,4,Left,76.23,-1,-1,UNKNOWN,None
357.956,40.688,674.047,-1.647,5.903,60.28,-0.0002,4,Left,75.95,-1,-1,UNKNOWN,None
357.981,40.705,674.327,-1.648,5.902,60.46,-0.0002,4,Left,75.67,-1,-1,UNKNOWN,None
357.997,40.721,674.608,-1.65,5.9,60.62,-0.0002,4,Left,75.39,-1,-1,UNKNOWN,None
358.006,40.737,674.889,-1.652,5.898,60.76,-0.0002,4,Left,75.11,-1,-1,UNKNOWN,None
358.031,40.752,675.176,-1.654,5.896,60.88,-0.0002,4,Left,74.82,-1,-1,UNKNOWN,None
358.048,40.768,675.464,-1.655,5.895,60.95,-0.0002,4,Left,74.54,-1,-1,UNKNOWN,None
358.057,40.784,675.761,-1.658,5.892,60.98,-0.0002,4,Left,74.24,-1,-1,UNKNOWN,None
358.085,40.806,676.085,-1.66,5.89,60.97,-0.0002,4,Left,73.92,-1,-1,UNKNOWN,None
358.093,40.816,676.226,-1.661,5.889,60.94,-0.0002,4,Left,73.77,-1,-1,UNKNOWN,None
358.093,40.832,676.446,-1.662,5.888,60.89,-0.0002,4,Left,73.55,-1,-1,UNKNOWN,None
358.106,40.849,676.607,-1.664,5.886,60.84,-0.0002,4,Left,73.39,-1,-1,UNKNOWN,None
358.141,40.864,677.035,-1.667,5.883,60.67,-0.0002,4,Left,72.97,-1,-1,UNKNOWN,None
358.158,40.88,677.315,-1.669,5.881,60.53,0.006,4,Left,72.68,-1,-1,UNKNOWN,None
358.167,40.896,677.641,-1.672,5.878,60.35,0.006,4,Left,72.36,-1,-1,UNKNOWN,None
358.185,40.912,677.92,-1.674,5.876,60.19,0.006,4,Left,72.08,-1,-1,UNKNOWN,None
358.203,40.928,678.077,-1.675,5.875,60.1,0.006,4,Left,71.92,-1,-1,UNKNOWN,None
358.211,40.945,678.354,-1.677,5.873,59.92,0.006,4,Left,71.65,-1,-1,UNKNOWN,None
358.236,40.961,678.631,-1.678,5.872,59.74,0.006,4,Left,71.37,-1,-1,UNKNOWN,None
358.253,40.977,678.907,-1.68,5.87,59.55,0.0058,4,Left,71.09,-1,-1,UNKNOWN,None
358.27,40.993,679.183,-1.682,5.868,59.35,0.0056,4,Left,70.82,-1,-1,UNKNOWN,None
358.278,41.01,679.457,-1.684,5.866,59.17,0.005,4,Left,70.54,-1,-1,UNKNOWN,None
358.295,41.024,679.73,-1.685,5.865,59.0,0.0046,4,Left,70.27,-1,-1,UNKNOWN,None
358.311,41.041,680.03,-1.687,5.863,58.83,0.0042,4,Left,69.97,-1,-1,UNKNOWN,None
358.33,41.056,680.166,-1.688,5.862,58.76,0.0034,4,Left,69.83,-1,-1,UNKNOWN,None
358.346,41.073,680.438,-1.69,5.86,58.64,0.0028,4,Left,69.56,-1,-1,UNKNOWN,None
358.363,41.089,680.709,-1.691,5.859,58.54,0.0021,4,Left,69.29,-1,-1,UNKNOWN,None
358.38,41.104,680.979,-1.693,5.857,58.48,0.0014,4,Left,69.02,-1,-1,UNKNOWN,None
358.388,41.121,681.25,-1.694,5.856,58.44,0.0009,4,Left,68.75,-1,-1,UNKNOWN,None
358.413,41.136,681.521,-1.695,5.855,58.44,0.0005,4,Left,68.48,-1,-1,UNKNOWN,None
358.413,41.152,681.656,-1.696,5.854,58.44,-0.0001,4,Left,68.34,-1,-1,UNKNOWN,None
358.444,41.169,682.021,-1.698,5.852,58.49,-0.0005,4,Left,67.98,-1,-1,UNKNOWN,None
358.464,41.185,682.341,-1.7,5.85,58.57,-0.0008,4,Left,67.66,-1,-1,UNKNOWN,None
358.464,41.2,682.476,-1.7,5.85,58.61,-0.0009,4,Left,67.52,-1,-1,UNKNOWN,None
358.497,41.216,682.884,-1.702,5.848,58.75,-0.0012,4,Left,67.12,-1,-1,UNKNOWN,None
358.497,41.231,683.02,-1.703,5.847,58.8,-0.0014,4,Left,66.98,-1,-1,UNKNOWN,None
358.522,41.248,683.301,-1.704,5.846,58.93,-0.0014,4,Left,66.7,-1,-1,UNKNOWN,None
358.531,41.267,683.437,-1.705,5.845,58.99,-0.0014,4,Left,66.56,-1,-1,UNKNOWN,None
358.551,41.279,683.904,-1.707,5.843,59.23,-0.0017,4,Left,66.1,-1,-1,UNKNOWN,None
358.568,41.296,684.182,-1.708,5.842,59.38,-0.0018,4,Left,65.82,-1,-1,UNKNOWN,None
358.586,41.313,684.347,-1.709,5.841,59.48,-0.0021,4,Left,65.65,-1,-1,UNKNOWN,None
358.605,41.328,684.659,-1.71,5.84,59.66,-0.0024,4,Left,65.34,-1,-1,UNKNOWN,None
358.622,41.344,684.95,-1.712,5.838,59.84,-0.0027,4,Left,65.05,-1,-1,UNKNOWN,None
358.622,41.36,685.244,-1.713,5.837,60.03,-0.0028,4,Left,64.76,-1,-1,UNKNOWN,None
358.654,41.376,685.471,-1.714,5.836,60.17,-0.0028,4,Left,64.53,-1,-1,UNKNOWN,None
358.664,41.392,685.789,-1.716,5.834,60.37,-0.0031,4,Left,64.21,-1,-1,UNKNOWN,None
358.681,41.408,686.069,-1.717,5.833,60.55,-0.0031,4,Left,63.93,-1,-1,UNKNOWN,None
358.689,41.424,686.209,-1.718,5.832,60.64,-0.0031,4,Left,63.79,-1,-1,UNKNOWN,None
358.715,41.441,686.498,-1.719,5.831,60.81,-0.0031,4,Left,63.5,-1,-1,UNKNOWN,None
358.731,41.457,686.783,-1.721,5.829,60.95,-0.0031,4,Left,63.22,-1,-1,UNKNOWN,None
358.748,41.472,687.066,-1.722,5.828,61.05,-0.0031,4,Left,62.93,-1,-1,UNKNOWN,None
358.756,41.489,687.351,-1.724,5.826,61.13,-0.0031,4,Left,62.65,-1,-1,UNKNOWN,None
358.765,41.505,687.492,-1.725,5.825,61.14,-0.0031,4,Left,62.51,-1,-1,UNKNOWN,None
358.798,41.521,687.917,-1.727,5.823,61.13,-0.0031,4,Left,62.08,-1,-1,UNKNOWN,None
358.816,41.535,688.212,-1.729,5.821,61.08,-0.0031,4,Left,61.79,-1,-1,UNKNOWN,None
358.832,41.552,688.494,-1.731,5.819,61.0,-0.0031,4,Left,61.51,-1,-1,UNKNOWN,None
358.841,41.568,688.776,-1.732,5.818,60.89,-0.0031,4,Left,61.22,-1,-1,UNKNOWN,None
358.857,41.585,689.059,-1.734,5.816,60.75,-0.0031,4,Left,60.94,-1,-1,UNKNOWN,None
358.875,41.601,689.217,-1.735,5.815,60.67,-0.0031,4,Left,60.78,-1,-1,UNKNOWN,None
358.875,41.621,689.357,-1.736,5.814,60.6,-0.0031,4,Left,60.64,-1,-1,UNKNOWN,None
358.909,41.633,689.787,-1.739,5.811,60.35,-0.0031,4,Left,60.21,-1,-1,UNKNOWN,None
358.917,41.648,690.066,-1.741,5.809,60.18,-0.0031,4,Left,59.93,-1,-1,UNKNOWN,None
358.934,41.664,690.344,-1.744,5.806,60.0,-0.0031,4,Left,59.66,-1,-1,UNKNOWN,None
358.951,41.679,690.621,-1.746,5.804,59.81,-0.0031,4,Left,59.38,-1,-1,UNKNOWN,None
358.967,41.696,690.897,-1.748,5.802,59.62,-0.0031,4,Left,59.1,-1,-1,UNKNOWN,None
358.985,41.713,691.181,-1.75,5.8,59.41,-0.0031,4,Left,58.82,-1,-1,UNKNOWN,None
358.993,41.729,691.33,-1.752,5.798,59.3,-0.0031,4,Left,58.67,-1,-1,UNKNOWN,None
359.01,41.744,691.604,-1.754,5.796,59.11,-0.0031,4,Left,58.4,-1,-1,UNKNOWN,None
359.035,41.761,691.877,-1.757,5.793,58.93,-0.0031,4,Left,58.12,-1,-1,UNKNOWN,None
359.044,41.775,692.149,-1.759,5.791,58.76,-0.0031,4,Left,57.85,-1,-1,UNKNOWN,None
359.069,41.792,692.43,-1.762,5.788,58.61,-0.0031,4,Left,57.57,-1,-1,UNKNOWN,None
359.069,41.808,692.566,-1.763,5.787,58.54,-0.0031,4,Left,57.43,-1,-1,UNKNOWN,None
359.103,41.824,692.978,-1.767,5.783,58.38,-0.0031,4,Left,57.02,-1,-1,UNKNOWN,None
359.12,41.84,693.248,-1.77,5.78,58.31,-0.0031,4,Left,56.75,-1,-1,UNKNOWN,None
359.128,41.856,693.518,-1.773,5.777,58.28,-0.0031,4,Left,56.48,-1,-1,UNKNOWN,None
359.145,41.872,693.796,-1.776,5.774,58.27,-0.0031,4,Left,56.2,-1,-1,UNKNOWN,None
359.154,41.888,693.934,-1.778,5.772,58.28,-0.0031,4,Left,56.07,-1,-1,UNKNOWN,None
359.181,41.905,694.235,-1.781,5.769,58.32,-0.0031,4,Left,55.76,-1,-1,UNKNOWN,None
359.189,41.92,694.514,-1.785,5.765,58.38,-0.0031,4,Left,55.49,-1,-1,UNKNOWN,None
359.214,41.936,694.785,-1.788,5.762,58.46,-0.0031,4,Left,55.22,-1,-1,UNKNOWN,None
359.231,41.952,695.056,-1.791,5.759,58.55,-0.0031,4,Left,54.94,-1,-1,UNKNOWN,None
359.239,41.968,695.191,-1.793,5.757,58.6,-0.0031,4,Left,54.81,-1,-1,UNKNOWN,None
359.25,41.984,695.608,-1.798,5.752,58.78,-0.0031,4,Left,54.39,-1,-1,UNKNOWN,None
359.273,42.001,695.881,-1.802,5.748,58.91,-0.0031,4,Left,54.12,-1,-1,UNKNOWN,None
359.282,42.016,696.018,-1.804,5.746,58.98,-0.0031,4,Left,53.98,-1,-1,UNKNOWN,None
359.307,42.032,696.292,-1.808,5.742,59.13,-0.0031,4,Left,53.71,-1,-1,UNKNOWN,None
359.323,42.048,696.566,-1.812,5.738,59.28,-0.0031,4,Left,53.43,-1,-1,UNKNOWN,None
359.34,42.064,696.845,-1.816,5.734,59.45,-0.0031,4,Left,53.16,-1,-1,UNKNOWN,None
359.357,42.083,697.128,-1.82,5.73,59.62,-0.0031,4,Left,52.87,-1,-1,UNKNOWN,None
359.357,42.096,697.29,-1.822,5.728,59.72,-0.0031,4,Left,52.71,-1,-1,UNKNOWN,None
359.384,42.113,697.714,-1.829,5.721,59.99,-0.0031,4,Left,52.29,-1,-1,UNKNOWN,None
359.401,42.128,697.992,-1.833,5.717,60.18,-0.0031,4,Left,52.01,-1,-1,UNKNOWN,None
359.418,42.144,698.132,-1.835,5.715,60.27,-0.0031,4,Left,51.87,-1,-1,UNKNOWN,None
359.426,42.16,698.45,-1.84,5.71,60.48,-0.0031,4,Left,51.55,-1,-1,UNKNOWN,None
359.445,42.176,698.745,-1.845,5.705,60.66,-0.0031,4,Left,51.26,-1,-1,UNKNOWN,None
359.462,42.191,699.029,-1.85,5.7,60.83,-0.0031,4,Left,50.97,-1,-1,UNKNOWN,None
359.471,42.207,699.186,-1.853,5.697,60.91,-0.0031,4,Left,50.81,-1,-1,UNKNOWN,None
359.489,42.223,699.483,-1.858,5.692,61.05,-0.0031,4,Left,50.52,-1,-1,UNKNOWN,None
359.516,42.239,699.794,-1.863,5.687,61.16,-0.0031,4,Left,50.21,-1,-1,UNKNOWN,None
359.526,42.254,700.106,-1.869,5.681,61.23,-0.0031,4,Left,49.89,-1,-1,UNKNOWN,None
359.544,42.271,700.264,-1.872,5.678,61.24,-0.0031,4,Left,49.74,-1,-1,UNKNOWN,None
359.562,42.288,700.583,-1.877,5.673,61.23,-0.0031,4,Left,49.42,-1,-1,UNKNOWN,None
359.58,42.305,700.884,-1.883,5.667,61.17,-0.0031,4,Left,49.12,-1,-1,UNKNOWN,None
359.589,42.32,701.167,-1.888,5.662,61.09,-0.0031,4,Left,48.83,-1,-1,UNKNOWN,None
359.614,42.336,701.45,-1.894,5.656,60.98,-0.0031,4,Left,48.55,-1,-1,UNKNOWN,None
359.63,42.352,701.731,-1.899,5.651,60.85,-0.0031,4,Left,48.27,-1,-1,UNKNOWN,None
359.647,42.369,702.014,-1.905,5.645,60.7,-0.0031,4,Left,47.99,-1,-1,UNKNOWN,None
359.656,42.385,702.319,-1.911,5.639,60.52,-0.0031,4,Left,47.68,-1,-1,UNKNOWN,None
359.665,42.4,702.472,-1.914,5.636,60.42,-0.0031,4,Left,47.53,-1,-1,UNKNOWN,None
359.691,42.417,702.753,-1.92,5.63,60.23,-0.0031,4,Left,47.25,-1,-1,UNKNOWN,None
359.71,42.433,703.066,-1.927,5.623,60.01,-0.0018,4,Left,46.93,-1,-1,UNKNOWN,None
359.71,42.449,703.204,-1.93,5.62,59.91,-0.0018,4,Left,46.8,-1,-1,UNKNOWN,None
359.735,42.464,703.62,-1.938,5.612,59.6,-0.0005,4,Left,46.38,-1,-1,UNKNOWN,None
359.743,42.48,703.799,-1.942,5.608,59.46,0.0005,4,Left,46.2,-1,-1,UNKNOWN,None
359.762,42.497,704.077,-1.948,5.602,59.25,0.0017,4,Left,45.92,-1,-1,UNKNOWN,None
359.788,42.512,704.35,-1.954,5.596,59.05,0.003,4,Left,45.65,-1,-1,UNKNOWN,None
359.804,42.528,704.623,-1.96,5.59,58.86,0.0042,4,Left,45.38,-1,-1,UNKNOWN,None
359.813,42.544,704.895,-1.966,5.584,58.68,0.0056,4,Left,45.11,-1,-1,UNKNOWN,None
359.821,42.56,705.03,-1.969,5.581,58.61,0.0068,4,Left,44.97,-1,-1,UNKNOWN,None
359.84,42.576,705.438,-1.977,5.573,58.4,0.0076,4,Left,44.56,-1,-1,UNKNOWN,None
359.865,42.592,705.754,-1.984,5.566,58.28,0.0085,4,Left,44.25,-1,-1,UNKNOWN,None
359.882,42.609,705.889,-1.987,5.563,58.25,0.0091,4,Left,44.11,-1,-1,UNKNOWN,None
359.89,42.624,706.158,-1.992,5.558,58.2,0.0095,4,Left,43.84,-1,-1,UNKNOWN,None
359.915,42.64,706.427,-1.998,5.552,58.18,0.0095,4,Left,43.57,-1,-1,UNKNOWN,None
359.932,42.656,706.697,-2.003,5.547,58.19,0.0095,4,Left,43.3,-1,-1,UNKNOWN,None
359.949,42.673,706.966,-2.008,5.542,58.22,0.0095,4,Left,43.03,-1,-1,UNKNOWN,None
359.965,42.689,707.236,-2.013,5.537,58.28,0.0095,4,Left,42.76,-1,-1,UNKNOWN,None
359.974,42.705,707.506,-2.018,5.532,58.35,0.0095,4,Left,42.49,-1,-1,UNKNOWN,None
359.99,42.719,707.777,-2.023,5.527,58.44,0.0095,4,Left,42.22,-1,-1,UNKNOWN,None
360.015,42.737,708.048,-2.028,5.522,58.55,0.0095,4,Left,41.95,-1,-1,UNKNOWN,None
360.032,42.753,708.32,-2.032,5.518,58.67,0.0092,4,Left,41.68,-1,-1,UNKNOWN,None
360.041,42.769,708.597,-2.037,5.513,58.8,0.0088,4,Left,41.4,-1,-1,UNKNOWN,None
360.057,42.785,708.869,-2.041,5.509,58.94,0.0081,4,Left,41.13,-1,-1,UNKNOWN,None
360.083,42.805,709.147,-2.046,5.504,59.1,0.0075,4,Left,40.85,-1,-1,UNKNOWN,None
360.092,42.817,709.297,-2.048,5.502,59.18,0.0068,4,Left,40.7,-1,-1,UNKNOWN,None
360.101,42.832,709.591,-2.052,5.498,59.35,0.0065,4,Left,40.41,-1,-1,UNKNOWN,None
360.11,42.848,709.728,-2.054,5.496,59.44,0.006,4,Left,40.27,-1,-1,UNKNOWN,None
360.143,42.865,710.143,-2.06,5.49,59.7,0.0056,4,Left,39.86,-1,-1,UNKNOWN,None
360.16,42.881,710.419,-2.064,5.486,59.87,0.0053,4,Left,39.58,-1,-1,UNKNOWN,None
360.176,42.897,710.697,-2.067,5.483,60.06,0.0049,4,Left,39.3,-1,-1,UNKNOWN,None
360.185,42.913,710.976,-2.07,5.48,60.24,0.0044,4,Left,39.02,-1,-1,UNKNOWN,None
360.201,42.928,711.256,-2.074,5.476,60.43,0.0044,4,Left,38.74,-1,-1,UNKNOWN,None
360.21,42.944,711.398,-2.075,5.475,60.53,0.0044,4,Left,38.6,-1,-1,UNKNOWN,None
360.236,42.961,711.702,-2.079,5.471,60.72,0.0034,4,Left,38.3,-1,-1,UNKNOWN,None
360.245,42.976,711.983,-2.082,5.468,60.89,0.0034,4,Left,38.02,-1,-1,UNKNOWN,None
360.271,42.992,712.286,-2.085,5.465,61.05,0.0033,4,Left,37.71,-1,-1,UNKNOWN,None
360.286,43.009,712.546,-2.087,5.463,61.19,0.0033,4,Left,37.45,-1,-1,UNKNOWN,None
360.303,43.025,712.829,-2.09,5.46,61.32,0.0033,4,Left,37.17,-1,-1,UNKNOWN,None
360.319,43.041,713.114,-2.092,5.458,61.43,0.0033,4,Left,36.89,-1,-1,UNKNOWN,None
360.336,43.057,713.398,-2.094,5.456,61.51,0.0033,4,Left,36.6,-1,-1,UNKNOWN,None
360.345,43.073,713.69,-2.096,5.454,61.56,0.0033,4,Left,36.31,-1,-1,UNKNOWN,None
360.353,43.089,713.833,-2.097,5.453,61.58,0.0033,4,Left,36.17,-1,-1,UNKNOWN,None
360.37,43.104,714.121,-2.099,5.451,61.59,0.0033,4,Left,35.88,-1,-1,UNKNOWN,None
360.387,43.12,714.41,-2.101,5.449,61.58,0.0033,4,Left,35.59,-1,-1,UNKNOWN,None
360.412,43.136,714.695,-2.103,5.447,61.54,0.0033,4,Left,35.3,-1,-1,UNKNOWN,None
360.42,43.153,714.98,-2.105,5.445,61.46,0.0033,4,Left,35.02,-1,-1,UNKNOWN,None
360.454,43.176,715.409,-2.107,5.443,61.31,0.0033,4,Left,34.59,-1,-1,UNKNOWN,None
360.454,43.183,715.578,-2.108,5.442,61.25,0.0033,4,Left,34.42,-1,-1,UNKNOWN,None
360.472,43.199,715.862,-2.109,5.441,61.13,0.0033,4,Left,34.14,-1,-1,UNKNOWN,None
360.489,43.215,716.003,-2.109,5.441,61.06,0.0033,4,Left,34.0,-1,-1,UNKNOWN,None
360.505,43.231,716.285,-2.11,5.44,60.91,0.0033,4,Left,33.71,-1,-1,UNKNOWN,None
360.514,43.248,716.567,-2.111,5.439,60.74,0.003,4,Left,33.43,-1,-1,UNKNOWN,None
360.53,43.263,716.854,-2.112,5.438,60.56,0.003,4,Left,33.15,-1,-1,UNKNOWN,None
360.539,43.28,716.994,-2.113,5.437,60.47,0.003,4,Left,33.01,-1,-1,UNKNOWN,None
360.556,43.296,717.273,-2.113,5.437,60.29,0.0025,4,Left,32.73,-1,-1,UNKNOWN,None
360.59,43.312,717.707,-2.114,5.436,60.0,0.0025,4,Left,32.29,-1,-1,UNKNOWN,None
360.599,43.328,717.85,-2.114,5.436,59.89,0.0021,4,Left,32.15,-1,-1,UNKNOWN,None
360.619,43.344,718.19,-2.115,5.435,59.65,0.0021,4,Left,31.81,-1,-1,UNKNOWN,None
360.636,43.36,718.468,-2.115,5.435,59.44,0.0021,4,Left,31.53,-1,-1,UNKNOWN,None
360.644,43.375,718.743,-2.115,5.435,59.25,0.0021,4,Left,31.26,-1,-1,UNKNOWN,None
360.661,43.393,719.078,-2.115,5.435,59.03,0.0021,4,Left,30.92,-1,-1,UNKNOWN,None
360.684,43.409,719.248,-2.115,5.435,58.92,0.0021,4,Left,30.75,-1,-1,UNKNOWN,None
360.693,43.424,719.55,-2.115,5.435,58.76,0.0021,4,Left,30.45,-1,-1,UNKNOWN,None
360.713,43.441,719.722,-2.115,5.435,58.68,0.0021,4,Left,30.28,-1,-1,UNKNOWN,None
360.725,43.456,720.118,-2.115,5.435,58.53,0.0021,4,Left,29.88,-1,-1,UNKNOWN,None
360.745,43.472,720.258,-2.115,5.435,58.49,0.0018,4,Left,29.74,-1,-1,UNKNOWN,None
360.763,43.488,720.544,-2.114,5.436,58.44,0.0017,4,Left,29.46,-1,-1,UNKNOWN,None
360.781,43.504,720.835,-2.114,5.436,58.42,0.0011,4,Left,29.16,-1,-1,UNKNOWN,None
360.789,43.521,721.106,-2.114,5.436,58.44,-0.0001,4,Left,28.89,-1,-1,UNKNOWN,None
360.814,43.537,721.376,-2.113,5.437,58.47,-0.0017,4,Left,28.62,-1,-1,UNKNOWN,None
360.823,43.554,721.647,-2.113,5.437,58.53,-0.0037,4,Left,28.35,-1,-1,UNKNOWN,None
360.839,43.568,721.92,-2.112,5.438,58.61,-0.0068,4,Left,28.08,-1,-1,UNKNOWN,None
360.856,43.584,722.192,-2.112,5.438,58.71,-0.0094,4,Left,27.81,-1,-1,UNKNOWN,None
360.873,43.6,722.464,-2.111,5.439,58.82,-0.0126,4,Left,27.54,-1,-1,UNKNOWN,None
360.889,43.616,722.737,-2.111,5.439,58.94,-0.0162,4,Left,27.26,-1,-1,UNKNOWN,None
360.906,43.632,722.876,-2.111,5.439,59.0,-0.0204,4,Left,27.12,-1,-1,UNKNOWN,None
360.924,43.648,723.17,-2.112,5.438,59.15,-0.0248,4,Left,26.83,-1,-1,UNKNOWN,None
360.936,43.664,723.37,-2.112,5.438,59.25,-0.0295,4,Left,26.63,-1,-1,UNKNOWN,None
360.946,43.68,723.675,-2.113,5.437,59.42,-0.034,4,Left,26.32,-1,-1,UNKNOWN,None
360.955,43.696,723.813,-2.114,5.436,59.5,-0.0376,4,Left,26.19,-1,-1,UNKNOWN,None
360.988,43.713,724.228,-2.117,5.433,59.74,-0.0413,4,Left,25.77,-1,-1,UNKNOWN,None
361.005,43.729,724.506,-2.119,5.431,59.91,-0.0443,4,Left,25.49,-1,-1,UNKNOWN,None
361.013,43.745,724.784,-2.123,5.427,60.09,-0.0465,4,Left,25.22,-1,-1,UNKNOWN,None
361.038,43.761,725.064,-2.126,5.424,60.27,-0.0465,4,Left,24.94,-1,-1,UNKNOWN,None
361.055,43.776,725.344,-2.131,5.419,60.44,-0.0465,4,Left,24.66,-1,-1,UNKNOWN,None
361.063,43.792,725.625,-2.136,5.414,60.59,-0.0465,4,Left,24.38,-1,-1,UNKNOWN,None
361.08,43.808,725.906,-2.142,5.408,60.72,-0.0465,4,Left,24.09,-1,-1,UNKNOWN,None
361.097,43.824,726.188,-2.148,5.402,60.82,-0.0465,4,Left,23.81,-1,-1,UNKNOWN,None
361.113,43.841,726.469,-2.156,5.394,60.87,-0.0465,4,Left,23.53,-1,-1,UNKNOWN,None
361.13,43.857,726.61,-2.16,5.39,60.88,-0.0465,4,Left,23.39,-1,-1,UNKNOWN,None
361.149,43.873,726.924,-2.169,5.381,60.86,-0.0465,4,Left,23.08,-1,-1,UNKNOWN,None
361.165,43.889,727.205,-2.179,5.371,60.81,-0.0492,4,Left,22.79,-1,-1,UNKNOWN,None
361.174,43.904,727.486,-2.189,5.361,60.73,-0.0492,4,Left,22.51,-1,-1,UNKNOWN,None
361.199,43.921,727.777,-2.201,5.349,60.62,-0.0492,4,Left,22.22,-1,-1,UNKNOWN,None
361.208,43.937,728.058,-2.213,5.337,60.49,-0.0492,4,Left,21.94,-1,-1,UNKNOWN,None
361.224,43.953,728.337,-2.226,5.324,60.34,-0.0492,4,Left,21.66,-1,-1,UNKNOWN,None
361.241,43.969,728.621,-2.241,5.309,60.17,-0.0492,4,Left,21.38,-1,-1,UNKNOWN,None
361.25,43.984,728.76,-2.248,5.302,60.08,-0.0492,4,Left,21.24,-1,-1,UNKNOWN,None
361.266,44.001,729.037,-2.264,5.286,59.89,-0.0492,4,Left,20.96,-1,-1,UNKNOWN,None
361.291,44.016,729.313,-2.28,5.27,59.69,-0.049,4,Left,20.69,-1,-1,UNKNOWN,None
361.308,44.032,729.588,-2.298,5.252,59.49,-0.049,4,Left,20.41,-1,-1,UNKNOWN,None
361.325,44.048,729.862,-2.316,5.234,59.28,-0.049,4,Left,20.14,-1,-1,UNKNOWN,None
361.333,44.065,730.135,-2.336,5.214,59.08,-0.049,4,Left,19.87,-1,-1,UNKNOWN,None
361.35,44.081,730.407,-2.356,5.194,58.88,-0.049,4,Left,19.59,-1,-1,UNKNOWN,None
361.375,44.097,730.678,-2.378,5.172,58.71,-0.049,4,Left,19.32,-1,-1,UNKNOWN,None
361.383,44.112,730.948,-2.401,5.149,58.55,-0.049,4,Left,19.05,-1,-1,UNKNOWN,None
361.4,44.128,731.217,-2.425,5.125,58.41,-0.049,4,Left,18.78,-1,-1,UNKNOWN,None
361.417,44.144,731.493,-2.45,5.1,58.3,-0.0487,4,Left,18.51,-1,-1,UNKNOWN,None
361.425,44.161,731.641,-2.464,5.086,58.25,-0.0483,4,Left,18.36,-1,-1,UNKNOWN,None
361.443,44.176,731.912,-2.492,5.058,58.18,-0.0475,4,Left,18.09,-1,-1,UNKNOWN,None
361.468,44.191,732.18,-2.519,5.031,58.15,-0.0465,4,Left,17.82,-1,-1,UNKNOWN,Left_Broken
361.484,44.208,732.448,-2.549,5.001,58.15,-0.0448,4,Left,17.55,-1,-1,UNKNOWN,None
361.493,44.223,732.715,-2.579,4.971,58.17,-0.0427,4,Left,17.28,-1,-1,UNKNOWN,None
361.509,44.24,732.983,-2.61,4.94,58.22,-0.0401,4,Left,17.02,-1,-1,UNKNOWN,None
361.534,44.256,733.251,-2.643,4.907,58.28,-0.0369,4,Left,16.75,-1,-1,UNKNOWN,None
361.551,44.272,733.519,-2.677,4.873,58.36,-0.0341,4,Left,16.48,-1,-1,UNKNOWN,None
361.559,44.288,733.787,-2.711,4.839,58.46,-0.0309,4,Left,16.21,-1,-1,UNKNOWN,None
361.576,44.304,734.056,-2.747,4.803,58.57,-0.0272,4,Left,15.94,-1,-1,UNKNOWN,None
361.593,44.32,734.325,-2.784,4.766,58.7,-0.0232,4,Left,15.67,-1,-1,UNKNOWN,None
361.601,44.336,734.46,-2.803,4.747,58.76,-0.0193,4,Left,15.54,-1,-1,UNKNOWN,None
361.627,44.353,734.748,-2.844,4.706,58.91,-0.0153,4,Left,15.25,-1,-1,UNKNOWN,None
361.637,44.369,735.066,-2.89,4.66,59.09,-0.0116,4,Left,14.93,-1,-1,UNKNOWN,None
361.657,44.385,735.224,-2.913,4.637,59.18,-0.0082,4,Left,14.78,-1,-1,UNKNOWN,None
361.666,44.401,735.517,-2.957,4.593,59.36,-0.0047,4,Left,14.48,-1,-1,UNKNOWN,None
361.691,44.415,735.789,-2.998,4.552,59.53,-0.0012,4,Left,14.21,-1,-1,UNKNOWN,None
361.7,44.433,736.062,-3.041,4.509,59.7,0.0017,4,Left,13.94,-1,-1,UNKNOWN,None
361.725,44.449,736.336,-3.083,4.467,59.88,0.0053,4,Left,13.66,-1,-1,UNKNOWN,None
361.733,44.465,736.61,-3.127,4.423,60.07,0.0084,4,Left,13.39,-1,-1,UNKNOWN,None
361.75,44.479,736.886,-3.171,4.379,60.25,0.0084,4,Left,13.11,-1,-1,UNKNOWN,Left_Broken
361.775,44.497,737.162,-3.215,4.335,60.44,0.0084,4,Left,12.84,-1,-1,UNKNOWN,None
361.783,44.511,737.438,-3.26,4.29,60.6,0.0084,4,Left,12.56,-1,-1,UNKNOWN,None
361.8,44.527,737.577,-3.283,4.267,60.67,0.0084,4,Left,12.42,-1,-1,UNKNOWN,None
361.808,44.545,737.855,-3.329,4.221,60.79,0.0216,4,Left,12.15,-1,-1,UNKNOWN,None
361.833,44.56,738.272,-3.398,4.152,60.92,0.0216,4,Left,11.73,-1,-1,UNKNOWN,None
361.841,44.576,738.419,-3.422,4.128,60.95,0.0216,4,Left,11.58,-1,-1,UNKNOWN,None
361.869,44.592,738.729,-3.474,4.076,60.98,0.0216,4,Left,11.27,-1,-1,UNKNOWN,None
361.89,44.611,739.095,-3.535,4.015,60.95,0.0216,4,Left,10.9,-1,-1,UNKNOWN,None
361.89,44.624,739.234,-3.558,3.992,60.92,0.0216,4,Left,10.77,-1,-1,UNKNOWN,None
361.916,44.64,739.525,-3.606,3.944,60.84,0.0216,4,Left,10.48,-1,-1,UNKNOWN,None
361.925,44.656,739.802,-3.652,3.898,60.73,0.0216,4,Left,10.2,-1,-1,UNKNOWN,None
361.933,44.673,739.941,-3.675,3.875,60.67,0.0216,4,Left,10.06,-1,-1,UNKNOWN,None
361.958,44.689,740.356,-3.744,3.806,60.46,0.0216,4,Left,9.64,-1,-1,UNKNOWN,None
361.975,44.704,740.631,-3.789,3.761,60.29,0.0216,4,Left,9.37,-1,-1,UNKNOWN,None
362.0,44.72,740.908,-3.834,3.716,60.11,0.0216,4,Left,9.09,-1,-1,UNKNOWN,None
362.008,44.737,741.183,-3.879,3.671,59.92,0.0216,4,Left,8.82,-1,-1,UNKNOWN,None
362.026,44.753,741.469,-3.925,3.625,59.71,0.0355,4,Left,8.53,-1,-1,UNKNOWN,None
362.034,44.768,741.613,-3.949,3.601,59.61,0.0355,4,Left,8.39,-1,-1,UNKNOWN,None
362.051,44.784,741.885,-3.992,3.558,59.4,0.0355,4,Left,8.12,-1,-1,UNKNOWN,None
362.068,44.8,742.156,-4.034,3.516,59.21,0.0355,4,Left,7.84,-1,-1,UNKNOWN,None
362.084,44.817,742.426,-4.077,3.473,59.02,0.0355,4,Left,7.57,-1,-1,UNKNOWN,None
362.11,44.833,742.71,-4.12,3.43,58.84,0.0355,4,Left,7.29,-1,-1,UNKNOWN,None
362.127,44.848,742.979,-4.161,3.389,58.69,0.0355,4,Left,7.02,-1,-1,UNKNOWN,None
362.136,44.865,743.26,-4.203,3.347,58.56,0.0355,4,Left,6.74,-1,-1,UNKNOWN,None
362.153,44.88,743.532,-4.243,3.307,58.46,0.0355,4,Left,6.47,-1,-1,UNKNOWN,None
362.17,44.897,743.802,-4.282,3.268,58.39,0.0355,4,Left,6.2,-1,-1,UNKNOWN,Left_Broken
362.187,44.913,743.937,-4.301,3.249,58.36,0.0355,4,Left,6.06,-1,-1,UNKNOWN,None
362.203,44.933,744.341,-4.358,3.192,58.34,0.0355,4,Left,5.66,-1,-1,UNKNOWN,None
362.22,44.945,744.475,-4.376,3.174,58.34,0.0355,4,Left,5.53,-1,-1,UNKNOWN,None
362.228,44.961,744.749,-4.414,3.136,58.38,0.0355,4,Left,5.25,-1,-1,UNKNOWN,None
362.245,44.977,745.023,-4.45,3.1,58.43,0.0355,4,Left,4.98,-1,-1,UNKNOWN,None
362.271,44.993,745.292,-4.485,3.065,58.5,0.0355,4,Left,4.71,-1,-1,UNKNOWN,None
362.288,45.009,745.564,-4.52,3.03,58.59,0.0355,4,Left,4.44,-1,-1,UNKNOWN,None
362.296,45.025,745.835,-4.553,2.997,58.69,0.0353,4,Left,4.17,-1,-1,UNKNOWN,None
362.313,45.041,746.105,-4.586,2.964,58.81,0.035,4,Left,3.9,-1,-1,UNKNOWN,None
362.331,45.057,746.259,-4.604,2.946,58.88,0.0347,4,Left,3.74,-1,-1,UNKNOWN,None
362.349,45.073,746.56,-4.64,2.91,59.03,0.0343,4,Left,3.44,-1,-1,UNKNOWN,None
362.357,45.089,746.832,-4.671,2.879,59.17,0.0338,4,Left,3.17,-1,-1,UNKNOWN,None
362.382,45.105,747.106,-4.701,2.849,59.32,0.0336,4,Left,2.89,-1,-1,UNKNOWN,None
362.391,45.121,747.386,-4.731,2.819,59.48,0.033,4,Left,2.61,-1,-1,UNKNOWN,None
362.416,45.137,747.66,-4.76,2.79,59.65,0.0322,4,Left,2.34,-1,-1,UNKNOWN,Left_Broken
362.425,45.153,747.936,-4.788,2.762,59.82,0.0311,4,Left,2.06,-1,-1,UNKNOWN,None
362.441,45.169,748.212,-4.815,2.735,59.99,0.0299,4,Left,1.79,-1,-1,UNKNOWN,None
362.458,45.185,748.489,-4.842,2.708,60.17,0.0283,4,Left,1.51,-1,-1,UNKNOWN,None
362.475,45.199,748.632,-4.855,2.695,60.27,0.0283,4,Left,1.37,-1,-1,UNKNOWN,None
362.491,45.216,748.91,-4.881,2.669,60.45,0.0283,4,Left,1.09,-1,-1,UNKNOWN,None
362.5,45.231,749.19,-4.906,2.644,60.61,0.0283,4,Left,0.81,-1,-1,UNKNOWN,None
362.525,45.248,749.47,-4.93,2.62,60.76,0.0229,4,Left,0.53,-1,-1,UNKNOWN,None
362.542,45.27,749.895,-4.965,2.585,60.96,0.0229,4,Left,0.11,-1,-1,UNKNOWN,None
362.559,45.279,750.042,-4.977,2.573,61.01,0.0229,5,Right,149.96,-1,-1,UNKNOWN,None
362.576,45.296,750.33,-4.999,2.551,61.09,0.0229,5,Right,149.67,-1,-1,UNKNOWN,None
362.592,45.313,750.612,-5.02,2.53,61.13,0.0229,5,Right,149.39,-1,-1,UNKNOWN,None
362.601,45.328,750.895,-5.041,2.509,61.13,0.0229,5,Right,149.11,-1,-1,UNKNOWN,None
362.609,45.344,751.042,-5.051,2.499,61.11,0.0229,5,Right,148.96,-1,-1,UNKNOWN,None
362.634,45.36,751.324,-5.071,2.479,61.05,0.0229,5,Right,148.68,-1,-1,UNKNOWN,None
362.643,45.376,751.618,-5.09,2.46,60.96,0.0229,5,Right,148.38,-1,-1,UNKNOWN,None
362.669,45.393,751.906,-5.108,2.442,60.84,0.0229,5,Right,148.09,-1,-1,UNKNOWN,None
362.686,45.407,752.189,-5.125,2.425,60.7,0.0229,5,Right,147.81,-1,-1,UNKNOWN,None
362.695,45.424,752.483,-5.142,2.408,60.54,0.0229,5,Right,147.52,-1,-1,UNKNOWN,None
362.712,45.441,752.762,-5.158,2.392,60.37,0.0229,5,Right,147.24,-1,-1,UNKNOWN,None
362.728,45.456,753.041,-5.173,2.377,60.18,0.0229,5,Right,146.96,-1,-1,UNKNOWN,None
362.745,45.473,753.318,-5.187,2.363,59.99,0.0229,5,Right,146.68,-1,-1,UNKNOWN,None
362.762,45.488,753.596,-5.2,2.35,59.78,0.0079,5,Right,146.4,-1,-1,UNKNOWN,None
362.77,45.504,753.829,-5.211,2.339,59.61,0.0069,5,Right,146.17,-1,-1,UNKNOWN,None
362.784,45.52,754.004,-5.219,2.331,59.48,0.006,5,Right,146.0,-1,-1,UNKNOWN,None
362.803,45.537,754.307,-5.233,2.317,59.26,0.0056,5,Right,145.69,-1,-1,UNKNOWN,None
362.825,45.553,754.632,-5.246,2.304,59.04,0.005,5,Right,145.37,-1,-1,UNKNOWN,None
362.841,45.569,754.905,-5.257,2.293,58.87,0.0049,5,Right,145.1,-1,-1,UNKNOWN,None
362.858,45.585,755.176,-5.268,2.282,58.72,0.0046,5,Right,144.82,-1,-1,UNKNOWN,None
362.875,45.6,755.315,-5.273,2.277,58.65,0.0046,5,Right,144.68,-1,-1,UNKNOWN,None
362.891,45.616,755.586,-5.283,2.267,58.54,0.0044,5,Right,144.41,-1,-1,UNKNOWN,None
362.9,45.633,755.925,-5.295,2.255,58.44,0.0042,5,Right,144.08,-1,-1,UNKNOWN,None
362.922,45.649,756.088,-5.3,2.25,58.41,0.0037,5,Right,143.91,-1,-1,UNKNOWN,None
362.931,45.665,756.358,-5.309,2.241,58.39,0.0033,5,Right,143.64,-1,-1,UNKNOWN,None
362.947,45.681,756.633,-5.317,2.233,58.39,0.0025,5,Right,143.37,-1,-1,UNKNOWN,None
362.974,45.696,756.925,-5.326,2.224,58.43,0.0017,5,Right,143.08,-1,-1,UNKNOWN,None
362.985,45.712,757.238,-5.335,2.215,58.49,0.0007,5,Right,142.76,-1,-1,UNKNOWN,None
363.002,45.728,757.373,-5.338,2.212,58.53,-0.0002,5,Right,142.63,-1,-1,UNKNOWN,None
363.018,45.744,757.644,-5.346,2.204,58.61,-0.0012,5,Right,142.36,-1,-1,UNKNOWN,None
363.027,45.76,757.916,-5.353,2.197,58.71,-0.0021,5,Right,142.08,-1,-1,UNKNOWN,None
363.052,45.776,758.194,-5.36,2.19,58.83,-0.0031,5,Right,141.81,-1,-1,UNKNOWN,None
363.06,45.793,758.466,-5.366,2.184,58.96,-0.004,5,Right,141.53,-1,-1,UNKNOWN,None
363.077,45.808,758.74,-5.373,2.177,59.09,-0.0049,5,Right,141.26,-1,-1,UNKNOWN,None
363.102,45.825,759.014,-5.379,2.171,59.24,-0.0056,5,Right,140.99,-1,-1,UNKNOWN,None
363.111,45.841,759.297,-5.386,2.164,59.4,-0.0063,5,Right,140.7,-1,-1,UNKNOWN,None
363.136,45.857,759.575,-5.392,2.158,59.56,-0.0065,5,Right,140.42,-1,-1,UNKNOWN,None
363.145,45.875,759.859,-5.399,2.151,59.73,-0.0069,5,Right,140.14,-1,-1,UNKNOWN,None
363.161,45.889,759.998,-5.402,2.148,59.82,-0.0069,5,Right,140.0,-1,-1,UNKNOWN,None
363.171,45.904,760.289,-5.409,2.141,60.01,-0.0069,5,Right,139.71,-1,-1,UNKNOWN,None
363.196,45.92,760.574,-5.415,2.135,60.19,-0.0069,5,Right,139.43,-1,-1,UNKNOWN,None
363.204,45.935,760.854,-5.421,2.129,60.36,-0.0069,5,Right,139.15,-1,-1,UNKNOWN,None
363.222,45.953,761.146,-5.428,2.122,60.53,-0.0069,5,Right,138.85,-1,-1,UNKNOWN,None
363.238,45.967,761.427,-5.434,2.116,60.66,-0.0069,5,Right,138.57,-1,-1,UNKNOWN,None
363.255,45.984,761.708,-5.441,2.109,60.75,-0.0069,5,Right,138.29,-1,-1,UNKNOWN,None
363.273,46.0,762.02,-5.448,2.102,60.81,-0.0069,5,Right,137.98,-1,-1,UNKNOWN,None
363.29,46.016,762.161,-5.451,2.099,60.82,-0.0069,5,Right,137.84,-1,-1,UNKNOWN,None
363.298,46.032,762.442,-5.458,2.092,60.8,-0.0069,5,Right,137.56,-1,-1,UNKNOWN,None
363.323,46.048,762.723,-5.464,2.086,60.75,-0.0069,5,Right,137.28,-1,-1,UNKNOWN,None
363.332,46.065,763.005,-5.471,2.079,60.67,-0.0069,5,Right,136.99,-1,-1,UNKNOWN,None
363.349,46.081,763.286,-5.478,2.072,60.56,-0.0069,5,Right,136.71,-1,-1,UNKNOWN,None
363.365,46.096,763.565,-5.485,2.065,60.43,-0.0069,5,Right,136.43,-1,-1,UNKNOWN,None
363.39,46.112,763.845,-5.492,2.058,60.29,-0.0069,5,Right,136.16,-1,-1,UNKNOWN,None
363.407,46.128,764.123,-5.499,2.051,60.12,-0.0069,5,Right,135.88,-1,-1,UNKNOWN,None
363.424,46.144,764.401,-5.506,2.044,59.94,-0.0069,5,Right,135.6,-1,-1,UNKNOWN,None
363.44,46.161,764.677,-5.514,2.036,59.75,-0.0069,5,Right,135.32,-1,-1,UNKNOWN,None
363.449,46.176,764.953,-5.521,2.029,59.56,-0.0069,5,Right,135.05,-1,-1,UNKNOWN,None
363.467,46.192,765.128,-5.526,2.024,59.44,-0.0069,5,Right,134.87,-1,-1,UNKNOWN,None
363.467,46.207,765.265,-5.53,2.02,59.34,-0.0069,5,Right,134.73,-1,-1,UNKNOWN,None
363.484,46.223,765.539,-5.537,2.013,59.16,-0.0069,5,Right,134.46,-1,-1,UNKNOWN,None
363.517,46.238,765.948,-5.549,2.001,58.91,-0.0069,5,Right,134.05,-1,-1,UNKNOWN,None
363.527,46.256,766.234,-5.557,1.993,58.76,-0.0069,5,Right,133.77,-1,-1,UNKNOWN,None
363.544,46.272,766.514,-5.566,1.984,58.63,-0.0068,5,Right,133.49,-1,-1,UNKNOWN,None
363.561,46.288,766.659,-5.57,1.98,58.58,-0.0065,5,Right,133.34,-1,-1,UNKNOWN,None
363.569,46.304,766.93,-5.579,1.971,58.5,-0.006,5,Right,133.07,-1,-1,UNKNOWN,None
363.586,46.32,767.201,-5.587,1.963,58.45,-0.0052,5,Right,132.8,-1,-1,UNKNOWN,None
363.611,46.337,767.471,-5.596,1.954,58.44,-0.0037,5,Right,132.53,-1,-1,UNKNOWN,None
363.628,46.353,767.742,-5.605,1.945,58.45,-0.0027,5,Right,132.26,-1,-1,UNKNOWN,None
363.628,46.368,767.877,-5.609,1.941,58.46,-0.0012,5,Right,132.12,-1,-1,UNKNOWN,None
363.653,46.385,768.283,-5.622,1.928,58.54,0.0005,5,Right,131.72,-1,-1,UNKNOWN,None
363.661,46.4,768.419,-5.627,1.923,58.58,0.0018,5,Right,131.58,-1,-1,UNKNOWN,None
363.686,46.417,768.826,-5.641,1.909,58.71,0.0037,5,Right,131.17,-1,-1,UNKNOWN,None
363.711,46.433,769.098,-5.65,1.9,58.82,0.0053,5,Right,130.9,-1,-1,UNKNOWN,None
363.728,46.448,769.371,-5.659,1.891,58.94,0.0069,5,Right,130.63,-1,-1,UNKNOWN,None
363.744,46.464,769.644,-5.668,1.882,59.07,0.0084,5,Right,130.36,-1,-1,UNKNOWN,None
363.762,46.48,769.93,-5.677,1.873,59.22,0.0097,5,Right,130.07,-1,-1,UNKNOWN,None
363.77,46.496,770.067,-5.682,1.868,59.29,0.0107,5,Right,129.93,-1,-1,UNKNOWN,None
363.787,46.513,770.342,-5.691,1.859,59.45,0.0116,5,Right,129.66,-1,-1,UNKNOWN,None
363.803,46.528,770.618,-5.7,1.85,59.61,0.0123,5,Right,129.38,-1,-1,UNKNOWN,None
363.82,46.544,770.894,-5.709,1.841,59.78,0.0126,5,Right,129.11,-1,-1,UNKNOWN,None
363.828,46.56,771.033,-5.713,1.837,59.86,0.0126,5,Right,128.97,-1,-1,UNKNOWN,None
363.853,46.577,771.449,-5.726,1.824,60.13,0.0126,5,Right,128.55,-1,-1,UNKNOWN,None
363.853,46.593,771.589,-5.731,1.819,60.22,0.0126,5,Right,128.41,-1,-1,UNKNOWN,None
363.888,46.608,772.022,-5.744,1.806,60.49,0.0126,5,Right,127.98,-1,-1,UNKNOWN,None
363.896,46.624,772.303,-5.752,1.798,60.65,0.0126,5,Right,127.7,-1,-1,UNKNOWN,None
363.913,46.64,772.59,-5.761,1.789,60.78,0.0126,5,Right,127.41,-1,-1,UNKNOWN,None
363.921,46.656,772.742,-5.765,1.785,60.84,0.0126,5,Right,127.26,-1,-1,UNKNOWN,None
363.93,46.673,772.883,-5.769,1.781,60.88,0.0126,5,Right,127.12,-1,-1,UNKNOWN,None
363.964,46.688,773.315,-5.781,1.769,60.95,0.0126,5,Right,126.69,-1,-1,UNKNOWN,None
363.983,46.705,773.63,-5.789,1.761,60.94,0.0126,5,Right,126.37,-1,-1,UNKNOWN,None
363.992,46.721,773.929,-5.797,1.753,60.89,0.012,5,Right,126.07,-1,-1,UNKNOWN,None
364.009,46.737,774.219,-5.804,1.746,60.82,0.012,5,Right,125.78,-1,-1,UNKNOWN,None
364.018,46.753,774.359,-5.808,1.742,60.77,0.012,5,Right,125.64,-1,-1,UNKNOWN,None
364.034,46.768,774.64,-5.814,1.736,60.66,0.012,5,Right,125.36,-1,-1,UNKNOWN,None
364.059,46.785,774.921,-5.821,1.729,60.53,0.012,5,Right,125.08,-1,-1,UNKNOWN,None
364.068,46.8,775.061,-5.824,1.726,60.45,0.0084,5,Right,124.94,-1,-1,UNKNOWN,None
364.092,46.817,775.468,-5.833,1.717,60.22,0.0075,5,Right,124.53,-1,-1,UNKNOWN,None
364.101,46.832,775.779,-5.839,1.711,60.03,0.0075,5,Right,124.22,-1,-1,UNKNOWN,None
364.119,46.849,776.059,-5.844,1.706,59.85,0.0075,5,Right,123.94,-1,-1,UNKNOWN,None
364.137,46.865,776.356,-5.85,1.7,59.65,0.005,5,Right,123.64,-1,-1,UNKNOWN,None
364.154,46.88,776.497,-5.853,1.697,59.55,0.0046,5,Right,123.5,-1,-1,UNKNOWN,None
364.162,46.897,776.781,-5.858,1.692,59.35,0.0042,5,Right,123.22,-1,-1,UNKNOWN,None
364.179,46.912,777.097,-5.863,1.687,59.13,0.004,5,Right,122.9,-1,-1,UNKNOWN,None
364.19,46.928,777.288,-5.867,1.683,59.01,0.0037,5,Right,122.71,-1,-1,UNKNOWN,None
364.219,46.945,777.569,-5.871,1.679,58.84,0.0037,5,Right,122.43,-1,-1,UNKNOWN,None
364.237,46.961,777.852,-5.875,1.675,58.68,0.0037,5,Right,122.15,-1,-1,UNKNOWN,None
364.245,46.977,778.123,-5.879,1.671,58.56,0.0037,5,Right,121.88,-1,-1,UNKNOWN,None
364.27,46.992,778.394,-5.883,1.667,58.46,0.0037,5,Right,121.61,-1,-1,UNKNOWN,None
364.278,47.008,778.664,-5.887,1.663,58.39,0.0037,5,Right,121.34,-1,-1,UNKNOWN,None
364.304,47.025,778.945,-5.89,1.66,58.35,0.0037,5,Right,121.05,-1,-1,UNKNOWN,None
364.312,47.04,779.216,-5.894,1.656,58.34,0.0037,5,Right,120.78,-1,-1,UNKNOWN,None
364.329,47.056,779.486,-5.897,1.653,58.37,0.0037,5,Right,120.51,-1,-1,UNKNOWN,None
364.346,47.072,779.63,-5.898,1.652,58.39,0.0037,5,Right,120.37,-1,-1,UNKNOWN,None
364.363,47.089,779.901,-5.901,1.649,58.44,0.0037,5,Right,120.1,-1,-1,UNKNOWN,None
364.371,47.105,780.172,-5.904,1.646,58.51,0.0037,5,Right,119.83,-1,-1,UNKNOWN,None
364.388,47.121,780.443,-5.906,1.644,58.61,0.0037,5,Right,119.56,-1,-1,UNKNOWN,None
364.413,47.137,780.715,-5.909,1.641,58.71,0.0037,5,Right,119.29,-1,-1,UNKNOWN,None
364.429,47.153,780.987,-5.911,1.639,58.83,0.0037,5,Right,119.01,-1,-1,UNKNOWN,None
364.446,47.169,781.26,-5.913,1.637,58.96,0.0037,5,Right,118.74,-1,-1,UNKNOWN,None
364.454,47.184,781.533,-5.915,1.635,59.1,0.0037,5,Right,118.47,-1,-1,UNKNOWN,None
364.471,47.199,781.67,-5.916,1.634,59.17,0.0037,5,Right,118.33,-1,-1,UNKNOWN,None
364.471,47.215,781.813,-5.917,1.633,59.25,0.0037,5,Right,118.19,-1,-1,UNKNOWN,None
364.509,47.231,782.293,-5.92,1.63,59.53,0.0037,5,Right,117.71,-1,-1,UNKNOWN,None
364.526,47.248,782.57,-5.921,1.629,59.7,0.0037,5,Right,117.43,-1,-1,UNKNOWN,None
364.534,47.263,782.846,-5.923,1.627,59.87,0.0037,5,Right,117.15,-1,-1,UNKNOWN,None
364.559,47.279,783.129,-5.924,1.626,60.05,0.0037,5,Right,116.87,-1,-1,UNKNOWN,None
364.577,47.296,783.42,-5.925,1.625,60.24,0.0037,5,Right,116.58,-1,-1,UNKNOWN,None
364.577,47.312,783.569,-5.926,1.624,60.34,0.0037,5,Right,116.43,-1,-1,UNKNOWN,None
364.594,47.328,783.861,-5.927,1.623,60.51,0.0037,5,Right,116.14,-1,-1,UNKNOWN,None
364.62,47.344,784.142,-5.928,1.622,60.66,0.0037,5,Right,115.86,-1,-1,UNKNOWN,None
364.637,47.36,784.429,-5.928,1.622,60.77,0.0037,5,Right,115.57,-1,-1,UNKNOWN,None
364.653,47.377,784.713,-5.929,1.621,60.85,0.0037,5,Right,115.29,-1,-1,UNKNOWN,None
364.67,47.393,784.995,-5.929,1.621,60.87,0.0037,5,Right,115.01,-1,-1,UNKNOWN,None
364.687,47.409,785.276,-5.93,1.62,60.86,0.0037,5,Right,114.72,-1,-1,UNKNOWN,None
364.703,47.425,785.558,-5.93,1.62,60.81,0.0037,5,Right,114.44,-1,-1,UNKNOWN,None
364.72,47.441,785.839,-5.93,1.62,60.73,0.0037,5,Right,114.16,-1,-1,UNKNOWN,None
364.728,47.457,786.12,-5.93,1.62,60.63,0.0037,5,Right,113.88,-1,-1,UNKNOWN,None
364.748,47.472,786.305,-5.93,1.62,60.56,0.0037,5,Right,113.7,-1,-1,UNKNOWN,None
364.765,47.488,786.594,-5.93,1.62,60.44,0.0037,5,Right,113.41,-1,-1,UNKNOWN,None
364.773,47.505,786.873,-5.93,1.62,60.31,0.0037,5,Right,113.13,-1,-1,UNKNOWN,None
364.798,47.521,787.152,-5.93,1.62,60.16,0.0037,5,Right,112.85,-1,-1,UNKNOWN,None
364.815,47.537,787.429,-5.929,1.621,59.99,0.0037,5,Right,112.57,-1,-1,UNKNOWN,None
364.823,47.552,787.706,-5.929,1.621,59.82,0.0037,5,Right,112.29,-1,-1,UNKNOWN,None
364.848,47.569,787.983,-5.928,1.622,59.64,0.0037,5,Right,112.02,-1,-1,UNKNOWN,None
364.857,47.585,788.262,-5.927,1.623,59.45,0.0037,5,Right,111.74,-1,-1,UNKNOWN,None
364.873,47.601,788.536,-5.926,1.624,59.28,0.0037,5,Right,111.46,-1,-1,UNKNOWN,None
364.882,47.617,788.673,-5.926,1.624,59.19,0.0037,5,Right,111.33,-1,-1,UNKNOWN,None
364.898,47.632,788.947,-5.925,1.625,59.04,0.0037,5,Right,111.05,-1,-1,UNKNOWN,None
364.927,47.648,789.273,-5.924,1.626,58.87,0.0037,5,Right,110.73,-1,-1,UNKNOWN,None
364.936,47.664,789.561,-5.922,1.628,58.75,0.0037,5,Right,110.44,-1,-1,UNKNOWN,None
364.953,47.68,789.842,-5.921,1.629,58.66,0.0037,5,Right,110.16,-1,-1,UNKNOWN,None
364.972,47.697,790.005,-5.92,1.63,58.62,0.0037,5,Right,109.99,-1,-1,UNKNOWN,None
364.972,47.712,790.254,-5.919,1.631,58.58,0.0037,5,Right,109.75,-1,-1,UNKNOWN,None
364.987,47.729,790.501,-5.917,1.633,58.57,0.0037,5,Right,109.5,-1,-1,UNKNOWN,None
365.019,47.744,790.777,-5.916,1.634,58.59,0.0037,5,Right,109.22,-1,-1,UNKNOWN,None
365.027,47.76,791.048,-5.914,1.636,58.63,0.0037,5,Right,108.95,-1,-1,UNKNOWN,None
365.044,47.777,791.323,-5.912,1.638,58.69,0.0037,5,Right,108.68,-1,-1,UNKNOWN,None
365.07,47.792,791.602,-5.91,1.64,58.77,0.0037,5,Right,108.4,-1,-1,UNKNOWN,None
365.086,47.808,791.877,-5.908,1.642,58.86,0.0037,5,Right,108.12,-1,-1,UNKNOWN,None
365.103,47.824,792.15,-5.906,1.644,58.97,0.0037,5,Right,107.85,-1,-1,UNKNOWN,None
365.111,47.841,792.424,-5.903,1.647,59.09,0.0037,5,Right,107.58,-1,-1,UNKNOWN,None
365.128,47.857,792.698,-5.901,1.649,59.23,0.0037,5,Right,107.3,-1,-1,UNKNOWN,None
365.154,47.878,792.979,-5.898,1.652,59.37,0.0037,5,Right,107.02,-1,-1,UNKNOWN,None
365.154,47.888,793.117,-5.897,1.653,59.45,0.0037,5,Right,106.88,-1,-1,UNKNOWN,None
365.181,47.905,793.436,-5.894,1.656,59.63,0.0037,5,Right,106.56,-1,-1,UNKNOWN,None
365.189,47.921,793.712,-5.891,1.659,59.79,0.0037,5,Right,106.29,-1,-1,UNKNOWN,None
365.206,47.943,793.99,-5.888,1.662,59.96,0.0037,5,Right,106.01,-1,-1,UNKNOWN,None
365.232,47.953,794.275,-5.885,1.665,60.14,0.0037,5,Right,105.73,-1,-1,UNKNOWN,None
365.24,47.969,794.563,-5.882,1.668,60.32,0.0037,5,Right,105.44,-1,-1,UNKNOWN,None
365.259,47.984,794.729,-5.88,1.67,60.43,0.0037,5,Right,105.27,-1,-1,UNKNOWN,None
365.277,48.001,795.029,-5.876,1.674,60.61,0.0037,5,Right,104.97,-1,-1,UNKNOWN,None
365.296,48.017,795.35,-5.872,1.678,60.79,0.0037,5,Right,104.65,-1,-1,UNKNOWN,None
365.304,48.033,795.64,-5.869,1.681,60.92,0.0037,5,Right,104.36,-1,-1,UNKNOWN,None
365.322,48.049,795.931,-5.865,1.685,61.02,0.0037,5,Right,104.07,-1,-1,UNKNOWN,None
365.33,48.065,796.076,-5.863,1.687,61.06,0.0037,5,Right,103.92,-1,-1,UNKNOWN,None
365.355,48.081,796.359,-5.859,1.691,61.09,0.0037,5,Right,103.64,-1,-1,UNKNOWN,None
365.372,48.097,796.641,-5.855,1.695,61.08,0.0037,5,Right,103.36,-1,-1,UNKNOWN,None
365.389,48.112,796.927,-5.851,1.699,61.03,0.0037,5,Right,103.07,-1,-1,UNKNOWN,None
365.397,48.129,797.21,-5.847,1.703,60.95,0.0037,5,Right,102.79,-1,-1,UNKNOWN,None
365.405,48.144,797.351,-5.845,1.705,60.9,0.0037,5,Right,102.65,-1,-1,UNKNOWN,None
365.428,48.16,797.74,-5.839,1.711,60.74,0.0037,5,Right,102.26,-1,-1,UNKNOWN,None
365.453,48.176,798.02,-5.834,1.716,60.59,0.0037,5,Right,101.98,-1,-1,UNKNOWN,None
365.47,48.192,798.3,-5.83,1.72,60.43,0.0037,5,Right,101.7,-1,-1,UNKNOWN,None
365.478,48.207,798.579,-5.825,1.725,60.25,0.0037,5,Right,101.42,-1,-1,UNKNOWN,None
365.505,48.224,798.884,-5.82,1.73,60.05,0.0037,5,Right,101.12,-1,-1,UNKNOWN,None
365.513,48.24,799.024,-5.818,1.732,59.95,0.0037,5,Right,100.98,-1,-1,UNKNOWN,None
365.53,48.255,799.304,-5.813,1.737,59.74,0.0037,5,Right,100.7,-1,-1,UNKNOWN,None
365.542,48.272,799.677,-5.806,1.744,59.46,0.0037,5,Right,100.32,-1,-1,UNKNOWN,None
365.561,48.287,799.814,-5.804,1.746,59.35,0.0037,5,Right,100.19,-1,-1,UNKNOWN,None
365.569,48.304,800.088,-5.799,1.751,59.15,0.0037,5,Right,99.91,-1,-1,UNKNOWN,None
365.594,48.32,800.361,-5.794,1.756,58.96,0.0037,5,Right,99.64,-1,-1,UNKNOWN,None
365.611,48.337,800.634,-5.788,1.762,58.78,0.0037,5,Right,99.37,-1,-1,UNKNOWN,None
365.628,48.353,800.905,-5.783,1.767,58.62,0.0037,5,Right,99.09,-1,-1,UNKNOWN,None
365.645,48.368,801.179,-5.778,1.772,58.49,0.0037,5,Right,98.82,-1,-1,UNKNOWN,None
365.661,48.384,801.45,-5.772,1.778,58.38,0.0037,5,Right,98.55,-1,-1,UNKNOWN,None
365.67,48.4,801.72,-5.767,1.783,58.3,0.0037,5,Right,98.28,-1,-1,UNKNOWN,None
365.687,48.416,802.004,-5.761,1.789,58.25,0.0037,5,Right,98.0,-1,-1,UNKNOWN,None
365.707,48.432,802.192,-5.756,1.794,58.23,0.0037,5,Right,97.81,-1,-1,UNKNOWN,None
365.721,48.449,802.553,-5.749,1.801,58.24,0.0037,5,Right,97.45,-1,-1,UNKNOWN,None
365.729,48.465,802.688,-5.746,1.804,58.26,0.0037,5,Right,97.31,-1,-1,UNKNOWN,None
365.754,48.481,802.957,-5.74,1.81,58.31,0.0037,5,Right,97.04,-1,-1,UNKNOWN,None
365.774,48.497,803.275,-5.732,1.818,58.39,0.0037,5,Right,96.72,-1,-1,UNKNOWN,None
365.792,48.513,803.573,-5.725,1.825,58.49,0.0037,5,Right,96.43,-1,-1,UNKNOWN,None
365.801,48.529,803.844,-5.719,1.831,58.6,0.0037,5,Right,96.16,-1,-1,UNKNOWN,None
365.818,48.545,804.124,-5.712,1.838,58.72,0.0037,5,Right,95.88,-1,-1,UNKNOWN,None
365.826,48.561,804.26,-5.709,1.841,58.78,0.0037,5,Right,95.74,-1,-1,UNKNOWN,None
365.852,48.577,804.545,-5.702,1.848,58.93,0.0037,5,Right,95.46,-1,-1,UNKNOWN,None
365.869,48.593,804.826,-5.695,1.855,59.07,0.0037,5,Right,95.17,-1,-1,UNKNOWN,None
365.877,48.609,805.101,-5.688,1.862,59.23,0.0037,5,Right,94.9,-1,-1,UNKNOWN,None
365.903,48.625,805.389,-5.681,1.869,59.4,0.0037,5,Right,94.61,-1,-1,UNKNOWN,None
365.92,48.641,805.667,-5.673,1.877,59.57,0.0037,5,Right,94.33,-1,-1,UNKNOWN,None
365.937,48.657,805.951,-5.666,1.884,59.75,0.0037,5,Right,94.05,-1,-1,UNKNOWN,None
365.937,48.672,806.09,-5.662,1.888,59.83,0.0037,5,Right,93.91,-1,-1,UNKNOWN,None
365.962,48.688,806.367,-5.655,1.895,60.02,0.0037,5,Right,93.63,-1,-1,UNKNOWN,None
365.962,48.707,806.558,-5.649,1.901,60.14,0.0037,5,Right,93.44,-1,-1,UNKNOWN,None
365.993,48.721,807.029,-5.636,1.914,60.44,0.0037,5,Right,92.97,-1,-1,UNKNOWN,None
366.002,48.737,807.18,-5.632,1.918,60.53,0.0037,5,Right,92.82,-1,-1,UNKNOWN,None
366.011,48.752,807.33,-5.628,1.922,60.6,0.0037,5,Right,92.67,-1,-1,UNKNOWN,None
366.048,48.768,807.807,-5.614,1.936,60.79,0.0037,5,Right,92.19,-1,-1,UNKNOWN,None
366.058,48.785,807.976,-5.609,1.941,60.83,0.0037,5,Right,92.02,-1,-1,UNKNOWN,None
366.078,48.801,808.311,-5.599,1.951,60.85,0.0037,5,Right,91.69,-1,-1,UNKNOWN,None
366.078,48.817,808.463,-5.595,1.955,60.85,0.0037,5,Right,91.54,-1,-1,UNKNOWN,None
366.104,48.833,808.901,-5.582,1.968,60.76,0.0037,5,Right,91.1,-1,-1,UNKNOWN,None
366.113,48.849,809.062,-5.577,1.973,60.72,0.0037,5,Right,90.94,-1,-1,UNKNOWN,None
366.14,48.865,809.363,-5.567,1.983,60.6,0.0037,5,Right,90.64,-1,-1,UNKNOWN,None
366.149,48.881,809.664,-5.558,1.992,60.46,0.0037,5,Right,90.34,-1,-1,UNKNOWN,None
366.167,48.897,809.951,-5.549,2.001,60.31,0.0037,5,Right,90.05,-1,-1,UNKNOWN,None
366.184,48.912,810.229,-5.54,2.01,60.14,0.0037,5,Right,89.77,-1,-1,UNKNOWN,None
366.192,48.929,810.371,-5.535,2.015,60.05,0.0037,5,Right,89.63,-1,-1,UNKNOWN,None
366.217,48.945,810.787,-5.522,2.028,59.77,0.0037,5,Right,89.21,-1,-1,UNKNOWN,None
366.234,48.961,811.062,-5.513,2.037,59.57,0.0037,5,Right,88.94,-1,-1,UNKNOWN,None
366.242,48.977,811.2,-5.508,2.042,59.47,0.0037,5,Right,88.8,-1,-1,UNKNOWN,None
366.267,48.993,811.474,-5.499,2.051,59.27,0.0037,5,Right,88.53,-1,-1,UNKNOWN,None
366.284,49.009,811.748,-5.49,2.06,59.07,0.0037,5,Right,88.25,-1,-1,UNKNOWN,None
366.3,49.025,812.021,-5.48,2.07,58.89,0.0034,5,Right,87.98,-1,-1,UNKNOWN,None
366.317,49.041,812.293,-5.471,2.079,58.72,0.0028,5,Right,87.71,-1,-1,UNKNOWN,None
366.325,49.056,812.564,-5.461,2.089,58.57,0.0018,5,Right,87.44,-1,-1,UNKNOWN,None
366.35,49.073,812.834,-5.452,2.098,58.44,0.0009,5,Right,87.17,-1,-1,UNKNOWN,None
366.367,49.089,813.104,-5.442,2.108,58.34,-0.0001,5,Right,86.9,-1,-1,UNKNOWN,None
366.384,49.105,813.374,-5.433,2.117,58.26,-0.0014,5,Right,86.63,-1,-1,UNKNOWN,None
366.392,49.121,813.644,-5.423,2.127,58.22,-0.0028,5,Right,86.36,-1,-1,UNKNOWN,None
366.409,49.137,813.913,-5.414,2.136,58.21,-0.0044,5,Right,86.09,-1,-1,UNKNOWN,None
366.426,49.153,814.049,-5.409,2.141,58.21,-0.0063,5,Right,85.95,-1,-1,UNKNOWN,None
366.444,49.168,814.346,-5.398,2.152,58.25,-0.0082,5,Right,85.65,-1,-1,UNKNOWN,None
366.456,49.184,814.549,-5.391,2.159,58.29,-0.01,5,Right,85.45,-1,-1,UNKNOWN,None
366.477,49.2,814.883,-5.38,2.17,58.37,-0.0116,5,Right,85.12,-1,-1,UNKNOWN,None
366.487,49.215,815.183,-5.369,2.181,58.47,-0.013,5,Right,84.82,-1,-1,UNKNOWN,None
366.512,49.232,815.457,-5.36,2.19,58.58,-0.0142,5,Right,84.54,-1,-1,UNKNOWN,None
366.512,49.247,815.593,-5.356,2.194,58.64,-0.0153,5,Right,84.41,-1,-1,UNKNOWN,None
366.531,49.262,815.752,-5.351,2.199,58.71,-0.0158,5,Right,84.25,-1,-1,UNKNOWN,None
366.546,49.28,816.144,-5.338,2.212,58.9,-0.0162,5,Right,83.86,-1,-1,UNKNOWN,None
366.564,49.301,816.438,-5.329,2.221,59.06,-0.0162,5,Right,83.56,-1,-1,UNKNOWN,None
366.589,49.313,816.711,-5.32,2.23,59.21,-0.0162,5,Right,83.29,-1,-1,UNKNOWN,None
366.606,49.329,816.986,-5.312,2.238,59.37,-0.0162,5,Right,83.01,-1,-1,UNKNOWN,None
366.622,49.345,817.261,-5.304,2.246,59.54,-0.0162,5,Right,82.74,-1,-1,UNKNOWN,None
366.639,49.361,817.538,-5.296,2.254,59.71,-0.0162,5,Right,82.46,-1,-1,UNKNOWN,None
366.656,49.376,817.815,-5.289,2.261,59.89,-0.0162,5,Right,82.19,-1,-1,UNKNOWN,None
366.664,49.393,818.092,-5.282,2.268,60.07,-0.0162,5,Right,81.91,-1,-1,UNKNOWN,None
366.681,49.409,818.371,-5.275,2.275,60.26,-0.0162,5,Right,81.63,-1,-1,UNKNOWN,None
366.697,49.425,818.651,-5.268,2.282,60.43,-0.0162,5,Right,81.35,-1,-1,UNKNOWN,None
366.706,49.441,818.794,-5.265,2.285,60.52,-0.0162,5,Right,81.21,-1,-1,UNKNOWN,None
366.731,49.457,819.076,-5.258,2.292,60.67,-0.0162,5,Right,80.92,-1,-1,UNKNOWN,None
366.748,49.473,819.358,-5.252,2.298,60.79,-0.0162,5,Right,80.64,-1,-1,UNKNOWN,None
366.765,49.489,819.642,-5.246,2.304,60.87,-0.0162,5,Right,80.36,-1,-1,UNKNOWN,None
366.782,49.505,819.943,-5.241,2.309,60.91,-0.0162,5,Right,80.06,-1,-1,UNKNOWN,None
366.792,49.521,820.268,-5.235,2.315,60.91,-0.0162,5,Right,79.73,-1,-1,UNKNOWN,None
366.81,49.537,820.55,-5.231,2.319,60.86,-0.0162,5,Right,79.45,-1,-1,UNKNOWN,None
366.818,49.552,820.694,-5.228,2.322,60.83,-0.0162,5,Right,79.31,-1,-1,UNKNOWN,None
366.844,49.569,820.978,-5.224,2.326,60.74,-0.0162,5,Right,79.02,-1,-1,UNKNOWN,None
366.862,49.585,821.286,-5.22,2.33,60.62,-0.0162,5,Right,78.71,-1,-1,UNKNOWN,None
366.87,49.601,821.566,-5.217,2.333,60.48,-0.0162,5,Right,78.43,-1,-1,UNKNOWN,None
366.887,49.617,821.846,-5.214,2.336,60.33,-0.0162,5,Right,78.15,-1,-1,UNKNOWN,None
366.904,49.633,822.124,-5.212,2.338,60.16,-0.0162,5,Right,77.88,-1,-1,UNKNOWN,None
366.92,49.649,822.402,-5.21,2.34,59.97,-0.0162,5,Right,77.6,-1,-1,UNKNOWN,None
366.937,49.665,822.679,-5.208,2.342,59.78,-0.011,5,Right,77.32,-1,-1,UNKNOWN,None
366.956,49.681,822.86,-5.207,2.343,59.65,-0.0095,5,Right,77.14,-1,-1,UNKNOWN,None
366.956,49.697,822.998,-5.207,2.343,59.55,-0.0082,5,Right,77.0,-1,-1,UNKNOWN,None
366.99,49.713,823.41,-5.205,2.345,59.26,-0.0068,5,Right,76.59,-1,-1,UNKNOWN,None
367.006,49.729,823.687,-5.205,2.345,59.08,-0.0052,5,Right,76.31,-1,-1,UNKNOWN,None
367.023,49.745,823.964,-5.204,2.346,58.92,-0.0037,5,Right,76.04,-1,-1,UNKNOWN,None
367.032,49.761,824.236,-5.204,2.346,58.77,-0.0027,5,Right,75.76,-1,-1,UNKNOWN,None
367.048,49.777,824.508,-5.204,2.346,58.65,-0.0017,5,Right,75.49,-1,-1,UNKNOWN,None
367.065,49.793,824.779,-5.205,2.345,58.55,-0.0008,5,Right,75.22,-1,-1,UNKNOWN,None
367.073,49.811,824.917,-5.205,2.345,58.51,-0.0001,5,Right,75.08,-1,-1,UNKNOWN,None
367.09,49.824,825.2,-5.206,2.344,58.46,0.0009,5,Right,74.8,-1,-1,UNKNOWN,None
367.116,49.84,825.47,-5.207,2.343,58.44,0.0014,5,Right,74.53,-1,-1,UNKNOWN,None
367.133,49.857,825.741,-5.208,2.342,58.45,0.0017,5,Right,74.26,-1,-1,UNKNOWN,None
367.149,49.872,826.012,-5.209,2.341,58.49,0.0017,5,Right,73.99,-1,-1,UNKNOWN,None
367.166,49.889,826.283,-5.21,2.34,58.55,0.0017,5,Right,73.72,-1,-1,UNKNOWN,None
367.183,49.904,826.554,-5.212,2.338,58.62,0.0017,5,Right,73.45,-1,-1,UNKNOWN,None
367.199,49.921,826.826,-5.214,2.336,58.71,0.0017,5,Right,73.17,-1,-1,UNKNOWN,None
367.216,49.937,827.098,-5.216,2.334,58.82,0.0017,5,Right,72.9,-1,-1,UNKNOWN,None
367.224,49.952,827.371,-5.218,2.332,58.94,0.0017,5,Right,72.63,-1,-1,UNKNOWN,None
367.233,49.969,827.529,-5.219,2.331,59.01,0.0017,5,Right,72.47,-1,-1,UNKNOWN,None
367.254,49.983,827.723,-5.22,2.33,59.11,0.0018,5,Right,72.28,-1,-1,UNKNOWN,None
367.254,50.001,828.05,-5.223,2.327,59.28,0.0018,5,Right,71.95,-1,-1,UNKNOWN,None
367.292,50.017,828.351,-5.225,2.325,59.45,0.0021,5,Right,71.65,-1,-1,UNKNOWN,None
367.31,50.033,828.642,-5.228,2.322,59.62,0.0023,5,Right,71.36,-1,-1,UNKNOWN,None
367.328,50.049,828.94,-5.23,2.32,59.8,0.0028,5,Right,71.06,-1,-1,UNKNOWN,None
367.338,50.072,829.262,-5.233,2.317,60.0,0.003,5,Right,70.74,-1,-1,UNKNOWN,None
367.355,50.08,829.401,-5.235,2.315,60.09,0.003,5,Right,70.6,-1,-1,UNKNOWN,None
367.372,50.097,829.68,-5.237,2.313,60.27,0.003,5,Right,70.32,-1,-1,UNKNOWN,None
367.372,50.112,829.825,-5.238,2.312,60.36,0.003,5,Right,70.18,-1,-1,UNKNOWN,None
367.4,50.129,830.295,-5.243,2.307,60.61,0.003,5,Right,69.7,-1,-1,UNKNOWN,None
367.409,50.144,830.461,-5.244,2.306,60.67,0.003,5,Right,69.54,-1,-1,UNKNOWN,None
367.428,50.159,830.782,-5.247,2.303,60.77,0.003,5,Right,69.22,-1,-1,UNKNOWN,None
367.455,50.176,831.084,-5.25,2.3,60.8,0.003,5,Right,68.92,-1,-1,UNKNOWN,None
367.464,50.191,831.371,-5.252,2.298,60.79,0.003,5,Right,68.63,-1,-1,UNKNOWN,None
367.481,50.208,831.512,-5.254,2.296,60.77,0.003,5,Right,68.49,-1,-1,UNKNOWN,None
367.489,50.224,831.803,-5.256,2.294,60.71,0.003,5,Right,68.2,-1,-1,UNKNOWN,None
367.515,50.24,832.086,-5.258,2.292,60.61,0.003,5,Right,67.91,-1,-1,UNKNOWN,None
367.531,50.256,832.366,-5.261,2.289,60.5,0.003,5,Right,67.63,-1,-1,UNKNOWN,None
367.54,50.272,832.645,-5.263,2.287,60.36,0.003,5,Right,67.35,-1,-1,UNKNOWN,None
367.548,50.287,832.785,-5.264,2.286,60.28,0.003,5,Right,67.22,-1,-1,UNKNOWN,None
367.565,50.305,833.063,-5.267,2.283,60.12,0.003,5,Right,66.94,-1,-1,UNKNOWN,None
367.581,50.32,833.341,-5.269,2.281,59.94,0.003,5,Right,66.66,-1,-1,UNKNOWN,None
367.606,50.335,833.756,-5.272,2.278,59.65,0.006,5,Right,66.24,-1,-1,UNKNOWN,None
367.623,50.351,834.031,-5.274,2.276,59.46,0.006,5,Right,65.97,-1,-1,UNKNOWN,None
367.648,50.368,834.306,-5.276,2.274,59.26,0.0056,5,Right,65.69,-1,-1,UNKNOWN,None
367.656,50.385,834.587,-5.278,2.272,59.07,0.005,5,Right,65.41,-1,-1,UNKNOWN,None
367.673,50.401,834.86,-5.279,2.271,58.89,0.0049,5,Right,65.14,-1,-1,UNKNOWN,None
367.682,50.417,834.996,-5.28,2.27,58.81,0.0042,5,Right,65.0,-1,-1,UNKNOWN,None
367.698,50.433,835.267,-5.282,2.268,58.66,0.0034,5,Right,64.73,-1,-1,UNKNOWN,None
367.724,50.448,835.539,-5.283,2.267,58.54,0.0025,5,Right,64.46,-1,-1,UNKNOWN,None
367.74,50.465,835.81,-5.285,2.265,58.44,0.0018,5,Right,64.19,-1,-1,UNKNOWN,None
367.74,50.48,835.945,-5.285,2.265,58.4,0.0009,5,Right,64.05,-1,-1,UNKNOWN,None
367.774,50.496,836.365,-5.287,2.263,58.33,0.0005,5,Right,63.64,-1,-1,UNKNOWN,None
367.784,50.512,836.655,-5.289,2.261,58.32,-0.0001,5,Right,63.34,-1,-1,UNKNOWN,None
367.801,50.528,836.925,-5.29,2.26,58.34,-0.0005,5,Right,63.07,-1,-1,UNKNOWN,None
367.818,50.544,837.077,-5.291,2.259,58.36,-0.0005,5,Right,62.92,-1,-1,UNKNOWN,None
367.837,50.56,837.385,-5.292,2.258,58.43,-0.0008,5,Right,62.61,-1,-1,UNKNOWN,None
367.849,50.577,837.714,-5.293,2.257,58.53,-0.0008,5,Right,62.29,-1,-1,UNKNOWN,None
367.867,50.592,837.859,-5.294,2.256,58.58,-0.0008,5,Right,62.14,-1,-1,UNKNOWN,None
367.885,50.608,838.155,-5.295,2.255,58.69,-0.0008,5,Right,61.84,-1,-1,UNKNOWN,None
367.885,50.625,838.303,-5.296,2.254,58.76,-0.0008,5,Right,61.7,-1,-1,UNKNOWN,None
367.92,50.641,838.734,-5.298,2.252,58.96,-0.0008,5,Right,61.27,-1,-1,UNKNOWN,None
367.928,50.657,839.008,-5.299,2.251,59.1,-0.0008,5,Right,60.99,-1,-1,UNKNOWN,None
367.945,50.672,839.149,-5.299,2.251,59.18,-0.0008,5,Right,60.85,-1,-1,UNKNOWN,None
367.954,50.688,839.424,-5.3,2.25,59.33,-0.0008,5,Right,60.58,-1,-1,UNKNOWN,None
367.98,50.704,839.713,-5.301,2.249,59.5,-0.0008,5,Right,60.29,-1,-1,UNKNOWN,None
367.988,50.721,839.989,-5.302,2.248,59.67,-0.0008,5,Right,60.01,-1,-1,UNKNOWN,None
368.013,50.737,840.266,-5.303,2.247,59.84,-0.0008,5,Right,59.73,-1,-1,UNKNOWN,None
368.021,50.752,840.556,-5.304,2.246,60.03,-0.0008,5,Right,59.44,-1,-1,UNKNOWN,None
368.047,50.769,840.839,-5.305,2.245,60.22,-0.0008,5,Right,59.16,-1,-1,UNKNOWN,None
368.056,50.783,841.119,-5.306,2.244,60.39,-0.0008,5,Right,58.88,-1,-1,UNKNOWN,None
368.072,50.8,841.399,-5.307,2.243,60.55,-0.0008,5,Right,58.6,-1,-1,UNKNOWN,None
368.081,50.816,841.543,-5.307,2.243,60.62,-0.0008,5,Right,58.46,-1,-1,UNKNOWN,None
368.107,50.833,841.845,-5.308,2.242,60.75,-0.0008,5,Right,58.15,-1,-1,UNKNOWN,None
368.124,50.848,842.127,-5.309,2.241,60.82,-0.0008,5,Right,57.87,-1,-1,UNKNOWN,None
368.142,50.864,842.439,-5.31,2.24,60.85,-0.0008,5,Right,57.56,-1,-1,UNKNOWN,None
368.159,50.881,842.724,-5.311,2.239,60.84,-0.0008,5,Right,57.28,-1,-1,UNKNOWN,None
368.168,50.897,843.011,-5.312,2.238,60.78,-0.0008,5,Right,56.99,-1,-1,UNKNOWN,None
368.185,50.912,843.159,-5.313,2.237,60.74,-0.0008,5,Right,56.84,-1,-1,UNKNOWN,None
368.205,50.928,843.502,-5.314,2.236,60.62,-0.0008,5,Right,56.5,-1,-1,UNKNOWN,None
368.205,50.945,843.642,-5.314,2.236,60.56,-0.0008,5,Right,56.36,-1,-1,UNKNOWN,None
368.239,50.961,844.062,-5.316,2.234,60.35,-0.0008,5,Right,55.94,-1,-1,UNKNOWN,None
368.256,50.977,844.356,-5.317,2.233,60.19,-0.0008,5,Right,55.64,-1,-1,UNKNOWN,None
368.264,50.992,844.634,-5.318,2.232,60.01,-0.0008,5,Right,55.37,-1,-1,UNKNOWN,None
368.29,51.009,844.92,-5.319,2.231,59.82,-0.0008,5,Right,55.08,-1,-1,UNKNOWN,None
368.29,51.025,845.063,-5.319,2.231,59.72,-0.0008,5,Right,54.94,-1,-1,UNKNOWN,None
368.316,51.04,845.345,-5.32,2.23,59.52,-0.0008,5,Right,54.66,-1,-1,UNKNOWN,None
368.338,51.057,845.714,-5.322,2.228,59.25,-0.0008,5,Right,54.29,-1,-1,UNKNOWN,None
368.338,51.073,845.714,-5.322,2.228,59.25,-0.0008,5,Right,54.29,-1,-1,UNKNOWN,None
368.366,51.089,846.179,-5.324,2.226,58.94,-0.0008,5,Right,53.82,-1,-1,UNKNOWN,None
368.377,51.104,846.358,-5.324,2.226,58.83,-0.0008,5,Right,53.64,-1,-1,UNKNOWN,None
368.399,51.121,846.714,-5.326,2.224,58.63,-0.0008,5,Right,53.29,-1,-1,UNKNOWN,None
368.416,51.137,846.985,-5.327,2.223,58.5,-0.0008,5,Right,53.02,-1,-1,UNKNOWN,None
368.424,51.153,847.255,-5.328,2.222,58.4,-0.0008,5,Right,52.74,-1,-1,UNKNOWN,None
368.441,51.168,847.526,-5.329,2.221,58.33,-0.0008,5,Right,52.47,-1,-1,UNKNOWN,None
368.466,51.186,847.795,-5.33,2.22,58.29,-0.0008,5,Right,52.2,-1,-1,UNKNOWN,None
368.474,51.199,847.933,-5.331,2.219,58.28,-0.0008,5,Right,52.07,-1,-1,UNKNOWN,None
368.474,51.216,848.068,-5.331,2.219,58.28,-0.0008,5,Right,51.93,-1,-1,UNKNOWN,None
368.491,51.231,848.338,-5.333,2.217,58.3,-0.0008,5,Right,51.66,-1,-1,UNKNOWN,None
368.524,51.248,848.743,-5.334,2.216,58.37,-0.0008,5,Right,51.26,-1,-1,UNKNOWN,None
368.541,51.264,849.013,-5.336,2.214,58.44,-0.0008,5,Right,50.99,-1,-1,UNKNOWN,None
368.549,51.278,849.284,-5.337,2.213,58.53,-0.0008,5,Right,50.72,-1,-1,UNKNOWN,None
368.566,51.296,849.555,-5.338,2.212,58.63,-0.0008,5,Right,50.44,-1,-1,UNKNOWN,None
368.591,51.313,849.827,-5.34,2.21,58.75,-0.0008,5,Right,50.17,-1,-1,UNKNOWN,None
368.601,51.329,850.124,-5.341,2.209,58.89,-0.0008,5,Right,49.88,-1,-1,UNKNOWN,None
368.618,51.344,850.269,-5.342,2.208,58.96,-0.0008,5,Right,49.73,-1,-1,UNKNOWN,None
368.636,51.361,850.568,-5.343,2.207,59.12,-0.0008,5,Right,49.43,-1,-1,UNKNOWN,None
368.647,51.377,850.876,-5.345,2.205,59.29,-0.0008,5,Right,49.12,-1,-1,UNKNOWN,None
368.672,51.393,851.157,-5.346,2.204,59.46,-0.0008,5,Right,48.84,-1,-1,UNKNOWN,None
368.681,51.408,851.436,-5.348,2.202,59.63,-0.0008,5,Right,48.56,-1,-1,UNKNOWN,None
368.697,51.424,851.713,-5.349,2.201,59.8,-0.0008,5,Right,48.29,-1,-1,UNKNOWN,None
368.714,51.441,851.855,-5.35,2.2,59.9,-0.0005,5,Right,48.14,-1,-1,UNKNOWN,None
368.722,51.457,852.137,-5.351,2.199,60.08,-0.0005,5,Right,47.86,-1,-1,UNKNOWN,None
368.748,51.472,852.423,-5.353,2.197,60.27,-0.0005,5,Right,47.58,-1,-1,UNKNOWN,None
368.756,51.489,852.702,-5.355,2.195,60.44,-0.0005,5,Right,47.3,-1,-1,UNKNOWN,None
368.782,51.505,852.986,-5.356,2.194,60.61,-0.0005,5,Right,47.01,-1,-1,UNKNOWN,None
368.798,51.521,853.267,-5.358,2.192,60.74,-0.0005,5,Right,46.73,-1,-1,UNKNOWN,None
368.815,51.537,853.555,-5.359,2.191,60.84,-0.0005,5,Right,46.44,-1,-1,UNKNOWN,None
368.832,51.551,853.837,-5.361,2.189,60.9,-0.0005,5,Right,46.16,-1,-1,UNKNOWN,None
368.84,51.568,854.119,-5.363,2.187,60.91,-0.0005,5,Right,45.88,-1,-1,UNKNOWN,None
368.865,51.585,854.402,-5.364,2.186,60.88,-0.0005,5,Right,45.6,-1,-1,UNKNOWN,None
368.874,51.601,854.685,-5.366,2.184,60.82,-0.0005,5,Right,45.32,-1,-1,UNKNOWN,None
368.89,51.616,854.825,-5.367,2.183,60.78,-0.0005,5,Right,45.17,-1,-1,UNKNOWN,None
368.908,51.633,855.123,-5.369,2.181,60.67,0.0023,5,Right,44.88,-1,-1,UNKNOWN,None
368.916,51.647,855.412,-5.37,2.18,60.54,0.0023,5,Right,44.59,-1,-1,UNKNOWN,None
368.934,51.665,855.692,-5.372,2.178,60.41,0.0023,5,Right,44.31,-1,-1,UNKNOWN,None
368.951,51.681,855.981,-5.373,2.177,60.28,0.0023,5,Right,44.02,-1,-1,UNKNOWN,None
368.968,51.696,856.284,-5.375,2.175,60.12,0.0023,5,Right,43.72,-1,-1,UNKNOWN,None
368.987,51.712,856.452,-5.376,2.174,60.02,0.0023,5,Right,43.55,-1,-1,UNKNOWN,None
368.996,51.728,856.8,-5.378,2.172,59.81,0.0023,5,Right,43.2,-1,-1,UNKNOWN,None
369.008,51.744,856.952,-5.379,2.171,59.71,0.0023,5,Right,43.05,-1,-1,UNKNOWN,None
369.026,51.76,857.228,-5.38,2.17,59.52,0.0023,5,Right,42.77,-1,-1,UNKNOWN,None
369.051,51.776,857.513,-5.382,2.168,59.32,0.0023,5,Right,42.49,-1,-1,UNKNOWN,None
369.06,51.793,857.823,-5.383,2.167,59.12,0.0023,5,Right,42.18,-1,-1,UNKNOWN,None
369.079,51.808,858.122,-5.385,2.165,58.93,0.0023,5,Right,41.88,-1,-1,UNKNOWN,None
369.089,51.824,858.287,-5.386,2.164,58.83,0.0023,5,Right,41.71,-1,-1,UNKNOWN,None
369.116,51.841,858.563,-5.387,2.163,58.68,0.0023,5,Right,41.44,-1,-1,UNKNOWN,None
369.132,51.856,858.835,-5.388,2.162,58.56,0.0023,5,Right,41.17,-1,-1,UNKNOWN,None
369.132,51.872,858.97,-5.389,2.161,58.5,0.0023,5,Right,41.03,-1,-1,UNKNOWN,None
369.16,51.889,859.423,-5.391,2.159,58.37,0.0023,5,Right,40.58,-1,-1,UNKNOWN,None
369.177,51.905,859.693,-5.392,2.158,58.34,0.0023,5,Right,40.31,-1,-1,UNKNOWN,None
369.194,51.92,859.833,-5.392,2.158,58.33,0.0023,5,Right,40.17,-1,-1,UNKNOWN,None
369.202,51.936,860.104,-5.394,2.156,58.34,0.0023,5,Right,39.9,-1,-1,UNKNOWN,None
369.219,51.952,860.396,-5.395,2.155,58.38,0.0023,5,Right,39.6,-1,-1,UNKNOWN,None
369.238,51.968,860.677,-5.396,2.154,58.44,0.0023,5,Right,39.32,-1,-1,UNKNOWN,None
369.254,51.984,860.948,-5.397,2.153,58.52,0.0023,5,Right,39.05,-1,-1,UNKNOWN,None
369.28,52.001,861.235,-5.397,2.153,58.62,0.0023,5,Right,38.76,-1,-1,UNKNOWN,None
369.294,52.016,861.453,-5.398,2.152,58.71,0.0023,5,Right,38.55,-1,-1,UNKNOWN,None
369.302,52.032,861.725,-5.399,2.151,58.82,0.0023,5,Right,38.27,-1,-1,UNKNOWN,None
369.32,52.048,862.027,-5.4,2.15,58.97,0.0023,5,Right,37.97,-1,-1,UNKNOWN,None
369.329,52.064,862.179,-5.4,2.15,59.05,0.0023,5,Right,37.82,-1,-1,UNKNOWN,None
369.355,52.08,862.46,-5.401,2.149,59.2,0.0023,5,Right,37.54,-1,-1,UNKNOWN,None
369.372,52.097,862.734,-5.401,2.149,59.35,0.0023,5,Right,37.27,-1,-1,UNKNOWN,None
369.38,52.113,863.016,-5.402,2.148,59.52,0.0023,5,Right,36.98,-1,-1,UNKNOWN,None
369.405,52.129,863.293,-5.402,2.148,59.69,0.0023,5,Right,36.71,-1,-1,UNKNOWN,None
369.415,52.145,863.6,-5.403,2.147,59.88,0.0023,5,Right,36.4,-1,-1,UNKNOWN,None
369.432,52.162,863.881,-5.403,2.147,60.06,0.0023,5,Right,36.12,-1,-1,UNKNOWN,None
369.451,52.177,864.05,-5.403,2.147,60.17,0.0023,5,Right,35.95,-1,-1,UNKNOWN,None
369.469,52.192,864.352,-5.403,2.147,60.37,0.0023,5,Right,35.65,-1,-1,UNKNOWN,None
369.479,52.208,864.672,-5.404,2.146,60.58,0.0023,5,Right,35.33,-1,-1,UNKNOWN,None
369.497,52.224,864.828,-5.404,2.146,60.68,0.0023,5,Right,35.17,-1,-1,UNKNOWN,None
369.514,52.24,865.118,-5.404,2.146,60.85,0.0023,5,Right,34.88,-1,-1,UNKNOWN,None
369.531,52.256,865.406,-5.404,2.146,60.99,0.0023,5,Right,34.59,-1,-1,UNKNOWN,None
369.531,52.271,865.547,-5.404,2.146,61.05,0.0023,5,Right,34.45,-1,-1,UNKNOWN,None
369.556,52.287,865.972,-5.404,2.146,61.19,0.0023,5,Right,34.03,-1,-1,UNKNOWN,None
369.581,52.305,866.256,-5.404,2.146,61.27,0.0023,5,Right,33.74,-1,-1,UNKNOWN,None
369.599,52.321,866.553,-5.403,2.147,61.32,0.0023,5,Right,33.45,-1,-1,UNKNOWN,None
369.616,52.337,866.84,-5.403,2.147,61.34,0.0023,5,Right,33.16,-1,-1,UNKNOWN,None
369.625,52.352,867.134,-5.403,2.147,61.32,0.0023,5,Right,32.87,-1,-1,UNKNOWN,None
369.633,52.369,867.286,-5.402,2.148,61.3,0.0023,5,Right,32.71,-1,-1,UNKNOWN,None
369.66,52.385,867.596,-5.402,2.148,61.22,0.0023,5,Right,32.4,-1,-1,UNKNOWN,None
369.679,52.402,867.91,-5.401,2.149,61.11,0.0023,5,Right,32.09,-1,-1,UNKNOWN,None
369.679,52.417,868.066,-5.401,2.149,61.04,0.0023,5,Right,31.93,-1,-1,UNKNOWN,None
369.705,52.432,868.501,-5.4,2.15,60.82,0.0023,5,Right,31.5,-1,-1,UNKNOWN,None
369.713,52.449,868.641,-5.4,2.15,60.74,0.0023,5,Right,31.36,-1,-1,UNKNOWN,None
369.73,52.465,868.93,-5.399,2.151,60.57,0.0023,5,Right,31.07,-1,-1,UNKNOWN,None
369.756,52.48,869.21,-5.398,2.152,60.38,0.0023,5,Right,30.79,-1,-1,UNKNOWN,None
369.772,52.496,869.489,-5.397,2.153,60.19,0.0023,5,Right,30.51,-1,-1,UNKNOWN,None
369.781,52.513,869.767,-5.396,2.154,59.99,0.0023,5,Right,30.23,-1,-1,UNKNOWN,None
369.797,52.529,870.044,-5.395,2.155,59.78,0.0023,5,Right,29.96,-1,-1,UNKNOWN,None
369.822,52.544,870.32,-5.394,2.156,59.57,0.0023,5,Right,29.68,-1,-1,UNKNOWN,None
369.839,52.559,870.595,-5.393,2.157,59.37,0.0025,5,Right,29.41,-1,-1,UNKNOWN,None
369.856,52.577,870.869,-5.392,2.158,59.17,0.003,5,Right,29.13,-1,-1,UNKNOWN,None
369.866,52.593,871.041,-5.391,2.159,59.05,0.0042,5,Right,28.96,-1,-1,UNKNOWN,None
369.884,52.608,871.332,-5.39,2.16,58.87,0.0058,5,Right,28.67,-1,-1,UNKNOWN,None
369.901,52.625,871.604,-5.388,2.162,58.72,0.0076,5,Right,28.4,-1,-1,UNKNOWN,None
369.901,52.64,871.74,-5.387,2.163,58.65,0.0097,5,Right,28.26,-1,-1,UNKNOWN,None
369.935,52.657,872.157,-5.384,2.166,58.48,0.0126,5,Right,27.84,-1,-1,UNKNOWN,None
369.952,52.673,872.433,-5.382,2.168,58.41,0.0152,5,Right,27.57,-1,-1,UNKNOWN,None
369.968,52.689,872.704,-5.38,2.17,58.37,0.0181,5,Right,27.3,-1,-1,UNKNOWN,None
369.977,52.704,872.98,-5.377,2.173,58.37,0.0209,5,Right,27.02,-1,-1,UNKNOWN,None
369.985,52.72,873.121,-5.376,2.174,58.38,0.0232,5,Right,26.88,-1,-1,UNKNOWN,None
370.002,52.736,873.396,-5.373,2.177,58.41,0.026,5,Right,26.6,-1,-1,UNKNOWN,None
370.019,52.752,873.666,-5.369,2.181,58.46,0.0283,5,Right,26.33,-1,-1,UNKNOWN,None
370.028,52.769,873.802,-5.367,2.183,58.5,0.0304,5,Right,26.2,-1,-1,UNKNOWN,None
370.061,52.785,874.208,-5.36,2.19,58.62,0.0324,5,Right,25.79,-1,-1,UNKNOWN,None
370.078,52.801,874.48,-5.355,2.195,58.73,0.0338,5,Right,25.52,-1,-1,UNKNOWN,None
370.094,52.817,874.752,-5.35,2.2,58.84,0.0347,5,Right,25.25,-1,-1,UNKNOWN,None
370.111,52.833,875.025,-5.344,2.206,58.97,0.0355,5,Right,24.97,-1,-1,UNKNOWN,None
370.128,52.849,875.307,-5.337,2.213,59.11,0.0357,5,Right,24.69,-1,-1,UNKNOWN,None
370.138,52.865,875.6,-5.329,2.221,59.27,0.0357,5,Right,24.4,-1,-1,UNKNOWN,None
370.156,52.881,875.764,-5.325,2.225,59.36,0.0357,5,Right,24.24,-1,-1,UNKNOWN,None
370.173,52.896,876.039,-5.316,2.234,59.52,0.0357,5,Right,23.96,-1,-1,UNKNOWN,None
370.189,52.913,876.316,-5.307,2.243,59.69,0.0357,5,Right,23.68,-1,-1,UNKNOWN,None
370.206,52.928,876.592,-5.298,2.252,59.86,0.0357,5,Right,23.41,-1,-1,UNKNOWN,None
370.223,52.944,876.87,-5.288,2.262,60.03,0.0357,5,Right,23.13,-1,-1,UNKNOWN,None
370.239,52.961,877.148,-5.277,2.273,60.21,0.0357,5,Right,22.85,-1,-1,UNKNOWN,None
370.248,52.977,877.428,-5.265,2.285,60.38,0.0357,5,Right,22.57,-1,-1,UNKNOWN,None
370.264,52.993,877.707,-5.252,2.298,60.54,0.0357,5,Right,22.29,-1,-1,UNKNOWN,None
370.281,53.009,877.988,-5.239,2.311,60.67,0.0357,5,Right,22.01,-1,-1,UNKNOWN,None
370.289,53.025,878.128,-5.232,2.318,60.72,0.0357,5,Right,21.87,-1,-1,UNKNOWN,None
370.306,53.041,878.41,-5.218,2.332,60.8,0.0357,5,Right,21.59,-1,-1,UNKNOWN,None
370.323,53.057,878.691,-5.202,2.348,60.83,0.0357,5,Right,21.31,-1,-1,UNKNOWN,None
370.348,53.073,878.972,-5.186,2.364,60.82,0.0357,5,Right,21.03,-1,-1,UNKNOWN,None
370.348,53.088,879.113,-5.178,2.372,60.81,0.0357,5,Right,20.89,-1,-1,UNKNOWN,None
370.364,53.104,879.394,-5.161,2.389,60.75,0.0357,5,Right,20.61,-1,-1,UNKNOWN,None
370.393,53.12,879.873,-5.129,2.421,60.6,0.0357,5,Right,20.13,-1,-1,UNKNOWN,None
370.409,53.137,880.153,-5.11,2.44,60.48,0.0357,5,Right,19.85,-1,-1,UNKNOWN,None
370.418,53.153,880.292,-5.1,2.45,60.41,0.0357,5,Right,19.71,-1,-1,UNKNOWN,None
370.443,53.168,880.57,-5.079,2.471,60.26,0.0357,5,Right,19.43,-1,-1,UNKNOWN,None
370.451,53.185,880.851,-5.057,2.493,60.09,0.0357,5,Right,19.15,-1,-1,UNKNOWN,None
370.468,53.2,881.128,-5.035,2.515,59.91,0.0357,5,Right,18.87,-1,-1,UNKNOWN,None
370.493,53.216,881.409,-5.011,2.539,59.72,0.0357,5,Right,18.59,-1,-1,UNKNOWN,None
370.51,53.232,881.683,-4.987,2.563,59.53,0.0357,5,Right,18.32,-1,-1,UNKNOWN,None
370.527,53.247,881.957,-4.963,2.587,59.35,0.0357,5,Right,18.04,-1,-1,UNKNOWN,None
370.535,53.262,882.23,-4.937,2.613,59.18,0.0357,5,Right,17.77,-1,-1,UNKNOWN,None
370.543,53.279,882.366,-4.924,2.626,59.1,0.0357,5,Right,17.63,-1,-1,UNKNOWN,None
370.568,53.297,882.774,-4.884,2.666,58.89,0.0357,5,Right,17.23,-1,-1,UNKNOWN,None
370.585,53.313,883.044,-4.855,2.695,58.77,0.0357,5,Right,16.96,-1,-1,UNKNOWN,None
370.602,53.328,883.184,-4.841,2.709,58.73,0.0355,5,Right,16.82,-1,-1,UNKNOWN,None
370.619,53.344,883.454,-4.811,2.739,58.65,0.035,5,Right,16.55,-1,-1,UNKNOWN,None
370.627,53.361,883.739,-4.779,2.771,58.61,0.0343,5,Right,16.26,-1,-1,UNKNOWN,Left_Broken
370.653,53.377,884.009,-4.748,2.802,58.6,0.0336,5,Right,15.99,-1,-1,UNKNOWN,None
370.661,53.393,884.278,-4.715,2.835,58.62,0.033,5,Right,15.72,-1,-1,UNKNOWN,None
370.67,53.409,884.413,-4.699,2.851,58.64,0.0318,5,Right,15.59,-1,-1,UNKNOWN,None
370.703,53.425,884.817,-4.648,2.902,58.72,0.0306,5,Right,15.18,-1,-1,UNKNOWN,None
370.72,53.441,885.087,-4.613,2.937,58.8,0.0292,5,Right,14.91,-1,-1,UNKNOWN,None
370.736,53.457,885.357,-4.577,2.973,58.89,0.028,5,Right,14.64,-1,-1,UNKNOWN,None
370.745,53.473,885.628,-4.541,3.009,59.0,0.0269,5,Right,14.37,-1,-1,UNKNOWN,None
370.761,53.489,885.763,-4.522,3.028,59.06,0.0257,5,Right,14.24,-1,-1,UNKNOWN,None
370.77,53.504,886.121,-4.471,3.079,59.23,0.0245,5,Right,13.88,-1,-1,UNKNOWN,None
370.793,53.52,886.413,-4.429,3.121,59.38,0.0234,5,Right,13.59,-1,-1,UNKNOWN,None
370.809,53.537,886.686,-4.389,3.161,59.53,0.0222,5,Right,13.31,-1,-1,UNKNOWN,None
370.826,53.552,886.822,-4.369,3.181,59.61,0.0212,5,Right,13.18,-1,-1,UNKNOWN,None
370.834,53.568,887.096,-4.327,3.223,59.77,0.0199,5,Right,12.9,-1,-1,UNKNOWN,None
370.851,53.584,887.37,-4.285,3.265,59.93,0.0187,5,Right,12.63,-1,-1,UNKNOWN,None
370.868,53.6,887.644,-4.242,3.308,60.1,0.0178,5,Right,12.36,-1,-1,UNKNOWN,None
370.894,53.616,887.936,-4.195,3.355,60.29,0.0178,5,Right,12.06,-1,-1,UNKNOWN,None
370.894,53.633,888.103,-4.168,3.382,60.39,0.0178,5,Right,11.9,-1,-1,UNKNOWN,Left_Broken
370.921,53.648,888.534,-4.097,3.453,60.64,0.0162,5,Right,11.47,-1,-1,UNKNOWN,None
370.93,53.665,888.673,-4.074,3.476,60.71,0.0162,5,Right,11.33,-1,-1,UNKNOWN,None
370.955,53.681,888.959,-4.026,3.524,60.85,0.016,5,Right,11.04,-1,-1,UNKNOWN,None
370.973,53.696,889.252,-3.975,3.575,60.97,0.016,5,Right,10.75,-1,-1,UNKNOWN,None
370.992,53.713,889.565,-3.921,3.629,61.09,0.016,5,Right,10.43,-1,-1,UNKNOWN,None
371.008,53.729,889.847,-3.871,3.679,61.18,0.016,5,Right,10.15,-1,-1,UNKNOWN,None
371.017,53.745,890.126,-3.822,3.728,61.25,0.016,5,Right,9.87,-1,-1,UNKNOWN,None
371.033,53.76,890.405,-3.771,3.779,61.3,0.016,5,Right,9.59,-1,-1,UNKNOWN,None
371.05,53.777,890.545,-3.746,3.804,61.32,0.016,5,Right,9.46,-1,-1,UNKNOWN,None
371.058,53.793,890.824,-3.694,3.856,61.35,0.016,5,Right,9.18,-1,-1,UNKNOWN,None
371.083,53.809,891.103,-3.642,3.908,61.37,0.016,5,Right,8.9,-1,-1,UNKNOWN,None
371.092,53.825,891.383,-3.59,3.96,61.36,0.016,5,Right,8.62,-1,-1,UNKNOWN,None
371.117,53.841,891.662,-3.537,4.013,61.34,0.016,5,Right,8.34,-1,-1,UNKNOWN,None
371.133,53.857,891.94,-3.483,4.067,61.3,0.016,5,Right,8.06,-1,-1,UNKNOWN,None
371.142,53.873,892.219,-3.429,4.121,61.24,0.016,5,Right,7.78,-1,-1,UNKNOWN,None
371.167,53.889,892.496,-3.375,4.175,61.14,0.016,5,Right,7.5,-1,-1,UNKNOWN,None
371.183,53.905,892.774,-3.32,4.23,61.02,0.016,5,Right,7.23,-1,-1,UNKNOWN,None
371.192,53.921,893.059,-3.263,4.287,60.88,0.016,5,Right,6.94,-1,-1,UNKNOWN,None
371.201,53.936,893.059,-3.263,4.287,60.88,0.016,5,Right,6.94,-1,-1,UNKNOWN,None
371.218,53.953,893.49,-3.176,4.374,60.63,0.016,5,Right,6.51,-1,-1,UNKNOWN,Left_Broken
371.235,53.969,893.764,-3.12,4.43,60.45,0.016,5,Right,6.24,-1,-1,UNKNOWN,None
371.252,53.985,894.051,-3.06,4.49,60.26,0.016,5,Right,5.95,-1,-1,UNKNOWN,None
371.269,54.001,894.323,-3.004,4.546,60.06,0.016,5,Right,5.68,-1,-1,UNKNOWN,None
371.277,54.017,894.459,-2.975,4.575,59.96,0.016,5,Right,5.54,-1,-1,UNKNOWN,None
371.311,54.033,894.869,-2.888,4.662,59.64,0.0126,5,Right,5.13,-1,-1,UNKNOWN,None
371.328,54.049,895.138,-2.831,4.719,59.42,0.0109,5,Right,4.86,-1,-1,UNKNOWN,None
371.344,54.065,895.406,-2.773,4.777,59.21,0.0091,5,Right,4.59,-1,-1,UNKNOWN,None
371.353,54.081,895.674,-2.716,4.834,59.01,0.0075,5,Right,4.33,-1,-1,UNKNOWN,None
371.369,54.097,895.94,-2.658,4.892,58.82,0.0058,5,Right,4.06,-1,-1,UNKNOWN,None
371.386,54.113,896.073,-2.629,4.921,58.74,0.0042,5,Right,3.93,-1,-1,UNKNOWN,None
371.394,54.128,896.338,-2.57,4.98,58.58,0.0028,5,Right,3.66,-1,-1,UNKNOWN,None
371.403,54.145,896.47,-2.541,5.009,58.51,0.0014,5,Right,3.53,-1,-1,UNKNOWN,None
371.419,54.161,896.734,-2.483,5.067,58.39,-0.0001,5,Right,3.27,-1,-1,UNKNOWN,None
371.453,54.177,897.129,-2.395,5.155,58.26,-0.0014,5,Right,2.87,-1,-1,UNKNOWN,None
371.469,54.191,897.393,-2.336,5.214,58.22,-0.0024,5,Right,2.61,-1,-1,UNKNOWN,None
371.478,54.208,897.661,-2.276,5.274,58.2,-0.0033,5,Right,2.34,-1,-1,UNKNOWN,Left_Broken
371.503,54.224,897.924,-2.217,5.333,58.22,-0.0043,5,Right,2.08,-1,-1,UNKNOWN,None
371.512,54.24,898.189,-2.157,5.393,58.25,-0.0044,5,Right,1.81,-1,-1,UNKNOWN,None
371.528,54.255,898.452,-2.098,5.452,58.31,-0.0047,5,Right,1.55,-1,-1,UNKNOWN,None
371.537,54.271,898.584,-2.068,5.482,58.35,-0.0047,5,Right,1.42,-1,-1,UNKNOWN,None
371.564,54.287,898.894,-1.998,5.552,58.46,-0.0047,5,Right,1.11,-1,-1,UNKNOWN,None
371.573,54.304,899.159,-1.937,5.613,58.56,-0.0047,5,Right,0.84,-1,-1,UNKNOWN,None
371.59,54.321,899.424,-1.877,5.673,58.68,-0.0047,5,Right,0.58,-1,-1,UNKNOWN,None
371.615,54.337,899.689,-1.817,5.733,58.81,-0.0047,5,Right,0.31,-1,-1,UNKNOWN,None
371.632,54.353,899.961,-1.755,5.795,58.95,-0.0049,5,Right,0.04,-1,-1,UNKNOWN,None
371.64,54.368,900.227,-1.694,5.856,59.1,-0.0052,6,Middle,149.77,-1,-1,UNKNOWN,None
371.657,54.385,900.495,-1.633,5.917,59.25,-0.0056,6,Middle,149.51,-1,-1,UNKNOWN,None
371.665,54.401,900.629,-1.602,5.948,59.33,-0.006,6,Middle,149.37,-1,-1,UNKNOWN,None
371.693,54.416,900.942,-1.53,6.02,59.53,-0.0063,6,Middle,149.06,-1,-1,UNKNOWN,None
371.708,54.432,901.193,-1.473,6.077,59.69,-0.0069,6,Middle,148.81,-1,-1,UNKNOWN,None
371.717,54.449,901.463,-1.412,6.138,59.87,-0.0075,6,Middle,148.54,-1,-1,UNKNOWN,None
371.733,54.463,901.734,-1.35,6.2,60.05,-0.0082,6,Middle,148.27,-1,-1,UNKNOWN,None
371.75,54.48,902.005,-1.288,6.262,60.24,-0.0082,6,Middle,147.99,-1,-1,UNKNOWN,None
371.767,54.497,902.278,-1.226,6.324,60.41,-0.0082,6,Middle,147.72,-1,-1,UNKNOWN,None
371.783,54.512,902.551,-1.164,6.386,60.58,-0.0082,6,Middle,147.45,-1,-1,UNKNOWN,None
371.8,54.527,902.825,-1.102,6.448,60.71,-0.0082,6,Middle,147.17,-1,-1,UNKNOWN,Right_Broken
371.817,54.545,903.1,-1.04,6.51,60.81,-0.0082,6,Middle,146.9,-1,-1,UNKNOWN,None
371.833,54.561,903.375,-0.977,6.573,60.87,-0.013,6,Middle,146.63,-1,-1,UNKNOWN,None
371.842,54.577,903.518,-0.945,6.605,60.89,-0.013,6,Middle,146.48,-1,-1,UNKNOWN,None
371.859,54.592,903.656,-0.914,6.636,60.9,-0.013,6,Middle,146.34,-1,-1,UNKNOWN,None
371.882,54.608,904.048,-0.826,6.724,60.88,-0.013,6,Middle,145.95,-1,-1,UNKNOWN,None
371.899,54.625,904.323,-0.765,6.785,60.83,-0.013,6,Middle,145.68,-1,-1,UNKNOWN,None
371.916,54.64,904.597,-0.704,6.846,60.74,-0.013,6,Middle,145.4,-1,-1,UNKNOWN,None
371.924,54.657,904.871,-0.643,6.907,60.62,-0.013,6,Middle,145.13,-1,-1,UNKNOWN,None
371.941,54.673,905.145,-0.583,6.967,60.49,-0.013,6,Middle,144.86,-1,-1,UNKNOWN,None
371.966,54.689,905.418,-0.523,7.027,60.34,-0.013,6,Middle,144.58,-1,-1,UNKNOWN,None
371.966,54.705,905.554,-0.493,7.057,60.26,-0.013,6,Middle,144.45,-1,-1,UNKNOWN,None
371.999,54.721,905.965,-0.403,7.147,59.99,-0.013,6,Middle,144.03,-1,-1,UNKNOWN,None
372.008,54.736,906.239,-0.344,7.206,59.79,-0.0223,6,Middle,143.76,-1,-1,UNKNOWN,None
372.024,54.753,906.509,-0.286,7.264,59.59,-0.0225,6,Middle,143.49,-1,-1,UNKNOWN,None
372.041,54.768,906.778,-0.228,7.322,59.4,-0.0225,6,Middle,143.22,-1,-1,UNKNOWN,None
372.058,54.788,907.047,-0.171,7.379,59.21,-0.0225,6,Middle,142.95,-1,-1,UNKNOWN,Right_Broken
372.077,54.8,907.217,-0.135,7.415,59.1,-0.0225,6,Middle,142.78,-1,-1,UNKNOWN,None
372.086,54.817,907.522,-0.071,7.479,58.91,-0.0225,6,Middle,142.48,-1,-1,UNKNOWN,None
372.096,54.833,907.688,-0.037,7.513,58.82,-0.0225,6,Middle,142.31,-1,-1,UNKNOWN,None
372.124,54.848,907.978,0.023,7.573,58.68,-0.0225,6,Middle,142.02,-1,-1,UNKNOWN,None
372.133,54.864,908.267,0.083,7.633,58.57,-0.0225,6,Middle,141.73,-1,-1,UNKNOWN,None
372.161,54.886,908.562,0.142,7.692,58.49,-0.0225,6,Middle,141.44,-1,-1,UNKNOWN,None
372.161,54.896,908.712,0.173,7.723,58.47,-0.0225,6,Middle,141.29,-1,-1,UNKNOWN,None
372.187,54.912,908.982,0.227,7.777,58.45,-0.0225,6,Middle,141.02,-1,-1,UNKNOWN,None
372.204,54.929,909.251,0.28,7.83,58.46,-0.0225,6,Middle,140.75,-1,-1,UNKNOWN,None
372.213,54.944,909.517,0.333,7.883,58.5,-0.0225,6,Middle,140.48,-1,-1,UNKNOWN,None
372.229,54.961,909.783,0.384,7.934,58.55,-0.0225,6,Middle,140.22,-1,-1,UNKNOWN,None
372.255,54.977,910.06,0.438,7.988,58.63,-0.0225,6,Middle,139.94,-1,-1,UNKNOWN,None
372.263,54.993,910.332,0.49,8.04,58.73,-0.0225,6,Middle,139.67,-1,-1,UNKNOWN,None
372.28,55.011,910.6,0.54,8.09,58.83,-0.0225,6,Middle,139.4,-1,-1,UNKNOWN,None
372.297,55.025,910.868,0.59,8.14,58.95,-0.0228,6,Middle,139.13,-1,-1,UNKNOWN,None
372.314,55.042,911.137,0.64,8.19,59.08,-0.0229,6,Middle,138.86,-1,-1,UNKNOWN,None
372.322,55.057,911.271,0.665,8.215,59.15,-0.0237,6,Middle,138.73,-1,-1,UNKNOWN,None
372.339,55.074,911.541,0.714,8.264,59.3,-0.0247,6,Middle,138.46,-1,-1,UNKNOWN,None
372.364,55.089,911.814,0.763,8.313,59.45,-0.0263,6,Middle,138.19,-1,-1,UNKNOWN,Right_Broken
372.38,55.104,912.086,0.811,8.361,59.61,-0.0274,6,Middle,137.91,-1,-1,UNKNOWN,None
372.38,55.121,912.222,0.835,8.385,59.69,-0.0288,6,Middle,137.78,-1,-1,UNKNOWN,None
372.414,55.137,912.632,0.906,8.456,59.94,-0.0302,6,Middle,137.37,-1,-1,UNKNOWN,None
372.414,55.153,912.769,0.929,8.479,60.03,-0.0314,6,Middle,137.23,-1,-1,UNKNOWN,None
372.447,55.169,913.188,1.0,8.55,60.3,-0.0314,6,Middle,136.81,-1,-1,UNKNOWN,None
372.464,55.185,913.464,1.045,8.595,60.47,-0.0314,6,Middle,136.54,-1,-1,UNKNOWN,None
372.464,55.2,913.602,1.068,8.618,60.55,-0.034,6,Middle,136.4,-1,-1,UNKNOWN,None
372.481,55.215,913.88,1.112,8.662,60.71,-0.034,6,Middle,136.12,-1,-1,UNKNOWN,None
372.497,55.231,914.163,1.157,8.707,60.85,-0.034,6,Middle,135.84,-1,-1,UNKNOWN,None
372.523,55.248,914.443,1.201,8.751,60.96,-0.034,6,Middle,135.56,-1,-1,UNKNOWN,None
372.539,55.264,914.722,1.243,8.793,61.05,-0.034,6,Middle,135.28,-1,-1,UNKNOWN,None
372.548,55.28,915.002,1.285,8.835,61.09,-0.034,6,Middle,135.0,-1,-1,UNKNOWN,None
372.564,55.297,915.282,1.326,8.876,61.09,-0.034,6,Middle,134.72,-1,-1,UNKNOWN,None
372.581,55.313,915.562,1.367,8.917,61.06,-0.034,6,Middle,134.44,-1,-1,UNKNOWN,None
372.598,55.329,915.841,1.406,8.956,60.99,-0.034,6,Middle,134.16,-1,-1,UNKNOWN,Right_Broken
372.623,55.345,916.12,1.445,8.995,60.89,-0.034,6,Middle,133.88,-1,-1,UNKNOWN,None
372.64,55.361,916.405,1.484,9.034,60.76,-0.034,6,Middle,133.59,-1,-1,UNKNOWN,None
372.656,55.377,916.683,1.521,9.071,60.62,-0.034,6,Middle,133.32,-1,-1,UNKNOWN,None
372.665,55.391,916.823,1.539,9.089,60.54,-0.034,6,Middle,133.18,-1,-1,UNKNOWN,None
372.69,55.409,917.238,1.592,9.142,60.28,-0.034,6,Middle,132.76,-1,-1,UNKNOWN,None
372.698,55.425,917.377,1.609,9.159,60.19,-0.034,6,Middle,132.62,-1,-1,UNKNOWN,None
372.706,55.441,917.652,1.643,9.193,59.99,-0.0381,6,Middle,132.35,-1,-1,UNKNOWN,None
372.731,55.457,917.927,1.676,9.226,59.79,-0.0381,6,Middle,132.07,-1,-1,UNKNOWN,None
372.748,55.472,918.202,1.707,9.257,59.59,-0.0381,6,Middle,131.8,-1,-1,UNKNOWN,None
372.765,55.489,918.476,1.738,9.288,59.39,-0.0381,6,Middle,131.52,-1,-1,UNKNOWN,None
372.774,55.505,918.801,1.774,9.324,59.17,-0.0381,6,Middle,131.2,-1,-1,UNKNOWN,None
372.793,55.521,919.073,1.802,9.352,59.0,-0.0381,6,Middle,130.93,-1,-1,UNKNOWN,None
372.81,55.537,919.344,1.83,9.38,58.84,-0.0381,6,Middle,130.66,-1,-1,UNKNOWN,None
372.826,55.553,919.479,1.843,9.393,58.78,-0.0381,6,Middle,130.52,-1,-1,UNKNOWN,None
372.845,55.568,919.773,1.872,9.422,58.65,-0.0381,6,Middle,130.23,-1,-1,UNKNOWN,None
372.861,55.584,920.047,1.897,9.447,58.57,-0.0381,6,Middle,129.95,-1,-1,UNKNOWN,None
372.861,55.601,920.181,1.909,9.459,58.54,-0.0381,6,Middle,129.82,-1,-1,UNKNOWN,None
372.87,55.617,920.488,1.936,9.486,58.49,-0.0381,6,Middle,129.51,-1,-1,UNKNOWN,None
372.905,55.632,920.883,1.968,9.518,58.5,-0.0379,6,Middle,129.12,-1,-1,UNKNOWN,None
372.913,55.648,921.018,1.979,9.529,58.51,-0.0376,6,Middle,128.98,-1,-1,UNKNOWN,None
372.93,55.665,921.29,2.0,9.55,58.55,-0.0372,6,Middle,128.71,-1,-1,UNKNOWN,None
372.946,55.681,921.563,2.02,9.57,58.61,-0.0362,6,Middle,128.44,-1,-1,UNKNOWN,None
372.972,55.697,921.834,2.038,9.588,58.69,-0.0353,6,Middle,128.17,-1,-1,UNKNOWN,None
372.988,55.713,922.106,2.056,9.606,58.79,-0.0348,6,Middle,127.89,-1,-1,UNKNOWN,None
373.005,55.729,922.378,2.073,9.623,58.9,-0.0334,6,Middle,127.62,-1,-1,UNKNOWN,None
373.022,55.745,922.651,2.089,9.639,59.02,-0.0322,6,Middle,127.35,-1,-1,UNKNOWN,None
373.03,55.761,922.924,2.104,9.654,59.15,-0.0311,6,Middle,127.08,-1,-1,UNKNOWN,None
373.055,55.777,923.198,2.119,9.669,59.3,-0.0299,6,Middle,126.8,-1,-1,UNKNOWN,None
373.072,55.791,923.476,2.132,9.682,59.45,-0.0288,6,Middle,126.52,-1,-1,UNKNOWN,None
373.089,55.809,923.751,2.145,9.695,59.6,-0.0279,6,Middle,126.25,-1,-1,UNKNOWN,None
373.089,55.825,923.907,2.152,9.702,59.7,-0.0267,6,Middle,126.09,-1,-1,UNKNOWN,None
373.116,55.841,924.213,2.164,9.714,59.88,-0.0255,6,Middle,125.79,-1,-1,UNKNOWN,None
373.133,55.857,924.491,2.175,9.725,60.05,-0.0248,6,Middle,125.51,-1,-1,UNKNOWN,None
373.15,55.873,924.77,2.185,9.735,60.23,-0.0248,6,Middle,125.23,-1,-1,UNKNOWN,None
373.158,55.889,925.049,2.194,9.744,60.4,-0.0237,6,Middle,124.95,-1,-1,UNKNOWN,None
373.183,55.905,925.336,2.202,9.752,60.58,-0.0237,6,Middle,124.66,-1,-1,UNKNOWN,None
373.201,55.921,925.627,2.21,9.76,60.74,-0.0237,6,Middle,124.37,-1,-1,UNKNOWN,None
373.218,55.937,925.921,2.216,9.766,60.89,-0.0237,6,Middle,124.08,-1,-1,UNKNOWN,None
373.226,55.953,926.062,2.219,9.769,60.95,-0.0237,6,Middle,123.94,-1,-1,UNKNOWN,None
373.235,55.968,926.345,2.225,9.775,61.04,-0.0237,6,Middle,123.66,-1,-1,UNKNOWN,None
373.251,55.985,926.628,2.229,9.779,61.09,-0.0237,6,Middle,123.37,-1,-1,UNKNOWN,None
373.277,56.001,926.925,2.233,9.783,61.1,-0.0237,6,Middle,123.07,-1,-1,UNKNOWN,None
373.277,56.017,927.135,2.235,9.785,61.07,-0.0237,6,Middle,122.86,-1,-1,UNKNOWN,None
373.307,56.033,927.426,2.238,9.788,61.02,-0.0237,6,Middle,122.57,-1,-1,UNKNOWN,None
373.315,56.048,927.708,2.239,9.789,60.94,-0.0237,6,Middle,122.29,-1,-1,UNKNOWN,None
373.34,56.065,927.989,2.24,9.79,60.83,-0.0237,6,Middle,122.01,-1,-1,UNKNOWN,None
373.348,56.08,928.27,2.24,9.79,60.69,-0.0237,6,Middle,121.73,-1,-1,UNKNOWN,None
373.357,56.097,928.411,2.24,9.79,60.62,-0.0237,6,Middle,121.59,-1,-1,UNKNOWN,None
373.382,56.113,928.839,2.239,9.789,60.37,-0.0237,6,Middle,121.16,-1,-1,UNKNOWN,None
373.4,56.129,929.153,2.236,9.786,60.17,-0.0237,6,Middle,120.85,-1,-1,UNKNOWN,None
373.409,56.144,929.309,2.235,9.785,60.06,-0.0237,6,Middle,120.69,-1,-1,UNKNOWN,None
373.437,56.161,929.614,2.231,9.781,59.84,-0.0237,6,Middle,120.39,-1,-1,UNKNOWN,None
373.455,56.176,929.914,2.227,9.777,59.62,-0.0237,6,Middle,120.09,-1,-1,UNKNOWN,None
373.465,56.191,930.082,2.224,9.774,59.5,-0.0235,6,Middle,119.92,-1,-1,UNKNOWN,None
373.465,56.208,930.249,2.221,9.771,59.38,-0.0235,6,Middle,119.75,-1,-1,UNKNOWN,None
373.493,56.224,930.671,2.212,9.762,59.09,-0.0235,6,Middle,119.33,-1,-1,UNKNOWN,None
373.518,56.239,930.944,2.206,9.756,58.93,-0.0232,6,Middle,119.06,-1,-1,UNKNOWN,None
373.526,56.255,931.221,2.199,9.749,58.78,-0.0228,6,Middle,118.78,-1,-1,UNKNOWN,None
373.544,56.272,931.508,2.19,9.74,58.66,-0.0219,6,Middle,118.49,-1,-1,UNKNOWN,None
373.569,56.288,931.779,2.182,9.732,58.57,-0.0209,6,Middle,118.22,-1,-1,UNKNOWN,None
373.578,56.304,931.931,2.177,9.727,58.53,-0.0193,6,Middle,118.07,-1,-1,UNKNOWN,None
373.597,56.321,932.228,2.166,9.716,58.48,-0.0178,6,Middle,117.77,-1,-1,UNKNOWN,None
373.615,56.337,932.52,2.155,9.705,58.48,-0.0162,6,Middle,117.48,-1,-1,UNKNOWN,None
373.632,56.353,932.796,2.144,9.694,58.5,-0.0145,6,Middle,117.2,-1,-1,UNKNOWN,None
373.64,56.369,933.072,2.133,9.683,58.54,-0.0127,6,Middle,116.93,-1,-1,UNKNOWN,None
373.657,56.385,933.344,2.121,9.671,58.61,-0.011,6,Middle,116.66,-1,-1,UNKNOWN,None
373.665,56.401,933.483,2.115,9.665,58.65,-0.0091,6,Middle,116.52,-1,-1,UNKNOWN,None
373.691,56.417,933.757,2.102,9.652,58.74,-0.0069,6,Middle,116.24,-1,-1,UNKNOWN,None
373.708,56.433,934.035,2.089,9.639,58.85,-0.0049,6,Middle,115.96,-1,-1,UNKNOWN,None
373.726,56.449,934.326,2.074,9.624,58.98,-0.0028,6,Middle,115.67,-1,-1,UNKNOWN,None
373.743,56.465,934.616,2.06,9.61,59.12,-0.0005,6,Middle,115.38,-1,-1,UNKNOWN,None
373.752,56.481,934.897,2.045,9.595,59.26,0.0017,6,Middle,115.1,-1,-1,UNKNOWN,None
373.769,56.497,935.173,2.031,9.581,59.42,0.0037,6,Middle,114.83,-1,-1,UNKNOWN,None
373.787,56.512,935.342,2.022,9.572,59.51,0.006,6,Middle,114.66,-1,-1,UNKNOWN,None
373.787,56.529,935.48,2.014,9.564,59.59,0.0081,6,Middle,114.52,-1,-1,UNKNOWN,None
373.822,56.545,935.911,1.991,9.541,59.86,0.01,6,Middle,114.09,-1,-1,UNKNOWN,None
373.83,56.561,936.188,1.975,9.525,60.03,0.0116,6,Middle,113.81,-1,-1,UNKNOWN,None
373.847,56.575,936.475,1.96,9.51,60.21,0.0116,6,Middle,113.53,-1,-1,UNKNOWN,None
373.864,56.593,936.754,1.944,9.494,60.39,0.0116,6,Middle,113.25,-1,-1,UNKNOWN,None
373.881,56.609,937.035,1.928,9.478,60.54,0.0116,6,Middle,112.97,-1,-1,UNKNOWN,None
373.889,56.624,937.198,1.919,9.469,60.62,0.0116,6,Middle,112.8,-1,-1,UNKNOWN,None
373.916,56.641,937.496,1.902,9.452,60.74,0.0116,6,Middle,112.5,-1,-1,UNKNOWN,None
373.925,56.656,937.78,1.886,9.436,60.81,0.0116,6,Middle,112.22,-1,-1,UNKNOWN,None
373.942,56.672,938.082,1.869,9.419,60.83,0.0116,6,Middle,111.92,-1,-1,UNKNOWN,None
373.96,56.689,938.379,1.853,9.403,60.81,0.0162,6,Middle,111.62,-1,-1,UNKNOWN,None
373.978,56.704,938.528,1.844,9.394,60.79,0.0162,6,Middle,111.47,-1,-1,UNKNOWN,None
373.995,56.721,938.819,1.828,9.378,60.72,0.0162,6,Middle,111.18,-1,-1,UNKNOWN,None
374.012,56.737,939.099,1.813,9.363,60.62,0.0162,6,Middle,110.9,-1,-1,UNKNOWN,None
374.028,56.752,939.38,1.798,9.348,60.5,0.0162,6,Middle,110.62,-1,-1,UNKNOWN,None
374.028,56.769,939.52,1.79,9.34,60.43,0.0162,6,Middle,110.48,-1,-1,UNKNOWN,None
374.053,56.785,939.945,1.768,9.318,60.2,0.0162,6,Middle,110.05,-1,-1,UNKNOWN,None
374.07,56.801,940.223,1.753,9.303,60.02,0.0162,6,Middle,109.78,-1,-1,UNKNOWN,None
374.089,56.817,940.528,1.738,9.288,59.82,0.0162,6,Middle,109.47,-1,-1,UNKNOWN,None
374.097,56.832,940.67,1.73,9.28,59.72,0.0162,6,Middle,109.33,-1,-1,UNKNOWN,None
374.127,56.849,941.019,1.713,9.263,59.47,0.0162,6,Middle,108.98,-1,-1,UNKNOWN,None
374.135,56.865,941.294,1.7,9.25,59.27,0.0162,6,Middle,108.71,-1,-1,UNKNOWN,None
374.152,56.88,941.567,1.687,9.237,59.08,0.0162,6,Middle,108.43,-1,-1,UNKNOWN,None
374.177,56.897,941.846,1.674,9.224,58.89,0.0162,6,Middle,108.15,-1,-1,UNKNOWN,None
374.186,56.913,942.118,1.661,9.211,58.73,0.0162,6,Middle,107.88,-1,-1,UNKNOWN,None
374.194,56.928,942.254,1.655,9.205,58.65,0.0162,6,Middle,107.75,-1,-1,UNKNOWN,None
374.211,56.945,942.389,1.649,9.199,58.58,0.0162,6,Middle,107.61,-1,-1,UNKNOWN,None
374.236,56.96,942.795,1.632,9.182,58.41,0.0162,6,Middle,107.21,-1,-1,UNKNOWN,None
374.252,56.977,943.065,1.621,9.171,58.33,0.0162,6,Middle,106.94,-1,-1,UNKNOWN,None
374.261,56.992,943.334,1.61,9.16,58.29,0.0162,6,Middle,106.67,-1,-1,UNKNOWN,None
374.286,57.009,943.604,1.6,9.15,58.27,0.0162,6,Middle,106.4,-1,-1,UNKNOWN,None
374.302,57.025,943.876,1.59,9.14,58.28,0.0162,6,Middle,106.12,-1,-1,UNKNOWN,None
374.319,57.041,944.146,1.58,9.13,58.32,0.0162,6,Middle,105.85,-1,-1,UNKNOWN,None
374.337,57.056,944.441,1.57,9.12,58.38,0.0162,6,Middle,105.56,-1,-1,UNKNOWN,None
374.347,57.072,944.592,1.565,9.115,58.42,0.0162,6,Middle,105.41,-1,-1,UNKNOWN,None
374.355,57.089,944.87,1.556,9.106,58.51,0.0162,6,Middle,105.13,-1,-1,UNKNOWN,None
374.38,57.105,945.141,1.548,9.098,58.61,0.0162,6,Middle,104.86,-1,-1,UNKNOWN,None
374.395,57.121,945.376,1.541,9.091,58.71,0.0162,6,Middle,104.62,-1,-1,UNKNOWN,None
374.412,57.137,945.656,1.533,9.083,58.84,0.0162,6,Middle,104.34,-1,-1,UNKNOWN,None
374.429,57.153,945.929,1.526,9.076,58.98,0.0162,6,Middle,104.07,-1,-1,UNKNOWN,None
374.437,57.174,946.204,1.519,9.069,59.12,0.0162,6,Middle,103.8,-1,-1,UNKNOWN,None
374.454,57.185,946.487,1.513,9.063,59.28,0.0162,6,Middle,103.51,-1,-1,UNKNOWN,None
374.471,57.2,946.766,1.507,9.057,59.44,0.0162,6,Middle,103.23,-1,-1,UNKNOWN,None
374.489,57.215,946.922,1.504,9.054,59.54,0.0162,6,Middle,103.08,-1,-1,UNKNOWN,None
374.497,57.236,947.203,1.498,9.048,59.71,0.0162,6,Middle,102.8,-1,-1,UNKNOWN,None
374.523,57.247,947.484,1.493,9.043,59.89,0.0162,6,Middle,102.52,-1,-1,UNKNOWN,None
374.541,57.263,947.784,1.488,9.038,60.09,0.0162,6,Middle,102.22,-1,-1,UNKNOWN,None
374.551,57.279,948.111,1.484,9.034,60.3,0.0162,6,Middle,101.89,-1,-1,UNKNOWN,None
374.578,57.297,948.402,1.48,9.03,60.48,0.0162,6,Middle,101.6,-1,-1,UNKNOWN,None
374.586,57.313,948.547,1.478,9.028,60.57,0.0162,6,Middle,101.45,-1,-1,UNKNOWN,None
374.603,57.327,948.828,1.475,9.025,60.71,0.0162,6,Middle,101.17,-1,-1,UNKNOWN,None
374.62,57.345,949.114,1.473,9.023,60.82,0.0162,6,Middle,100.89,-1,-1,UNKNOWN,None
374.63,57.359,949.435,1.47,9.02,60.9,0.0162,6,Middle,100.57,-1,-1,UNKNOWN,None
374.655,57.377,949.717,1.469,9.019,60.92,0.0162,6,Middle,100.28,-1,-1,UNKNOWN,None
374.664,57.393,949.999,1.468,9.018,60.9,0.0162,6,Middle,100.0,-1,-1,UNKNOWN,None
374.68,57.409,950.28,1.467,9.017,60.84,0.0162,6,Middle,99.72,-1,-1,UNKNOWN,None
374.697,57.424,950.562,1.467,9.017,60.75,0.0162,6,Middle,99.44,-1,-1,UNKNOWN,None
374.714,57.441,950.702,1.467,9.017,60.7,0.0162,6,Middle,99.3,-1,-1,UNKNOWN,None
374.732,57.457,951.005,1.467,9.017,60.57,0.0162,6,Middle,99.0,-1,-1,UNKNOWN,None
374.749,57.473,951.288,1.468,9.018,60.42,0.0162,6,Middle,98.71,-1,-1,UNKNOWN,None
374.749,57.488,951.428,1.468,9.018,60.34,0.0044,6,Middle,98.57,-1,-1,UNKNOWN,None
374.774,57.505,951.846,1.47,9.02,60.09,0.0044,6,Middle,98.15,-1,-1,UNKNOWN,None
374.799,57.521,952.137,1.472,9.022,59.89,0.0044,6,Middle,97.86,-1,-1,UNKNOWN,None
374.808,57.536,952.42,1.474,9.024,59.7,0.0002,6,Middle,97.58,-1,-1,UNKNOWN,None
374.825,57.553,952.695,1.476,9.026,59.5,-0.0012,6,Middle,97.3,-1,-1,UNKNOWN,None
374.85,57.569,952.97,1.478,9.028,59.3,-0.0024,6,Middle,97.03,-1,-1,UNKNOWN,None
374.858,57.585,953.107,1.48,9.03,59.21,-0.0035,6,Middle,96.89,-1,-1,UNKNOWN,None
374.867,57.6,953.381,1.482,9.032,59.03,-0.0049,6,Middle,96.62,-1,-1,UNKNOWN,None
374.892,57.617,953.653,1.485,9.035,58.86,-0.0063,6,Middle,96.35,-1,-1,UNKNOWN,None
374.9,57.631,953.96,1.488,9.038,58.69,-0.0075,6,Middle,96.04,-1,-1,UNKNOWN,None
374.927,57.649,954.234,1.491,9.041,58.57,-0.0086,6,Middle,95.77,-1,-1,UNKNOWN,None
374.944,57.665,954.504,1.494,9.044,58.47,-0.0098,6,Middle,95.5,-1,-1,UNKNOWN,None
374.953,57.681,954.788,1.497,9.047,58.4,-0.0107,6,Middle,95.21,-1,-1,UNKNOWN,None
374.978,57.697,955.058,1.5,9.05,58.37,-0.0116,6,Middle,94.94,-1,-1,UNKNOWN,None
374.986,57.713,955.193,1.502,9.052,58.36,-0.0123,6,Middle,94.81,-1,-1,UNKNOWN,None
375.004,57.729,955.473,1.505,9.055,58.37,-0.013,6,Middle,94.53,-1,-1,UNKNOWN,None
375.022,57.745,955.764,1.508,9.058,58.41,-0.0135,6,Middle,94.24,-1,-1,UNKNOWN,None
375.03,57.759,956.035,1.511,9.061,58.47,-0.0139,6,Middle,93.97,-1,-1,UNKNOWN,None
375.047,57.777,956.306,1.514,9.064,58.54,-0.0142,6,Middle,93.69,-1,-1,UNKNOWN,None
375.065,57.793,956.6,1.517,9.067,58.65,-0.0145,6,Middle,93.4,-1,-1,UNKNOWN,None
375.073,57.808,956.736,1.519,9.069,58.7,-0.0146,6,Middle,93.26,-1,-1,UNKNOWN,None
375.1,57.825,957.039,1.521,9.071,58.83,-0.0151,6,Middle,92.96,-1,-1,UNKNOWN,None
375.108,57.84,957.312,1.524,9.074,58.96,-0.0153,6,Middle,92.69,-1,-1,UNKNOWN,None
375.125,57.857,957.449,1.525,9.075,59.02,-0.0153,6,Middle,92.55,-1,-1,UNKNOWN,None
375.141,57.873,957.859,1.528,9.078,59.24,-0.0153,6,Middle,92.14,-1,-1,UNKNOWN,None
375.158,57.889,958.134,1.53,9.08,59.4,-0.0153,6,Middle,91.87,-1,-1,UNKNOWN,None
375.183,57.905,958.41,1.532,9.082,59.56,-0.0153,6,Middle,91.59,-1,-1,UNKNOWN,None
375.2,57.921,958.686,1.533,9.083,59.73,-0.0153,6,Middle,91.31,-1,-1,UNKNOWN,None
375.209,57.937,958.971,1.534,9.084,59.91,-0.0153,6,Middle,91.03,-1,-1,UNKNOWN,None
375.225,57.953,959.252,1.535,9.085,60.09,-0.0153,6,Middle,90.75,-1,-1,UNKNOWN,None
375.243,57.969,959.413,1.536,9.086,60.19,-0.0153,6,Middle,90.59,-1,-1,UNKNOWN,None
375.26,57.984,959.692,1.536,9.086,60.37,-0.0153,6,Middle,90.31,-1,-1,UNKNOWN,None
375.268,58.001,959.972,1.536,9.086,60.54,-0.0153,6,Middle,90.03,-1,-1,UNKNOWN,None
375.293,58.017,960.253,1.536,9.086,60.7,-0.0153,6,Middle,89.75,-1,-1,UNKNOWN,None
375.302,58.033,960.535,1.536,9.086,60.85,-0.0153,6,Middle,89.47,-1,-1,UNKNOWN,None
375.327,58.049,960.817,1.535,9.085,60.97,-0.0153,6,Middle,89.18,-1,-1,UNKNOWN,None
375.335,58.065,961.121,1.534,9.084,61.07,-0.0153,6,Middle,88.88,-1,-1,UNKNOWN,None
375.345,58.081,961.294,1.533,9.083,61.1,-0.0153,6,Middle,88.71,-1,-1,UNKNOWN,None
375.363,58.097,961.585,1.531,9.081,61.13,-0.0153,6,Middle,88.42,-1,-1,UNKNOWN,None
375.381,58.113,961.907,1.529,9.079,61.11,-0.0153,6,Middle,88.09,-1,-1,UNKNOWN,None
375.402,58.129,962.232,1.526,9.076,61.06,-0.0151,6,Middle,87.77,-1,-1,UNKNOWN,None
375.41,58.145,962.373,1.525,9.075,61.03,-0.0149,6,Middle,87.63,-1,-1,UNKNOWN,None
375.437,58.161,962.68,1.521,9.071,60.96,-0.0149,6,Middle,87.32,-1,-1,UNKNOWN,None
375.437,58.177,962.821,1.519,9.069,60.92,-0.0149,6,Middle,87.18,-1,-1,UNKNOWN,None
375.462,58.192,963.257,1.514,9.064,60.76,-0.0149,6,Middle,86.74,-1,-1,UNKNOWN,None
375.479,58.208,963.551,1.509,9.059,60.61,-0.0149,6,Middle,86.45,-1,-1,UNKNOWN,None
375.497,58.224,963.831,1.505,9.055,60.46,-0.0149,6,Middle,86.17,-1,-1,UNKNOWN,None
375.513,58.24,963.971,1.502,9.052,60.38,-0.0149,6,Middle,86.03,-1,-1,UNKNOWN,None
375.528,58.256,964.369,1.495,9.045,60.12,-0.0149,6,Middle,85.63,-1,-1,UNKNOWN,None
375.547,58.27,964.531,1.491,9.041,60.01,-0.0149,6,Middle,85.47,-1,-1,UNKNOWN,None
375.555,58.288,964.808,1.485,9.035,59.81,-0.0149,6,Middle,85.19,-1,-1,UNKNOWN,None
375.58,58.305,965.084,1.479,9.029,59.6,-0.0084,6,Middle,84.92,-1,-1,UNKNOWN,None
375.597,58.321,965.359,1.473,9.023,59.39,-0.0079,6,Middle,84.64,-1,-1,UNKNOWN,None
375.597,58.336,965.497,1.469,9.019,59.29,-0.0079,6,Middle,84.5,-1,-1,UNKNOWN,None
375.63,58.356,965.907,1.459,9.009,58.98,-0.0078,6,Middle,84.09,-1,-1,UNKNOWN,None
375.641,58.369,966.089,1.454,9.004,58.85,-0.0078,6,Middle,83.91,-1,-1,UNKNOWN,None
375.66,58.385,966.391,1.446,8.996,58.65,-0.0078,6,Middle,83.61,-1,-1,UNKNOWN,None
375.676,58.401,966.661,1.438,8.988,58.49,-0.0075,6,Middle,83.34,-1,-1,UNKNOWN,None
375.693,58.417,966.932,1.43,8.98,58.35,-0.0075,6,Middle,83.07,-1,-1,UNKNOWN,None
375.71,58.433,967.208,1.421,8.971,58.23,-0.0075,6,Middle,82.79,-1,-1,UNKNOWN,None
375.727,58.449,967.477,1.412,8.962,58.15,-0.0072,6,Middle,82.52,-1,-1,UNKNOWN,None
375.743,58.465,967.746,1.403,8.953,58.09,-0.0069,6,Middle,82.25,-1,-1,UNKNOWN,None
375.752,58.481,968.015,1.394,8.944,58.07,-0.0063,6,Middle,81.99,-1,-1,UNKNOWN,None
375.769,58.497,968.293,1.384,8.934,58.08,-0.0053,6,Middle,81.71,-1,-1,UNKNOWN,None
375.787,58.513,968.448,1.378,8.928,58.1,-0.0043,6,Middle,81.55,-1,-1,UNKNOWN,None
375.805,58.529,968.731,1.368,8.918,58.15,-0.0028,6,Middle,81.27,-1,-1,UNKNOWN,None
375.813,58.545,969.001,1.358,8.908,58.22,-0.0017,6,Middle,81.0,-1,-1,UNKNOWN,None
375.838,58.561,969.27,1.347,8.897,58.31,-0.0002,6,Middle,80.73,-1,-1,UNKNOWN,None
375.846,58.577,969.54,1.337,8.887,58.41,0.0014,6,Middle,80.46,-1,-1,UNKNOWN,None
375.871,58.593,969.811,1.326,8.876,58.52,0.003,6,Middle,80.19,-1,-1,UNKNOWN,None
375.88,58.609,970.095,1.315,8.865,58.65,0.0046,6,Middle,79.9,-1,-1,UNKNOWN,None
375.889,58.624,970.238,1.309,8.859,58.73,0.006,6,Middle,79.76,-1,-1,UNKNOWN,None
375.914,58.641,970.511,1.298,8.848,58.87,0.0075,6,Middle,79.49,-1,-1,UNKNOWN,None
375.923,58.657,970.792,1.287,8.837,59.02,0.0085,6,Middle,79.21,-1,-1,UNKNOWN,None
375.94,58.673,971.066,1.276,8.826,59.18,0.0095,6,Middle,78.93,-1,-1,UNKNOWN,None
375.956,58.689,971.34,1.265,8.815,59.35,0.0101,6,Middle,78.66,-1,-1,UNKNOWN,None
375.981,58.705,971.615,1.254,8.804,59.52,0.0109,6,Middle,78.38,-1,-1,UNKNOWN,None
375.992,58.721,971.95,1.24,8.79,59.74,0.0113,6,Middle,78.05,-1,-1,UNKNOWN,None
376.002,58.736,972.089,1.235,8.785,59.83,0.0116,6,Middle,77.91,-1,-1,UNKNOWN,None
376.018,58.753,972.366,1.224,8.774,60.01,0.0117,6,Middle,77.63,-1,-1,UNKNOWN,None
376.043,58.769,972.644,1.213,8.763,60.2,0.0117,6,Middle,77.36,-1,-1,UNKNOWN,None
376.06,58.785,972.924,1.202,8.752,60.38,0.0117,6,Middle,77.08,-1,-1,UNKNOWN,None
376.068,58.8,973.203,1.191,8.741,60.54,0.0117,6,Middle,76.8,-1,-1,UNKNOWN,None
376.085,58.817,973.344,1.186,8.736,60.61,0.0117,6,Middle,76.66,-1,-1,UNKNOWN,Right_Broken
376.093,58.833,973.624,1.176,8.726,60.73,0.0117,6,Middle,76.38,-1,-1,UNKNOWN,None
376.127,58.849,974.05,1.16,8.71,60.84,0.0117,6,Middle,75.95,-1,-1,UNKNOWN,None
376.135,58.865,974.334,1.149,8.699,60.87,0.0117,6,Middle,75.67,-1,-1,UNKNOWN,None
376.153,58.88,974.63,1.139,8.689,60.87,0.0117,6,Middle,75.37,-1,-1,UNKNOWN,None
376.178,58.897,974.919,1.129,8.679,60.82,0.0117,6,Middle,75.08,-1,-1,UNKNOWN,None
376.187,58.913,975.06,1.124,8.674,60.78,0.0117,6,Middle,74.94,-1,-1,UNKNOWN,None
376.203,58.929,975.34,1.114,8.664,60.69,0.0117,6,Middle,74.66,-1,-1,UNKNOWN,None
376.221,58.945,975.634,1.105,8.655,60.57,0.0117,6,Middle,74.37,-1,-1,UNKNOWN,None
376.229,58.961,975.914,1.096,8.646,60.44,0.0117,6,Middle,74.09,-1,-1,UNKNOWN,None
376.237,58.977,976.053,1.091,8.641,60.36,0.0117,6,Middle,73.95,-1,-1,UNKNOWN,None
376.271,58.993,976.471,1.078,8.628,60.11,0.0117,6,Middle,73.53,-1,-1,UNKNOWN,None
376.279,59.009,976.751,1.07,8.62,59.93,0.0117,6,Middle,73.25,-1,-1,UNKNOWN,None
376.304,59.025,977.028,1.062,8.612,59.73,0.0117,6,Middle,72.97,-1,-1,UNKNOWN,None
376.312,59.041,977.304,1.054,8.604,59.54,0.0117,6,Middle,72.7,-1,-1,UNKNOWN,None
376.329,59.057,977.446,1.05,8.6,59.44,0.0117,6,Middle,72.55,-1,-1,UNKNOWN,Right_Broken
376.346,59.073,977.723,1.043,8.593,59.24,0.0117,6,Middle,72.28,-1,-1,UNKNOWN,None
376.363,59.089,977.997,1.036,8.586,59.06,0.0117,6,Middle,72.0,-1,-1,UNKNOWN,None
376.371,59.105,978.27,1.029,8.579,58.89,0.0117,6,Middle,71.73,-1,-1,UNKNOWN,None
376.396,59.121,978.542,1.023,8.573,58.75,0.0117,6,Middle,71.46,-1,-1,UNKNOWN,None
376.413,59.137,978.813,1.017,8.567,58.62,0.0117,6,Middle,71.19,-1,-1,UNKNOWN,None
376.43,59.153,979.084,1.011,8.561,58.52,0.0117,6,Middle,70.92,-1,-1,UNKNOWN,None
376.438,59.169,979.224,1.008,8.558,58.48,0.0117,6,Middle,70.78,-1,-1,UNKNOWN,None
376.453,59.185,979.661,1.0,8.55,58.4,0.0117,6,Middle,70.34,-1,-1,UNKNOWN,None
376.474,59.2,979.807,0.997,8.547,58.4,0.0117,6,Middle,70.19,-1,-1,UNKNOWN,None
376.483,59.216,980.099,0.992,8.542,58.41,0.0117,6,Middle,69.9,-1,-1,UNKNOWN,None
376.501,59.232,980.385,0.988,8.538,58.45,0.0117,6,Middle,69.62,-1,-1,UNKNOWN,None
376.526,59.246,980.655,0.984,8.534,58.5,0.0117,6,Middle,69.34,-1,-1,UNKNOWN,None
376.543,59.264,980.926,0.98,8.53,58.58,0.0117,6,Middle,69.07,-1,-1,UNKNOWN,None
376.551,59.28,981.198,0.977,8.527,58.67,0.0117,6,Middle,68.8,-1,-1,UNKNOWN,None
376.56,59.297,981.349,0.975,8.525,58.73,0.0117,6,Middle,68.65,-1,-1,UNKNOWN,None
376.587,59.312,981.639,0.972,8.522,58.86,0.0117,6,Middle,68.36,-1,-1,UNKNOWN,None
376.604,59.329,981.927,0.969,8.519,58.99,0.0117,6,Middle,68.07,-1,-1,UNKNOWN,None
376.622,59.345,982.209,0.967,8.517,59.13,0.0117,6,Middle,67.79,-1,-1,UNKNOWN,None
376.638,59.361,982.483,0.965,8.515,59.28,0.0117,6,Middle,67.52,-1,-1,UNKNOWN,None
376.655,59.377,982.758,0.963,8.513,59.44,0.0117,6,Middle,67.24,-1,-1,UNKNOWN,None
376.672,59.393,983.034,0.961,8.511,59.6,0.0117,6,Middle,66.97,-1,-1,UNKNOWN,None
376.688,59.409,983.31,0.96,8.51,59.77,0.0117,6,Middle,66.69,-1,-1,UNKNOWN,None
376.697,59.425,983.588,0.96,8.51,59.94,0.0117,6,Middle,66.41,-1,-1,UNKNOWN,None
376.722,59.441,983.877,0.959,8.509,60.13,0.0117,6,Middle,66.12,-1,-1,UNKNOWN,None
376.731,59.457,984.016,0.959,8.509,60.22,0.0117,6,Middle,65.98,-1,-1,UNKNOWN,None
376.747,59.473,984.296,0.959,8.509,60.4,0.0117,6,Middle,65.7,-1,-1,UNKNOWN,None
376.764,59.489,984.576,0.959,8.509,60.57,0.0113,6,Middle,65.42,-1,-1,UNKNOWN,None
376.781,59.505,984.857,0.96,8.51,60.73,0.0109,6,Middle,65.14,-1,-1,UNKNOWN,None
376.797,59.521,985.139,0.961,8.511,60.9,0.0101,6,Middle,64.86,-1,-1,UNKNOWN,None
376.807,59.537,985.475,0.962,8.512,61.11,0.0101,6,Middle,64.52,-1,-1,UNKNOWN,None
376.817,59.553,985.642,0.963,8.513,61.2,0.0085,6,Middle,64.36,-1,-1,UNKNOWN,None
376.837,59.569,985.949,0.965,8.515,61.38,0.0076,6,Middle,64.05,-1,-1,UNKNOWN,None
376.845,59.585,986.092,0.966,8.516,61.47,0.0076,6,Middle,63.91,-1,-1,UNKNOWN,None
376.87,59.601,986.52,0.969,8.519,61.71,0.0058,6,Middle,63.48,-1,-1,UNKNOWN,None
376.895,59.617,986.806,0.972,8.522,61.87,0.0058,6,Middle,63.19,-1,-1,UNKNOWN,None
376.903,59.633,987.093,0.975,8.525,62.02,0.0044,6,Middle,62.91,-1,-1,UNKNOWN,None
376.928,59.649,987.381,0.978,8.528,62.16,0.0044,6,Middle,62.62,-1,-1,UNKNOWN,None
376.937,59.665,987.679,0.981,8.531,62.3,0.0044,6,Middle,62.32,-1,-1,UNKNOWN,None
376.945,59.681,987.824,0.983,8.533,62.36,0.0044,6,Middle,62.18,-1,-1,UNKNOWN,None
376.971,59.697,988.121,0.987,8.537,62.45,0.0044,6,Middle,61.88,-1,-1,UNKNOWN,None
376.988,59.713,988.424,0.991,8.541,62.51,0.0044,6,Middle,61.58,-1,-1,UNKNOWN,None
376.988,59.728,988.569,0.993,8.543,62.52,0.0044,6,Middle,61.43,-1,-1,UNKNOWN,None
377.013,59.745,989.006,0.999,8.549,62.5,0.0044,6,Middle,60.99,-1,-1,UNKNOWN,None
377.03,59.761,989.295,1.003,8.553,62.43,0.0044,6,Middle,60.71,-1,-1,UNKNOWN,None
377.051,59.777,989.503,1.007,8.557,62.37,0.0044,6,Middle,60.5,-1,-1,UNKNOWN,None
377.062,59.793,989.708,1.01,8.56,62.29,0.0044,6,Middle,60.29,-1,-1,UNKNOWN,None
377.086,59.808,990.106,1.017,8.567,62.11,0.0044,6,Middle,59.89,-1,-1,UNKNOWN,None
377.096,59.825,990.432,1.023,8.573,61.93,0.0044,6,Middle,59.57,-1,-1,UNKNOWN,None
377.114,59.841,990.591,1.026,8.576,61.84,0.0044,6,Middle,59.41,-1,-1,UNKNOWN,None
377.126,59.857,990.949,1.033,8.583,61.61,0.0044,6,Middle,59.05,-1,-1,UNKNOWN,None
377.151,59.873,991.233,1.039,8.589,61.42,0.0028,6,Middle,58.77,-1,-1,UNKNOWN,None
377.162,59.888,991.422,1.042,8.592,61.28,0.0028,6,Middle,58.58,-1,-1,UNKNOWN,None
377.171,59.905,991.709,1.048,8.598,61.08,0.0028,6,Middle,58.29,-1,-1,UNKNOWN,None
377.188,59.921,991.997,1.054,8.604,60.86,0.0028,6,Middle,58.0,-1,-1,UNKNOWN,None
377.196,59.935,992.137,1.057,8.607,60.75,0.0028,6,Middle,57.86,-1,-1,UNKNOWN,Right_Broken
377.23,59.953,992.557,1.067,8.617,60.4,0.0028,6,Middle,57.44,-1,-1,UNKNOWN,None
377.246,59.969,992.836,1.073,8.623,60.17,0.0028,6,Middle,57.16,-1,-1,UNKNOWN,None
377.263,59.985,993.114,1.08,8.63,59.93,0.0028,6,Middle,56.89,-1,-1,UNKNOWN,None
377.272,60.001,993.395,1.086,8.636,59.69,0.0018,6,Middle,56.61,-1,-1,UNKNOWN,None
377.289,60.017,993.68,1.093,8.643,59.45,0.0018,6,Middle,56.32,-1,-1,UNKNOWN,None
377.306,60.033,993.82,1.096,8.646,59.33,0.0018,6,Middle,56.18,-1,-1,UNKNOWN,None
377.322,60.049,994.094,1.103,8.653,59.11,0.0018,6,Middle,55.91,-1,-1,UNKNOWN,None
377.339,60.065,994.37,1.11,8.66,58.89,0.0018,6,Middle,55.63,-1,-1,UNKNOWN,None
377.356,60.08,994.642,1.117,8.667,58.7,0.0018,6,Middle,55.36,-1,-1,UNKNOWN,None
377.364,60.097,994.913,1.124,8.674,58.54,0.0018,6,Middle,55.09,-1,-1,UNKNOWN,None
377.381,60.113,995.184,1.131,8.681,58.39,0.0018,6,Middle,54.82,-1,-1,UNKNOWN,None
377.406,60.129,995.454,1.138,8.688,58.28,0.0018,6,Middle,54.55,-1,-1,UNKNOWN,None
377.414,60.145,995.723,1.146,8.696,58.19,0.0018,6,Middle,54.28,-1,-1,UNKNOWN,None
377.439,60.161,995.992,1.153,8.703,58.14,0.0017,6,Middle,54.01,-1,-1,UNKNOWN,None
377.448,60.176,996.261,1.16,8.71,58.12,0.0017,6,Middle,53.74,-1,-1,UNKNOWN,None
377.464,60.192,996.53,1.168,8.718,58.13,0.0017,6,Middle,53.47,-1,-1,UNKNOWN,None
377.481,60.208,996.8,1.175,8.725,58.17,0.0014,6,Middle,53.2,-1,-1,UNKNOWN,None
377.489,60.224,996.934,1.179,8.729,58.19,0.0014,6,Middle,53.07,-1,-1,UNKNOWN,Right_Broken
377.498,60.24,997.069,1.183,8.733,58.22,0.0011,6,Middle,52.93,-1,-1,UNKNOWN,None
377.523,60.256,997.474,1.195,8.745,58.34,0.0009,6,Middle,52.53,-1,-1,UNKNOWN,None
377.539,60.272,997.744,1.202,8.752,58.44,0.0007,6,Middle,52.26,-1,-1,UNKNOWN,None
377.564,60.288,998.015,1.21,8.76,58.56,0.0007,6,Middle,51.98,-1,-1,UNKNOWN,None
377.573,60.305,998.291,1.218,8.768,58.68,0.0005,6,Middle,51.71,-1,-1,UNKNOWN,None
377.59,60.321,998.564,1.226,8.776,58.82,0.0005,6,Middle,51.44,-1,-1,UNKNOWN,None
377.606,60.337,998.836,1.235,8.785,58.97,0.0005,6,Middle,51.16,-1,-1,UNKNOWN,None
377.631,60.353,999.112,1.243,8.793,59.12,0.0005,6,Middle,50.89,-1,-1,UNKNOWN,None
377.648,60.37,999.389,1.251,8.801,59.28,0.0005,6,Middle,50.61,-1,-1,UNKNOWN,None
377.657,60.385,999.665,1.259,8.809,59.45,0.0005,6,Middle,50.34,-1,-1,UNKNOWN,None
377.674,60.401,999.946,1.268,8.818,59.63,0.0005,6,Middle,50.05,-1,-1,UNKNOWN,None
377.682,60.417,1000.085,1.272,8.822,59.72,0.0005,6,Middle,49.92,-1,-1,UNKNOWN,None
377.707,60.433,1000.362,1.281,8.831,59.9,0.0005,6,Middle,49.64,-1,-1,UNKNOWN,None
377.715,60.449,1000.639,1.289,8.839,60.08,0.0005,6,Middle,49.36,-1,-1,UNKNOWN,None
377.74,60.465,1000.918,1.298,8.848,60.27,0.0005,6,Middle,49.08,-1,-1,UNKNOWN,None
377.749,60.481,1001.198,1.306,8.856,60.45,0.0005,6,Middle,48.8,-1,-1,UNKNOWN,None
377.774,60.497,1001.478,1.315,8.865,60.61,0.0005,6,Middle,48.52,-1,-1,UNKNOWN,None
377.782,60.511,1001.759,1.324,8.874,60.75,0.0005,6,Middle,48.24,-1,-1,UNKNOWN,None
377.807,60.529,1002.041,1.333,8.883,60.85,0.0005,6,Middle,47.96,-1,-1,UNKNOWN,None
377.815,60.545,1002.322,1.341,8.891,60.91,0.0005,6,Middle,47.68,-1,-1,UNKNOWN,None
377.84,60.561,1002.604,1.35,8.9,60.93,0.0005,6,Middle,47.4,-1,-1,UNKNOWN,None
377.849,60.577,1002.745,1.355,8.905,60.92,0.0005,6,Middle,47.25,-1,-1,UNKNOWN,None
377.864,60.593,1003.144,1.367,8.917,60.85,0.0005,6,Middle,46.86,-1,-1,UNKNOWN,None
377.872,60.609,1003.316,1.373,8.923,60.8,0.0005,6,Middle,46.68,-1,-1,UNKNOWN,None
377.882,60.625,1003.472,1.378,8.928,60.75,0.0005,6,Middle,46.53,-1,-1,UNKNOWN,None
377.909,60.64,1003.909,1.391,8.941,60.57,0.0005,6,Middle,46.09,-1,-1,UNKNOWN,None
377.926,60.657,1004.227,1.402,8.952,60.4,0.0005,6,Middle,45.77,-1,-1,UNKNOWN,None
377.937,60.673,1004.482,1.41,8.96,60.26,0.0005,6,Middle,45.52,-1,-1,UNKNOWN,None
377.961,60.689,1004.77,1.419,8.969,60.07,0.0005,6,Middle,45.23,-1,-1,UNKNOWN,None
377.969,60.705,1004.917,1.424,8.974,59.98,0.0005,6,Middle,45.08,-1,-1,UNKNOWN,None
377.998,60.721,1005.254,1.434,8.984,59.74,0.0005,6,Middle,44.75,-1,-1,UNKNOWN,None
378.015,60.737,1005.529,1.443,8.993,59.55,0.0005,6,Middle,44.47,-1,-1,UNKNOWN,None
378.023,60.753,1005.668,1.448,8.998,59.45,0.0005,6,Middle,44.33,-1,-1,UNKNOWN,None
378.044,60.769,1006.017,1.459,9.009,59.21,0.0005,6,Middle,43.98,-1,-1,UNKNOWN,None
378.061,60.786,1006.29,1.468,9.018,59.03,0.0005,6,Middle,43.71,-1,-1,UNKNOWN,None
378.078,60.801,1006.563,1.477,9.027,58.88,0.0005,6,Middle,43.44,-1,-1,UNKNOWN,None
378.086,60.817,1006.835,1.485,9.035,58.74,0.0005,6,Middle,43.17,-1,-1,UNKNOWN,None
378.103,60.833,1006.97,1.49,9.04,58.68,0.0005,6,Middle,43.03,-1,-1,UNKNOWN,None
378.123,60.849,1007.292,1.5,9.05,58.56,0.0005,6,Middle,42.71,-1,-1,UNKNOWN,None
378.139,60.865,1007.563,1.509,9.059,58.49,0.0005,6,Middle,42.44,-1,-1,UNKNOWN,None
378.156,60.881,1007.833,1.518,9.068,58.46,0.0005,6,Middle,42.17,-1,-1,UNKNOWN,None
378.173,60.897,1008.104,1.527,9.077,58.45,0.0005,6,Middle,41.9,-1,-1,UNKNOWN,None
378.181,60.913,1008.374,1.535,9.085,58.48,0.0005,6,Middle,41.63,-1,-1,UNKNOWN,None
378.198,60.929,1008.645,1.544,9.094,58.52,0.0005,6,Middle,41.36,-1,-1,UNKNOWN,None
378.214,60.945,1008.916,1.553,9.103,58.59,0.0005,6,Middle,41.08,-1,-1,UNKNOWN,None
378.231,60.961,1009.236,1.564,9.114,58.69,0.0005,6,Middle,40.76,-1,-1,UNKNOWN,None
378.254,60.977,1009.421,1.57,9.12,58.75,0.0005,6,Middle,40.58,-1,-1,UNKNOWN,None
378.262,60.993,1009.693,1.579,9.129,58.86,0.0005,6,Middle,40.31,-1,-1,UNKNOWN,None
378.287,61.009,1009.966,1.588,9.138,58.99,0.0005,6,Middle,40.03,-1,-1,UNKNOWN,None
378.304,61.025,1010.244,1.597,9.147,59.12,0.0005,6,Middle,39.76,-1,-1,UNKNOWN,None
378.32,61.041,1010.518,1.606,9.156,59.27,0.0005,6,Middle,39.48,-1,-1,UNKNOWN,None
378.329,61.057,1010.793,1.615,9.165,59.42,0.0005,6,Middle,39.21,-1,-1,UNKNOWN,None
378.345,61.073,1011.069,1.624,9.174,59.58,0.0005,6,Middle,38.93,-1,-1,UNKNOWN,None
378.362,61.089,1011.207,1.629,9.179,59.66,0.0005,6,Middle,38.79,-1,-1,UNKNOWN,None
378.38,61.105,1011.507,1.639,9.189,59.84,0.0002,6,Middle,38.49,-1,-1,UNKNOWN,None
378.389,61.121,1011.784,1.648,9.198,60.02,-0.0001,6,Middle,38.22,-1,-1,UNKNOWN,None
378.405,61.137,1012.063,1.657,9.207,60.2,-0.0001,6,Middle,37.94,-1,-1,UNKNOWN,None
378.414,61.153,1012.203,1.662,9.212,60.29,-0.0001,6,Middle,37.8,-1,-1,UNKNOWN,None
378.44,61.169,1012.651,1.677,9.227,60.54,-0.0001,6,Middle,37.35,-1,-1,UNKNOWN,None
378.457,61.185,1012.937,1.686,9.236,60.67,-0.0001,6,Middle,37.06,-1,-1,UNKNOWN,None
378.474,61.2,1013.082,1.691,9.241,60.72,-0.0001,6,Middle,36.92,-1,-1,UNKNOWN,None
378.474,61.215,1013.223,1.696,9.246,60.77,-0.0001,6,Middle,36.78,-1,-1,UNKNOWN,None
378.499,61.231,1013.645,1.71,9.26,60.82,-0.0001,6,Middle,36.35,-1,-1,UNKNOWN,None
378.524,61.248,1013.926,1.719,9.269,60.81,-0.0001,6,Middle,36.07,-1,-1,UNKNOWN,None
378.541,61.264,1014.208,1.729,9.279,60.76,-0.0001,6,Middle,35.79,-1,-1,UNKNOWN,None
378.558,61.28,1014.488,1.738,9.288,60.68,-0.0001,6,Middle,35.51,-1,-1,UNKNOWN,None
378.566,61.297,1014.769,1.748,9.298,60.57,-0.0001,6,Middle,35.23,-1,-1,UNKNOWN,None
378.574,61.313,1014.913,1.752,9.302,60.51,-0.0001,6,Middle,35.09,-1,-1,UNKNOWN,None
378.591,61.329,1015.192,1.762,9.312,60.37,-0.0001,6,Middle,34.81,-1,-1,UNKNOWN,None
378.617,61.345,1015.627,1.776,9.326,60.12,-0.0001,6,Middle,34.37,-1,-1,UNKNOWN,None
378.635,61.361,1015.786,1.782,9.332,60.01,-0.0001,6,Middle,34.21,-1,-1,UNKNOWN,None
378.644,61.377,1016.085,1.792,9.342,59.81,-0.0001,6,Middle,33.91,-1,-1,UNKNOWN,None
378.661,61.393,1016.223,1.796,9.346,59.72,-0.0056,6,Middle,33.78,-1,-1,UNKNOWN,None
378.687,61.409,1016.65,1.81,9.36,59.41,-0.0056,6,Middle,33.35,-1,-1,UNKNOWN,None
378.704,61.425,1016.924,1.819,9.369,59.21,-0.0056,6,Middle,33.08,-1,-1,UNKNOWN,None
378.712,61.44,1017.197,1.828,9.378,59.02,-0.0056,6,Middle,32.8,-1,-1,UNKNOWN,None
378.729,61.456,1017.474,1.837,9.387,58.84,-0.0056,6,Middle,32.53,-1,-1,UNKNOWN,None
378.737,61.472,1017.61,1.842,9.392,58.76,-0.0056,6,Middle,32.39,-1,-1,UNKNOWN,None
378.754,61.489,1017.882,1.85,9.4,58.61,-0.0056,6,Middle,32.12,-1,-1,UNKNOWN,None
378.771,61.505,1018.152,1.859,9.409,58.49,-0.0056,6,Middle,31.85,-1,-1,UNKNOWN,None
378.796,61.521,1018.424,1.867,9.417,58.39,-0.0056,6,Middle,31.58,-1,-1,UNKNOWN,None
378.805,61.537,1018.699,1.876,9.426,58.31,-0.0056,6,Middle,31.3,-1,-1,UNKNOWN,None
378.821,61.553,1018.969,1.884,9.434,58.28,-0.0056,6,Middle,31.03,-1,-1,UNKNOWN,None
378.838,61.569,1019.104,1.888,9.438,58.27,-0.0056,6,Middle,30.9,-1,-1,UNKNOWN,None
378.863,61.583,1019.508,1.9,9.45,58.29,-0.0056,6,Middle,30.49,-1,-1,UNKNOWN,None
378.881,61.601,1019.801,1.909,9.459,58.34,-0.0056,6,Middle,30.2,-1,-1,UNKNOWN,None
378.889,61.617,1020.072,1.917,9.467,58.4,-0.0056,6,Middle,29.93,-1,-1,UNKNOWN,None
378.898,61.633,1020.207,1.921,9.471,58.44,-0.0056,6,Middle,29.79,-1,-1,UNKNOWN,None
378.925,61.649,1020.516,1.93,9.48,58.55,-0.0056,6,Middle,29.48,-1,-1,UNKNOWN,None
378.937,61.665,1020.851,1.939,9.489,58.68,-0.0056,6,Middle,29.15,-1,-1,UNKNOWN,None
378.954,61.68,1020.994,1.943,9.493,58.74,-0.0056,6,Middle,29.01,-1,-1,UNKNOWN,None
378.971,61.697,1021.267,1.951,9.501,58.87,-0.0056,6,Middle,28.73,-1,-1,UNKNOWN,None
378.979,61.713,1021.54,1.958,9.508,59.01,-0.0056,6,Middle,28.46,-1,-1,UNKNOWN,None
379.004,61.729,1021.813,1.966,9.516,59.16,-0.0056,6,Middle,28.19,-1,-1,UNKNOWN,None
379.013,61.745,1022.088,1.973,9.523,59.32,-0.0056,6,Middle,27.91,-1,-1,UNKNOWN,None
379.029,61.761,1022.363,1.98,9.53,59.48,-0.0056,6,Middle,27.64,-1,-1,UNKNOWN,None
379.046,61.777,1022.639,1.987,9.537,59.65,-0.006,6,Middle,27.36,-1,-1,UNKNOWN,None
379.071,61.793,1022.916,1.994,9.544,59.82,-0.0063,6,Middle,27.08,-1,-1,UNKNOWN,None
379.088,61.809,1023.194,2.0,9.55,60.0,-0.0069,6,Middle,26.81,-1,-1,UNKNOWN,None
379.104,61.825,1023.472,2.007,9.557,60.19,-0.0069,6,Middle,26.53,-1,-1,UNKNOWN,None
379.113,61.841,1023.751,2.013,9.563,60.36,-0.0069,6,Middle,26.25,-1,-1,UNKNOWN,None
379.121,61.857,1023.891,2.017,9.567,60.44,-0.0069,6,Middle,26.11,-1,-1,UNKNOWN,None
379.147,61.873,1024.183,2.023,9.573,60.6,-0.0069,6,Middle,25.82,-1,-1,UNKNOWN,None
379.155,61.889,1024.323,2.026,9.576,60.66,-0.0069,6,Middle,25.68,-1,-1,UNKNOWN,None
379.155,61.905,1024.585,2.032,9.582,60.75,-0.0111,6,Middle,25.42,-1,-1,UNKNOWN,None
379.196,61.921,1025.007,2.04,9.59,60.86,-0.0111,6,Middle,24.99,-1,-1,UNKNOWN,None
379.212,61.937,1025.289,2.046,9.596,60.9,-0.0111,6,Middle,24.71,-1,-1,UNKNOWN,None
379.229,61.953,1025.571,2.051,9.601,60.9,-0.0111,6,Middle,24.43,-1,-1,UNKNOWN,None
379.246,61.969,1025.853,2.056,9.606,60.87,-0.0116,6,Middle,24.15,-1,-1,UNKNOWN,None
379.257,61.984,1026.181,2.062,9.612,60.79,-0.0116,6,Middle,23.82,-1,-1,UNKNOWN,None
379.277,62.001,1026.381,2.065,9.615,60.73,-0.0116,6,Middle,23.62,-1,-1,UNKNOWN,None
379.285,62.017,1026.662,2.069,9.619,60.61,-0.0116,6,Middle,23.34,-1,-1,UNKNOWN,None
379.302,62.033,1026.802,2.071,9.621,60.55,-0.0116,6,Middle,23.2,-1,-1,UNKNOWN,None
379.323,62.049,1027.161,2.076,9.626,60.36,-0.0116,6,Middle,22.84,-1,-1,UNKNOWN,None
379.34,62.065,1027.44,2.08,9.63,60.21,-0.0116,6,Middle,22.56,-1,-1,UNKNOWN,None
379.357,62.081,1027.718,2.083,9.633,60.05,-0.0116,6,Middle,22.28,-1,-1,UNKNOWN,None
379.365,62.097,1027.996,2.086,9.636,59.87,-0.0116,6,Middle,22.0,-1,-1,UNKNOWN,None
379.39,62.113,1028.272,2.089,9.639,59.69,-0.0107,6,Middle,21.73,-1,-1,UNKNOWN,None
379.407,62.129,1028.549,2.092,9.642,59.5,-0.0102,6,Middle,21.45,-1,-1,UNKNOWN,None
379.424,62.145,1028.828,2.094,9.644,59.31,-0.0098,6,Middle,21.17,-1,-1,UNKNOWN,None
379.432,62.161,1029.103,2.096,9.646,59.13,-0.0091,6,Middle,20.9,-1,-1,UNKNOWN,None
379.449,62.177,1029.392,2.098,9.648,58.95,-0.0084,6,Middle,20.61,-1,-1,UNKNOWN,None
379.458,62.192,1029.392,2.098,9.648,58.95,-0.0084,6,Middle,20.61,-1,-1,UNKNOWN,None
379.485,62.208,1029.829,2.101,9.651,58.72,-0.0069,6,Middle,20.17,-1,-1,UNKNOWN,None
379.493,62.224,1030.1,2.102,9.652,58.6,-0.0065,6,Middle,19.9,-1,-1,UNKNOWN,None
379.51,62.238,1030.371,2.103,9.653,58.51,-0.0059,6,Middle,19.63,-1,-1,UNKNOWN,None
379.535,62.254,1030.642,2.104,9.654,58.45,-0.0053,6,Middle,19.36,-1,-1,UNKNOWN,None
379.543,62.272,1030.925,2.105,9.655,58.41,-0.0049,6,Middle,19.08,-1,-1,UNKNOWN,None
379.561,62.288,1031.204,2.105,9.655,58.41,-0.0044,6,Middle,18.8,-1,-1,UNKNOWN,None
379.578,62.305,1031.475,2.105,9.655,58.44,-0.0043,6,Middle,18.53,-1,-1,UNKNOWN,None
379.586,62.321,1031.61,2.106,9.656,58.46,-0.004,6,Middle,18.39,-1,-1,UNKNOWN,None
379.604,62.337,1031.914,2.105,9.655,58.53,-0.004,6,Middle,18.09,-1,-1,UNKNOWN,None
379.623,62.353,1032.216,2.105,9.655,58.62,-0.004,6,Middle,17.78,-1,-1,UNKNOWN,None
379.642,62.369,1032.379,2.105,9.655,58.67,-0.004,6,Middle,17.62,-1,-1,UNKNOWN,None
379.659,62.385,1032.668,2.104,9.654,58.79,-0.004,6,Middle,17.33,-1,-1,UNKNOWN,None
379.668,62.401,1032.95,2.103,9.653,58.91,-0.004,6,Middle,17.05,-1,-1,UNKNOWN,None
379.685,62.417,1033.223,2.102,9.652,59.04,-0.004,6,Middle,16.78,-1,-1,UNKNOWN,None
379.71,62.433,1033.497,2.101,9.651,59.18,-0.004,6,Middle,16.5,-1,-1,UNKNOWN,None
379.727,62.449,1033.772,2.1,9.65,59.33,-0.004,6,Middle,16.23,-1,-1,UNKNOWN,None
379.743,62.465,1034.047,2.099,9.649,59.49,-0.004,6,Middle,15.95,-1,-1,UNKNOWN,None
379.76,62.479,1034.331,2.097,9.647,59.66,-0.004,6,Middle,15.67,-1,-1,UNKNOWN,None
379.76,62.497,1034.469,2.096,9.646,59.74,-0.004,6,Middle,15.53,-1,-1,UNKNOWN,None
379.786,62.512,1034.754,2.094,9.644,59.92,-0.004,6,Middle,15.25,-1,-1,UNKNOWN,None
379.803,62.529,1035.045,2.092,9.642,60.11,-0.004,6,Middle,14.96,-1,-1,UNKNOWN,None
379.82,62.545,1035.329,2.09,9.64,60.29,-0.004,6,Middle,14.67,-1,-1,UNKNOWN,None
379.829,62.561,1035.609,2.088,9.638,60.47,-0.004,6,Middle,14.39,-1,-1,UNKNOWN,None
379.854,62.577,1035.892,2.085,9.635,60.63,-0.004,6,Middle,14.11,-1,-1,UNKNOWN,None
379.87,62.593,1036.173,2.082,9.632,60.76,-0.004,6,Middle,13.83,-1,-1,UNKNOWN,None
379.887,62.609,1036.454,2.08,9.63,60.86,-0.004,6,Middle,13.55,-1,-1,UNKNOWN,None
379.896,62.625,1036.742,2.077,9.627,60.92,-0.004,6,Middle,13.26,-1,-1,UNKNOWN,None
379.912,62.64,1037.024,2.074,9.624,60.93,-0.004,6,Middle,12.98,-1,-1,UNKNOWN,None
379.921,62.657,1037.165,2.072,9.622,60.92,-0.004,6,Middle,12.84,-1,-1,UNKNOWN,None
379.937,62.673,1037.447,2.069,9.619,60.87,-0.004,6,Middle,12.55,-1,-1,UNKNOWN,None
379.963,62.689,1037.744,2.065,9.615,60.79,-0.004,6,Middle,12.26,-1,-1,UNKNOWN,None
379.972,62.705,1038.025,2.062,9.612,60.68,-0.004,6,Middle,11.98,-1,-1,UNKNOWN,None
379.997,62.721,1038.305,2.058,9.608,60.55,-0.004,6,Middle,11.69,-1,-1,UNKNOWN,None
380.005,62.737,1038.589,2.055,9.605,60.4,-0.004,6,Middle,11.41,-1,-1,UNKNOWN,None
380.022,62.753,1038.868,2.051,9.601,60.24,-0.004,6,Middle,11.13,-1,-1,UNKNOWN,None
380.047,62.771,1039.146,2.047,9.597,60.06,-0.004,6,Middle,10.85,-1,-1,UNKNOWN,None
380.047,62.784,1039.285,2.045,9.595,59.97,-0.0033,6,Middle,10.72,-1,-1,UNKNOWN,None
380.08,62.801,1039.7,2.039,9.589,59.68,-0.0033,6,Middle,10.3,-1,-1,UNKNOWN,None
380.089,62.817,1039.99,2.035,9.585,59.48,-0.0028,6,Middle,10.01,-1,-1,UNKNOWN,None
380.098,62.833,1040.127,2.033,9.583,59.39,-0.0027,6,Middle,9.87,-1,-1,UNKNOWN,None
380.114,62.849,1040.403,2.028,9.578,59.21,-0.0024,6,Middle,9.6,-1,-1,UNKNOWN,None
380.14,62.865,1040.683,2.024,9.574,59.04,-0.0018,6,Middle,9.32,-1,-1,UNKNOWN,None
380.148,62.881,1040.956,2.019,9.569,58.89,-0.0017,6,Middle,9.04,-1,-1,UNKNOWN,None
380.173,62.897,1041.23,2.015,9.565,58.77,-0.0014,6,Middle,8.77,-1,-1,UNKNOWN,None
380.19,62.913,1041.502,2.01,9.56,58.67,-0.0009,6,Middle,8.5,-1,-1,UNKNOWN,None
380.198,62.927,1041.773,2.006,9.556,58.61,-0.0005,6,Middle,8.23,-1,-1,UNKNOWN,None
380.215,62.945,1042.044,2.001,9.551,58.57,-0.0002,6,Middle,7.96,-1,-1,UNKNOWN,None
380.232,62.961,1042.315,1.996,9.546,58.56,-0.0001,6,Middle,7.68,-1,-1,UNKNOWN,None
380.248,62.977,1042.586,1.991,9.541,58.58,0.0005,6,Middle,7.41,-1,-1,UNKNOWN,None
380.257,62.993,1042.724,1.989,9.539,58.6,0.0007,6,Middle,7.28,-1,-1,UNKNOWN,None
380.282,63.009,1042.996,1.984,9.534,58.66,0.0009,6,Middle,7.0,-1,-1,UNKNOWN,None
380.302,63.025,1043.329,1.978,9.528,58.75,0.0009,6,Middle,6.67,-1,-1,UNKNOWN,None
380.313,63.041,1043.508,1.974,9.524,58.81,0.0009,6,Middle,6.49,-1,-1,UNKNOWN,None
380.334,63.057,1043.845,1.968,9.518,58.94,0.0009,6,Middle,6.15,-1,-1,UNKNOWN,None
380.352,63.073,1044.135,1.963,9.513,59.07,0.0009,6,Middle,5.86,-1,-1,UNKNOWN,None
380.36,63.089,1044.414,1.958,9.508,59.2,0.0009,6,Middle,5.59,-1,-1,UNKNOWN,None
380.368,63.105,1044.571,1.955,9.505,59.28,0.0009,6,Middle,5.43,-1,-1,UNKNOWN,None
380.387,63.121,1044.885,1.949,9.499,59.45,0.0009,6,Middle,5.12,-1,-1,UNKNOWN,None
380.415,63.137,1045.183,1.943,9.493,59.62,0.0009,6,Middle,4.82,-1,-1,UNKNOWN,None
380.432,63.153,1045.462,1.938,9.488,59.78,0.0009,6,Middle,4.54,-1,-1,UNKNOWN,None
380.44,63.169,1045.74,1.933,9.483,59.95,0.0009,6,Middle,4.26,-1,-1,UNKNOWN,None
380.457,63.185,1046.018,1.927,9.477,60.13,0.0009,6,Middle,3.98,-1,-1,UNKNOWN,None
380.465,63.2,1046.157,1.925,9.475,60.22,0.0009,6,Middle,3.84,-1,-1,UNKNOWN,None
380.482,63.216,1046.437,1.919,9.469,60.39,0.0009,6,Middle,3.56,-1,-1,UNKNOWN,None
380.499,63.232,1046.717,1.914,9.464,60.57,0.0009,6,Middle,3.28,-1,-1,UNKNOWN,None
380.524,63.248,1046.998,1.909,9.459,60.72,0.0009,6,Middle,3.0,-1,-1,UNKNOWN,None
380.532,63.264,1047.279,1.903,9.453,60.86,0.0009,6,Middle,2.72,-1,-1,UNKNOWN,None
380.557,63.28,1047.561,1.898,9.448,60.97,0.0009,6,Middle,2.44,-1,-1,UNKNOWN,None
380.574,63.297,1047.844,1.892,9.442,61.04,0.0009,6,Middle,2.16,-1,-1,UNKNOWN,None
380.582,63.313,1048.127,1.887,9.437,61.08,0.0009,6,Middle,1.87,-1,-1,UNKNOWN,None
380.599,63.329,1048.409,1.882,9.432,61.1,0.0009,6,Middle,1.59,-1,-1,UNKNOWN,None
380.616,63.345,1048.714,1.876,9.426,61.09,0.0009,6,Middle,1.29,-1,-1,UNKNOWN,None
380.633,63.361,1048.998,1.87,9.42,61.06,0.0009,6,Middle,1.0,-1,-1,UNKNOWN,None
380.642,63.377,1049.139,1.868,9.418,61.02,0.0009,6,Middle,0.86,-1,-1,UNKNOWN,None
380.658,63.393,1049.421,1.862,9.412,60.94,0.0009,6,Middle,0.58,-1,-1,UNKNOWN,None
380.683,63.409,1049.703,1.857,9.407,60.83,0.0009,6,Middle,0.3,-1,-1,UNKNOWN,None
380.692,63.425,1049.984,1.852,9.402,60.69,0.0009,6,Middle,0.02,-1,-1,UNKNOWN,None
380.708,63.441,1050.264,1.847,9.397,60.54,0.0009,7,Right,149.74,-1,-1,UNKNOWN,None
380.733,63.457,1050.544,1.841,9.391,60.37,0.0009,7,Right,149.46,-1,-1,UNKNOWN,None
380.75,63.473,1050.823,1.836,9.386,60.19,0.0009,7,Right,149.18,-1,-1,UNKNOWN,None
380.758,63.489,1051.1,1.831,9.381,60.0,0.0009,7,Right,148.9,-1,-1,UNKNOWN,None
380.775,63.505,1051.4,1.825,9.375,59.78,0.0009,7,Right,148.6,-1,-1,UNKNOWN,None
380.785,63.521,1051.553,1.823,9.373,59.67,0.0009,7,Right,148.45,-1,-1,UNKNOWN,None
380.802,63.537,1051.828,1.818,9.368,59.46,0.0009,7,Right,148.17,-1,-1,UNKNOWN,None
380.827,63.553,1052.103,1.813,9.363,59.25,0.0009,7,Right,147.9,-1,-1,UNKNOWN,None
380.835,63.569,1052.24,1.81,9.36,59.14,0.0009,7,Right,147.76,-1,-1,UNKNOWN,None
380.844,63.585,1052.512,1.805,9.355,58.95,0.0009,7,Right,147.49,-1,-1,UNKNOWN,None
380.877,63.601,1052.921,1.798,9.348,58.68,0.0009,7,Right,147.08,-1,-1,UNKNOWN,None
380.894,63.617,1053.192,1.793,9.343,58.52,0.0009,7,Right,146.81,-1,-1,UNKNOWN,None
380.911,63.633,1053.471,1.788,9.338,58.39,0.0009,7,Right,146.53,-1,-1,UNKNOWN,None
380.928,63.649,1053.741,1.783,9.333,58.28,0.0009,7,Right,146.26,-1,-1,UNKNOWN,None
380.936,63.665,1054.01,1.778,9.328,58.21,0.0009,7,Right,145.99,-1,-1,UNKNOWN,None
380.953,63.681,1054.28,1.773,9.323,58.17,0.0009,7,Right,145.72,-1,-1,UNKNOWN,None
380.971,63.697,1054.435,1.771,9.321,58.16,0.0009,7,Right,145.56,-1,-1,UNKNOWN,None
380.988,63.713,1054.713,1.766,9.316,58.16,0.0009,7,Right,145.29,-1,-1,UNKNOWN,None
380.988,63.729,1054.856,1.763,9.313,58.18,0.0009,7,Right,145.14,-1,-1,UNKNOWN,None
381.024,63.745,1055.296,1.756,9.306,58.26,0.0009,7,Right,144.7,-1,-1,UNKNOWN,None
381.032,63.761,1055.566,1.751,9.301,58.34,0.0009,7,Right,144.43,-1,-1,UNKNOWN,None
381.049,63.777,1055.836,1.746,9.296,58.43,0.0009,7,Right,144.16,-1,-1,UNKNOWN,None
381.057,63.792,1055.971,1.744,9.294,58.48,0.0009,7,Right,144.03,-1,-1,UNKNOWN,None
381.082,63.808,1056.243,1.739,9.289,58.59,0.0009,7,Right,143.76,-1,-1,UNKNOWN,None
381.099,63.825,1056.514,1.735,9.285,58.72,0.0009,7,Right,143.49,-1,-1,UNKNOWN,None
381.117,63.841,1056.803,1.73,9.28,58.86,0.0009,7,Right,143.2,-1,-1,UNKNOWN,None
381.135,63.857,1057.097,1.725,9.275,59.02,0.0009,7,Right,142.9,-1,-1,UNKNOWN,None
381.144,63.873,1057.417,1.72,9.27,59.2,0.0009,7,Right,142.58,-1,-1,UNKNOWN,None
381.154,63.889,1057.556,1.717,9.267,59.29,0.0009,7,Right,142.44,-1,-1,UNKNOWN,None
381.179,63.905,1057.831,1.713,9.263,59.45,0.0009,7,Right,142.17,-1,-1,UNKNOWN,None
381.187,63.921,1057.969,1.711,9.261,59.54,0.0009,7,Right,142.03,-1,-1,UNKNOWN,None
381.212,63.937,1058.383,1.704,9.254,59.8,0.0009,7,Right,141.62,-1,-1,UNKNOWN,None
381.224,63.951,1058.715,1.698,9.248,60.02,0.0009,7,Right,141.28,-1,-1,UNKNOWN,None
381.241,63.968,1058.994,1.694,9.244,60.2,0.0009,7,Right,141.01,-1,-1,UNKNOWN,None
381.249,63.985,1059.133,1.692,9.242,60.29,0.0009,7,Right,140.87,-1,-1,UNKNOWN,None
381.266,64.001,1059.419,1.687,9.237,60.47,0.0009,7,Right,140.58,-1,-1,UNKNOWN,None
381.283,64.016,1059.699,1.682,9.232,60.62,0.0009,7,Right,140.3,-1,-1,UNKNOWN,None
381.308,64.033,1059.98,1.678,9.228,60.74,0.0009,7,Right,140.02,-1,-1,UNKNOWN,None
381.324,64.049,1060.262,1.674,9.224,60.82,0.0009,7,Right,139.74,-1,-1,UNKNOWN,None
381.333,64.065,1060.543,1.669,9.219,60.88,0.0009,7,Right,139.46,-1,-1,UNKNOWN,None
381.341,64.081,1060.684,1.667,9.217,60.9,0.0009,7,Right,139.32,-1,-1,UNKNOWN,None
381.366,64.097,1061.107,1.66,9.21,60.92,0.0009,7,Right,138.89,-1,-1,UNKNOWN,None
381.391,64.113,1061.389,1.656,9.206,60.9,0.0009,7,Right,138.61,-1,-1,UNKNOWN,None
381.399,64.129,1061.671,1.652,9.202,60.84,0.0009,7,Right,138.33,-1,-1,UNKNOWN,None
381.424,64.145,1061.952,1.647,9.197,60.76,0.0009,7,Right,138.05,-1,-1,UNKNOWN,None
381.433,64.161,1062.233,1.643,9.193,60.65,0.0009,7,Right,137.77,-1,-1,UNKNOWN,None
381.441,64.177,1062.376,1.641,9.191,60.58,0.0009,7,Right,137.62,-1,-1,UNKNOWN,None
381.466,64.191,1062.661,1.637,9.187,60.44,0.0009,7,Right,137.34,-1,-1,UNKNOWN,None
381.483,64.207,1062.94,1.632,9.182,60.28,0.0009,7,Right,137.06,-1,-1,UNKNOWN,None
381.483,64.224,1063.079,1.63,9.18,60.19,0.0009,7,Right,136.92,-1,-1,UNKNOWN,None
381.517,64.24,1063.5,1.624,9.174,59.94,0.0009,7,Right,136.5,-1,-1,UNKNOWN,None
381.525,64.256,1063.777,1.62,9.17,59.77,0.0009,7,Right,136.22,-1,-1,UNKNOWN,None
381.543,64.272,1063.931,1.618,9.168,59.68,0.0009,7,Right,136.07,-1,-1,UNKNOWN,None
381.563,64.288,1064.268,1.613,9.163,59.5,0.0009,7,Right,135.73,-1,-1,UNKNOWN,None
381.58,64.305,1064.545,1.609,9.159,59.37,0.0009,7,Right,135.46,-1,-1,UNKNOWN,None
381.588,64.321,1064.819,1.605,9.155,59.27,0.0009,7,Right,135.18,-1,-1,UNKNOWN,None
381.605,64.337,1065.093,1.601,9.151,59.18,0.0009,7,Right,134.91,-1,-1,UNKNOWN,None
381.63,64.353,1065.367,1.597,9.147,59.13,0.0009,7,Right,134.63,-1,-1,UNKNOWN,None
381.638,64.369,1065.641,1.593,9.143,59.11,0.0009,7,Right,134.36,-1,-1,UNKNOWN,None
381.663,64.385,1065.914,1.589,9.139,59.11,0.0009,7,Right,134.09,-1,-1,UNKNOWN,None
381.68,64.401,1066.188,1.585,9.135,59.14,0.0009,7,Right,133.81,-1,-1,UNKNOWN,None
381.688,64.417,1066.462,1.581,9.131,59.19,0.0009,7,Right,133.54,-1,-1,UNKNOWN,None
381.714,64.433,1066.749,1.578,9.128,59.27,0.0009,7,Right,133.25,-1,-1,UNKNOWN,None
381.714,64.449,1066.886,1.576,9.126,59.31,0.0011,7,Right,133.11,-1,-1,UNKNOWN,None
381.739,64.465,1067.161,1.572,9.122,59.41,0.0014,7,Right,132.84,-1,-1,UNKNOWN,None
381.756,64.481,1067.436,1.568,9.118,59.52,0.0018,7,Right,132.56,-1,-1,UNKNOWN,None
381.772,64.497,1067.712,1.564,9.114,59.65,0.0023,7,Right,132.29,-1,-1,UNKNOWN,None
381.781,64.517,1067.989,1.561,9.111,59.78,0.0028,7,Right,132.01,-1,-1,UNKNOWN,None
381.789,64.531,1068.127,1.559,9.109,59.85,0.0033,7,Right,131.87,-1,-1,UNKNOWN,None
381.806,64.547,1068.405,1.555,9.105,60.0,0.0037,7,Right,131.59,-1,-1,UNKNOWN,None
381.834,64.563,1068.876,1.55,9.1,60.27,0.0044,7,Right,131.12,-1,-1,UNKNOWN,None
381.85,64.579,1069.156,1.546,9.096,60.43,0.0044,7,Right,130.84,-1,-1,UNKNOWN,None
381.867,64.594,1069.436,1.543,9.093,60.59,0.0044,7,Right,130.56,-1,-1,UNKNOWN,None
381.875,64.61,1069.577,1.541,9.091,60.67,0.0044,7,Right,130.42,-1,-1,UNKNOWN,None
381.901,64.627,1069.873,1.538,9.088,60.81,0.0072,7,Right,130.13,-1,-1,UNKNOWN,None
381.918,64.643,1070.155,1.535,9.085,60.94,0.0072,7,Right,129.84,-1,-1,UNKNOWN,None
381.935,64.659,1070.438,1.532,9.082,61.04,0.0085,7,Right,129.56,-1,-1,UNKNOWN,None
381.955,64.675,1070.784,1.528,9.078,61.15,0.0085,7,Right,129.22,-1,-1,UNKNOWN,None
381.966,64.691,1070.965,1.526,9.076,61.19,0.0085,7,Right,129.03,-1,-1,UNKNOWN,None
381.974,64.707,1071.269,1.524,9.074,61.24,0.0085,7,Right,128.73,-1,-1,UNKNOWN,None
382.002,64.723,1071.581,1.521,9.071,61.25,0.0085,7,Right,128.42,-1,-1,UNKNOWN,None
382.02,64.739,1071.881,1.518,9.068,61.21,0.0107,7,Right,128.12,-1,-1,UNKNOWN,None
382.02,64.755,1072.025,1.517,9.067,61.18,0.0107,7,Right,127.98,-1,-1,UNKNOWN,None
382.047,64.771,1072.341,1.515,9.065,61.09,0.0107,7,Right,127.66,-1,-1,UNKNOWN,None
382.055,64.787,1072.623,1.513,9.063,60.99,0.0107,7,Right,127.38,-1,-1,UNKNOWN,None
382.072,64.803,1072.905,1.512,9.062,60.85,0.0107,7,Right,127.09,-1,-1,UNKNOWN,None
382.098,64.819,1073.206,1.51,9.06,60.69,0.0107,7,Right,126.79,-1,-1,UNKNOWN,None
382.106,64.835,1073.486,1.509,9.059,60.53,0.0107,7,Right,126.51,-1,-1,UNKNOWN,None
382.123,64.851,1073.766,1.508,9.058,60.35,0.0126,7,Right,126.23,-1,-1,UNKNOWN,None
382.131,64.867,1073.905,1.508,9.058,60.26,0.0126,7,Right,126.09,-1,-1,UNKNOWN,None
382.148,64.883,1074.183,1.507,9.057,60.06,0.0126,7,Right,125.82,-1,-1,UNKNOWN,None
382.176,64.899,1074.517,1.507,9.057,59.82,0.0126,7,Right,125.48,-1,-1,UNKNOWN,None
382.185,64.915,1074.793,1.507,9.057,59.61,0.0126,7,Right,125.21,-1,-1,UNKNOWN,None
382.201,64.931,1075.069,1.507,9.057,59.4,0.0126,7,Right,124.93,-1,-1,UNKNOWN,None
382.218,64.947,1075.343,1.507,9.057,59.19,0.0126,7,Right,124.66,-1,-1,UNKNOWN,None
382.235,64.963,1075.617,1.508,9.058,58.99,0.0126,7,Right,124.38,-1,-1,UNKNOWN,None
382.243,64.978,1075.759,1.508,9.058,58.89,0.0126,7,Right,124.24,-1,-1,UNKNOWN,None
382.26,64.994,1076.031,1.509,9.059,58.71,0.0126,7,Right,123.97,-1,-1,UNKNOWN,None
382.268,65.011,1076.167,1.51,9.06,58.63,0.0126,7,Right,123.83,-1,-1,UNKNOWN,None
382.302,65.027,1076.573,1.512,9.062,58.43,0.0126,7,Right,123.43,-1,-1,UNKNOWN,None
382.318,65.043,1076.843,1.514,9.064,58.32,0.0126,7,Right,123.16,-1,-1,UNKNOWN,None
382.335,65.059,1077.113,1.516,9.066,58.24,0.0126,7,Right,122.89,-1,-1,UNKNOWN,None
382.335,65.075,1077.248,1.518,9.068,58.22,0.0123,7,Right,122.75,-1,-1,UNKNOWN,None
382.36,65.091,1077.652,1.522,9.072,58.18,0.0123,7,Right,122.35,-1,-1,UNKNOWN,None
382.385,65.107,1077.921,1.525,9.075,58.2,0.012,7,Right,122.08,-1,-1,UNKNOWN,None
382.402,65.123,1078.191,1.528,9.078,58.24,0.0116,7,Right,121.81,-1,-1,UNKNOWN,None
382.41,65.139,1078.461,1.532,9.082,58.3,0.0113,7,Right,121.54,-1,-1,UNKNOWN,None
382.427,65.155,1078.731,1.536,9.086,58.37,0.0109,7,Right,121.27,-1,-1,UNKNOWN,None
382.443,65.171,1079.001,1.54,9.09,58.47,0.0107,7,Right,121.0,-1,-1,UNKNOWN,None
382.46,65.187,1079.137,1.543,9.093,58.52,0.01,7,Right,120.86,-1,-1,UNKNOWN,None
382.477,65.202,1079.408,1.547,9.097,58.64,0.0095,7,Right,120.59,-1,-1,UNKNOWN,None
382.493,65.218,1079.68,1.552,9.102,58.76,0.0085,7,Right,120.32,-1,-1,UNKNOWN,None
382.51,65.234,1079.953,1.557,9.107,58.9,0.0079,7,Right,120.05,-1,-1,UNKNOWN,None
382.518,65.25,1080.226,1.563,9.113,59.05,0.0069,7,Right,119.77,-1,-1,UNKNOWN,None
382.527,65.266,1080.363,1.566,9.116,59.12,0.006,7,Right,119.64,-1,-1,UNKNOWN,None
382.552,65.282,1080.774,1.575,9.125,59.36,0.0053,7,Right,119.23,-1,-1,UNKNOWN,None
382.569,65.299,1081.068,1.581,9.131,59.54,0.0049,7,Right,118.93,-1,-1,UNKNOWN,None
382.586,65.315,1081.344,1.588,9.138,59.72,0.0042,7,Right,118.66,-1,-1,UNKNOWN,None
382.603,65.331,1081.621,1.595,9.145,59.9,0.0037,7,Right,118.38,-1,-1,UNKNOWN,None
382.619,65.347,1081.899,1.602,9.152,60.08,0.0033,7,Right,118.1,-1,-1,UNKNOWN,None
382.636,65.363,1082.038,1.605,9.155,60.17,0.0033,7,Right,117.96,-1,-1,UNKNOWN,None
382.654,65.379,1082.33,1.613,9.163,60.37,0.0033,7,Right,117.67,-1,-1,UNKNOWN,None
382.662,65.395,1082.61,1.62,9.17,60.54,0.0033,7,Right,117.39,-1,-1,UNKNOWN,None
382.687,65.411,1082.891,1.628,9.178,60.69,0.0033,7,Right,117.11,-1,-1,UNKNOWN,None
382.695,65.427,1083.173,1.636,9.186,60.8,0.0033,7,Right,116.83,-1,-1,UNKNOWN,None
382.712,65.443,1083.454,1.644,9.194,60.88,0.0033,7,Right,116.55,-1,-1,UNKNOWN,None
382.729,65.457,1083.736,1.652,9.202,60.92,0.0033,7,Right,116.26,-1,-1,UNKNOWN,None
382.746,65.475,1084.031,1.661,9.211,60.91,0.0033,7,Right,115.97,-1,-1,UNKNOWN,None
382.763,65.491,1084.186,1.666,9.216,60.89,0.0033,7,Right,115.81,-1,-1,UNKNOWN,None
382.781,65.507,1084.488,1.675,9.225,60.82,0.0033,7,Right,115.51,-1,-1,UNKNOWN,None
382.79,65.523,1084.776,1.684,9.234,60.72,0.0033,7,Right,115.22,-1,-1,UNKNOWN,None
382.807,65.538,1085.081,1.694,9.244,60.59,0.0033,7,Right,114.92,-1,-1,UNKNOWN,None
382.829,65.555,1085.285,1.7,9.25,60.49,0.0033,7,Right,114.72,-1,-1,UNKNOWN,None
382.843,65.571,1085.522,1.708,9.258,60.36,0.0033,7,Right,114.48,-1,-1,UNKNOWN,None
382.862,65.587,1085.85,1.719,9.269,60.16,0.0033,7,Right,114.15,-1,-1,UNKNOWN,None
382.871,65.603,1086.128,1.728,9.278,59.98,0.0033,7,Right,113.87,-1,-1,UNKNOWN,None
382.887,65.619,1086.405,1.737,9.287,59.79,0.0014,7,Right,113.6,-1,-1,UNKNOWN,None
382.913,65.635,1086.685,1.747,9.297,59.59,0.0009,7,Right,113.31,-1,-1,UNKNOWN,None
382.921,65.651,1086.961,1.757,9.307,59.39,0.0005,7,Right,113.04,-1,-1,UNKNOWN,None
382.94,65.667,1087.139,1.763,9.313,59.27,0.0002,7,Right,112.86,-1,-1,UNKNOWN,None
382.957,65.683,1087.416,1.773,9.323,59.09,-0.0001,7,Right,112.58,-1,-1,UNKNOWN,None
382.974,65.699,1087.697,1.783,9.333,58.92,-0.0002,7,Right,112.3,-1,-1,UNKNOWN,None
382.983,65.715,1087.974,1.792,9.342,58.77,-0.0005,7,Right,112.03,-1,-1,UNKNOWN,None
383.009,65.731,1088.267,1.803,9.353,58.64,-0.0005,7,Right,111.73,-1,-1,UNKNOWN,None
383.018,65.747,1088.545,1.813,9.363,58.55,-0.0005,7,Right,111.45,-1,-1,UNKNOWN,None
383.035,65.763,1088.828,1.823,9.373,58.48,-0.0008,7,Right,111.17,-1,-1,UNKNOWN,None
383.052,65.779,1088.963,1.828,9.378,58.46,-0.0009,7,Right,111.04,-1,-1,UNKNOWN,None
383.069,65.795,1089.233,1.838,9.388,58.45,-0.0009,7,Right,110.77,-1,-1,UNKNOWN,None
383.085,65.811,1089.504,1.848,9.398,58.46,-0.0014,7,Right,110.5,-1,-1,UNKNOWN,None
383.094,65.827,1089.857,1.861,9.411,58.52,-0.0018,7,Right,110.14,-1,-1,UNKNOWN,None
383.107,65.843,1090.109,1.87,9.42,58.58,-0.0024,7,Right,109.89,-1,-1,UNKNOWN,None
383.131,65.859,1090.38,1.88,9.43,58.66,-0.0031,7,Right,109.62,-1,-1,UNKNOWN,None
383.152,65.875,1090.579,1.888,9.438,58.73,-0.0037,7,Right,109.42,-1,-1,UNKNOWN,None
383.163,65.891,1090.902,1.9,9.45,58.86,-0.0047,7,Right,109.1,-1,-1,UNKNOWN,None
383.18,65.907,1091.038,1.905,9.455,58.92,-0.0053,7,Right,108.96,-1,-1,UNKNOWN,None
383.188,65.923,1091.314,1.915,9.465,59.05,-0.006,7,Right,108.69,-1,-1,UNKNOWN,None
383.213,65.939,1091.591,1.925,9.475,59.19,-0.0065,7,Right,108.41,-1,-1,UNKNOWN,None
383.224,65.955,1091.907,1.936,9.486,59.36,-0.0072,7,Right,108.09,-1,-1,UNKNOWN,None
383.241,65.969,1092.182,1.946,9.496,59.52,-0.0079,7,Right,107.82,-1,-1,UNKNOWN,None
383.258,65.987,1092.459,1.956,9.506,59.68,-0.0084,7,Right,107.54,-1,-1,UNKNOWN,None
383.274,66.003,1092.739,1.966,9.516,59.86,-0.0088,7,Right,107.26,-1,-1,UNKNOWN,None
383.283,66.019,1092.894,1.971,9.521,59.95,-0.0091,7,Right,107.11,-1,-1,UNKNOWN,None
383.301,66.035,1093.179,1.981,9.531,60.14,-0.0094,7,Right,106.82,-1,-1,UNKNOWN,None
383.326,66.051,1093.458,1.99,9.54,60.32,-0.0094,7,Right,106.54,-1,-1,UNKNOWN,None
383.339,66.067,1093.812,2.002,9.552,60.54,-0.0094,7,Right,106.19,-1,-1,UNKNOWN,None
383.355,66.082,1093.955,2.007,9.557,60.62,-0.0094,7,Right,106.04,-1,-1,UNKNOWN,None
383.364,66.099,1094.25,2.016,9.566,60.76,-0.0094,7,Right,105.75,-1,-1,UNKNOWN,None
383.39,66.115,1094.531,2.025,9.575,60.87,-0.0094,7,Right,105.47,-1,-1,UNKNOWN,None
383.399,66.131,1094.828,2.034,9.584,60.94,-0.0094,7,Right,105.17,-1,-1,UNKNOWN,None
383.424,66.147,1095.11,2.043,9.593,60.96,-0.0094,7,Right,104.89,-1,-1,UNKNOWN,None
383.44,66.163,1095.392,2.051,9.601,60.93,-0.0094,7,Right,104.61,-1,-1,UNKNOWN,None
383.457,66.179,1095.673,2.06,9.61,60.88,-0.0094,7,Right,104.33,-1,-1,UNKNOWN,None
383.465,66.194,1095.955,2.068,9.618,60.79,-0.0094,7,Right,104.04,-1,-1,UNKNOWN,None
383.482,66.21,1096.236,2.076,9.626,60.68,-0.0094,7,Right,103.76,-1,-1,UNKNOWN,None
383.499,66.226,1096.516,2.083,9.633,60.54,-0.0094,7,Right,103.48,-1,-1,UNKNOWN,None
383.507,66.242,1096.668,2.087,9.637,60.46,-0.0094,7,Right,103.33,-1,-1,UNKNOWN,None
383.533,66.258,1096.947,2.095,9.645,60.3,-0.0094,7,Right,103.05,-1,-1,UNKNOWN,None
383.541,66.274,1097.226,2.102,9.652,60.13,-0.0094,7,Right,102.77,-1,-1,UNKNOWN,None
383.558,66.291,1097.503,2.109,9.659,59.94,-0.0094,7,Right,102.5,-1,-1,UNKNOWN,None
383.574,66.307,1097.78,2.115,9.665,59.74,-0.0095,7,Right,102.22,-1,-1,UNKNOWN,None
383.591,66.323,1098.056,2.122,9.672,59.54,-0.0095,7,Right,101.94,-1,-1,UNKNOWN,None
383.599,66.339,1098.193,2.125,9.675,59.44,-0.0095,7,Right,101.81,-1,-1,UNKNOWN,None
383.625,66.355,1098.606,2.134,9.684,59.15,-0.0095,7,Right,101.39,-1,-1,UNKNOWN,None
383.643,66.371,1098.776,2.137,9.687,59.04,-0.0095,7,Right,101.22,-1,-1,UNKNOWN,None
383.662,66.387,1099.081,2.143,9.693,58.85,-0.0095,7,Right,100.92,-1,-1,UNKNOWN,None
383.67,66.403,1099.357,2.149,9.699,58.71,-0.0095,7,Right,100.64,-1,-1,UNKNOWN,None
383.687,66.419,1099.641,2.154,9.704,58.58,-0.0095,7,Right,100.36,-1,-1,UNKNOWN,None
383.696,66.435,1099.874,2.158,9.708,58.5,-0.0095,7,Right,100.13,-1,-1,UNKNOWN,None
383.721,66.451,1100.193,2.163,9.713,58.42,-0.0095,7,Right,99.81,-1,-1,UNKNOWN,None
383.74,66.467,1100.358,2.166,9.716,58.4,-0.0095,7,Right,99.64,-1,-1,UNKNOWN,None
383.758,66.489,1100.783,2.172,9.722,58.39,-0.0095,7,Right,99.22,-1,-1,UNKNOWN,None
383.786,66.507,1101.095,2.176,9.726,58.42,-0.0095,7,Right,98.91,-1,-1,UNKNOWN,None
383.794,66.523,1101.365,2.179,9.729,58.48,-0.0095,7,Right,98.63,-1,-1,UNKNOWN,None
383.811,66.539,1101.636,2.183,9.733,58.55,-0.0095,7,Right,98.36,-1,-1,UNKNOWN,None
383.828,66.555,1101.908,2.185,9.735,58.64,-0.0095,7,Right,98.09,-1,-1,UNKNOWN,None
383.836,66.571,1102.044,2.187,9.737,58.69,-0.0095,7,Right,97.96,-1,-1,UNKNOWN,None
383.853,66.587,1102.316,2.189,9.739,58.8,-0.0095,7,Right,97.68,-1,-1,UNKNOWN,None
383.878,66.603,1102.594,2.191,9.741,58.93,-0.0095,7,Right,97.41,-1,-1,UNKNOWN,None
383.895,66.619,1102.867,2.193,9.743,59.07,-0.0095,7,Right,97.13,-1,-1,UNKNOWN,None
383.903,66.635,1103.141,2.195,9.745,59.21,-0.0095,7,Right,96.86,-1,-1,UNKNOWN,None
383.928,66.651,1103.416,2.197,9.747,59.36,-0.0095,7,Right,96.58,-1,-1,UNKNOWN,None
383.936,66.67,1103.692,2.198,9.748,59.52,-0.0095,7,Right,96.31,-1,-1,UNKNOWN,None
383.962,66.681,1103.975,2.199,9.749,59.69,-0.0095,7,Right,96.02,-1,-1,UNKNOWN,None
383.97,66.699,1104.255,2.2,9.75,59.87,-0.0095,7,Right,95.74,-1,-1,UNKNOWN,None
383.995,66.715,1104.536,2.2,9.75,60.05,-0.0095,7,Right,95.46,-1,-1,UNKNOWN,None
383.995,66.736,1104.687,2.2,9.75,60.15,-0.0095,7,Right,95.31,-1,-1,UNKNOWN,None
384.021,66.747,1104.966,2.201,9.751,60.32,-0.0095,7,Right,95.03,-1,-1,UNKNOWN,None
384.038,66.763,1105.252,2.2,9.75,60.49,-0.0095,7,Right,94.75,-1,-1,UNKNOWN,None
384.046,66.779,1105.532,2.2,9.75,60.64,-0.0095,7,Right,94.47,-1,-1,UNKNOWN,None
384.063,66.795,1105.813,2.199,9.749,60.75,-0.0095,7,Right,94.19,-1,-1,UNKNOWN,None
384.088,66.811,1106.095,2.198,9.748,60.83,-0.0095,7,Right,93.91,-1,-1,UNKNOWN,None
384.105,66.827,1106.381,2.197,9.747,60.86,-0.0095,7,Right,93.62,-1,-1,UNKNOWN,None
384.114,66.843,1106.675,2.196,9.746,60.85,-0.0095,7,Right,93.33,-1,-1,UNKNOWN,None
384.132,66.859,1106.83,2.195,9.745,60.83,-0.0095,7,Right,93.17,-1,-1,UNKNOWN,None
384.149,66.875,1107.133,2.193,9.743,60.75,-0.0095,7,Right,92.87,-1,-1,UNKNOWN,None
384.16,66.891,1107.304,2.192,9.742,60.7,-0.0095,7,Right,92.7,-1,-1,UNKNOWN,None
384.174,66.907,1107.725,2.188,9.738,60.52,-0.0095,7,Right,92.27,-1,-1,UNKNOWN,None
384.196,66.923,1107.919,2.186,9.736,60.43,-0.0095,7,Right,92.08,-1,-1,UNKNOWN,None
384.215,66.939,1108.229,2.183,9.733,60.26,-0.0095,7,Right,91.77,-1,-1,UNKNOWN,None
384.224,66.955,1108.54,2.18,9.73,60.08,-0.0095,7,Right,91.46,-1,-1,UNKNOWN,None
384.243,66.971,1108.841,2.176,9.726,59.89,-0.0095,7,Right,91.16,-1,-1,UNKNOWN,None
384.251,66.987,1108.979,2.174,9.724,59.8,-0.0095,7,Right,91.02,-1,-1,UNKNOWN,None
384.277,67.003,1109.264,2.17,9.72,59.61,-0.0095,7,Right,90.74,-1,-1,UNKNOWN,None
384.277,67.019,1109.407,2.168,9.718,59.51,-0.0095,7,Right,90.59,-1,-1,UNKNOWN,None
384.305,67.035,1109.89,2.161,9.711,59.18,-0.0095,7,Right,90.11,-1,-1,UNKNOWN,None
384.315,67.051,1110.052,2.158,9.708,59.07,-0.0095,7,Right,89.95,-1,-1,UNKNOWN,None
384.342,67.067,1110.328,2.153,9.703,58.91,-0.0095,7,Right,89.67,-1,-1,UNKNOWN,None
384.352,67.083,1110.625,2.148,9.698,58.75,-0.0095,7,Right,89.37,-1,-1,UNKNOWN,None
384.377,67.099,1110.897,2.143,9.693,58.62,-0.0095,7,Right,89.1,-1,-1,UNKNOWN,None
384.393,67.115,1111.168,2.137,9.687,58.53,-0.0095,7,Right,88.83,-1,-1,UNKNOWN,None
384.402,67.131,1111.439,2.131,9.681,58.46,-0.0095,7,Right,88.56,-1,-1,UNKNOWN,None
384.418,67.147,1111.574,2.128,9.678,58.43,-0.0095,7,Right,88.43,-1,-1,UNKNOWN,None
384.418,67.163,1111.732,2.125,9.675,58.42,-0.0095,7,Right,88.27,-1,-1,UNKNOWN,None
384.457,67.179,1112.2,2.114,9.664,58.42,-0.0095,7,Right,87.8,-1,-1,UNKNOWN,None
384.465,67.194,1112.47,2.107,9.657,58.46,-0.0095,7,Right,87.53,-1,-1,UNKNOWN,None
384.482,67.21,1112.744,2.1,9.65,58.52,-0.0095,7,Right,87.26,-1,-1,UNKNOWN,None
384.507,67.226,1113.015,2.093,9.643,58.6,-0.0094,7,Right,86.98,-1,-1,UNKNOWN,None
384.515,67.242,1113.151,2.089,9.639,58.65,-0.0094,7,Right,86.85,-1,-1,UNKNOWN,None
384.533,67.258,1113.446,2.081,9.631,58.76,-0.0094,7,Right,86.55,-1,-1,UNKNOWN,None
384.55,67.274,1113.718,2.073,9.623,58.87,-0.0094,7,Right,86.28,-1,-1,UNKNOWN,None
384.559,67.291,1114.012,2.064,9.614,59.01,-0.0094,7,Right,85.99,-1,-1,UNKNOWN,None
384.585,67.307,1114.286,2.055,9.605,59.15,-0.0091,7,Right,85.71,-1,-1,UNKNOWN,None
384.593,67.323,1114.568,2.046,9.596,59.3,-0.0088,7,Right,85.43,-1,-1,UNKNOWN,None
384.61,67.339,1114.846,2.037,9.587,59.46,-0.0084,7,Right,85.15,-1,-1,UNKNOWN,None
384.627,67.355,1115.126,2.027,9.577,59.63,-0.0078,7,Right,84.87,-1,-1,UNKNOWN,None
384.644,67.371,1115.265,2.022,9.572,59.71,-0.0069,7,Right,84.74,-1,-1,UNKNOWN,None
384.661,67.387,1115.541,2.013,9.563,59.88,-0.006,7,Right,84.46,-1,-1,UNKNOWN,None
384.669,67.401,1115.819,2.003,9.553,60.06,-0.0049,7,Right,84.18,-1,-1,UNKNOWN,None
384.686,67.419,1116.098,1.993,9.543,60.24,-0.0049,7,Right,83.9,-1,-1,UNKNOWN,None
384.711,67.435,1116.377,1.982,9.532,60.42,-0.0049,7,Right,83.62,-1,-1,UNKNOWN,None
384.727,67.451,1116.657,1.972,9.522,60.57,-0.0049,7,Right,83.34,-1,-1,UNKNOWN,None
384.736,67.467,1116.938,1.961,9.511,60.71,-0.0049,7,Right,83.06,-1,-1,UNKNOWN,None
384.761,67.483,1117.219,1.95,9.5,60.8,-0.0049,7,Right,82.78,-1,-1,UNKNOWN,None
384.777,67.499,1117.503,1.938,9.488,60.86,-0.0049,7,Right,82.5,-1,-1,UNKNOWN,None
384.786,67.513,1117.784,1.927,9.477,60.87,-0.0049,7,Right,82.22,-1,-1,UNKNOWN,None
384.794,67.531,1117.925,1.921,9.471,60.86,-0.0049,7,Right,82.07,-1,-1,UNKNOWN,None
384.82,67.547,1118.357,1.903,9.453,60.78,-0.0049,7,Right,81.64,-1,-1,UNKNOWN,None
384.828,67.563,1118.497,1.897,9.447,60.74,-0.0049,7,Right,81.5,-1,-1,UNKNOWN,None
384.836,67.579,1118.638,1.891,9.441,60.69,0.0075,7,Right,81.36,-1,-1,UNKNOWN,None
384.854,67.595,1118.94,1.878,9.428,60.57,0.0081,7,Right,81.06,-1,-1,UNKNOWN,None
384.88,67.611,1119.365,1.86,9.41,60.35,0.0081,7,Right,80.64,-1,-1,UNKNOWN,None
384.896,67.627,1119.644,1.848,9.398,60.2,0.0081,7,Right,80.36,-1,-1,UNKNOWN,None
384.913,67.643,1119.922,1.836,9.386,60.02,0.0081,7,Right,80.08,-1,-1,UNKNOWN,None
384.93,67.659,1120.219,1.823,9.373,59.82,0.0081,7,Right,79.78,-1,-1,UNKNOWN,None
384.939,67.675,1120.358,1.817,9.367,59.72,0.012,7,Right,79.64,-1,-1,UNKNOWN,None
384.956,67.691,1120.633,1.805,9.355,59.52,0.0127,7,Right,79.37,-1,-1,UNKNOWN,None
384.981,67.707,1120.909,1.794,9.344,59.32,0.0135,7,Right,79.09,-1,-1,UNKNOWN,None
384.998,67.721,1121.183,1.782,9.332,59.13,0.0139,7,Right,78.82,-1,-1,UNKNOWN,None
385.006,67.739,1121.456,1.771,9.321,58.95,0.0143,7,Right,78.54,-1,-1,UNKNOWN,None
385.014,67.755,1121.592,1.765,9.315,58.86,0.0152,7,Right,78.41,-1,-1,UNKNOWN,None
385.041,67.771,1122.032,1.747,9.297,58.61,0.0162,7,Right,77.97,-1,-1,UNKNOWN,None
385.059,67.787,1122.319,1.736,9.286,58.48,0.0171,7,Right,77.68,-1,-1,UNKNOWN,None
385.067,67.803,1122.454,1.731,9.281,58.43,0.0178,7,Right,77.55,-1,-1,UNKNOWN,None
385.092,67.819,1122.724,1.72,9.27,58.35,0.0186,7,Right,77.28,-1,-1,UNKNOWN,None
385.11,67.835,1123.01,1.709,9.259,58.29,0.019,7,Right,76.99,-1,-1,UNKNOWN,None
385.11,67.851,1123.185,1.703,9.253,58.28,0.0194,7,Right,76.82,-1,-1,UNKNOWN,None
385.132,67.867,1123.505,1.691,9.241,58.28,0.0194,7,Right,76.49,-1,-1,UNKNOWN,None
385.158,67.883,1123.784,1.682,9.232,58.31,0.0194,7,Right,76.22,-1,-1,UNKNOWN,None
385.166,67.899,1124.078,1.672,9.222,58.37,0.0194,7,Right,75.92,-1,-1,UNKNOWN,None
385.185,67.915,1124.362,1.663,9.213,58.45,0.0194,7,Right,75.64,-1,-1,UNKNOWN,None
385.203,67.931,1124.652,1.654,9.204,58.55,0.0194,7,Right,75.35,-1,-1,UNKNOWN,None
385.22,67.947,1124.923,1.646,9.196,58.66,0.0194,7,Right,75.08,-1,-1,UNKNOWN,None
385.228,67.963,1125.059,1.642,9.192,58.71,0.0194,7,Right,74.94,-1,-1,UNKNOWN,None
385.245,67.979,1125.331,1.634,9.184,58.84,0.0194,7,Right,74.67,-1,-1,UNKNOWN,None
385.27,67.995,1125.604,1.627,9.177,58.98,0.0194,7,Right,74.4,-1,-1,UNKNOWN,None
385.286,68.011,1125.877,1.62,9.17,59.12,0.0194,7,Right,74.12,-1,-1,UNKNOWN,None
385.295,68.027,1126.159,1.614,9.164,59.28,0.0194,7,Right,73.84,-1,-1,UNKNOWN,None
385.312,68.043,1126.434,1.608,9.158,59.44,0.0194,7,Right,73.57,-1,-1,UNKNOWN,None
385.337,68.059,1126.71,1.602,9.152,59.61,0.0194,7,Right,73.29,-1,-1,UNKNOWN,None
385.345,68.075,1126.986,1.597,9.147,59.78,0.0194,7,Right,73.01,-1,-1,UNKNOWN,None
385.362,68.091,1127.264,1.592,9.142,59.95,0.0194,7,Right,72.74,-1,-1,UNKNOWN,None
385.378,68.107,1127.542,1.588,9.138,60.14,0.0194,7,Right,72.46,-1,-1,UNKNOWN,None
385.395,68.123,1127.821,1.584,9.134,60.32,0.0194,7,Right,72.18,-1,-1,UNKNOWN,None
385.403,68.139,1127.961,1.582,9.132,60.41,0.0194,7,Right,72.04,-1,-1,UNKNOWN,None
385.43,68.155,1128.269,1.578,9.128,60.6,0.0194,7,Right,71.73,-1,-1,UNKNOWN,None
385.447,68.171,1128.55,1.576,9.126,60.74,0.0194,7,Right,71.45,-1,-1,UNKNOWN,None
385.463,68.187,1128.831,1.573,9.123,60.86,0.0194,7,Right,71.17,-1,-1,UNKNOWN,None
385.48,68.202,1129.113,1.572,9.122,60.93,0.0194,7,Right,70.89,-1,-1,UNKNOWN,None
385.488,68.218,1129.396,1.57,9.12,60.97,0.0194,7,Right,70.6,-1,-1,UNKNOWN,None
385.505,68.234,1129.678,1.569,9.119,60.95,0.0194,7,Right,70.32,-1,-1,UNKNOWN,None
385.513,68.25,1129.827,1.569,9.119,60.93,0.0194,7,Right,70.17,-1,-1,UNKNOWN,None
385.531,68.266,1130.109,1.569,9.119,60.87,0.0194,7,Right,69.89,-1,-1,UNKNOWN,None
385.557,68.282,1130.422,1.57,9.12,60.76,0.0194,7,Right,69.58,-1,-1,UNKNOWN,None
385.557,68.299,1130.562,1.57,9.12,60.7,0.0194,7,Right,69.44,-1,-1,UNKNOWN,None
385.582,68.315,1130.983,1.572,9.122,60.5,0.0194,7,Right,69.02,-1,-1,UNKNOWN,None
385.607,68.331,1131.263,1.574,9.124,60.34,0.0194,7,Right,68.74,-1,-1,UNKNOWN,None
385.616,68.347,1131.541,1.577,9.127,60.17,0.0194,7,Right,68.46,-1,-1,UNKNOWN,None
385.641,68.363,1131.819,1.58,9.13,59.98,0.0194,7,Right,68.18,-1,-1,UNKNOWN,None
385.649,68.379,1132.096,1.583,9.133,59.79,0.0194,7,Right,67.9,-1,-1,UNKNOWN,None
385.666,68.395,1132.372,1.587,9.137,59.59,0.0194,7,Right,67.63,-1,-1,UNKNOWN,None
385.682,68.411,1132.647,1.591,9.141,59.39,0.0194,7,Right,67.35,-1,-1,UNKNOWN,None
385.699,68.427,1132.922,1.596,9.146,59.2,0.0194,7,Right,67.08,-1,-1,UNKNOWN,None
385.716,68.443,1133.059,1.599,9.149,59.11,0.0194,7,Right,66.94,-1,-1,UNKNOWN,None
385.733,68.459,1133.332,1.605,9.155,58.94,0.0193,7,Right,66.67,-1,-1,UNKNOWN,None
385.749,68.475,1133.608,1.611,9.161,58.79,0.0187,7,Right,66.39,-1,-1,UNKNOWN,None
385.766,68.491,1133.88,1.618,9.168,58.66,0.0178,7,Right,66.12,-1,-1,UNKNOWN,None
385.783,68.507,1134.151,1.625,9.175,58.55,0.0165,7,Right,65.85,-1,-1,UNKNOWN,None
385.791,68.523,1134.422,1.632,9.182,58.48,0.0148,7,Right,65.58,-1,-1,UNKNOWN,None
385.808,68.539,1134.692,1.64,9.19,58.44,0.013,7,Right,65.31,-1,-1,UNKNOWN,None
385.824,68.555,1134.963,1.649,9.199,58.43,0.0111,7,Right,65.04,-1,-1,UNKNOWN,None
385.849,68.571,1135.233,1.658,9.208,58.44,0.0092,7,Right,64.77,-1,-1,UNKNOWN,None
385.858,68.587,1135.504,1.667,9.217,58.49,0.0075,7,Right,64.5,-1,-1,UNKNOWN,None
385.874,68.603,1135.774,1.677,9.227,58.55,0.0058,7,Right,64.23,-1,-1,UNKNOWN,None
385.891,68.619,1136.051,1.687,9.237,58.63,0.0042,7,Right,63.95,-1,-1,UNKNOWN,None
385.908,68.635,1136.186,1.692,9.242,58.67,0.0028,7,Right,63.81,-1,-1,UNKNOWN,None
385.926,68.651,1136.473,1.703,9.253,58.78,0.0011,7,Right,63.53,-1,-1,UNKNOWN,None
385.942,68.667,1136.747,1.714,9.264,58.9,-0.0005,7,Right,63.25,-1,-1,UNKNOWN,None
385.959,68.683,1137.02,1.725,9.275,59.03,-0.0014,7,Right,62.98,-1,-1,UNKNOWN,None
385.967,68.699,1137.293,1.736,9.286,59.17,-0.0027,7,Right,62.71,-1,-1,UNKNOWN,None
385.992,68.715,1137.568,1.748,9.298,59.32,-0.0033,7,Right,62.43,-1,-1,UNKNOWN,None
386.001,68.731,1137.85,1.76,9.31,59.48,-0.004,7,Right,62.15,-1,-1,UNKNOWN,None
386.018,68.747,1138.127,1.772,9.322,59.64,-0.0043,7,Right,61.87,-1,-1,UNKNOWN,None
386.035,68.763,1138.403,1.784,9.334,59.81,-0.0047,7,Right,61.6,-1,-1,UNKNOWN,None
386.06,68.779,1138.686,1.796,9.346,59.99,-0.0052,7,Right,61.31,-1,-1,UNKNOWN,None
386.069,68.795,1138.84,1.803,9.353,60.09,-0.006,7,Right,61.16,-1,-1,UNKNOWN,None
386.088,68.811,1139.153,1.817,9.367,60.29,-0.006,7,Right,60.85,-1,-1,UNKNOWN,None
386.097,68.827,1139.464,1.831,9.381,60.48,-0.006,7,Right,60.54,-1,-1,UNKNOWN,None
386.124,68.843,1139.763,1.845,9.395,60.64,-0.006,7,Right,60.24,-1,-1,UNKNOWN,None
386.124,68.859,1139.907,1.851,9.401,60.71,-0.006,7,Right,60.09,-1,-1,UNKNOWN,None
386.149,68.875,1140.188,1.864,9.414,60.82,-0.006,7,Right,59.81,-1,-1,UNKNOWN,None
386.149,68.891,1140.329,1.871,9.421,60.85,-0.006,7,Right,59.67,-1,-1,UNKNOWN,None
386.174,68.907,1140.751,1.89,9.44,60.9,-0.006,7,Right,59.25,-1,-1,UNKNOWN,None
386.191,68.923,1141.033,1.903,9.453,60.88,-0.006,7,Right,58.97,-1,-1,UNKNOWN,None
386.216,68.939,1141.321,1.916,9.466,60.82,-0.006,7,Right,58.68,-1,-1,UNKNOWN,None
386.234,68.955,1141.622,1.93,9.48,60.73,-0.0111,7,Right,58.38,-1,-1,UNKNOWN,None
386.244,68.971,1141.917,1.943,9.493,60.62,-0.0111,7,Right,58.08,-1,-1,UNKNOWN,None
386.252,68.987,1142.06,1.949,9.499,60.55,-0.0111,7,Right,57.94,-1,-1,UNKNOWN,None
386.277,69.003,1142.342,1.962,9.512,60.41,-0.0111,7,Right,57.66,-1,-1,UNKNOWN,None
386.294,69.019,1142.623,1.974,9.524,60.25,-0.0111,7,Right,57.38,-1,-1,UNKNOWN,None
386.302,69.035,1142.901,1.986,9.536,60.08,-0.0111,7,Right,57.1,-1,-1,UNKNOWN,None
386.319,69.051,1143.179,1.998,9.548,59.89,-0.0111,7,Right,56.82,-1,-1,UNKNOWN,None
386.346,69.067,1143.484,2.011,9.561,59.68,-0.0114,7,Right,56.52,-1,-1,UNKNOWN,None
386.355,69.083,1143.773,2.023,9.573,59.47,-0.0116,7,Right,56.23,-1,-1,UNKNOWN,None
386.372,69.099,1144.048,2.034,9.584,59.27,-0.0119,7,Right,55.95,-1,-1,UNKNOWN,None
386.38,69.115,1144.185,2.04,9.59,59.18,-0.0123,7,Right,55.82,-1,-1,UNKNOWN,None
386.405,69.131,1144.458,2.05,9.6,58.99,-0.0127,7,Right,55.54,-1,-1,UNKNOWN,None
386.422,69.147,1144.73,2.061,9.611,58.83,-0.0135,7,Right,55.27,-1,-1,UNKNOWN,None
386.438,69.163,1145.002,2.071,9.621,58.68,-0.0137,7,Right,55.0,-1,-1,UNKNOWN,None
386.438,69.182,1145.137,2.076,9.626,58.62,-0.0137,7,Right,54.86,-1,-1,UNKNOWN,None
386.472,69.194,1145.543,2.091,9.641,58.46,-0.0137,7,Right,54.46,-1,-1,UNKNOWN,None
386.488,69.21,1145.815,2.101,9.651,58.39,-0.0137,7,Right,54.19,-1,-1,UNKNOWN,None
386.497,69.226,1146.085,2.11,9.66,58.35,-0.0137,7,Right,53.92,-1,-1,UNKNOWN,None
386.522,69.25,1146.49,2.123,9.673,58.35,-0.0137,7,Right,53.51,-1,-1,UNKNOWN,None
386.53,69.267,1146.625,2.128,9.678,58.37,-0.0137,7,Right,53.38,-1,-1,UNKNOWN,None
386.555,69.283,1147.03,2.14,9.69,58.44,-0.0137,7,Right,52.97,-1,-1,UNKNOWN,None
386.563,69.3,1147.166,2.144,9.694,58.48,-0.0137,7,Right,52.83,-1,-1,UNKNOWN,None
386.588,69.316,1147.572,2.156,9.706,58.61,-0.0137,7,Right,52.43,-1,-1,UNKNOWN,None
386.597,69.332,1147.708,2.16,9.71,58.66,-0.0137,7,Right,52.29,-1,-1,UNKNOWN,None
386.622,69.348,1147.98,2.167,9.717,58.77,-0.0137,7,Right,52.02,-1,-1,UNKNOWN,None
386.622,69.364,1148.116,2.17,9.72,58.83,-0.0137,7,Right,51.88,-1,-1,UNKNOWN,None
386.655,69.38,1148.525,2.18,9.73,59.03,-0.0137,7,Right,51.47,-1,-1,UNKNOWN,None
386.672,69.396,1148.799,2.187,9.737,59.17,-0.0137,7,Right,51.2,-1,-1,UNKNOWN,None
386.672,69.416,1148.936,2.19,9.74,59.24,-0.0137,7,Right,51.06,-1,-1,UNKNOWN,None
386.705,69.428,1149.349,2.198,9.748,59.48,-0.0137,7,Right,50.65,-1,-1,UNKNOWN,None
386.722,69.444,1149.625,2.204,9.754,59.65,-0.0137,7,Right,50.38,-1,-1,UNKNOWN,None
386.738,69.46,1149.901,2.209,9.759,59.82,-0.0137,7,Right,50.1,-1,-1,UNKNOWN,None
386.751,69.476,1150.107,2.212,9.762,59.95,-0.0135,7,Right,49.89,-1,-1,UNKNOWN,None
386.77,69.492,1150.425,2.217,9.767,60.16,-0.0127,7,Right,49.58,-1,-1,UNKNOWN,None
386.786,69.508,1150.704,2.222,9.772,60.34,-0.0127,7,Right,49.3,-1,-1,UNKNOWN,None
386.803,69.524,1150.984,2.225,9.775,60.52,-0.0127,7,Right,49.02,-1,-1,UNKNOWN,None
386.811,69.54,1151.265,2.229,9.779,60.68,-0.0127,7,Right,48.74,-1,-1,UNKNOWN,None
386.828,69.556,1151.546,2.232,9.782,60.81,-0.0127,7,Right,48.45,-1,-1,UNKNOWN,None
386.853,69.572,1151.828,2.235,9.785,60.91,-0.0127,7,Right,48.17,-1,-1,UNKNOWN,None
386.861,69.588,1151.969,2.236,9.786,60.95,-0.0127,7,Right,48.03,-1,-1,UNKNOWN,None
386.87,69.604,1152.251,2.238,9.788,60.98,-0.0127,7,Right,47.75,-1,-1,UNKNOWN,None
386.895,69.62,1152.536,2.24,9.79,60.98,-0.0127,7,Right,47.46,-1,-1,UNKNOWN,None
386.903,69.636,1152.818,2.242,9.792,60.93,-0.0127,7,Right,47.18,-1,-1,UNKNOWN,None
386.92,69.652,1153.099,2.243,9.793,60.86,-0.0127,7,Right,46.9,-1,-1,UNKNOWN,None
386.928,69.668,1153.24,2.244,9.794,60.81,-0.0127,7,Right,46.76,-1,-1,UNKNOWN,None
386.954,69.682,1153.672,2.245,9.795,60.62,-0.0127,7,Right,46.33,-1,-1,UNKNOWN,None
386.979,69.7,1153.952,2.245,9.795,60.47,-0.0127,7,Right,46.05,-1,-1,UNKNOWN,None
386.987,69.714,1154.091,2.245,9.795,60.4,0.0165,7,Right,45.91,-1,-1,UNKNOWN,None
386.996,69.732,1154.401,2.245,9.795,60.21,0.0165,7,Right,45.6,-1,-1,UNKNOWN,None
387.022,69.746,1154.679,2.246,9.796,60.02,0.0165,7,Right,45.32,-1,-1,UNKNOWN,None
387.031,69.764,1154.956,2.246,9.796,59.83,0.0165,7,Right,45.04,-1,-1,UNKNOWN,None
387.056,69.78,1155.236,2.246,9.796,59.62,0.0178,7,Right,44.76,-1,-1,UNKNOWN,None
387.073,69.796,1155.512,2.246,9.796,59.42,0.0178,7,Right,44.49,-1,-1,UNKNOWN,None
387.089,69.812,1155.786,2.247,9.797,59.22,0.0178,7,Right,44.21,-1,-1,UNKNOWN,None
387.106,69.828,1156.059,2.247,9.797,59.02,0.0178,7,Right,43.94,-1,-1,UNKNOWN,None
387.114,69.844,1156.333,2.248,9.798,58.84,0.0178,7,Right,43.67,-1,-1,UNKNOWN,None
387.131,69.86,1156.624,2.248,9.798,58.67,0.0178,7,Right,43.38,-1,-1,UNKNOWN,None
387.14,69.876,1156.759,2.249,9.799,58.6,0.0178,7,Right,43.24,-1,-1,UNKNOWN,None
387.157,69.892,1157.03,2.249,9.799,58.47,0.0178,7,Right,42.97,-1,-1,UNKNOWN,None
387.174,69.908,1157.3,2.25,9.8,58.37,0.0178,7,Right,42.7,-1,-1,UNKNOWN,None
387.199,69.924,1157.57,2.251,9.801,58.3,0.0178,7,Right,42.43,-1,-1,UNKNOWN,None
387.215,69.94,1157.84,2.252,9.802,58.25,0.0178,7,Right,42.16,-1,-1,UNKNOWN,None
387.232,69.956,1158.11,2.254,9.804,58.25,0.0178,7,Right,41.89,-1,-1,UNKNOWN,None
387.24,69.972,1158.379,2.255,9.805,58.26,0.0178,7,Right,41.62,-1,-1,UNKNOWN,None
387.249,69.988,1158.514,2.256,9.806,58.28,0.0178,7,Right,41.49,-1,-1,UNKNOWN,None
387.275,70.004,1158.95,2.26,9.81,58.37,0.0178,7,Right,41.05,-1,-1,UNKNOWN,None
387.301,70.021,1159.221,2.262,9.812,58.46,0.0178,7,Right,40.78,-1,-1,UNKNOWN,None
387.309,70.036,1159.357,2.263,9.813,58.5,0.0178,7,Right,40.64,-1,-1,UNKNOWN,None
387.326,70.052,1159.634,2.266,9.816,58.61,0.0177,7,Right,40.37,-1,-1,UNKNOWN,None
387.344,70.068,1159.922,2.27,9.82,58.74,0.0177,7,Right,40.08,-1,-1,UNKNOWN,None
387.353,70.084,1160.239,2.274,9.824,58.89,0.0177,7,Right,39.76,-1,-1,UNKNOWN,None
387.371,70.1,1160.513,2.278,9.828,59.03,0.0177,7,Right,39.49,-1,-1,UNKNOWN,None
387.388,70.116,1160.787,2.282,9.832,59.18,0.0177,7,Right,39.21,-1,-1,UNKNOWN,None
387.396,70.132,1160.925,2.284,9.834,59.26,0.0177,7,Right,39.08,-1,-1,UNKNOWN,None
387.413,70.148,1161.2,2.289,9.839,59.42,0.0177,7,Right,38.8,-1,-1,UNKNOWN,None
387.439,70.164,1161.484,2.295,9.845,59.59,0.0177,7,Right,38.52,-1,-1,UNKNOWN,None
387.447,70.18,1161.766,2.301,9.851,59.77,0.0177,7,Right,38.23,-1,-1,UNKNOWN,None
387.472,70.195,1162.043,2.307,9.857,59.95,0.0177,7,Right,37.96,-1,-1,UNKNOWN,None
387.489,70.211,1162.321,2.313,9.863,60.13,0.0177,7,Right,37.68,-1,-1,UNKNOWN,None
387.498,70.227,1162.606,2.32,9.87,60.32,0.0177,7,Right,37.39,-1,-1,UNKNOWN,None
387.514,70.243,1162.887,2.328,9.878,60.5,0.0177,7,Right,37.11,-1,-1,UNKNOWN,None
387.523,70.259,1163.027,2.332,9.882,60.58,0.0177,7,Right,36.97,-1,-1,UNKNOWN,None
387.539,70.275,1163.308,2.34,9.89,60.73,0.0177,7,Right,36.69,-1,-1,UNKNOWN,None
387.564,70.292,1163.73,2.353,9.903,60.89,0.0177,7,Right,36.27,-1,-1,UNKNOWN,None
387.573,70.309,1163.873,2.357,9.907,60.93,0.0177,7,Right,36.13,-1,-1,UNKNOWN,None
387.599,70.324,1164.169,2.367,9.917,60.96,0.0177,7,Right,35.83,-1,-1,UNKNOWN,None
387.607,70.34,1164.457,2.377,9.927,60.95,0.0177,7,Right,35.54,-1,-1,UNKNOWN,None
387.624,70.356,1164.739,2.388,9.938,60.9,0.0177,7,Right,35.26,-1,-1,UNKNOWN,None
387.641,70.372,1165.021,2.398,9.948,60.83,0.0079,7,Right,34.98,-1,-1,UNKNOWN,None
387.666,70.388,1165.306,2.41,9.96,60.73,0.0056,7,Right,34.69,-1,-1,UNKNOWN,None
387.683,70.404,1165.586,2.421,9.971,60.61,0.0056,7,Right,34.41,-1,-1,UNKNOWN,None
387.691,70.42,1165.866,2.432,9.982,60.49,-0.0001,7,Right,34.13,-1,-1,UNKNOWN,None
387.708,70.436,1166.146,2.444,9.994,60.34,-0.0001,7,Right,33.85,-1,-1,UNKNOWN,None
387.724,70.452,1166.424,2.456,10.006,60.18,-0.0001,7,Right,33.58,-1,-1,UNKNOWN,None
387.741,70.468,1166.563,2.462,10.012,60.1,-0.0001,7,Right,33.44,-1,-1,UNKNOWN,None
387.758,70.484,1166.84,2.474,10.024,59.92,-0.0001,7,Right,33.16,-1,-1,UNKNOWN,None
387.774,70.5,1167.117,2.486,10.036,59.73,-0.0135,7,Right,32.88,-1,-1,UNKNOWN,None
387.791,70.515,1167.396,2.499,10.049,59.53,-0.0151,7,Right,32.6,-1,-1,UNKNOWN,None
387.808,70.532,1167.671,2.511,10.061,59.34,-0.0162,7,Right,32.33,-1,-1,UNKNOWN,None
387.825,70.548,1167.945,2.523,10.073,59.15,-0.0168,7,Right,32.06,-1,-1,UNKNOWN,None
387.825,70.564,1168.081,2.529,10.079,59.06,-0.0168,7,Right,31.92,-1,-1,UNKNOWN,None
387.858,70.58,1168.49,2.547,10.097,58.82,-0.0168,7,Right,31.51,-1,-1,UNKNOWN,None
387.875,70.596,1168.768,2.56,10.11,58.68,-0.0172,7,Right,31.23,-1,-1,UNKNOWN,None
387.875,70.612,1168.924,2.567,10.117,58.61,-0.0177,7,Right,31.08,-1,-1,UNKNOWN,None
387.902,70.628,1169.214,2.579,10.129,58.51,-0.0184,7,Right,30.79,-1,-1,UNKNOWN,None
387.92,70.644,1169.496,2.591,10.141,58.44,-0.0196,7,Right,30.5,-1,-1,UNKNOWN,None
387.928,70.66,1169.77,2.603,10.153,58.41,-0.0206,7,Right,30.23,-1,-1,UNKNOWN,None
387.945,70.676,1170.089,2.616,10.166,58.41,-0.0216,7,Right,29.91,-1,-1,UNKNOWN,None
387.956,70.692,1170.225,2.622,10.172,58.42,-0.0221,7,Right,29.77,-1,-1,UNKNOWN,None
387.982,70.708,1170.503,2.633,10.183,58.46,-0.0221,7,Right,29.5,-1,-1,UNKNOWN,None
387.99,70.723,1170.775,2.644,10.194,58.52,-0.0221,7,Right,29.23,-1,-1,UNKNOWN,None
387.999,70.74,1171.015,2.653,10.203,58.59,-0.0221,7,Right,28.98,-1,-1,UNKNOWN,None
388.022,70.756,1171.286,2.664,10.214,58.69,-0.0221,7,Right,28.71,-1,-1,UNKNOWN,None
388.047,70.772,1171.558,2.673,10.223,58.79,-0.0221,7,Right,28.44,-1,-1,UNKNOWN,None
388.063,70.789,1171.831,2.683,10.233,58.92,-0.0221,7,Right,28.17,-1,-1,UNKNOWN,None
388.08,70.804,1172.104,2.692,10.242,59.05,-0.0221,7,Right,27.9,-1,-1,UNKNOWN,None
388.097,70.82,1172.378,2.701,10.251,59.19,-0.0221,7,Right,27.62,-1,-1,UNKNOWN,None
388.114,70.836,1172.662,2.71,10.26,59.34,-0.0221,7,Right,27.34,-1,-1,UNKNOWN,None
388.122,70.852,1172.937,2.718,10.268,59.5,-0.0221,7,Right,27.06,-1,-1,UNKNOWN,None
388.139,70.868,1173.215,2.726,10.276,59.67,-0.0221,7,Right,26.79,-1,-1,UNKNOWN,None
388.147,70.884,1173.353,2.729,10.279,59.75,-0.0221,7,Right,26.65,-1,-1,UNKNOWN,None
388.164,70.9,1173.63,2.737,10.287,59.92,-0.0223,7,Right,26.37,-1,-1,UNKNOWN,None
388.189,70.916,1173.908,2.743,10.293,60.1,-0.0225,7,Right,26.09,-1,-1,UNKNOWN,None
388.197,70.932,1174.187,2.749,10.299,60.28,-0.0225,7,Right,25.81,-1,-1,UNKNOWN,None
388.222,70.948,1174.467,2.755,10.305,60.46,-0.0225,7,Right,25.53,-1,-1,UNKNOWN,None
388.239,70.964,1174.753,2.76,10.31,60.63,-0.0225,7,Right,25.25,-1,-1,UNKNOWN,None
388.25,70.98,1175.071,2.766,10.316,60.8,-0.0225,7,Right,24.93,-1,-1,UNKNOWN,None
388.267,70.996,1175.353,2.77,10.32,60.91,-0.0225,7,Right,24.65,-1,-1,UNKNOWN,None
388.283,71.012,1175.635,2.774,10.324,60.98,-0.0225,7,Right,24.36,-1,-1,UNKNOWN,None
388.308,71.028,1175.918,2.777,10.327,61.01,-0.0225,7,Right,24.08,-1,-1,UNKNOWN,None
388.317,71.044,1176.059,2.778,10.328,61.01,-0.0225,7,Right,23.94,-1,-1,UNKNOWN,None
388.333,71.06,1176.341,2.78,10.33,60.98,-0.0225,7,Right,23.66,-1,-1,UNKNOWN,None
388.35,71.076,1176.63,2.782,10.332,60.91,-0.0225,7,Right,23.37,-1,-1,UNKNOWN,None
388.35,71.092,1176.771,2.783,10.333,60.86,-0.0225,7,Right,23.23,-1,-1,UNKNOWN,None
388.368,71.108,1177.072,2.783,10.333,60.75,-0.0193,7,Right,22.93,-1,-1,UNKNOWN,None
388.393,71.122,1177.493,2.784,10.334,60.55,-0.0193,7,Right,22.51,-1,-1,UNKNOWN,None
388.41,71.14,1177.78,2.783,10.333,60.39,-0.0193,7,Right,22.22,-1,-1,UNKNOWN,None
388.435,71.156,1178.059,2.782,10.332,60.22,-0.0193,7,Right,21.94,-1,-1,UNKNOWN,None
388.435,71.172,1178.199,2.781,10.331,60.13,-0.0193,7,Right,21.8,-1,-1,UNKNOWN,None
388.46,71.188,1178.615,2.779,10.329,59.84,-0.0193,7,Right,21.39,-1,-1,UNKNOWN,None
388.477,71.203,1178.755,2.777,10.327,59.74,-0.0095,7,Right,21.24,-1,-1,UNKNOWN,None
388.485,71.219,1179.049,2.774,10.324,59.52,-0.0091,7,Right,20.95,-1,-1,UNKNOWN,None
388.506,71.235,1179.387,2.771,10.321,59.27,-0.0091,7,Right,20.61,-1,-1,UNKNOWN,None
388.524,71.251,1179.531,2.769,10.319,59.16,-0.0091,7,Right,20.47,-1,-1,UNKNOWN,None
388.541,71.267,1179.811,2.765,10.315,58.97,-0.0088,7,Right,20.19,-1,-1,UNKNOWN,None
388.541,71.283,1179.952,2.763,10.313,58.88,-0.0088,7,Right,20.05,-1,-1,UNKNOWN,None
388.567,71.298,1180.231,2.758,10.308,58.71,-0.0082,7,Right,19.77,-1,-1,UNKNOWN,None
388.578,71.316,1180.575,2.752,10.302,58.53,-0.0075,7,Right,19.43,-1,-1,UNKNOWN,None
388.596,71.337,1180.845,2.746,10.296,58.41,-0.0069,7,Right,19.15,-1,-1,UNKNOWN,None
388.63,71.352,1181.25,2.738,10.288,58.29,-0.0063,7,Right,18.75,-1,-1,UNKNOWN,None
388.63,71.364,1181.385,2.735,10.285,58.27,-0.006,7,Right,18.61,-1,-1,UNKNOWN,None
388.655,71.38,1181.655,2.728,10.278,58.25,-0.0056,7,Right,18.35,-1,-1,UNKNOWN,None
388.663,71.396,1181.924,2.721,10.271,58.25,-0.0052,7,Right,18.08,-1,-1,UNKNOWN,None
388.688,71.412,1182.194,2.714,10.264,58.28,-0.0043,7,Right,17.81,-1,-1,UNKNOWN,None
388.696,71.428,1182.464,2.707,10.257,58.34,-0.0035,7,Right,17.54,-1,-1,UNKNOWN,None
388.713,71.444,1182.734,2.699,10.249,58.41,-0.0027,7,Right,17.27,-1,-1,UNKNOWN,None
388.739,71.46,1183.022,2.691,10.241,58.51,-0.0024,7,Right,16.98,-1,-1,UNKNOWN,None
388.748,71.476,1183.307,2.682,10.232,58.62,-0.0024,7,Right,16.69,-1,-1,UNKNOWN,None
388.765,71.492,1183.443,2.678,10.228,58.67,-0.0031,7,Right,16.56,-1,-1,UNKNOWN,None
388.773,71.508,1183.715,2.669,10.219,58.8,-0.0043,7,Right,16.29,-1,-1,UNKNOWN,None
388.79,71.524,1183.987,2.66,10.21,58.93,-0.0063,7,Right,16.01,-1,-1,UNKNOWN,None
388.807,71.54,1184.261,2.651,10.201,59.08,-0.0084,7,Right,15.74,-1,-1,UNKNOWN,None
388.832,71.556,1184.535,2.642,10.192,59.23,-0.0107,7,Right,15.46,-1,-1,UNKNOWN,None
388.84,71.572,1184.81,2.632,10.182,59.39,-0.0126,7,Right,15.19,-1,-1,UNKNOWN,None
388.848,71.588,1184.947,2.627,10.177,59.47,-0.0135,7,Right,15.05,-1,-1,UNKNOWN,None
388.873,71.604,1185.361,2.611,10.161,59.73,-0.0142,7,Right,14.64,-1,-1,UNKNOWN,None
388.89,71.62,1185.643,2.6,10.15,59.91,-0.0145,7,Right,14.36,-1,-1,UNKNOWN,None
388.899,71.64,1185.79,2.594,10.144,60.01,-0.0145,7,Right,14.21,-1,-1,UNKNOWN,None
388.924,71.656,1186.208,2.576,10.126,60.28,-0.0145,7,Right,13.79,-1,-1,UNKNOWN,None
388.941,71.668,1186.347,2.57,10.12,60.37,-0.0145,7,Right,13.65,-1,-1,UNKNOWN,None
388.958,71.684,1186.644,2.557,10.107,60.55,-0.0145,7,Right,13.36,-1,-1,UNKNOWN,None
388.975,71.7,1186.926,2.545,10.095,60.7,-0.0145,7,Right,13.07,-1,-1,UNKNOWN,None
388.975,71.716,1187.067,2.538,10.088,60.76,-0.0145,7,Right,12.93,-1,-1,UNKNOWN,None
389.01,71.732,1187.515,2.517,10.067,60.9,-0.0145,7,Right,12.48,-1,-1,UNKNOWN,None
389.02,71.748,1187.686,2.509,10.059,60.92,-0.0145,7,Right,12.31,-1,-1,UNKNOWN,None
389.039,71.764,1188.007,2.493,10.043,60.92,-0.0145,7,Right,11.99,-1,-1,UNKNOWN,None
389.048,71.78,1188.289,2.479,10.029,60.89,-0.0145,7,Right,11.71,-1,-1,UNKNOWN,None
389.073,71.796,1188.57,2.465,10.015,60.81,-0.0145,7,Right,11.43,-1,-1,UNKNOWN,None
389.081,71.812,1188.851,2.45,10.0,60.71,-0.0145,7,Right,11.15,-1,-1,UNKNOWN,None
389.098,71.828,1189.131,2.435,9.985,60.59,-0.0145,7,Right,10.87,-1,-1,UNKNOWN,None
389.114,71.844,1189.411,2.419,9.969,60.44,-0.0145,7,Right,10.59,-1,-1,UNKNOWN,None
389.131,71.86,1189.698,2.403,9.953,60.28,-0.0145,7,Right,10.3,-1,-1,UNKNOWN,None
389.148,71.876,1189.98,2.387,9.937,60.1,-0.0145,7,Right,10.02,-1,-1,UNKNOWN,None
389.165,71.892,1190.119,2.379,9.929,60.01,-0.0145,7,Right,9.88,-1,-1,UNKNOWN,None
389.182,71.908,1190.396,2.362,9.912,59.81,-0.0145,7,Right,9.6,-1,-1,UNKNOWN,None
389.198,71.924,1190.671,2.346,9.896,59.61,-0.0174,7,Right,9.33,-1,-1,UNKNOWN,None
389.215,71.94,1190.946,2.328,9.878,59.41,-0.0174,7,Right,9.05,-1,-1,UNKNOWN,None
389.215,71.956,1191.083,2.32,9.87,59.3,-0.0174,7,Right,8.92,-1,-1,UNKNOWN,None
389.232,71.972,1191.357,2.302,9.852,59.11,-0.0174,7,Right,8.64,-1,-1,UNKNOWN,None
389.265,71.988,1191.765,2.275,9.825,58.83,-0.0172,7,Right,8.23,-1,-1,UNKNOWN,None
389.282,72.004,1192.038,2.256,9.806,58.67,-0.0172,7,Right,7.96,-1,-1,UNKNOWN,None
389.299,72.02,1192.308,2.238,9.788,58.52,-0.0172,7,Right,7.69,-1,-1,UNKNOWN,None
389.307,72.036,1192.58,2.218,9.768,58.41,-0.0172,7,Right,7.42,-1,-1,UNKNOWN,None
389.333,72.052,1192.863,2.197,9.747,58.31,-0.0177,7,Right,7.14,-1,-1,UNKNOWN,None
389.333,72.068,1193.006,2.187,9.737,58.28,-0.0186,7,Right,6.99,-1,-1,UNKNOWN,None
389.359,72.084,1193.291,2.165,9.715,58.23,-0.0197,7,Right,6.71,-1,-1,UNKNOWN,None
389.376,72.1,1193.559,2.145,9.695,58.23,-0.0216,7,Right,6.44,-1,-1,UNKNOWN,None
389.393,72.116,1193.828,2.123,9.673,58.24,-0.0235,7,Right,6.17,-1,-1,UNKNOWN,None
389.404,72.132,1194.15,2.097,9.647,58.3,-0.0255,7,Right,5.85,-1,-1,UNKNOWN,None
389.421,72.148,1194.285,2.086,9.636,58.33,-0.0274,7,Right,5.72,-1,-1,UNKNOWN,None
389.429,72.164,1194.554,2.063,9.613,58.4,-0.0283,7,Right,5.45,-1,-1,UNKNOWN,None
389.446,72.18,1194.855,2.037,9.587,58.5,-0.0288,7,Right,5.15,-1,-1,UNKNOWN,None
389.472,72.195,1195.106,2.014,9.564,58.6,-0.0288,7,Right,4.89,-1,-1,UNKNOWN,None
389.491,72.211,1195.415,1.986,9.536,58.74,-0.0288,7,Right,4.59,-1,-1,UNKNOWN,None
389.491,72.227,1195.558,1.973,9.523,58.8,-0.0288,7,Right,4.44,-1,-1,UNKNOWN,None
389.519,72.243,1195.867,1.943,9.493,58.96,-0.0288,7,Right,4.13,-1,-1,UNKNOWN,None
389.519,72.259,1196.042,1.926,9.476,59.05,-0.0288,7,Right,3.96,-1,-1,UNKNOWN,None
389.549,72.275,1196.366,1.894,9.444,59.23,-0.0286,7,Right,3.63,-1,-1,UNKNOWN,None
389.566,72.293,1196.64,1.866,9.416,59.39,-0.0283,7,Right,3.36,-1,-1,UNKNOWN,None
389.582,72.308,1196.914,1.837,9.387,59.56,-0.0279,7,Right,3.09,-1,-1,UNKNOWN,None
389.599,72.324,1197.189,1.808,9.358,59.73,-0.0279,7,Right,2.81,-1,-1,UNKNOWN,None
389.599,72.34,1197.326,1.793,9.343,59.82,-0.0279,7,Right,2.67,-1,-1,UNKNOWN,None
389.624,72.356,1197.758,1.746,9.296,60.1,-0.028,7,Right,2.24,-1,-1,UNKNOWN,None
389.65,72.372,1198.035,1.714,9.264,60.28,-0.028,7,Right,1.97,-1,-1,UNKNOWN,None
389.65,72.388,1198.213,1.694,9.244,60.4,-0.028,7,Right,1.79,-1,-1,UNKNOWN,None
389.677,72.404,1198.491,1.661,9.211,60.58,-0.028,7,Right,1.51,-1,-1,UNKNOWN,None
389.686,72.42,1198.77,1.627,9.177,60.75,-0.028,7,Right,1.23,-1,-1,UNKNOWN,None
389.711,72.436,1199.05,1.593,9.143,60.91,-0.028,7,Right,0.95,-1,-1,UNKNOWN,None
389.719,72.452,1199.35,1.555,9.105,61.05,-0.028,7,Right,0.65,-1,-1,UNKNOWN,None
389.74,72.468,1199.68,1.513,9.063,61.19,-0.028,7,Right,0.32,-1,-1,UNKNOWN,None
389.757,72.482,1199.833,1.493,9.043,61.24,-0.028,7,Right,0.17,-1,-1,UNKNOWN,None
389.766,72.5,1200.115,1.456,9.006,61.31,-0.028,8,Left,149.89,-1,-1,UNKNOWN,None
389.791,72.516,1200.396,1.418,8.968,61.35,-0.028,8,Left,149.6,-1,-1,UNKNOWN,None
389.799,72.53,1200.677,1.379,8.929,61.36,-0.0279,8,Left,149.32,-1,-1,UNKNOWN,Right_Broken
389.825,72.548,1200.974,1.338,8.888,61.36,-0.0279,8,Left,149.03,-1,-1,UNKNOWN,None
389.842,72.564,1201.255,1.297,8.847,61.33,-0.0279,8,Left,148.74,-1,-1,UNKNOWN,None
389.85,72.58,1201.538,1.256,8.806,61.26,-0.0279,8,Left,148.46,-1,-1,UNKNOWN,None
389.867,72.596,1201.818,1.215,8.765,61.17,-0.0279,8,Left,148.18,-1,-1,UNKNOWN,None
389.883,72.612,1202.097,1.173,8.723,61.05,-0.0279,8,Left,147.9,-1,-1,UNKNOWN,None
389.901,72.628,1202.247,1.15,8.7,60.98,-0.0228,8,Left,147.75,-1,-1,UNKNOWN,None
389.909,72.644,1202.526,1.107,8.657,60.84,-0.0228,8,Left,147.47,-1,-1,UNKNOWN,None
389.926,72.66,1202.803,1.063,8.613,60.68,-0.0228,8,Left,147.2,-1,-1,UNKNOWN,None
389.951,72.676,1203.08,1.019,8.569,60.5,-0.0223,8,Left,146.92,-1,-1,UNKNOWN,None
389.96,72.692,1203.24,0.993,8.543,60.4,-0.0223,8,Left,146.76,-1,-1,UNKNOWN,None
389.986,72.708,1203.659,0.924,8.474,60.11,-0.0225,8,Left,146.34,-1,-1,UNKNOWN,None
389.994,72.724,1203.942,0.877,8.427,59.9,-0.0225,8,Left,146.06,-1,-1,UNKNOWN,None
390.012,72.74,1204.223,0.829,8.379,59.69,-0.0225,8,Left,145.78,-1,-1,UNKNOWN,None
390.028,72.756,1204.494,0.782,8.332,59.48,-0.0223,8,Left,145.51,-1,-1,UNKNOWN,None
390.037,72.772,1204.63,0.759,8.309,59.38,-0.0223,8,Left,145.37,-1,-1,UNKNOWN,None
390.062,72.788,1204.9,0.711,8.261,59.18,-0.0221,8,Left,145.1,-1,-1,UNKNOWN,None
390.081,72.804,1205.215,0.655,8.205,58.96,-0.0221,8,Left,144.79,-1,-1,UNKNOWN,Right_Broken
390.099,72.818,1205.496,0.604,8.154,58.78,-0.0221,8,Left,144.5,-1,-1,UNKNOWN,None
390.107,72.836,1205.769,0.553,8.103,58.63,-0.0219,8,Left,144.23,-1,-1,UNKNOWN,None
390.124,72.852,1205.903,0.528,8.078,58.56,-0.0209,8,Left,144.1,-1,-1,UNKNOWN,None
390.134,72.868,1206.2,0.472,8.022,58.44,-0.02,8,Left,143.8,-1,-1,UNKNOWN,None
390.151,72.884,1206.466,0.422,7.972,58.36,-0.0186,8,Left,143.53,-1,-1,UNKNOWN,None
390.168,72.9,1206.731,0.37,7.92,58.31,-0.0172,8,Left,143.27,-1,-1,UNKNOWN,None
390.184,72.916,1206.996,0.319,7.869,58.29,-0.0161,8,Left,143.0,-1,-1,UNKNOWN,None
390.209,72.932,1207.261,0.266,7.816,58.3,-0.0153,8,Left,142.74,-1,-1,UNKNOWN,None
390.226,72.946,1207.526,0.213,7.763,58.33,-0.0151,8,Left,142.47,-1,-1,UNKNOWN,None
390.243,72.964,1207.791,0.16,7.71,58.39,-0.0151,8,Left,142.21,-1,-1,UNKNOWN,None
390.251,72.98,1208.056,0.106,7.656,58.47,-0.0151,8,Left,141.94,-1,-1,UNKNOWN,None
390.268,72.996,1208.321,0.051,7.601,58.56,-0.0151,8,Left,141.68,-1,-1,UNKNOWN,None
390.284,73.012,1208.587,-0.005,7.545,58.66,-0.0151,8,Left,141.41,-1,-1,UNKNOWN,None
390.304,73.028,1208.761,-0.041,7.509,58.74,-0.0151,8,Left,141.24,-1,-1,UNKNOWN,None
390.312,73.044,1209.028,-0.098,7.452,58.87,-0.0146,8,Left,140.97,-1,-1,UNKNOWN,None
390.34,73.06,1209.336,-0.163,7.387,59.02,-0.0145,8,Left,140.66,-1,-1,UNKNOWN,None
390.348,73.076,1209.61,-0.223,7.327,59.17,-0.0139,8,Left,140.39,-1,-1,UNKNOWN,None
390.357,73.092,1209.744,-0.252,7.298,59.25,-0.0137,8,Left,140.26,-1,-1,UNKNOWN,Right_Broken
390.373,73.108,1210.013,-0.31,7.24,59.41,-0.013,8,Left,139.99,-1,-1,UNKNOWN,None
390.39,73.124,1210.282,-0.37,7.18,59.58,-0.0123,8,Left,139.72,-1,-1,UNKNOWN,None
390.415,73.14,1210.552,-0.43,7.12,59.75,-0.011,8,Left,139.45,-1,-1,UNKNOWN,None
390.432,73.156,1210.822,-0.49,7.06,59.93,-0.0095,8,Left,139.18,-1,-1,UNKNOWN,None
390.432,73.172,1210.958,-0.52,7.03,60.02,-0.0072,8,Left,139.04,-1,-1,UNKNOWN,None
390.448,73.188,1211.23,-0.582,6.968,60.2,-0.0072,8,Left,138.77,-1,-1,UNKNOWN,None
390.465,73.203,1211.502,-0.644,6.906,60.38,-0.0072,8,Left,138.5,-1,-1,UNKNOWN,None
390.49,73.219,1211.915,-0.738,6.812,60.63,-0.0005,8,Left,138.08,-1,-1,UNKNOWN,None
390.499,73.235,1212.068,-0.773,6.777,60.72,-0.0005,8,Left,137.93,-1,-1,UNKNOWN,None
390.526,73.251,1212.366,-0.842,6.708,60.87,-0.0005,8,Left,137.63,-1,-1,UNKNOWN,None
390.535,73.267,1212.648,-0.907,6.643,60.99,0.0042,8,Left,137.35,-1,-1,UNKNOWN,None
390.551,73.283,1212.924,-0.971,6.579,61.1,0.0042,8,Left,137.08,-1,-1,UNKNOWN,None
390.56,73.3,1213.071,-1.005,6.545,61.14,0.0042,8,Left,136.93,-1,-1,UNKNOWN,None
390.595,73.316,1213.508,-1.107,6.443,61.22,0.0042,8,Left,136.49,-1,-1,UNKNOWN,None
390.595,73.332,1213.763,-1.166,6.384,61.22,0.0042,8,Left,136.24,-1,-1,UNKNOWN,None
390.627,73.348,1214.038,-1.231,6.319,61.19,0.0042,8,Left,135.96,-1,-1,UNKNOWN,Right_Broken
390.635,73.364,1214.314,-1.295,6.255,61.12,0.0042,8,Left,135.69,-1,-1,UNKNOWN,None
390.653,73.38,1214.462,-1.33,6.22,61.07,0.0042,8,Left,135.54,-1,-1,UNKNOWN,None
390.661,73.396,1214.745,-1.397,6.153,60.96,0.0042,8,Left,135.26,-1,-1,UNKNOWN,None
390.678,73.412,1215.07,-1.473,6.077,60.8,0.0158,8,Left,134.93,-1,-1,UNKNOWN,None
390.701,73.428,1215.266,-1.519,6.031,60.7,0.0158,8,Left,134.73,-1,-1,UNKNOWN,None
390.72,73.444,1215.562,-1.588,5.962,60.53,0.0202,8,Left,134.44,-1,-1,UNKNOWN,None
390.728,73.46,1215.834,-1.652,5.898,60.36,0.0202,8,Left,134.17,-1,-1,UNKNOWN,None
390.736,73.476,1215.97,-1.684,5.866,60.27,0.0202,8,Left,134.03,-1,-1,UNKNOWN,None
390.77,73.492,1216.381,-1.779,5.771,59.98,0.0202,8,Left,133.62,-1,-1,UNKNOWN,None
390.786,73.506,1216.65,-1.841,5.709,59.77,0.0287,8,Left,133.35,-1,-1,UNKNOWN,None
390.786,73.524,1216.785,-1.872,5.678,59.67,0.0308,8,Left,133.22,-1,-1,UNKNOWN,None
390.812,73.54,1217.196,-1.967,5.583,59.36,0.0331,8,Left,132.8,-1,-1,UNKNOWN,None
390.829,73.556,1217.464,-2.027,5.523,59.16,0.0347,8,Left,132.54,-1,-1,UNKNOWN,None
390.847,73.572,1217.619,-2.062,5.488,59.05,0.0362,8,Left,132.38,-1,-1,UNKNOWN,None
390.864,73.588,1217.901,-2.126,5.424,58.87,0.0373,8,Left,132.1,-1,-1,UNKNOWN,None
390.873,73.604,1218.198,-2.192,5.358,58.71,0.0382,8,Left,131.8,-1,-1,UNKNOWN,None
390.891,73.62,1218.463,-2.25,5.3,58.58,0.0389,8,Left,131.54,-1,-1,UNKNOWN,None
390.908,73.636,1218.728,-2.307,5.243,58.48,0.0397,8,Left,131.27,-1,-1,UNKNOWN,None
390.925,73.652,1218.993,-2.364,5.186,58.41,0.0401,8,Left,131.01,-1,-1,UNKNOWN,Left_Broken
390.933,73.668,1219.125,-2.393,5.157,58.39,0.0401,8,Left,130.87,-1,-1,UNKNOWN,None
390.958,73.684,1219.394,-2.45,5.1,58.37,0.0401,8,Left,130.61,-1,-1,UNKNOWN,None
390.967,73.698,1219.661,-2.505,5.045,58.37,0.0401,8,Left,130.34,-1,-1,UNKNOWN,None
390.984,73.716,1219.926,-2.56,4.99,58.41,0.0401,8,Left,130.07,-1,-1,UNKNOWN,None
390.992,73.732,1220.059,-2.587,4.963,58.43,0.0401,8,Left,129.94,-1,-1,UNKNOWN,None
391.025,73.748,1220.457,-2.667,4.883,58.53,0.0401,8,Left,129.54,-1,-1,UNKNOWN,None
391.042,73.762,1220.723,-2.72,4.83,58.62,0.0401,8,Left,129.28,-1,-1,UNKNOWN,None
391.05,73.78,1220.99,-2.772,4.778,58.72,0.0401,8,Left,129.01,-1,-1,UNKNOWN,None
391.067,73.796,1221.257,-2.823,4.727,58.83,0.0401,8,Left,128.74,-1,-1,UNKNOWN,None
391.084,73.812,1221.525,-2.873,4.677,58.96,0.0401,8,Left,128.47,-1,-1,UNKNOWN,None
391.1,73.828,1221.794,-2.923,4.627,59.1,0.0401,8,Left,128.21,-1,-1,UNKNOWN,None
391.117,73.844,1222.064,-2.972,4.578,59.24,0.0401,8,Left,127.94,-1,-1,UNKNOWN,None
391.134,73.86,1222.199,-2.996,4.554,59.32,0.0401,8,Left,127.8,-1,-1,UNKNOWN,None
391.15,73.876,1222.47,-3.044,4.506,59.47,0.0401,8,Left,127.53,-1,-1,UNKNOWN,None
391.167,73.892,1222.742,-3.091,4.459,59.63,0.0401,8,Left,127.26,-1,-1,UNKNOWN,Left_Broken
391.175,73.908,1223.015,-3.138,4.412,59.8,0.0401,8,Left,126.99,-1,-1,UNKNOWN,None
391.192,73.924,1223.288,-3.184,4.366,59.97,0.0401,8,Left,126.71,-1,-1,UNKNOWN,None
391.209,73.94,1223.563,-3.228,4.322,60.15,0.0401,8,Left,126.44,-1,-1,UNKNOWN,None
391.234,73.958,1223.839,-3.272,4.278,60.33,0.0401,8,Left,126.16,-1,-1,UNKNOWN,None
391.25,73.972,1224.115,-3.316,4.234,60.5,0.0401,8,Left,125.88,-1,-1,UNKNOWN,None
391.267,73.988,1224.393,-3.358,4.192,60.68,0.0401,8,Left,125.61,-1,-1,UNKNOWN,None
391.275,74.004,1224.672,-3.399,4.151,60.85,0.0401,8,Left,125.33,-1,-1,UNKNOWN,None
391.3,74.022,1224.951,-3.44,4.11,61.03,0.0401,8,Left,125.05,-1,-1,UNKNOWN,None
391.309,74.036,1225.231,-3.48,4.07,61.21,0.0401,8,Left,124.77,-1,-1,UNKNOWN,None
391.317,74.052,1225.372,-3.499,4.051,61.3,0.0401,8,Left,124.63,-1,-1,UNKNOWN,None
391.334,74.068,1225.654,-3.537,4.013,61.46,0.0401,8,Left,124.35,-1,-1,UNKNOWN,None
391.359,74.084,1225.936,-3.575,3.975,61.62,0.0401,8,Left,124.06,-1,-1,UNKNOWN,None
391.375,74.1,1226.22,-3.611,3.939,61.74,0.0401,8,Left,123.78,-1,-1,UNKNOWN,None
391.392,74.116,1226.504,-3.647,3.903,61.84,0.0401,8,Left,123.5,-1,-1,UNKNOWN,None
391.409,74.132,1226.788,-3.681,3.869,61.89,0.0401,8,Left,123.21,-1,-1,UNKNOWN,None
391.417,74.148,1227.074,-3.715,3.835,61.91,0.0398,8,Left,122.93,-1,-1,UNKNOWN,None
391.439,74.164,1227.301,-3.741,3.809,61.89,0.0398,8,Left,122.7,-1,-1,UNKNOWN,None
391.447,74.18,1227.587,-3.772,3.778,61.84,0.0398,8,Left,122.41,-1,-1,UNKNOWN,None
391.464,74.195,1227.878,-3.803,3.747,61.75,0.0398,8,Left,122.12,-1,-1,UNKNOWN,None
391.482,74.211,1228.19,-3.835,3.715,61.63,0.0398,8,Left,121.81,-1,-1,UNKNOWN,None
391.499,74.227,1228.477,-3.864,3.686,61.49,0.0398,8,Left,121.52,-1,-1,UNKNOWN,None
391.508,74.243,1228.619,-3.877,3.673,61.41,0.0398,8,Left,121.38,-1,-1,UNKNOWN,None
391.533,74.259,1228.901,-3.904,3.646,61.25,0.0398,8,Left,121.1,-1,-1,UNKNOWN,None
391.549,74.273,1229.183,-3.929,3.621,61.07,0.0398,8,Left,120.82,-1,-1,UNKNOWN,None
391.558,74.292,1229.464,-3.953,3.597,60.87,0.0398,8,Left,120.54,-1,-1,UNKNOWN,None
391.583,74.308,1229.744,-3.975,3.575,60.67,0.0398,8,Left,120.26,-1,-1,UNKNOWN,None
391.599,74.324,1230.023,-3.997,3.553,60.45,0.0398,8,Left,119.98,-1,-1,UNKNOWN,None
391.608,74.34,1230.302,-4.018,3.532,60.23,0.0398,8,Left,119.7,-1,-1,UNKNOWN,None
391.624,74.356,1230.58,-4.037,3.513,60.0,0.0398,8,Left,119.42,-1,-1,UNKNOWN,None
391.65,74.37,1230.872,-4.056,3.494,59.76,0.0398,8,Left,119.13,-1,-1,UNKNOWN,None
391.659,74.388,1231.151,-4.074,3.476,59.51,0.0397,8,Left,118.85,-1,-1,UNKNOWN,None
391.676,74.404,1231.425,-4.089,3.461,59.28,0.0392,8,Left,118.57,-1,-1,UNKNOWN,None
391.692,74.42,1231.562,-4.097,3.453,59.16,0.0385,8,Left,118.44,-1,-1,UNKNOWN,None
391.701,74.436,1231.834,-4.111,3.439,58.94,0.0375,8,Left,118.17,-1,-1,UNKNOWN,None
391.726,74.452,1232.106,-4.124,3.426,58.73,0.0362,8,Left,117.89,-1,-1,UNKNOWN,None
391.742,74.468,1232.38,-4.136,3.414,58.53,0.0347,8,Left,117.62,-1,-1,UNKNOWN,None
391.751,74.484,1232.65,-4.147,3.403,58.36,0.0331,8,Left,117.35,-1,-1,UNKNOWN,None
391.776,74.5,1232.923,-4.157,3.393,58.21,0.0312,8,Left,117.08,-1,-1,UNKNOWN,None
391.784,74.516,1233.192,-4.166,3.384,58.09,0.0295,8,Left,116.81,-1,-1,UNKNOWN,None
391.801,74.532,1233.46,-4.174,3.376,58.01,0.0276,8,Left,116.54,-1,-1,UNKNOWN,None
391.826,74.548,1233.729,-4.181,3.369,57.95,0.026,8,Left,116.27,-1,-1,UNKNOWN,None
391.834,74.562,1233.997,-4.187,3.363,57.93,0.0248,8,Left,116.0,-1,-1,UNKNOWN,None
391.859,74.58,1234.265,-4.193,3.357,57.93,0.0241,8,Left,115.74,-1,-1,UNKNOWN,None
391.868,74.596,1234.538,-4.197,3.353,57.96,0.0238,8,Left,115.46,-1,-1,UNKNOWN,None
391.885,74.612,1234.811,-4.2,3.35,58.02,0.0238,8,Left,115.19,-1,-1,UNKNOWN,None
391.902,74.628,1234.946,-4.202,3.348,58.05,0.0238,8,Left,115.05,-1,-1,UNKNOWN,None
391.919,74.644,1235.228,-4.204,3.346,58.13,0.0238,8,Left,114.77,-1,-1,UNKNOWN,None
391.936,74.66,1235.497,-4.205,3.345,58.23,0.0238,8,Left,114.5,-1,-1,UNKNOWN,None
391.944,74.676,1235.769,-4.205,3.345,58.34,0.0238,8,Left,114.23,-1,-1,UNKNOWN,None
391.961,74.692,1236.041,-4.205,3.345,58.46,0.0238,8,Left,113.96,-1,-1,UNKNOWN,None
391.979,74.708,1236.347,-4.203,3.347,58.61,0.0238,8,Left,113.65,-1,-1,UNKNOWN,None
391.998,74.724,1236.505,-4.202,3.348,58.7,0.0238,8,Left,113.49,-1,-1,UNKNOWN,None
392.016,74.74,1236.81,-4.199,3.351,58.86,0.0238,8,Left,113.19,-1,-1,UNKNOWN,None
392.033,74.756,1237.083,-4.195,3.355,59.02,0.0238,8,Left,112.92,-1,-1,UNKNOWN,None
392.05,74.77,1237.362,-4.191,3.359,59.19,0.0238,8,Left,112.64,-1,-1,UNKNOWN,None
392.059,74.788,1237.655,-4.185,3.365,59.37,0.0238,8,Left,112.35,-1,-1,UNKNOWN,None
392.077,74.804,1237.937,-4.179,3.371,59.55,0.0238,8,Left,112.06,-1,-1,UNKNOWN,None
392.093,74.82,1238.075,-4.176,3.374,59.64,0.0238,8,Left,111.92,-1,-1,UNKNOWN,None
392.111,74.836,1238.365,-4.168,3.382,59.83,0.0238,8,Left,111.64,-1,-1,UNKNOWN,None
392.12,74.852,1238.69,-4.159,3.391,60.05,0.0238,8,Left,111.31,-1,-1,UNKNOWN,None
392.14,74.868,1238.998,-4.149,3.401,60.25,0.0238,8,Left,111.0,-1,-1,UNKNOWN,None
392.149,74.884,1239.14,-4.145,3.405,60.35,0.0238,8,Left,110.86,-1,-1,UNKNOWN,None
392.176,74.9,1239.451,-4.134,3.416,60.54,0.0238,8,Left,110.55,-1,-1,UNKNOWN,None
392.192,74.916,1239.734,-4.123,3.427,60.68,0.0238,8,Left,110.27,-1,-1,UNKNOWN,None
392.202,74.932,1240.066,-4.109,3.441,60.82,0.0238,8,Left,109.93,-1,-1,UNKNOWN,None
392.212,74.948,1240.206,-4.103,3.447,60.85,0.0209,8,Left,109.79,-1,-1,UNKNOWN,None
392.237,74.964,1240.488,-4.09,3.46,60.91,0.0209,8,Left,109.51,-1,-1,UNKNOWN,None
392.254,74.98,1240.77,-4.077,3.473,60.93,0.0209,8,Left,109.23,-1,-1,UNKNOWN,None
392.271,74.996,1241.053,-4.063,3.487,60.91,0.0209,8,Left,108.95,-1,-1,UNKNOWN,None
392.288,75.012,1241.347,-4.048,3.502,60.85,0.0209,8,Left,108.65,-1,-1,UNKNOWN,None
392.296,75.028,1241.637,-4.032,3.518,60.76,0.0209,8,Left,108.36,-1,-1,UNKNOWN,None
392.322,75.044,1241.918,-4.016,3.534,60.65,0.0209,8,Left,108.08,-1,-1,UNKNOWN,None
392.338,75.06,1242.197,-4.0,3.55,60.51,0.0209,8,Left,107.8,-1,-1,UNKNOWN,None
392.355,75.076,1242.476,-3.983,3.567,60.36,0.0209,8,Left,107.52,-1,-1,UNKNOWN,None
392.363,75.092,1242.755,-3.965,3.585,60.19,0.0209,8,Left,107.25,-1,-1,UNKNOWN,None
392.372,75.108,1242.898,-3.956,3.594,60.1,0.0209,8,Left,107.1,-1,-1,UNKNOWN,None
392.398,75.124,1243.187,-3.937,3.613,59.9,0.0209,8,Left,106.81,-1,-1,UNKNOWN,None
392.408,75.14,1243.502,-3.915,3.635,59.67,0.0065,8,Left,106.5,-1,-1,UNKNOWN,None
392.433,75.156,1243.777,-3.896,3.654,59.47,0.0046,8,Left,106.22,-1,-1,UNKNOWN,None
392.446,75.172,1243.975,-3.882,3.668,59.33,0.0025,8,Left,106.03,-1,-1,UNKNOWN,None
392.455,75.188,1244.27,-3.86,3.69,59.12,-0.0001,8,Left,105.73,-1,-1,UNKNOWN,None
392.481,75.203,1244.559,-3.839,3.711,58.94,-0.0033,8,Left,105.44,-1,-1,UNKNOWN,None
392.49,75.222,1244.854,-3.817,3.733,58.76,-0.0063,8,Left,105.15,-1,-1,UNKNOWN,None
392.499,75.235,1244.99,-3.807,3.743,58.69,-0.0095,8,Left,105.01,-1,-1,UNKNOWN,None
392.526,75.251,1245.284,-3.785,3.765,58.55,-0.0116,8,Left,104.72,-1,-1,UNKNOWN,None
392.543,75.269,1245.558,-3.764,3.786,58.46,-0.0139,8,Left,104.44,-1,-1,UNKNOWN,None
392.551,75.283,1245.837,-3.742,3.808,58.39,-0.0161,8,Left,104.16,-1,-1,UNKNOWN,None
392.56,75.3,1245.972,-3.732,3.818,58.37,-0.0174,8,Left,104.03,-1,-1,UNKNOWN,None
392.577,75.316,1246.241,-3.711,3.839,58.35,-0.0178,8,Left,103.76,-1,-1,UNKNOWN,None
392.604,75.332,1246.683,-3.677,3.873,58.38,-0.0178,8,Left,103.32,-1,-1,UNKNOWN,None
392.621,75.348,1246.953,-3.656,3.894,58.42,-0.0177,8,Left,103.05,-1,-1,UNKNOWN,None
392.637,75.364,1247.088,-3.646,3.904,58.46,-0.0172,8,Left,102.91,-1,-1,UNKNOWN,None
392.655,75.38,1247.368,-3.624,3.926,58.54,-0.017,8,Left,102.63,-1,-1,UNKNOWN,None
392.671,75.396,1247.639,-3.603,3.947,58.63,-0.0162,8,Left,102.36,-1,-1,UNKNOWN,None
392.671,75.412,1247.774,-3.593,3.957,58.68,-0.0155,8,Left,102.23,-1,-1,UNKNOWN,None
392.688,75.428,1248.047,-3.572,3.978,58.8,-0.0146,8,Left,101.95,-1,-1,UNKNOWN,None
392.722,75.444,1248.464,-3.54,4.01,59.0,-0.0142,8,Left,101.54,-1,-1,UNKNOWN,None
392.739,75.46,1248.74,-3.519,4.031,59.14,-0.0139,8,Left,101.26,-1,-1,UNKNOWN,None
392.747,75.476,1249.019,-3.498,4.052,59.3,-0.0139,8,Left,100.98,-1,-1,UNKNOWN,None
392.756,75.492,1249.175,-3.487,4.063,59.39,-0.0139,8,Left,100.82,-1,-1,UNKNOWN,None
392.782,75.506,1249.457,-3.466,4.084,59.55,-0.0142,8,Left,100.54,-1,-1,UNKNOWN,None
392.791,75.524,1249.733,-3.445,4.105,59.72,-0.0142,8,Left,100.27,-1,-1,UNKNOWN,None
392.807,75.54,1250.009,-3.425,4.125,59.9,-0.0142,8,Left,99.99,-1,-1,UNKNOWN,None
392.824,75.556,1250.292,-3.405,4.145,60.08,-0.0142,8,Left,99.71,-1,-1,UNKNOWN,None
392.849,75.572,1250.571,-3.385,4.165,60.26,-0.0139,8,Left,99.43,-1,-1,UNKNOWN,None
392.858,75.588,1250.851,-3.366,4.184,60.45,-0.0139,8,Left,99.15,-1,-1,UNKNOWN,None
392.866,75.604,1251.026,-3.353,4.197,60.56,-0.0139,8,Left,98.97,-1,-1,UNKNOWN,None
392.895,75.62,1251.333,-3.333,4.217,60.75,-0.0139,8,Left,98.67,-1,-1,UNKNOWN,None
392.913,75.636,1251.635,-3.312,4.238,60.9,-0.0139,8,Left,98.36,-1,-1,UNKNOWN,None
392.929,75.652,1251.917,-3.294,4.256,61.01,-0.0139,8,Left,98.08,-1,-1,UNKNOWN,None
392.946,75.668,1252.2,-3.275,4.275,61.08,-0.0139,8,Left,97.8,-1,-1,UNKNOWN,None
392.955,75.684,1252.494,-3.257,4.293,61.1,-0.0139,8,Left,97.51,-1,-1,UNKNOWN,None
392.981,75.7,1252.785,-3.238,4.312,61.08,-0.0139,8,Left,97.21,-1,-1,UNKNOWN,None
392.989,75.718,1253.067,-3.221,4.329,61.03,-0.0139,8,Left,96.93,-1,-1,UNKNOWN,None
392.997,75.732,1253.219,-3.212,4.338,60.98,-0.0139,8,Left,96.78,-1,-1,UNKNOWN,None
393.023,75.748,1253.5,-3.195,4.355,60.88,-0.0139,8,Left,96.5,-1,-1,UNKNOWN,None
393.04,75.764,1253.781,-3.179,4.371,60.76,0.0104,8,Left,96.22,-1,-1,UNKNOWN,None
393.056,75.78,1254.062,-3.162,4.388,60.62,0.0104,8,Left,95.94,-1,-1,UNKNOWN,None
393.065,75.796,1254.341,-3.145,4.405,60.47,0.0104,8,Left,95.66,-1,-1,UNKNOWN,None
393.09,75.81,1254.622,-3.129,4.421,60.29,0.0104,8,Left,95.38,-1,-1,UNKNOWN,None
393.098,75.828,1254.903,-3.112,4.438,60.11,0.0104,8,Left,95.1,-1,-1,UNKNOWN,None
393.115,75.844,1255.182,-3.096,4.454,59.91,0.0104,8,Left,94.82,-1,-1,UNKNOWN,None
393.141,75.86,1255.468,-3.079,4.471,59.7,0.0338,8,Left,94.53,-1,-1,UNKNOWN,None
393.141,75.876,1255.606,-3.071,4.479,59.59,0.0371,8,Left,94.39,-1,-1,UNKNOWN,None
393.166,75.892,1255.881,-3.054,4.496,59.39,0.0404,8,Left,94.12,-1,-1,UNKNOWN,None
393.183,75.908,1256.158,-3.036,4.514,59.18,0.0433,8,Left,93.84,-1,-1,UNKNOWN,None
393.199,75.924,1256.431,-3.019,4.531,58.99,0.0456,8,Left,93.57,-1,-1,UNKNOWN,None
393.216,75.938,1256.703,-3.001,4.549,58.82,0.0478,8,Left,93.3,-1,-1,UNKNOWN,None
393.216,75.956,1256.839,-2.992,4.558,58.74,0.0484,8,Left,93.16,-1,-1,UNKNOWN,None
393.234,75.972,1257.177,-2.969,4.581,58.56,0.0484,8,Left,92.82,-1,-1,UNKNOWN,None
393.262,75.988,1257.447,-2.95,4.6,58.45,0.0484,8,Left,92.55,-1,-1,UNKNOWN,None
393.278,76.004,1257.716,-2.93,4.62,58.36,0.0475,8,Left,92.28,-1,-1,UNKNOWN,None
393.295,76.02,1257.986,-2.91,4.64,58.31,0.0459,8,Left,92.01,-1,-1,UNKNOWN,None
393.312,76.036,1258.255,-2.889,4.661,58.29,0.0436,8,Left,91.75,-1,-1,UNKNOWN,Left_Broken
393.321,76.052,1258.53,-2.867,4.683,58.3,0.0398,8,Left,91.47,-1,-1,UNKNOWN,None
393.347,76.068,1258.823,-2.843,4.707,58.33,0.0357,8,Left,91.18,-1,-1,UNKNOWN,None
393.355,76.091,1259.092,-2.82,4.73,58.39,0.0315,8,Left,90.91,-1,-1,UNKNOWN,None
393.372,76.1,1259.362,-2.797,4.753,58.47,0.0238,8,Left,90.64,-1,-1,UNKNOWN,None
393.39,76.116,1259.522,-2.783,4.767,58.52,0.0209,8,Left,90.48,-1,-1,UNKNOWN,None
393.408,76.132,1259.812,-2.757,4.793,58.63,0.016,8,Left,90.19,-1,-1,UNKNOWN,None
393.425,76.148,1260.083,-2.733,4.817,58.74,0.012,8,Left,89.92,-1,-1,UNKNOWN,None
393.443,76.164,1260.382,-2.705,4.845,58.88,0.0079,8,Left,89.62,-1,-1,UNKNOWN,None
393.443,76.18,1260.548,-2.69,4.86,58.97,0.0034,8,Left,89.45,-1,-1,UNKNOWN,None
393.471,76.195,1260.83,-2.663,4.887,59.12,0.0002,8,Left,89.17,-1,-1,UNKNOWN,None
393.487,76.211,1261.105,-2.637,4.913,59.27,-0.0033,8,Left,88.9,-1,-1,UNKNOWN,None
393.496,76.227,1261.382,-2.61,4.94,59.44,-0.006,8,Left,88.62,-1,-1,UNKNOWN,None
393.521,76.243,1261.66,-2.583,4.967,59.6,-0.0082,8,Left,88.34,-1,-1,UNKNOWN,None
393.538,76.259,1261.935,-2.556,4.994,59.78,-0.0098,8,Left,88.06,-1,-1,UNKNOWN,None
393.546,76.275,1262.211,-2.528,5.022,59.96,-0.0107,8,Left,87.79,-1,-1,UNKNOWN,None
393.571,76.292,1262.488,-2.501,5.049,60.14,-0.011,8,Left,87.51,-1,-1,UNKNOWN,Left_Broken
393.571,76.308,1262.627,-2.487,5.063,60.23,-0.011,8,Left,87.37,-1,-1,UNKNOWN,None
393.596,76.324,1262.908,-2.458,5.092,60.42,-0.011,8,Left,87.09,-1,-1,UNKNOWN,None
393.605,76.34,1263.189,-2.43,5.12,60.59,-0.011,8,Left,86.81,-1,-1,UNKNOWN,None
393.63,76.356,1263.476,-2.401,5.149,60.75,-0.011,8,Left,86.52,-1,-1,UNKNOWN,None
393.647,76.372,1263.756,-2.372,5.178,60.89,-0.011,8,Left,86.24,-1,-1,UNKNOWN,None
393.664,76.388,1264.037,-2.343,5.207,61.03,-0.011,8,Left,85.96,-1,-1,UNKNOWN,None
393.664,76.404,1264.178,-2.329,5.221,61.09,-0.011,8,Left,85.82,-1,-1,UNKNOWN,None
393.697,76.42,1264.6,-2.285,5.265,61.25,-0.011,8,Left,85.4,-1,-1,UNKNOWN,None
393.706,76.436,1264.894,-2.255,5.295,61.33,-0.011,8,Left,85.11,-1,-1,UNKNOWN,None
393.723,76.452,1265.193,-2.224,5.326,61.38,-0.011,8,Left,84.81,-1,-1,UNKNOWN,None
393.74,76.468,1265.339,-2.209,5.341,61.4,-0.011,8,Left,84.66,-1,-1,UNKNOWN,None
393.749,76.484,1265.622,-2.18,5.37,61.41,-0.011,8,Left,84.38,-1,-1,UNKNOWN,None
393.765,76.5,1265.904,-2.151,5.399,61.39,-0.011,8,Left,84.1,-1,-1,UNKNOWN,None
393.79,76.516,1266.187,-2.122,5.428,61.34,-0.011,8,Left,83.81,-1,-1,UNKNOWN,None
393.807,76.532,1266.469,-2.093,5.457,61.25,-0.011,8,Left,83.53,-1,-1,UNKNOWN,None
393.807,76.548,1266.61,-2.079,5.471,61.2,-0.011,8,Left,83.39,-1,-1,UNKNOWN,None
393.844,76.564,1267.101,-2.029,5.521,60.98,-0.011,8,Left,82.9,-1,-1,UNKNOWN,None
393.853,76.58,1267.241,-2.015,5.535,60.91,-0.011,8,Left,82.76,-1,-1,UNKNOWN,None
393.861,76.596,1267.521,-1.987,5.563,60.75,-0.011,8,Left,82.48,-1,-1,UNKNOWN,None
393.878,76.612,1267.8,-1.959,5.591,60.58,-0.0111,8,Left,82.2,-1,-1,UNKNOWN,None
393.903,76.628,1268.079,-1.932,5.618,60.4,-0.0111,8,Left,81.92,-1,-1,UNKNOWN,None
393.92,76.644,1268.364,-1.904,5.646,60.2,-0.0111,8,Left,81.64,-1,-1,UNKNOWN,None
393.937,76.66,1268.641,-1.877,5.673,59.99,-0.0111,8,Left,81.36,-1,-1,UNKNOWN,None
393.937,76.676,1268.779,-1.863,5.687,59.89,-0.0133,8,Left,81.22,-1,-1,UNKNOWN,None
393.953,76.692,1269.054,-1.837,5.713,59.68,-0.0139,8,Left,80.95,-1,-1,UNKNOWN,None
393.983,76.708,1269.401,-1.804,5.746,59.41,-0.0146,8,Left,80.6,-1,-1,UNKNOWN,None
393.991,76.724,1269.675,-1.778,5.772,59.21,-0.0151,8,Left,80.33,-1,-1,UNKNOWN,None
394.016,76.74,1269.947,-1.753,5.797,59.02,-0.0155,8,Left,80.05,-1,-1,UNKNOWN,None
394.035,76.756,1270.255,-1.725,5.825,58.82,-0.0158,8,Left,79.74,-1,-1,UNKNOWN,None
394.044,76.772,1270.401,-1.712,5.838,58.74,-0.0158,8,Left,79.6,-1,-1,UNKNOWN,None
394.065,76.791,1270.74,-1.681,5.869,58.57,-0.0158,8,Left,79.26,-1,-1,UNKNOWN,None
394.082,76.804,1271.01,-1.658,5.892,58.47,-0.0158,8,Left,78.99,-1,-1,UNKNOWN,None
394.098,76.82,1271.279,-1.634,5.916,58.4,-0.0158,8,Left,78.72,-1,-1,UNKNOWN,None
394.107,76.836,1271.558,-1.61,5.94,58.36,-0.0158,8,Left,78.44,-1,-1,UNKNOWN,None
394.125,76.85,1271.704,-1.598,5.952,58.35,-0.0158,8,Left,78.3,-1,-1,UNKNOWN,None
394.133,76.868,1271.977,-1.575,5.975,58.35,-0.0158,8,Left,78.02,-1,-1,UNKNOWN,None
394.158,76.884,1272.249,-1.553,5.997,58.39,-0.0161,8,Left,77.75,-1,-1,UNKNOWN,None
394.175,76.9,1272.521,-1.531,6.019,58.44,-0.0161,8,Left,77.48,-1,-1,UNKNOWN,None
394.192,76.916,1272.792,-1.509,6.041,58.51,-0.0162,8,Left,77.21,-1,-1,UNKNOWN,None
394.192,76.932,1272.932,-1.498,6.052,58.56,-0.0162,8,Left,77.07,-1,-1,UNKNOWN,None
394.226,76.948,1273.345,-1.466,6.084,58.71,-0.0165,8,Left,76.65,-1,-1,UNKNOWN,None
394.243,76.964,1273.617,-1.446,6.104,58.83,-0.0168,8,Left,76.38,-1,-1,UNKNOWN,None
394.259,76.98,1273.889,-1.426,6.124,58.96,-0.0172,8,Left,76.11,-1,-1,UNKNOWN,None
394.268,76.996,1274.162,-1.406,6.144,59.1,-0.0181,8,Left,75.84,-1,-1,UNKNOWN,None
394.276,77.012,1274.298,-1.397,6.153,59.17,-0.0188,8,Left,75.7,-1,-1,UNKNOWN,None
394.301,77.028,1274.572,-1.378,6.172,59.32,-0.0193,8,Left,75.43,-1,-1,UNKNOWN,None
394.309,77.044,1274.847,-1.359,6.191,59.48,-0.0193,8,Left,75.15,-1,-1,UNKNOWN,None
394.326,77.06,1275.122,-1.34,6.21,59.65,-0.0193,8,Left,74.88,-1,-1,UNKNOWN,None
394.351,77.076,1275.398,-1.322,6.228,59.82,-0.0193,8,Left,74.6,-1,-1,UNKNOWN,None
394.368,77.092,1275.676,-1.305,6.245,60.0,-0.0193,8,Left,74.32,-1,-1,UNKNOWN,None
394.376,77.108,1275.953,-1.288,6.262,60.18,-0.0193,8,Left,74.05,-1,-1,UNKNOWN,None
394.393,77.124,1276.232,-1.271,6.279,60.36,-0.0193,8,Left,73.77,-1,-1,UNKNOWN,None
394.409,77.138,1276.512,-1.255,6.295,60.54,-0.0193,8,Left,73.49,-1,-1,UNKNOWN,None
394.434,77.156,1276.792,-1.239,6.311,60.7,-0.0193,8,Left,73.21,-1,-1,UNKNOWN,None
394.451,77.172,1277.074,-1.223,6.327,60.83,-0.0193,8,Left,72.93,-1,-1,UNKNOWN,None
394.461,77.188,1277.241,-1.214,6.336,60.9,-0.0193,8,Left,72.76,-1,-1,UNKNOWN,None
394.478,77.203,1277.538,-1.199,6.351,60.98,-0.0193,8,Left,72.46,-1,-1,UNKNOWN,None
394.495,77.219,1277.82,-1.184,6.366,61.0,-0.0193,8,Left,72.18,-1,-1,UNKNOWN,None
394.503,77.235,1278.102,-1.171,6.379,60.99,-0.0193,8,Left,71.9,-1,-1,UNKNOWN,None
394.52,77.251,1278.384,-1.157,6.393,60.94,-0.0193,8,Left,71.62,-1,-1,UNKNOWN,None
394.537,77.267,1278.665,-1.144,6.406,60.86,-0.0193,8,Left,71.33,-1,-1,UNKNOWN,None
394.554,77.283,1278.95,-1.132,6.418,60.75,-0.0193,8,Left,71.05,-1,-1,UNKNOWN,None
394.571,77.298,1279.239,-1.12,6.43,60.62,-0.0193,8,Left,70.76,-1,-1,UNKNOWN,None
394.591,77.316,1279.435,-1.112,6.438,60.51,-0.0193,8,Left,70.57,-1,-1,UNKNOWN,None
394.604,77.332,1279.658,-1.103,6.447,60.39,-0.0193,8,Left,70.34,-1,-1,UNKNOWN,None
394.614,77.348,1279.968,-1.092,6.458,60.19,-0.0193,8,Left,70.03,-1,-1,UNKNOWN,None
394.631,77.364,1280.246,-1.082,6.468,60.01,-0.0193,8,Left,69.75,-1,-1,UNKNOWN,None
394.656,77.38,1280.523,-1.073,6.477,59.81,-0.0193,8,Left,69.48,-1,-1,UNKNOWN,None
394.656,77.4,1280.661,-1.068,6.482,59.71,-0.0255,8,Left,69.34,-1,-1,UNKNOWN,None
394.673,77.412,1280.936,-1.06,6.49,59.5,-0.0255,8,Left,69.06,-1,-1,UNKNOWN,None
394.707,77.428,1281.37,-1.048,6.502,59.17,-0.0258,8,Left,68.63,-1,-1,UNKNOWN,None
394.716,77.444,1281.654,-1.041,6.509,58.97,-0.0258,8,Left,68.35,-1,-1,UNKNOWN,None
394.725,77.46,1281.842,-1.036,6.514,58.84,-0.0258,8,Left,68.16,-1,-1,UNKNOWN,None
394.736,77.476,1282.058,-1.032,6.518,58.71,-0.0258,8,Left,67.94,-1,-1,UNKNOWN,None
394.761,77.492,1282.384,-1.025,6.525,58.52,-0.0258,8,Left,67.62,-1,-1,UNKNOWN,None
394.787,77.508,1282.675,-1.02,6.53,58.39,-0.0258,8,Left,67.33,-1,-1,UNKNOWN,None
394.796,77.524,1282.944,-1.017,6.533,58.29,-0.0258,8,Left,67.06,-1,-1,UNKNOWN,None
394.804,77.54,1283.08,-1.015,6.535,58.25,-0.0258,8,Left,66.92,-1,-1,UNKNOWN,None
394.829,77.556,1283.35,-1.012,6.538,58.2,-0.0258,8,Left,66.65,-1,-1,UNKNOWN,None
394.837,77.572,1283.622,-1.01,6.54,58.19,-0.0258,8,Left,66.38,-1,-1,UNKNOWN,None
394.862,77.588,1283.891,-1.008,6.542,58.2,-0.0258,8,Left,66.11,-1,-1,UNKNOWN,None
394.879,77.604,1284.161,-1.007,6.543,58.23,-0.0258,8,Left,65.84,-1,-1,UNKNOWN,None
394.888,77.62,1284.436,-1.006,6.544,58.29,-0.0258,8,Left,65.56,-1,-1,UNKNOWN,None
394.905,77.636,1284.706,-1.007,6.543,58.36,-0.0258,8,Left,65.29,-1,-1,UNKNOWN,None
394.93,77.652,1284.977,-1.007,6.543,58.45,-0.0258,8,Left,65.02,-1,-1,UNKNOWN,None
394.946,77.668,1285.249,-1.009,6.541,58.56,-0.0258,8,Left,64.75,-1,-1,UNKNOWN,None
394.955,77.684,1285.52,-1.011,6.539,58.67,-0.0258,8,Left,64.48,-1,-1,UNKNOWN,None
394.971,77.7,1285.793,-1.014,6.536,58.8,-0.026,8,Left,64.21,-1,-1,UNKNOWN,None
394.988,77.716,1286.065,-1.017,6.533,58.94,-0.026,8,Left,63.93,-1,-1,UNKNOWN,None
394.996,77.732,1286.202,-1.019,6.531,59.01,-0.026,8,Left,63.8,-1,-1,UNKNOWN,None
395.021,77.748,1286.476,-1.024,6.526,59.17,-0.026,8,Left,63.52,-1,-1,UNKNOWN,None
395.038,77.764,1286.75,-1.029,6.521,59.33,-0.026,8,Left,63.25,-1,-1,UNKNOWN,None
395.046,77.78,1287.028,-1.035,6.515,59.49,-0.026,8,Left,62.97,-1,-1,UNKNOWN,None
395.071,77.796,1287.304,-1.041,6.509,59.66,-0.026,8,Left,62.7,-1,-1,UNKNOWN,None
395.088,77.812,1287.581,-1.049,6.501,59.84,-0.026,8,Left,62.42,-1,-1,UNKNOWN,None
395.105,77.828,1287.858,-1.057,6.493,60.02,-0.026,8,Left,62.14,-1,-1,UNKNOWN,None
395.113,77.844,1287.997,-1.061,6.489,60.11,-0.026,8,Left,62.0,-1,-1,UNKNOWN,None
395.138,77.86,1288.416,-1.074,6.476,60.38,-0.026,8,Left,61.58,-1,-1,UNKNOWN,None
395.155,77.876,1288.696,-1.084,6.466,60.54,-0.026,8,Left,61.3,-1,-1,UNKNOWN,None
395.163,77.892,1288.976,-1.095,6.455,60.67,-0.026,8,Left,61.02,-1,-1,UNKNOWN,None
395.171,77.908,1289.126,-1.101,6.449,60.73,-0.026,8,Left,60.87,-1,-1,UNKNOWN,None
395.197,77.924,1289.408,-1.113,6.437,60.81,-0.026,8,Left,60.59,-1,-1,UNKNOWN,None
395.214,77.94,1289.696,-1.126,6.424,60.84,-0.026,8,Left,60.3,-1,-1,UNKNOWN,None
395.232,77.956,1290.0,-1.14,6.41,60.83,-0.026,8,Left,60.0,-1,-1,UNKNOWN,None
395.24,77.972,1290.281,-1.154,6.396,60.78,-0.026,8,Left,59.72,-1,-1,UNKNOWN,None
395.257,77.988,1290.562,-1.169,6.381,60.7,-0.026,8,Left,59.44,-1,-1,UNKNOWN,None
395.274,78.004,1290.842,-1.184,6.366,60.59,-0.026,8,Left,59.16,-1,-1,UNKNOWN,None
395.29,78.02,1291.121,-1.2,6.35,60.46,-0.026,8,Left,58.88,-1,-1,UNKNOWN,None
395.307,78.036,1291.4,-1.216,6.334,60.31,-0.026,8,Left,58.6,-1,-1,UNKNOWN,None
395.324,78.052,1291.678,-1.234,6.316,60.14,-0.026,8,Left,58.32,-1,-1,UNKNOWN,None
395.34,78.068,1291.955,-1.251,6.299,59.96,-0.026,8,Left,58.04,-1,-1,UNKNOWN,None
395.357,78.084,1292.094,-1.261,6.289,59.87,-0.0082,8,Left,57.91,-1,-1,UNKNOWN,None
395.365,78.1,1292.369,-1.279,6.271,59.68,-0.0047,8,Left,57.63,-1,-1,UNKNOWN,None
395.391,78.116,1292.651,-1.298,6.252,59.48,-0.0012,8,Left,57.35,-1,-1,UNKNOWN,None
395.4,78.132,1292.936,-1.318,6.232,59.28,0.0025,8,Left,57.06,-1,-1,UNKNOWN,None
395.417,78.148,1293.209,-1.337,6.213,59.11,0.006,8,Left,56.79,-1,-1,UNKNOWN,None
395.442,78.164,1293.482,-1.357,6.193,58.94,0.0088,8,Left,56.52,-1,-1,UNKNOWN,None
395.458,78.18,1293.753,-1.376,6.174,58.8,0.0116,8,Left,56.25,-1,-1,UNKNOWN,None
395.467,78.195,1294.024,-1.396,6.154,58.67,0.0143,8,Left,55.98,-1,-1,UNKNOWN,None
395.492,78.211,1294.298,-1.417,6.133,58.57,0.0165,8,Left,55.7,-1,-1,UNKNOWN,None
395.492,78.227,1294.446,-1.427,6.123,58.53,0.0181,8,Left,55.55,-1,-1,UNKNOWN,None
395.519,78.243,1294.738,-1.449,6.101,58.48,0.0194,8,Left,55.26,-1,-1,UNKNOWN,None
395.537,78.259,1295.027,-1.471,6.079,58.46,0.0199,8,Left,54.97,-1,-1,UNKNOWN,None
395.553,78.275,1295.299,-1.491,6.059,58.47,0.0202,8,Left,54.7,-1,-1,UNKNOWN,None
395.57,78.292,1295.569,-1.511,6.039,58.51,0.0202,8,Left,54.43,-1,-1,UNKNOWN,None
395.579,78.308,1295.716,-1.522,6.028,58.54,0.0202,8,Left,54.28,-1,-1,UNKNOWN,None
395.595,78.324,1295.965,-1.541,6.009,58.6,0.0202,8,Left,54.04,-1,-1,UNKNOWN,None
395.614,78.34,1296.288,-1.565,5.985,58.7,0.0202,8,Left,53.71,-1,-1,UNKNOWN,None
395.623,78.356,1296.562,-1.586,5.964,58.81,0.0202,8,Left,53.44,-1,-1,UNKNOWN,None
395.649,78.372,1296.846,-1.606,5.944,58.93,0.0202,8,Left,53.15,-1,-1,UNKNOWN,None
395.649,78.388,1296.982,-1.616,5.934,58.99,0.0202,8,Left,53.02,-1,-1,UNKNOWN,None
395.682,78.404,1297.392,-1.646,5.904,59.2,0.0202,8,Left,52.61,-1,-1,UNKNOWN,None
395.699,78.42,1297.666,-1.666,5.884,59.34,0.0202,8,Left,52.33,-1,-1,UNKNOWN,None
395.707,78.436,1297.941,-1.685,5.865,59.5,0.0202,8,Left,52.06,-1,-1,UNKNOWN,None
395.724,78.452,1298.221,-1.705,5.845,59.66,0.0202,8,Left,51.78,-1,-1,UNKNOWN,None
395.732,78.468,1298.359,-1.714,5.836,59.75,0.0202,8,Left,51.64,-1,-1,UNKNOWN,None
395.766,78.487,1298.774,-1.742,5.808,60.01,0.0202,8,Left,51.23,-1,-1,UNKNOWN,None
395.774,78.5,1298.913,-1.752,5.798,60.1,0.0202,8,Left,51.09,-1,-1,UNKNOWN,None
395.782,78.516,1299.198,-1.77,5.78,60.28,0.0202,8,Left,50.8,-1,-1,UNKNOWN,None
395.791,78.532,1299.337,-1.779,5.771,60.36,0.0202,8,Left,50.66,-1,-1,UNKNOWN,None
395.816,78.548,1299.761,-1.806,5.744,60.59,0.0202,8,Left,50.24,-1,-1,UNKNOWN,None
395.841,78.564,1300.042,-1.824,5.726,60.72,0.0199,8,Left,49.96,-1,-1,UNKNOWN,None
395.858,78.58,1300.323,-1.84,5.71,60.84,0.0199,8,Left,49.68,-1,-1,UNKNOWN,None
395.866,78.596,1300.604,-1.857,5.693,60.95,0.0199,8,Left,49.4,-1,-1,UNKNOWN,None
395.883,78.612,1300.886,-1.873,5.677,61.04,0.0199,8,Left,49.11,-1,-1,UNKNOWN,None
395.891,78.628,1301.045,-1.882,5.668,61.07,0.0199,8,Left,48.95,-1,-1,UNKNOWN,None
395.918,78.644,1301.343,-1.898,5.652,61.11,0.0199,8,Left,48.66,-1,-1,UNKNOWN,None
395.935,78.66,1301.63,-1.913,5.637,61.1,0.0199,8,Left,48.37,-1,-1,UNKNOWN,None
395.952,78.676,1301.912,-1.928,5.622,61.05,0.0199,8,Left,48.09,-1,-1,UNKNOWN,None
395.969,78.692,1302.209,-1.942,5.608,60.97,0.0199,8,Left,47.79,-1,-1,UNKNOWN,None
395.979,78.708,1302.532,-1.958,5.592,60.84,0.0199,8,Left,47.47,-1,-1,UNKNOWN,None
395.998,78.724,1302.694,-1.965,5.585,60.77,0.0199,8,Left,47.31,-1,-1,UNKNOWN,None
396.007,78.74,1303.009,-1.979,5.571,60.6,0.0199,8,Left,46.99,-1,-1,UNKNOWN,None
396.035,78.754,1303.307,-1.992,5.558,60.43,0.0199,8,Left,46.69,-1,-1,UNKNOWN,None
396.051,78.772,1303.589,-2.003,5.547,60.25,0.0199,8,Left,46.41,-1,-1,UNKNOWN,None
396.06,78.788,1303.872,-2.014,5.536,60.06,0.0199,8,Left,46.13,-1,-1,UNKNOWN,None
396.077,78.804,1304.021,-2.02,5.53,59.95,0.0199,8,Left,45.98,-1,-1,UNKNOWN,None
396.094,78.82,1304.302,-2.03,5.52,59.74,0.0123,8,Left,45.7,-1,-1,UNKNOWN,None
396.111,78.836,1304.583,-2.04,5.51,59.53,0.0113,8,Left,45.42,-1,-1,UNKNOWN,None
396.12,78.859,1304.874,-2.05,5.5,59.32,0.0097,8,Left,45.13,-1,-1,UNKNOWN,None
396.146,78.868,1305.148,-2.059,5.491,59.12,0.0058,8,Left,44.85,-1,-1,UNKNOWN,None
396.155,78.884,1305.43,-2.067,5.483,58.94,0.0042,8,Left,44.57,-1,-1,UNKNOWN,None
396.171,78.9,1305.702,-2.075,5.475,58.78,0.0007,8,Left,44.3,-1,-1,UNKNOWN,None
396.188,78.916,1305.974,-2.083,5.467,58.64,-0.0028,8,Left,44.03,-1,-1,UNKNOWN,None
396.205,78.932,1306.245,-2.091,5.459,58.52,-0.006,8,Left,43.76,-1,-1,UNKNOWN,None
396.213,78.948,1306.384,-2.095,5.455,58.47,-0.0086,8,Left,43.62,-1,-1,UNKNOWN,None
396.239,78.964,1306.672,-2.103,5.447,58.4,-0.011,8,Left,43.33,-1,-1,UNKNOWN,None
396.256,78.98,1306.942,-2.11,5.44,58.36,-0.0126,8,Left,43.06,-1,-1,UNKNOWN,None
396.273,78.996,1307.212,-2.117,5.433,58.36,-0.0135,8,Left,42.79,-1,-1,UNKNOWN,None
396.289,79.012,1307.482,-2.124,5.426,58.38,-0.0142,8,Left,42.52,-1,-1,UNKNOWN,None
396.306,79.028,1307.753,-2.131,5.419,58.42,-0.0142,8,Left,42.25,-1,-1,UNKNOWN,None
396.323,79.044,1308.023,-2.138,5.412,58.48,-0.0142,8,Left,41.98,-1,-1,UNKNOWN,None
396.339,79.06,1308.294,-2.145,5.405,58.57,-0.0142,8,Left,41.71,-1,-1,UNKNOWN,None
396.348,79.076,1308.566,-2.153,5.397,58.67,-0.0142,8,Left,41.43,-1,-1,UNKNOWN,None
396.364,79.092,1308.838,-2.16,5.39,58.78,-0.0142,8,Left,41.16,-1,-1,UNKNOWN,None
396.381,79.108,1308.974,-2.163,5.387,58.84,-0.0139,8,Left,41.03,-1,-1,UNKNOWN,None
396.389,79.124,1309.249,-2.171,5.379,58.97,-0.0135,8,Left,40.75,-1,-1,UNKNOWN,None
396.414,79.14,1309.525,-2.178,5.372,59.11,-0.0127,8,Left,40.48,-1,-1,UNKNOWN,None
396.431,79.156,1309.799,-2.185,5.365,59.26,-0.0114,8,Left,40.2,-1,-1,UNKNOWN,None
396.439,79.172,1310.122,-2.194,5.356,59.44,-0.0095,8,Left,39.88,-1,-1,UNKNOWN,None
396.465,79.188,1310.351,-2.2,5.35,59.58,-0.0079,8,Left,39.65,-1,-1,UNKNOWN,None
396.481,79.203,1310.627,-2.208,5.342,59.75,-0.0056,8,Left,39.37,-1,-1,UNKNOWN,None
396.498,79.219,1310.904,-2.216,5.334,59.92,-0.0035,8,Left,39.1,-1,-1,UNKNOWN,None
396.506,79.235,1311.182,-2.223,5.327,60.1,-0.0012,8,Left,38.82,-1,-1,UNKNOWN,None
396.523,79.251,1311.461,-2.231,5.319,60.29,-0.0012,8,Left,38.54,-1,-1,UNKNOWN,None
396.54,79.267,1311.612,-2.236,5.314,60.38,0.0033,8,Left,38.39,-1,-1,UNKNOWN,None
396.558,79.283,1311.903,-2.244,5.306,60.57,0.0053,8,Left,38.1,-1,-1,UNKNOWN,None
396.574,79.3,1312.186,-2.252,5.298,60.75,0.0053,8,Left,37.81,-1,-1,UNKNOWN,None
396.591,79.316,1312.468,-2.26,5.29,60.92,0.0053,8,Left,37.53,-1,-1,UNKNOWN,None
396.608,79.332,1312.75,-2.268,5.282,61.08,0.0101,8,Left,37.25,-1,-1,UNKNOWN,None
396.624,79.348,1313.034,-2.275,5.275,61.22,0.0101,8,Left,36.97,-1,-1,UNKNOWN,None
396.641,79.364,1313.318,-2.283,5.267,61.35,0.0101,8,Left,36.68,-1,-1,UNKNOWN,None
396.65,79.38,1313.611,-2.291,5.259,61.45,0.0101,8,Left,36.39,-1,-1,UNKNOWN,None
396.667,79.396,1313.896,-2.299,5.251,61.52,0.0101,8,Left,36.1,-1,-1,UNKNOWN,None
396.683,79.412,1314.18,-2.307,5.243,61.54,0.0101,8,Left,35.82,-1,-1,UNKNOWN,None
396.7,79.428,1314.465,-2.314,5.236,61.52,0.0171,8,Left,35.53,-1,-1,UNKNOWN,None
396.717,79.444,1314.619,-2.318,5.232,61.5,0.0171,8,Left,35.38,-1,-1,UNKNOWN,None
396.734,79.46,1314.908,-2.325,5.225,61.43,0.0186,8,Left,35.09,-1,-1,UNKNOWN,None
396.752,79.476,1315.22,-2.333,5.217,61.32,0.019,8,Left,34.78,-1,-1,UNKNOWN,None
396.762,79.492,1315.525,-2.34,5.21,61.2,0.019,8,Left,34.48,-1,-1,UNKNOWN,None
396.779,79.508,1315.81,-2.347,5.203,61.06,0.019,8,Left,34.19,-1,-1,UNKNOWN,None
396.796,79.524,1316.092,-2.353,5.197,60.91,0.0194,8,Left,33.91,-1,-1,UNKNOWN,None
396.804,79.54,1316.256,-2.356,5.194,60.82,0.0194,8,Left,33.74,-1,-1,UNKNOWN,None
396.822,79.556,1316.537,-2.362,5.188,60.64,0.0194,8,Left,33.46,-1,-1,UNKNOWN,None
396.847,79.572,1316.817,-2.367,5.183,60.46,0.0194,8,Left,33.18,-1,-1,UNKNOWN,None
396.864,79.588,1317.096,-2.372,5.178,60.27,0.0194,8,Left,32.9,-1,-1,UNKNOWN,None
396.872,79.604,1317.374,-2.377,5.173,60.06,0.0194,8,Left,32.63,-1,-1,UNKNOWN,None
396.889,79.62,1317.651,-2.382,5.168,59.85,0.0194,8,Left,32.35,-1,-1,UNKNOWN,None
396.914,79.636,1317.928,-2.386,5.164,59.64,0.0194,8,Left,32.07,-1,-1,UNKNOWN,None
396.93,79.652,1318.203,-2.389,5.161,59.42,0.0194,8,Left,31.8,-1,-1,UNKNOWN,None
396.947,79.668,1318.477,-2.393,5.157,59.2,0.0194,8,Left,31.52,-1,-1,UNKNOWN,None
396.955,79.684,1318.751,-2.396,5.154,59.0,0.0194,8,Left,31.25,-1,-1,UNKNOWN,None
396.972,79.7,1319.023,-2.398,5.152,58.81,0.0194,8,Left,30.98,-1,-1,UNKNOWN,None
396.989,79.716,1319.295,-2.4,5.15,58.64,0.0194,8,Left,30.71,-1,-1,UNKNOWN,None
397.005,79.732,1319.43,-2.401,5.149,58.57,0.0194,8,Left,30.57,-1,-1,UNKNOWN,None
397.022,79.748,1319.701,-2.403,5.147,58.43,0.0194,8,Left,30.3,-1,-1,UNKNOWN,None
397.039,79.764,1319.971,-2.404,5.146,58.32,0.0194,8,Left,30.03,-1,-1,UNKNOWN,None
397.056,79.78,1320.253,-2.404,5.146,58.23,0.0194,8,Left,29.75,-1,-1,UNKNOWN,None
397.066,79.796,1320.569,-2.404,5.146,58.18,0.0194,8,Left,29.43,-1,-1,UNKNOWN,None
397.085,79.814,1320.858,-2.404,5.146,58.17,0.0194,8,Left,29.14,-1,-1,UNKNOWN,None
397.093,79.828,1321.006,-2.403,5.147,58.18,0.0194,8,Left,28.99,-1,-1,UNKNOWN,None
397.103,79.844,1321.15,-2.403,5.147,58.19,0.0194,8,Left,28.85,-1,-1,UNKNOWN,None
397.137,79.86,1321.568,-2.4,5.15,58.27,0.0193,8,Left,28.43,-1,-1,UNKNOWN,None
397.154,79.876,1321.839,-2.398,5.152,58.34,0.0187,8,Left,28.16,-1,-1,UNKNOWN,None
397.171,79.892,1322.11,-2.396,5.154,58.44,0.0183,8,Left,27.89,-1,-1,UNKNOWN,None
397.179,79.908,1322.387,-2.393,5.157,58.54,0.0177,8,Left,27.61,-1,-1,UNKNOWN,None
397.197,79.924,1322.542,-2.391,5.159,58.61,0.0167,8,Left,27.46,-1,-1,UNKNOWN,None
397.197,79.94,1322.691,-2.389,5.161,58.68,0.0155,8,Left,27.31,-1,-1,UNKNOWN,None
397.232,79.956,1323.11,-2.382,5.168,58.88,0.0139,8,Left,26.89,-1,-1,UNKNOWN,None
397.242,79.972,1323.409,-2.377,5.173,59.04,0.0117,8,Left,26.59,-1,-1,UNKNOWN,None
397.259,79.988,1323.687,-2.372,5.178,59.2,0.0095,8,Left,26.31,-1,-1,UNKNOWN,None
397.276,80.004,1323.965,-2.366,5.184,59.37,0.0058,8,Left,26.03,-1,-1,UNKNOWN,None
397.293,80.02,1324.108,-2.363,5.187,59.45,0.0018,8,Left,25.89,-1,-1,UNKNOWN,None
397.311,80.036,1324.416,-2.357,5.193,59.65,-0.0031,8,Left,25.58,-1,-1,UNKNOWN,None
397.328,80.052,1324.693,-2.351,5.199,59.82,-0.0072,8,Left,25.31,-1,-1,UNKNOWN,None
397.345,80.068,1324.971,-2.345,5.205,60.01,-0.0107,8,Left,25.03,-1,-1,UNKNOWN,None
397.345,80.084,1325.11,-2.342,5.208,60.1,-0.0107,8,Left,24.89,-1,-1,UNKNOWN,None
397.37,80.1,1325.528,-2.332,5.218,60.37,-0.0107,8,Left,24.47,-1,-1,UNKNOWN,None
397.386,80.116,1325.808,-2.326,5.224,60.53,-0.0107,8,Left,24.19,-1,-1,UNKNOWN,None
397.403,80.132,1326.091,-2.319,5.231,60.67,-0.0225,8,Left,23.91,-1,-1,UNKNOWN,None
397.412,80.148,1326.249,-2.316,5.234,60.74,-0.0225,8,Left,23.75,-1,-1,UNKNOWN,None
397.438,80.164,1326.537,-2.309,5.241,60.84,-0.0225,8,Left,23.46,-1,-1,UNKNOWN,None
397.438,80.18,1326.678,-2.306,5.244,60.88,-0.0225,8,Left,23.32,-1,-1,UNKNOWN,None
397.463,80.195,1327.122,-2.296,5.254,60.96,-0.0251,8,Left,22.88,-1,-1,UNKNOWN,None
397.482,80.211,1327.425,-2.29,5.26,60.96,-0.0251,8,Left,22.57,-1,-1,UNKNOWN,None
397.499,80.227,1327.708,-2.284,5.266,60.94,-0.0251,8,Left,22.29,-1,-1,UNKNOWN,None
397.507,80.243,1327.848,-2.282,5.268,60.92,-0.0251,8,Left,22.15,-1,-1,UNKNOWN,None
397.524,80.259,1328.13,-2.276,5.274,60.85,-0.0251,8,Left,21.87,-1,-1,UNKNOWN,None
397.54,80.275,1328.411,-2.271,5.279,60.76,-0.0251,8,Left,21.59,-1,-1,UNKNOWN,None
397.557,80.292,1328.693,-2.266,5.284,60.64,-0.0251,8,Left,21.31,-1,-1,UNKNOWN,None
397.582,80.308,1328.974,-2.262,5.288,60.5,-0.0251,8,Left,21.03,-1,-1,UNKNOWN,None
397.599,80.324,1329.254,-2.258,5.292,60.35,-0.0251,8,Left,20.75,-1,-1,UNKNOWN,None
397.616,80.34,1329.533,-2.254,5.296,60.18,-0.0251,8,Left,20.47,-1,-1,UNKNOWN,None
397.624,80.356,1329.861,-2.25,5.3,59.96,-0.0255,8,Left,20.14,-1,-1,UNKNOWN,None
397.646,80.372,1330.045,-2.248,5.302,59.84,-0.0258,8,Left,19.96,-1,-1,UNKNOWN,None
397.655,80.388,1330.321,-2.246,5.304,59.65,-0.026,8,Left,19.68,-1,-1,UNKNOWN,None
397.68,80.404,1330.596,-2.244,5.306,59.46,-0.0264,8,Left,19.4,-1,-1,UNKNOWN,None
397.696,80.42,1330.871,-2.242,5.308,59.29,-0.0264,8,Left,19.13,-1,-1,UNKNOWN,None
397.705,80.436,1331.145,-2.241,5.309,59.13,-0.0267,8,Left,18.86,-1,-1,UNKNOWN,None
397.73,80.452,1331.418,-2.241,5.309,58.99,-0.0267,8,Left,18.58,-1,-1,UNKNOWN,None
397.746,80.468,1331.691,-2.241,5.309,58.88,-0.0267,8,Left,18.31,-1,-1,UNKNOWN,None
397.763,80.484,1331.963,-2.241,5.309,58.79,-0.0267,8,Left,18.04,-1,-1,UNKNOWN,None
397.771,80.5,1332.235,-2.242,5.308,58.72,-0.0267,8,Left,17.77,-1,-1,UNKNOWN,None
397.788,80.516,1332.507,-2.244,5.306,58.69,-0.0267,8,Left,17.49,-1,-1,UNKNOWN,None
397.796,80.532,1332.645,-2.245,5.305,58.69,-0.0267,8,Left,17.35,-1,-1,UNKNOWN,None
397.822,80.548,1332.929,-2.248,5.302,58.7,-0.0267,8,Left,17.07,-1,-1,UNKNOWN,None
397.839,80.564,1333.2,-2.251,5.299,58.74,-0.0267,8,Left,16.8,-1,-1,UNKNOWN,None
397.856,80.58,1333.473,-2.255,5.295,58.8,-0.0267,8,Left,16.53,-1,-1,UNKNOWN,None
397.864,80.596,1333.745,-2.26,5.29,58.88,-0.0267,8,Left,16.25,-1,-1,UNKNOWN,None
397.889,80.612,1334.019,-2.265,5.285,58.97,-0.0267,8,Left,15.98,-1,-1,UNKNOWN,None
397.906,80.628,1334.294,-2.271,5.279,59.08,-0.0267,8,Left,15.71,-1,-1,UNKNOWN,None
397.915,80.644,1334.578,-2.277,5.273,59.2,-0.0267,8,Left,15.42,-1,-1,UNKNOWN,None
397.932,80.66,1334.865,-2.285,5.265,59.34,-0.0267,8,Left,15.14,-1,-1,UNKNOWN,None
397.949,80.676,1335.002,-2.289,5.261,59.41,-0.0267,8,Left,15.0,-1,-1,UNKNOWN,None
397.965,80.692,1335.278,-2.297,5.253,59.55,-0.0267,8,Left,14.72,-1,-1,UNKNOWN,None
397.982,80.708,1335.554,-2.306,5.244,59.7,-0.0264,8,Left,14.45,-1,-1,UNKNOWN,None
397.999,80.724,1335.83,-2.315,5.235,59.86,-0.0264,8,Left,14.17,-1,-1,UNKNOWN,None
398.007,80.74,1336.108,-2.326,5.224,60.03,-0.0264,8,Left,13.89,-1,-1,UNKNOWN,None
398.032,80.754,1336.386,-2.337,5.213,60.2,-0.0264,8,Left,13.61,-1,-1,UNKNOWN,None
398.032,80.772,1336.526,-2.342,5.208,60.29,-0.0264,8,Left,13.47,-1,-1,UNKNOWN,None
398.057,80.788,1336.945,-2.361,5.189,60.53,-0.0264,8,Left,13.05,-1,-1,UNKNOWN,None
398.074,80.804,1337.228,-2.374,5.176,60.67,-0.0264,8,Left,12.77,-1,-1,UNKNOWN,None
398.091,80.82,1337.514,-2.388,5.162,60.79,-0.0239,8,Left,12.49,-1,-1,UNKNOWN,None
398.107,80.836,1337.795,-2.403,5.147,60.88,-0.0239,8,Left,12.2,-1,-1,UNKNOWN,None
398.124,80.852,1338.077,-2.418,5.132,60.94,-0.0239,8,Left,11.92,-1,-1,UNKNOWN,None
398.141,80.868,1338.218,-2.426,5.124,60.96,-0.0204,8,Left,11.78,-1,-1,UNKNOWN,None
398.149,80.884,1338.5,-2.442,5.108,60.98,-0.0204,8,Left,11.5,-1,-1,UNKNOWN,None
398.175,80.9,1338.791,-2.459,5.091,60.96,-0.0204,8,Left,11.21,-1,-1,UNKNOWN,None
398.183,80.916,1339.073,-2.477,5.073,60.92,-0.0158,8,Left,10.93,-1,-1,UNKNOWN,None
398.208,80.932,1339.354,-2.495,5.055,60.84,-0.0158,8,Left,10.65,-1,-1,UNKNOWN,None
398.216,80.948,1339.634,-2.513,5.037,60.74,-0.0158,8,Left,10.37,-1,-1,UNKNOWN,None
398.225,80.964,1339.775,-2.523,5.027,60.68,-0.0111,8,Left,10.23,-1,-1,UNKNOWN,None
398.259,80.98,1340.209,-2.553,4.997,60.47,-0.0111,8,Left,9.79,-1,-1,UNKNOWN,None
398.267,80.996,1340.488,-2.573,4.977,60.31,-0.0111,8,Left,9.51,-1,-1,UNKNOWN,None
398.276,81.012,1340.643,-2.584,4.966,60.22,-0.0111,8,Left,9.36,-1,-1,UNKNOWN,Left_Broken
398.293,81.028,1340.933,-2.606,4.944,60.03,-0.0043,8,Left,9.07,-1,-1,UNKNOWN,None
398.32,81.044,1341.219,-2.627,4.923,59.84,-0.0024,8,Left,8.78,-1,-1,UNKNOWN,None
398.328,81.06,1341.495,-2.648,4.902,59.65,-0.0005,8,Left,8.51,-1,-1,UNKNOWN,None
398.345,81.076,1341.775,-2.67,4.88,59.46,0.0011,8,Left,8.22,-1,-1,UNKNOWN,None
398.362,81.094,1342.049,-2.692,4.858,59.28,0.0028,8,Left,7.95,-1,-1,UNKNOWN,None
398.378,81.106,1342.322,-2.714,4.836,59.12,0.0046,8,Left,7.68,-1,-1,UNKNOWN,None
398.395,81.124,1342.594,-2.736,4.814,58.98,0.006,8,Left,7.41,-1,-1,UNKNOWN,None
398.413,81.14,1342.757,-2.749,4.801,58.9,0.0076,8,Left,7.24,-1,-1,UNKNOWN,None
398.424,81.156,1343.067,-2.775,4.775,58.78,0.0091,8,Left,6.93,-1,-1,UNKNOWN,None
398.441,81.17,1343.203,-2.786,4.764,58.74,0.0104,8,Left,6.8,-1,-1,UNKNOWN,None
398.464,81.188,1343.576,-2.817,4.733,58.67,0.0111,8,Left,6.42,-1,-1,UNKNOWN,None
398.489,81.213,1343.982,-2.851,4.699,58.65,0.0116,8,Left,6.02,-1,-1,UNKNOWN,None
398.497,81.219,1344.117,-2.863,4.687,58.66,0.0123,8,Left,5.88,-1,-1,UNKNOWN,None
398.514,81.236,1344.388,-2.885,4.665,58.7,0.0123,8,Left,5.61,-1,-1,UNKNOWN,None
398.531,81.252,1344.668,-2.909,4.641,58.76,0.0123,8,Left,5.33,-1,-1,UNKNOWN,None
398.54,81.268,1344.953,-2.933,4.617,58.84,0.0123,8,Left,5.05,-1,-1,UNKNOWN,None
398.557,81.284,1345.225,-2.956,4.594,58.93,0.0123,8,Left,4.77,-1,-1,UNKNOWN,Left_Broken
398.565,81.304,1345.363,-2.968,4.582,58.98,0.0123,8,Left,4.64,-1,-1,UNKNOWN,None
398.59,81.317,1345.636,-2.991,4.559,59.1,0.0123,8,Left,4.36,-1,-1,UNKNOWN,None
398.607,81.333,1345.913,-3.014,4.536,59.23,0.0123,8,Left,4.09,-1,-1,UNKNOWN,None
398.615,81.349,1346.186,-3.037,4.513,59.36,0.0123,8,Left,3.81,-1,-1,UNKNOWN,None
398.634,81.365,1346.503,-3.063,4.487,59.53,0.0123,8,Left,3.5,-1,-1,UNKNOWN,None
398.652,81.381,1346.809,-3.089,4.461,59.71,0.0123,8,Left,3.19,-1,-1,UNKNOWN,None
398.672,81.397,1346.986,-3.103,4.447,59.81,0.0123,8,Left,3.01,-1,-1,UNKNOWN,None
398.692,81.413,1347.319,-3.13,4.42,60.01,0.012,8,Left,2.68,-1,-1,UNKNOWN,None
398.701,81.429,1347.597,-3.153,4.397,60.19,0.012,8,Left,2.4,-1,-1,UNKNOWN,None
398.726,81.445,1347.882,-3.176,4.374,60.36,0.012,8,Left,2.12,-1,-1,UNKNOWN,None
398.736,81.461,1348.042,-3.189,4.361,60.45,0.012,8,Left,1.96,-1,-1,UNKNOWN,None
398.754,81.477,1348.358,-3.214,4.336,60.61,0.012,8,Left,1.64,-1,-1,UNKNOWN,None
398.763,81.493,1348.669,-3.238,4.312,60.74,0.012,8,Left,1.33,-1,-1,UNKNOWN,None
398.79,81.509,1348.95,-3.26,4.29,60.83,0.012,8,Left,1.05,-1,-1,UNKNOWN,None
398.798,81.525,1349.091,-3.271,4.279,60.86,0.012,8,Left,0.91,-1,-1,UNKNOWN,None
398.815,81.541,1349.376,-3.292,4.258,60.88,0.012,8,Left,0.62,-1,-1,UNKNOWN,None
398.832,81.557,1349.659,-3.313,4.237,60.87,0.012,8,Left,0.34,-1,-1,UNKNOWN,None
398.848,81.573,1349.939,-3.334,4.216,60.83,0.012,8,Left,0.06,-1,-1,UNKNOWN,None
398.848,81.589,1350.08,-3.345,4.205,60.8,0.012,9,Left,149.92,-1,-1,UNKNOWN,None
398.882,81.605,1350.5,-3.375,4.175,60.66,0.012,9,Left,149.5,-1,-1,UNKNOWN,None
398.898,81.621,1350.78,-3.395,4.155,60.53,0.012,9,Left,149.22,-1,-1,UNKNOWN,None
398.908,81.637,1351.077,-3.416,4.134,60.38,0.012,9,Left,148.92,-1,-1,UNKNOWN,None
398.924,81.653,1351.356,-3.435,4.115,60.22,0.012,9,Left,148.64,-1,-1,UNKNOWN,None
398.941,81.669,1351.633,-3.454,4.096,60.05,0.012,9,Left,148.37,-1,-1,UNKNOWN,None
398.949,81.685,1351.772,-3.464,4.086,59.96,0.012,9,Left,148.23,-1,-1,UNKNOWN,None
398.974,81.701,1352.048,-3.482,4.068,59.77,0.012,9,Left,147.95,-1,-1,UNKNOWN,None
398.983,81.717,1352.323,-3.5,4.05,59.57,0.012,9,Left,147.68,-1,-1,UNKNOWN,None
398.999,81.733,1352.598,-3.518,4.032,59.38,0.012,9,Left,147.4,-1,-1,UNKNOWN,None
399.008,81.749,1352.754,-3.528,4.022,59.27,0.012,9,Left,147.25,-1,-1,UNKNOWN,None
399.036,81.765,1353.2,-3.556,3.994,58.97,0.0117,9,Left,146.8,-1,-1,UNKNOWN,None
399.055,81.781,1353.374,-3.566,3.984,58.86,0.0113,9,Left,146.63,-1,-1,UNKNOWN,None
399.075,81.797,1353.7,-3.586,3.964,58.68,0.0107,9,Left,146.3,-1,-1,UNKNOWN,None
399.085,81.813,1354.001,-3.604,3.946,58.54,0.0097,9,Left,146.0,-1,-1,UNKNOWN,None
399.103,81.829,1354.158,-3.613,3.937,58.48,0.0084,9,Left,145.84,-1,-1,UNKNOWN,None
399.121,81.845,1354.446,-3.629,3.921,58.4,0.0069,9,Left,145.55,-1,-1,UNKNOWN,None
399.121,81.861,1354.581,-3.637,3.913,58.37,0.0056,9,Left,145.42,-1,-1,UNKNOWN,None
399.155,81.877,1354.993,-3.66,3.89,58.34,0.0046,9,Left,145.01,-1,-1,UNKNOWN,None
399.172,81.893,1355.262,-3.675,3.875,58.35,0.004,9,Left,144.74,-1,-1,UNKNOWN,None
399.18,81.909,1355.56,-3.691,3.859,58.39,0.0034,9,Left,144.44,-1,-1,UNKNOWN,None
399.2,81.925,1355.715,-3.699,3.851,58.42,0.0033,9,Left,144.28,-1,-1,UNKNOWN,None
399.209,81.941,1356.016,-3.715,3.835,58.51,0.0033,9,Left,143.98,-1,-1,UNKNOWN,None
399.227,81.957,1356.321,-3.73,3.82,58.61,0.0033,9,Left,143.68,-1,-1,UNKNOWN,None
399.237,81.973,1356.467,-3.738,3.812,58.66,0.0033,9,Left,143.53,-1,-1,UNKNOWN,None
399.263,81.989,1356.747,-3.752,3.798,58.78,0.0033,9,Left,143.25,-1,-1,UNKNOWN,None
399.28,82.005,1357.023,-3.766,3.784,58.91,0.0033,9,Left,142.98,-1,-1,UNKNOWN,None
399.297,82.021,1357.296,-3.779,3.771,59.05,0.0033,9,Left,142.7,-1,-1,UNKNOWN,None
399.313,82.037,1357.57,-3.793,3.757,59.19,0.0033,9,Left,142.43,-1,-1,UNKNOWN,None
399.331,82.053,1357.869,-3.807,3.743,59.36,0.0033,9,Left,142.13,-1,-1,UNKNOWN,None
399.348,82.069,1358.149,-3.82,3.73,59.53,0.0033,9,Left,141.85,-1,-1,UNKNOWN,None
399.357,82.085,1358.427,-3.833,3.717,59.7,0.0033,9,Left,141.57,-1,-1,UNKNOWN,None
399.382,82.103,1358.712,-3.846,3.704,59.88,0.0033,9,Left,141.29,-1,-1,UNKNOWN,None
399.391,82.117,1358.851,-3.852,3.698,59.97,0.0033,9,Left,141.15,-1,-1,UNKNOWN,None
399.399,82.133,1359.129,-3.865,3.685,60.15,0.0033,9,Left,140.87,-1,-1,UNKNOWN,None
399.424,82.149,1359.408,-3.878,3.672,60.33,0.0033,9,Left,140.59,-1,-1,UNKNOWN,None
399.441,82.165,1359.687,-3.89,3.66,60.51,0.0033,9,Left,140.31,-1,-1,UNKNOWN,None
399.449,82.181,1359.968,-3.902,3.648,60.67,0.0033,9,Left,140.03,-1,-1,UNKNOWN,None
399.474,82.197,1360.249,-3.914,3.636,60.8,0.0033,9,Left,139.75,-1,-1,UNKNOWN,None
399.491,82.212,1360.531,-3.926,3.624,60.9,0.0033,9,Left,139.47,-1,-1,UNKNOWN,None
399.499,82.228,1360.816,-3.939,3.611,60.96,0.0033,9,Left,139.18,-1,-1,UNKNOWN,None
399.516,82.244,1361.103,-3.951,3.599,60.98,0.0033,9,Left,138.9,-1,-1,UNKNOWN,None
399.533,82.26,1361.244,-3.956,3.594,60.97,0.0033,9,Left,138.76,-1,-1,UNKNOWN,None
399.549,82.276,1361.526,-3.968,3.582,60.92,0.0033,9,Left,138.47,-1,-1,UNKNOWN,None
399.567,82.293,1361.816,-3.98,3.57,60.84,0.0033,9,Left,138.18,-1,-1,UNKNOWN,None
399.585,82.309,1362.118,-3.992,3.558,60.73,0.0033,9,Left,137.88,-1,-1,UNKNOWN,None
399.603,82.325,1362.434,-4.005,3.545,60.59,0.0033,9,Left,137.57,-1,-1,UNKNOWN,None
399.612,82.341,1362.728,-4.016,3.534,60.43,0.0033,9,Left,137.27,-1,-1,UNKNOWN,None
399.63,82.357,1362.886,-4.023,3.527,60.34,0.0025,9,Left,137.11,-1,-1,UNKNOWN,None
399.647,82.373,1363.165,-4.034,3.516,60.16,0.0025,9,Left,136.84,-1,-1,UNKNOWN,None
399.655,82.389,1363.443,-4.044,3.506,59.98,0.0018,9,Left,136.56,-1,-1,UNKNOWN,None
399.68,82.405,1363.719,-4.055,3.495,59.8,0.0017,9,Left,136.28,-1,-1,UNKNOWN,None
399.68,82.421,1363.861,-4.06,3.49,59.7,0.0017,9,Left,136.14,-1,-1,UNKNOWN,None
399.714,82.437,1364.274,-4.076,3.474,59.44,0.0017,9,Left,135.73,-1,-1,UNKNOWN,None
399.731,82.453,1364.548,-4.086,3.464,59.27,0.0017,9,Left,135.45,-1,-1,UNKNOWN,None
399.748,82.469,1364.829,-4.097,3.453,59.12,0.0017,9,Left,135.17,-1,-1,UNKNOWN,None
399.756,82.485,1365.109,-4.107,3.443,58.99,0.0017,9,Left,134.89,-1,-1,UNKNOWN,None
399.774,82.501,1365.26,-4.113,3.437,58.93,0.0017,9,Left,134.74,-1,-1,UNKNOWN,None
399.782,82.517,1365.532,-4.123,3.427,58.85,0.0017,9,Left,134.47,-1,-1,UNKNOWN,None
399.791,82.533,1365.668,-4.128,3.422,58.82,0.0017,9,Left,134.33,-1,-1,UNKNOWN,None
399.816,82.549,1366.076,-4.142,3.408,58.76,0.0017,9,Left,133.92,-1,-1,UNKNOWN,None
399.832,82.565,1366.371,-4.153,3.397,58.77,0.0017,9,Left,133.63,-1,-1,UNKNOWN,None
399.859,82.581,1366.651,-4.163,3.387,58.8,0.0017,9,Left,133.35,-1,-1,UNKNOWN,None
399.869,82.597,1366.808,-4.169,3.381,58.83,0.0017,9,Left,133.19,-1,-1,UNKNOWN,None
399.891,82.613,1367.163,-4.181,3.369,58.92,0.0017,9,Left,132.84,-1,-1,UNKNOWN,None
399.907,82.629,1367.44,-4.191,3.359,59.01,0.0017,9,Left,132.56,-1,-1,UNKNOWN,None
399.924,82.645,1367.714,-4.2,3.35,59.11,0.0017,9,Left,132.29,-1,-1,UNKNOWN,None
399.932,82.661,1367.993,-4.21,3.34,59.23,0.0017,9,Left,132.01,-1,-1,UNKNOWN,None
399.949,82.677,1368.13,-4.214,3.336,59.29,0.0017,9,Left,131.87,-1,-1,UNKNOWN,None
399.967,82.693,1368.426,-4.224,3.326,59.43,0.0017,9,Left,131.57,-1,-1,UNKNOWN,None
399.985,82.709,1368.719,-4.234,3.316,59.59,0.0017,9,Left,131.28,-1,-1,UNKNOWN,None
400.002,82.727,1368.995,-4.244,3.306,59.74,0.0017,9,Left,131.0,-1,-1,UNKNOWN,None
400.011,82.741,1369.322,-4.255,3.295,59.93,0.0017,9,Left,130.68,-1,-1,UNKNOWN,None
400.021,82.757,1369.468,-4.259,3.291,60.02,0.0017,9,Left,130.53,-1,-1,UNKNOWN,None
400.04,82.773,1369.805,-4.271,3.279,60.22,0.0017,9,Left,130.19,-1,-1,UNKNOWN,None
400.067,82.789,1370.088,-4.28,3.27,60.38,0.0017,9,Left,129.91,-1,-1,UNKNOWN,None
400.084,82.805,1370.368,-4.289,3.261,60.53,0.0017,9,Left,129.63,-1,-1,UNKNOWN,None
400.094,82.821,1370.536,-4.295,3.255,60.6,0.0002,9,Left,129.46,-1,-1,UNKNOWN,None
400.104,82.837,1370.849,-4.305,3.245,60.72,-0.0005,9,Left,129.15,-1,-1,UNKNOWN,None
400.129,82.851,1371.13,-4.314,3.236,60.82,-0.0005,9,Left,128.87,-1,-1,UNKNOWN,None
400.137,82.869,1371.413,-4.323,3.227,60.89,-0.0005,9,Left,128.59,-1,-1,UNKNOWN,None
400.155,82.885,1371.702,-4.332,3.218,60.93,-0.0005,9,Left,128.3,-1,-1,UNKNOWN,None
400.172,82.901,1371.995,-4.342,3.208,60.94,-0.0052,9,Left,128.0,-1,-1,UNKNOWN,None
400.18,82.917,1372.145,-4.347,3.203,60.93,-0.0052,9,Left,127.85,-1,-1,UNKNOWN,None
400.208,82.931,1372.464,-4.357,3.193,60.89,-0.0052,9,Left,127.54,-1,-1,UNKNOWN,None
400.228,82.949,1372.802,-4.368,3.182,60.8,-0.0052,9,Left,127.2,-1,-1,UNKNOWN,None
400.246,82.965,1373.098,-4.378,3.172,60.69,-0.0052,9,Left,126.9,-1,-1,UNKNOWN,None
400.254,82.981,1373.238,-4.383,3.167,60.63,-0.0052,9,Left,126.76,-1,-1,UNKNOWN,None
400.262,82.997,1373.519,-4.392,3.158,60.49,-0.0052,9,Left,126.48,-1,-1,UNKNOWN,None
400.279,83.011,1373.804,-4.401,3.149,60.33,-0.0052,9,Left,126.2,-1,-1,UNKNOWN,None
400.296,83.029,1374.086,-4.411,3.139,60.16,-0.0052,9,Left,125.91,-1,-1,UNKNOWN,None
400.313,83.045,1374.363,-4.42,3.13,59.98,-0.0052,9,Left,125.64,-1,-1,UNKNOWN,None
400.321,83.061,1374.502,-4.425,3.125,59.88,-0.0079,9,Left,125.5,-1,-1,UNKNOWN,None
400.347,83.077,1374.79,-4.435,3.115,59.67,-0.0079,9,Left,125.21,-1,-1,UNKNOWN,None
400.368,83.093,1375.146,-4.447,3.103,59.42,-0.0079,9,Left,124.85,-1,-1,UNKNOWN,None
400.388,83.109,1375.464,-4.459,3.091,59.2,-0.0078,9,Left,124.54,-1,-1,UNKNOWN,None
400.396,83.125,1375.737,-4.468,3.082,59.02,-0.0072,9,Left,124.26,-1,-1,UNKNOWN,None
400.404,83.142,1375.874,-4.473,3.077,58.94,-0.0065,9,Left,124.13,-1,-1,UNKNOWN,None
400.421,83.157,1376.146,-4.483,3.067,58.79,-0.006,9,Left,123.85,-1,-1,UNKNOWN,Left_Broken
400.446,83.173,1376.417,-4.493,3.057,58.66,-0.0053,9,Left,123.58,-1,-1,UNKNOWN,None
400.463,83.189,1376.691,-4.503,3.047,58.56,-0.0047,9,Left,123.31,-1,-1,UNKNOWN,None
400.471,83.204,1376.963,-4.513,3.037,58.49,-0.0044,9,Left,123.04,-1,-1,UNKNOWN,None
400.488,83.22,1377.234,-4.524,3.026,58.45,-0.0043,9,Left,122.77,-1,-1,UNKNOWN,None
400.506,83.236,1377.525,-4.535,3.015,58.44,-0.0043,9,Left,122.47,-1,-1,UNKNOWN,None
400.531,83.252,1377.8,-4.545,3.005,58.46,-0.0043,9,Left,122.2,-1,-1,UNKNOWN,None
400.54,83.268,1378.08,-4.556,2.994,58.5,-0.0043,9,Left,121.92,-1,-1,UNKNOWN,None
400.558,83.284,1378.242,-4.563,2.987,58.54,-0.0043,9,Left,121.76,-1,-1,UNKNOWN,None
400.567,83.301,1378.513,-4.573,2.977,58.61,-0.0043,9,Left,121.49,-1,-1,UNKNOWN,None
400.583,83.317,1378.785,-4.584,2.966,58.71,-0.0043,9,Left,121.22,-1,-1,UNKNOWN,None
400.592,83.333,1378.921,-4.59,2.96,58.76,-0.0043,9,Left,121.08,-1,-1,UNKNOWN,None
400.592,83.353,1378.921,-4.59,2.96,58.76,-0.0043,9,Left,121.08,-1,-1,UNKNOWN,None
400.617,83.365,1379.329,-4.606,2.944,58.93,-0.0043,9,Left,120.67,-1,-1,UNKNOWN,None
400.65,83.379,1379.876,-4.629,2.921,59.2,-0.0043,9,Left,120.12,-1,-1,UNKNOWN,None
400.675,83.397,1380.15,-4.641,2.909,59.35,-0.0043,9,Left,119.85,-1,-1,UNKNOWN,None
400.683,83.413,1380.425,-4.652,2.898,59.51,-0.0043,9,Left,119.57,-1,-1,UNKNOWN,Left_Broken
400.708,83.429,1380.701,-4.664,2.886,59.67,-0.0043,9,Left,119.3,-1,-1,UNKNOWN,None
400.717,83.445,1380.978,-4.676,2.874,59.84,-0.0043,9,Left,119.02,-1,-1,UNKNOWN,None
400.734,83.461,1381.124,-4.683,2.867,59.94,-0.0043,9,Left,118.88,-1,-1,UNKNOWN,None
400.751,83.479,1381.544,-4.701,2.849,60.21,-0.0043,9,Left,118.46,-1,-1,UNKNOWN,None
400.767,83.493,1381.684,-4.708,2.842,60.3,-0.0043,9,Left,118.32,-1,-1,UNKNOWN,None
400.776,83.509,1381.974,-4.721,2.829,60.49,-0.0043,9,Left,118.03,-1,-1,UNKNOWN,None
400.785,83.525,1382.134,-4.728,2.822,60.6,-0.0043,9,Left,117.87,-1,-1,UNKNOWN,None
400.806,83.541,1382.479,-4.744,2.806,60.82,-0.0043,9,Left,117.52,-1,-1,UNKNOWN,None
400.815,83.557,1382.619,-4.75,2.8,60.9,-0.0043,9,Left,117.38,-1,-1,UNKNOWN,None
400.848,83.573,1383.047,-4.77,2.78,61.13,-0.0043,9,Left,116.95,-1,-1,UNKNOWN,None
400.857,83.589,1383.344,-4.784,2.766,61.24,-0.0043,9,Left,116.66,-1,-1,UNKNOWN,None
400.883,83.605,1383.634,-4.798,2.752,61.33,-0.0043,9,Left,116.37,-1,-1,UNKNOWN,None
400.9,83.621,1383.927,-4.812,2.738,61.38,-0.0043,9,Left,116.07,-1,-1,UNKNOWN,None
400.9,83.637,1384.096,-4.82,2.73,61.4,-0.0043,9,Left,115.9,-1,-1,UNKNOWN,None
400.929,83.653,1384.419,-4.836,2.714,61.38,-0.0043,9,Left,115.58,-1,-1,UNKNOWN,None
400.937,83.669,1384.707,-4.85,2.7,61.33,-0.0043,9,Left,115.29,-1,-1,UNKNOWN,None
400.962,83.685,1384.99,-4.864,2.686,61.25,-0.0043,9,Left,115.01,-1,-1,UNKNOWN,None
400.979,83.701,1385.273,-4.878,2.672,61.14,-0.0043,9,Left,114.73,-1,-1,UNKNOWN,None
400.987,83.717,1385.555,-4.892,2.658,61.02,-0.0043,9,Left,114.44,-1,-1,UNKNOWN,None
401.004,83.733,1385.837,-4.907,2.643,60.87,-0.0043,9,Left,114.16,-1,-1,UNKNOWN,None
401.021,83.749,1386.118,-4.921,2.629,60.71,-0.0043,9,Left,113.88,-1,-1,UNKNOWN,None
401.037,83.765,1386.398,-4.936,2.614,60.53,-0.0043,9,Left,113.6,-1,-1,UNKNOWN,None
401.046,83.781,1386.541,-4.943,2.607,60.43,-0.0043,9,Left,113.46,-1,-1,UNKNOWN,None
401.071,83.797,1386.82,-4.958,2.592,60.24,-0.0043,9,Left,113.18,-1,-1,UNKNOWN,None
401.079,83.813,1387.097,-4.972,2.578,60.04,-0.0043,9,Left,112.9,-1,-1,UNKNOWN,None
401.106,83.829,1387.409,-4.989,2.561,59.8,0.0021,9,Left,112.59,-1,-1,UNKNOWN,None
401.115,83.845,1387.694,-5.004,2.546,59.58,0.0037,9,Left,112.31,-1,-1,UNKNOWN,None
401.14,83.861,1387.968,-5.018,2.532,59.37,0.0056,9,Left,112.03,-1,-1,UNKNOWN,None
401.155,83.877,1388.214,-5.031,2.519,59.19,0.0075,9,Left,111.79,-1,-1,UNKNOWN,None
401.155,83.893,1388.494,-5.046,2.504,59.0,0.0092,9,Left,111.51,-1,-1,UNKNOWN,None
401.183,83.909,1388.671,-5.055,2.495,58.89,0.0109,9,Left,111.33,-1,-1,UNKNOWN,None
401.204,83.925,1389.005,-5.073,2.477,58.71,0.0127,9,Left,110.99,-1,-1,UNKNOWN,None
401.212,83.941,1389.276,-5.087,2.463,58.58,0.0146,9,Left,110.72,-1,-1,UNKNOWN,None
401.229,83.957,1389.546,-5.101,2.449,58.49,0.016,9,Left,110.45,-1,-1,UNKNOWN,None
401.245,83.973,1389.817,-5.114,2.436,58.42,0.0169,9,Left,110.18,-1,-1,UNKNOWN,None
401.27,83.989,1390.087,-5.128,2.422,58.39,0.0171,9,Left,109.91,-1,-1,UNKNOWN,None
401.279,84.005,1390.222,-5.134,2.416,58.39,0.0171,9,Left,109.78,-1,-1,UNKNOWN,None
401.295,84.021,1390.492,-5.148,2.402,58.4,0.0171,9,Left,109.51,-1,-1,UNKNOWN,None
401.304,84.037,1390.762,-5.161,2.389,58.44,0.0171,9,Left,109.24,-1,-1,UNKNOWN,None
401.329,84.053,1391.032,-5.173,2.377,58.49,0.0169,9,Left,108.97,-1,-1,UNKNOWN,None
401.329,84.069,1391.168,-5.18,2.37,58.53,0.0169,9,Left,108.83,-1,-1,UNKNOWN,None
401.354,84.085,1391.586,-5.199,2.351,58.67,0.0169,9,Left,108.41,-1,-1,UNKNOWN,None
401.373,84.101,1391.748,-5.206,2.344,58.73,0.0165,9,Left,108.25,-1,-1,UNKNOWN,None
401.392,84.117,1392.056,-5.22,2.33,58.86,0.016,9,Left,107.94,-1,-1,UNKNOWN,None
401.408,84.133,1392.329,-5.231,2.319,58.99,0.0148,9,Left,107.67,-1,-1,UNKNOWN,None
401.408,84.149,1392.465,-5.237,2.313,59.06,0.0148,9,Left,107.53,-1,-1,UNKNOWN,None
401.433,84.165,1392.882,-5.254,2.296,59.28,0.0117,9,Left,107.12,-1,-1,UNKNOWN,None
401.459,84.181,1393.163,-5.266,2.284,59.44,0.0101,9,Left,106.84,-1,-1,UNKNOWN,None
401.467,84.196,1393.447,-5.277,2.273,59.61,0.0081,9,Left,106.55,-1,-1,UNKNOWN,None
401.485,84.212,1393.591,-5.283,2.267,59.69,0.0062,9,Left,106.41,-1,-1,UNKNOWN,None
401.502,84.228,1393.873,-5.293,2.257,59.87,0.0042,9,Left,106.13,-1,-1,UNKNOWN,None
401.519,84.244,1394.16,-5.304,2.246,60.05,0.0023,9,Left,105.84,-1,-1,UNKNOWN,None
401.519,84.26,1394.306,-5.31,2.24,60.15,0.0023,9,Left,105.69,-1,-1,UNKNOWN,None
401.555,84.276,1394.767,-5.327,2.223,60.44,0.0023,9,Left,105.23,-1,-1,UNKNOWN,None
401.565,84.293,1394.927,-5.332,2.218,60.53,0.0023,9,Left,105.07,-1,-1,UNKNOWN,None
401.584,84.31,1395.245,-5.344,2.206,60.68,0.0023,9,Left,104.75,-1,-1,UNKNOWN,None
401.601,84.325,1395.536,-5.354,2.196,60.79,0.0023,9,Left,104.46,-1,-1,UNKNOWN,None
401.601,84.341,1395.676,-5.359,2.191,60.82,-0.0068,9,Left,104.32,-1,-1,UNKNOWN,None
401.618,84.357,1395.958,-5.368,2.182,60.87,-0.0068,9,Left,104.04,-1,-1,UNKNOWN,None
401.643,84.373,1396.401,-5.383,2.167,60.88,-0.0068,9,Left,103.6,-1,-1,UNKNOWN,None
401.652,84.389,1396.566,-5.389,2.161,60.86,-0.0068,9,Left,103.43,-1,-1,UNKNOWN,None
401.68,84.405,1396.864,-5.399,2.151,60.79,-0.0068,9,Left,103.14,-1,-1,UNKNOWN,None
401.688,84.421,1397.145,-5.408,2.142,60.7,-0.0068,9,Left,102.85,-1,-1,UNKNOWN,None
401.713,84.437,1397.426,-5.418,2.132,60.58,-0.0091,9,Left,102.57,-1,-1,UNKNOWN,None
401.721,84.453,1397.705,-5.427,2.123,60.45,-0.0091,9,Left,102.29,-1,-1,UNKNOWN,None
401.74,84.469,1397.883,-5.433,2.117,60.36,-0.0091,9,Left,102.12,-1,-1,UNKNOWN,None
401.759,84.485,1398.193,-5.444,2.106,60.2,-0.0091,9,Left,101.81,-1,-1,UNKNOWN,None
401.759,84.501,1398.332,-5.448,2.102,60.11,-0.0091,9,Left,101.67,-1,-1,UNKNOWN,None
401.784,84.517,1398.748,-5.463,2.087,59.85,-0.0088,9,Left,101.25,-1,-1,UNKNOWN,None
401.809,84.533,1399.024,-5.472,2.078,59.67,-0.0086,9,Left,100.98,-1,-1,UNKNOWN,None
401.817,84.549,1399.305,-5.482,2.068,59.48,-0.0086,9,Left,100.69,-1,-1,UNKNOWN,None
401.834,84.565,1399.58,-5.491,2.059,59.3,-0.0084,9,Left,100.42,-1,-1,UNKNOWN,None
401.859,84.581,1399.854,-5.501,2.049,59.13,-0.0084,9,Left,100.15,-1,-1,UNKNOWN,None
401.868,84.597,1400.133,-5.511,2.039,58.98,-0.0084,9,Left,99.87,-1,-1,UNKNOWN,None
401.884,84.613,1400.405,-5.52,2.03,58.85,-0.0084,9,Left,99.59,-1,-1,UNKNOWN,None
401.901,84.629,1400.677,-5.53,2.02,58.74,-0.0084,9,Left,99.32,-1,-1,UNKNOWN,None
401.918,84.645,1400.813,-5.535,2.015,58.7,-0.0084,9,Left,99.19,-1,-1,UNKNOWN,None
401.926,84.661,1401.084,-5.545,2.005,58.63,-0.0084,9,Left,98.92,-1,-1,UNKNOWN,None
401.943,84.677,1401.355,-5.555,1.995,58.59,-0.0084,9,Left,98.65,-1,-1,UNKNOWN,None
401.959,84.693,1401.626,-5.566,1.984,58.59,-0.0084,9,Left,98.37,-1,-1,UNKNOWN,None
401.968,84.709,1401.761,-5.571,1.979,58.6,-0.0084,9,Left,98.24,-1,-1,UNKNOWN,None
401.993,84.725,1402.168,-5.587,1.963,58.65,-0.0084,9,Left,97.83,-1,-1,UNKNOWN,None
402.018,84.741,1402.44,-5.598,1.952,58.72,-0.0082,9,Left,97.56,-1,-1,UNKNOWN,None
402.026,84.757,1402.74,-5.61,1.94,58.81,-0.0079,9,Left,97.26,-1,-1,UNKNOWN,None
402.045,84.773,1403.013,-5.621,1.929,58.91,-0.0078,9,Left,96.99,-1,-1,UNKNOWN,None
402.063,84.789,1403.184,-5.628,1.922,58.98,-0.0072,9,Left,96.82,-1,-1,UNKNOWN,None
402.08,84.805,1403.464,-5.64,1.91,59.11,-0.0065,9,Left,96.54,-1,-1,UNKNOWN,None
402.089,84.821,1403.738,-5.651,1.899,59.24,-0.0056,9,Left,96.26,-1,-1,UNKNOWN,None
402.114,84.837,1404.013,-5.663,1.887,59.38,-0.0044,9,Left,95.99,-1,-1,UNKNOWN,None
402.131,84.853,1404.301,-5.676,1.874,59.54,-0.0033,9,Left,95.7,-1,-1,UNKNOWN,None
402.148,84.869,1404.577,-5.688,1.862,59.7,-0.0021,9,Left,95.42,-1,-1,UNKNOWN,None
402.156,84.885,1404.854,-5.7,1.85,59.86,-0.0009,9,Left,95.15,-1,-1,UNKNOWN,None
402.173,84.901,1405.132,-5.713,1.837,60.04,0.0005,9,Left,94.87,-1,-1,UNKNOWN,None
402.19,84.917,1405.271,-5.719,1.831,60.12,0.0005,9,Left,94.73,-1,-1,UNKNOWN,None
402.198,84.933,1405.549,-5.731,1.819,60.3,0.0005,9,Left,94.45,-1,-1,UNKNOWN,None
402.223,84.949,1405.829,-5.744,1.806,60.46,0.0005,9,Left,94.17,-1,-1,UNKNOWN,None
402.241,84.965,1406.134,-5.758,1.792,60.61,0.0005,9,Left,93.87,-1,-1,UNKNOWN,None
402.249,84.981,1406.415,-5.771,1.779,60.72,0.0005,9,Left,93.59,-1,-1,UNKNOWN,None
402.258,84.997,1406.555,-5.778,1.772,60.76,0.0005,9,Left,93.44,-1,-1,UNKNOWN,None
402.291,85.013,1406.98,-5.797,1.753,60.82,0.0005,9,Left,93.02,-1,-1,UNKNOWN,None
402.3,85.029,1407.266,-5.811,1.739,60.81,0.0005,9,Left,92.73,-1,-1,UNKNOWN,None
402.308,85.045,1407.428,-5.818,1.732,60.78,0.0005,9,Left,92.57,-1,-1,UNKNOWN,None
402.334,85.061,1407.709,-5.832,1.718,60.71,0.0005,9,Left,92.29,-1,-1,UNKNOWN,None
402.351,85.077,1407.994,-5.845,1.705,60.62,0.0005,9,Left,92.01,-1,-1,UNKNOWN,None
402.368,85.093,1408.278,-5.859,1.691,60.49,0.0005,9,Left,91.72,-1,-1,UNKNOWN,None
402.377,85.109,1408.581,-5.873,1.677,60.34,0.0005,9,Left,91.42,-1,-1,UNKNOWN,None
402.403,85.125,1408.86,-5.887,1.663,60.18,0.0005,9,Left,91.14,-1,-1,UNKNOWN,None
402.42,85.141,1409.142,-5.9,1.65,60.0,0.0005,9,Left,90.86,-1,-1,UNKNOWN,None
402.428,85.157,1409.419,-5.914,1.636,59.81,0.0005,9,Left,90.58,-1,-1,UNKNOWN,None
402.445,85.173,1409.699,-5.927,1.623,59.61,0.0084,9,Left,90.3,-1,-1,UNKNOWN,None
402.464,85.189,1409.87,-5.936,1.614,59.49,0.0084,9,Left,90.13,-1,-1,UNKNOWN,None
402.481,85.204,1410.144,-5.949,1.601,59.29,0.0084,9,Left,89.86,-1,-1,UNKNOWN,None
402.489,85.22,1410.418,-5.962,1.588,59.1,0.0084,9,Left,89.58,-1,-1,UNKNOWN,None
402.514,85.236,1410.69,-5.974,1.576,58.92,0.0084,9,Left,89.31,-1,-1,UNKNOWN,None
402.525,85.252,1410.873,-5.983,1.567,58.8,0.0084,9,Left,89.13,-1,-1,UNKNOWN,None
402.543,85.268,1411.166,-5.997,1.553,58.64,0.0084,9,Left,88.83,-1,-1,UNKNOWN,None
402.56,85.285,1411.437,-6.009,1.541,58.51,0.0084,9,Left,88.56,-1,-1,UNKNOWN,None
402.576,85.301,1411.707,-6.022,1.528,58.4,0.0084,9,Left,88.29,-1,-1,UNKNOWN,None
402.576,85.317,1411.842,-6.028,1.522,58.36,0.0084,9,Left,88.16,-1,-1,UNKNOWN,None
402.611,85.333,1412.258,-6.047,1.503,58.28,0.0084,9,Left,87.74,-1,-1,UNKNOWN,None
402.627,85.349,1412.528,-6.059,1.491,58.27,0.0084,9,Left,87.47,-1,-1,UNKNOWN,None
402.644,85.371,1412.932,-6.077,1.473,58.3,0.0084,9,Left,87.07,-1,-1,UNKNOWN,None
402.652,85.379,1412.932,-6.077,1.473,58.3,0.0084,9,Left,87.07,-1,-1,UNKNOWN,None
402.671,85.397,1413.244,-6.09,1.46,58.36,0.0084,9,Left,86.76,-1,-1,UNKNOWN,None
402.689,85.411,1413.52,-6.102,1.448,58.43,0.0084,9,Left,86.48,-1,-1,UNKNOWN,None
402.705,85.429,1413.791,-6.113,1.437,58.52,0.0084,9,Left,86.21,-1,-1,UNKNOWN,None
402.724,85.445,1414.1,-6.126,1.424,58.64,0.0084,9,Left,85.9,-1,-1,UNKNOWN,None
402.724,85.461,1414.252,-6.133,1.417,58.71,0.0084,9,Left,85.75,-1,-1,UNKNOWN,None
402.751,85.477,1414.543,-6.144,1.406,58.84,0.0084,9,Left,85.46,-1,-1,UNKNOWN,None
402.761,85.493,1414.862,-6.157,1.393,59.0,0.0084,9,Left,85.14,-1,-1,UNKNOWN,None
402.782,85.509,1415.039,-6.164,1.386,59.1,0.0084,9,Left,84.96,-1,-1,UNKNOWN,None
402.79,85.525,1415.387,-6.178,1.372,59.29,0.0084,9,Left,84.61,-1,-1,UNKNOWN,None
402.813,85.541,1415.552,-6.184,1.366,59.39,0.0084,9,Left,84.45,-1,-1,UNKNOWN,None
402.832,85.557,1415.865,-6.196,1.354,59.58,0.0084,9,Left,84.14,-1,-1,UNKNOWN,None
402.848,85.573,1416.141,-6.206,1.344,59.75,0.0084,9,Left,83.86,-1,-1,UNKNOWN,None
402.865,85.589,1416.424,-6.216,1.334,59.93,0.0084,9,Left,83.58,-1,-1,UNKNOWN,None
402.874,85.605,1416.702,-6.226,1.324,60.12,0.0084,9,Left,83.3,-1,-1,UNKNOWN,None
402.89,85.621,1416.981,-6.236,1.314,60.3,0.0084,9,Left,83.02,-1,-1,UNKNOWN,None
402.907,85.637,1417.26,-6.245,1.305,60.48,0.0084,9,Left,82.74,-1,-1,UNKNOWN,None
402.932,85.653,1417.541,-6.255,1.295,60.64,0.0095,9,Left,82.46,-1,-1,UNKNOWN,None
402.932,85.669,1417.683,-6.259,1.291,60.72,0.0101,9,Left,82.32,-1,-1,UNKNOWN,None
402.958,85.685,1417.98,-6.269,1.281,60.88,0.0101,9,Left,82.02,-1,-1,UNKNOWN,None
402.975,85.701,1418.269,-6.278,1.272,61.03,0.0101,9,Left,81.73,-1,-1,UNKNOWN,None
402.992,85.717,1418.559,-6.286,1.264,61.16,0.0101,9,Left,81.44,-1,-1,UNKNOWN,None
403.001,85.733,1418.842,-6.295,1.255,61.26,0.0101,9,Left,81.16,-1,-1,UNKNOWN,None
403.009,85.749,1418.984,-6.299,1.251,61.29,0.0101,9,Left,81.02,-1,-1,UNKNOWN,None
403.026,85.765,1419.268,-6.307,1.243,61.34,0.0101,9,Left,80.73,-1,-1,UNKNOWN,None
403.059,85.781,1419.696,-6.318,1.232,61.33,0.0101,9,Left,80.3,-1,-1,UNKNOWN,None
403.067,85.797,1419.983,-6.326,1.224,61.27,0.0101,9,Left,80.02,-1,-1,UNKNOWN,None
403.084,85.813,1420.271,-6.333,1.217,61.19,0.0101,9,Left,79.73,-1,-1,UNKNOWN,None
403.101,85.829,1420.554,-6.34,1.21,61.08,0.0101,9,Left,79.45,-1,-1,UNKNOWN,None
403.119,85.845,1420.717,-6.344,1.206,61.0,0.0101,9,Left,79.28,-1,-1,UNKNOWN,None
403.136,85.861,1420.999,-6.35,1.2,60.86,0.0101,9,Left,79.0,-1,-1,UNKNOWN,None
403.153,85.877,1421.285,-6.356,1.194,60.69,0.0101,9,Left,78.72,-1,-1,UNKNOWN,None
403.17,85.893,1421.569,-6.362,1.188,60.52,0.0101,9,Left,78.43,-1,-1,UNKNOWN,None
403.187,85.909,1421.858,-6.368,1.182,60.32,0.0101,9,Left,78.14,-1,-1,UNKNOWN,None
403.204,85.925,1422.137,-6.373,1.177,60.12,0.0101,9,Left,77.86,-1,-1,UNKNOWN,None
403.22,85.941,1422.414,-6.378,1.172,59.91,0.0101,9,Left,77.59,-1,-1,UNKNOWN,None
403.229,85.957,1422.691,-6.383,1.167,59.7,0.0244,9,Left,77.31,-1,-1,UNKNOWN,None
403.245,85.973,1422.966,-6.387,1.163,59.48,0.0237,9,Left,77.03,-1,-1,UNKNOWN,None
403.262,85.989,1423.106,-6.389,1.161,59.37,0.0229,9,Left,76.89,-1,-1,UNKNOWN,None
403.27,86.005,1423.38,-6.392,1.158,59.17,0.022,9,Left,76.62,-1,-1,UNKNOWN,None
403.287,86.021,1423.653,-6.395,1.155,58.97,0.0209,9,Left,76.35,-1,-1,UNKNOWN,None
403.312,86.037,1423.925,-6.398,1.152,58.79,0.0193,9,Left,76.07,-1,-1,UNKNOWN,None
403.32,86.053,1424.197,-6.4,1.15,58.63,0.0174,9,Left,75.8,-1,-1,UNKNOWN,None
403.329,86.069,1424.355,-6.401,1.149,58.55,0.0155,9,Left,75.65,-1,-1,UNKNOWN,None
403.35,86.085,1424.681,-6.404,1.146,58.41,0.0139,9,Left,75.32,-1,-1,UNKNOWN,None
403.376,86.101,1424.968,-6.405,1.145,58.32,0.0123,9,Left,75.03,-1,-1,UNKNOWN,None
403.393,86.117,1425.238,-6.406,1.144,58.27,0.0109,9,Left,74.76,-1,-1,UNKNOWN,None
403.401,86.136,1425.511,-6.407,1.143,58.25,0.0097,9,Left,74.49,-1,-1,UNKNOWN,None
403.427,86.149,1425.784,-6.407,1.143,58.26,0.0085,9,Left,74.22,-1,-1,UNKNOWN,None
403.443,86.165,1426.054,-6.407,1.143,58.29,0.0079,9,Left,73.95,-1,-1,UNKNOWN,None
403.452,86.181,1426.324,-6.407,1.143,58.35,0.0075,9,Left,73.68,-1,-1,UNKNOWN,None
403.469,86.196,1426.601,-6.407,1.143,58.42,0.0069,9,Left,73.4,-1,-1,UNKNOWN,None
403.487,86.212,1426.762,-6.406,1.144,58.48,0.0069,9,Left,73.24,-1,-1,UNKNOWN,None
403.504,86.228,1427.041,-6.405,1.145,58.58,0.0069,9,Left,72.96,-1,-1,UNKNOWN,None
403.512,86.244,1427.312,-6.404,1.146,58.69,0.0069,9,Left,72.69,-1,-1,UNKNOWN,None
403.538,86.26,1427.589,-6.402,1.148,58.82,0.0069,9,Left,72.41,-1,-1,UNKNOWN,None
403.554,86.277,1427.863,-6.401,1.149,58.96,0.0069,9,Left,72.14,-1,-1,UNKNOWN,None
403.563,86.293,1428.137,-6.398,1.152,59.11,0.0069,9,Left,71.86,-1,-1,UNKNOWN,None
403.579,86.309,1428.411,-6.396,1.154,59.26,0.0069,9,Left,71.59,-1,-1,UNKNOWN,None
403.596,86.323,1428.686,-6.393,1.157,59.42,0.0069,9,Left,71.31,-1,-1,UNKNOWN,None
403.613,86.341,1428.962,-6.391,1.159,59.59,0.0069,9,Left,71.04,-1,-1,UNKNOWN,None
403.629,86.357,1429.238,-6.387,1.163,59.76,0.0069,9,Left,70.76,-1,-1,UNKNOWN,None
403.646,86.373,1429.377,-6.386,1.164,59.85,0.0069,9,Left,70.62,-1,-1,UNKNOWN,None
403.663,86.389,1429.655,-6.382,1.168,60.03,0.0069,9,Left,70.35,-1,-1,UNKNOWN,None
403.679,86.405,1429.933,-6.378,1.172,60.22,0.0069,9,Left,70.07,-1,-1,UNKNOWN,None
403.696,86.421,1430.213,-6.374,1.176,60.39,0.0069,9,Left,69.79,-1,-1,UNKNOWN,None
403.713,86.437,1430.493,-6.37,1.18,60.55,0.0069,9,Left,69.51,-1,-1,UNKNOWN,None
403.722,86.46,1430.784,-6.365,1.185,60.69,0.0069,9,Left,69.22,-1,-1,UNKNOWN,None
403.738,86.467,1431.065,-6.36,1.19,60.79,0.0069,9,Left,68.94,-1,-1,UNKNOWN,None
403.764,86.483,1431.349,-6.355,1.195,60.85,0.0069,9,Left,68.65,-1,-1,UNKNOWN,None
403.772,86.501,1431.637,-6.35,1.2,60.86,0.0069,9,Left,68.36,-1,-1,UNKNOWN,None
403.789,86.52,1431.925,-6.344,1.206,60.83,0.0069,9,Left,68.07,-1,-1,UNKNOWN,None
403.809,86.533,1432.124,-6.34,1.21,60.79,0.0069,9,Left,67.88,-1,-1,UNKNOWN,None
403.827,86.547,1432.429,-6.334,1.216,60.7,0.0069,9,Left,67.57,-1,-1,UNKNOWN,None
403.827,86.565,1432.573,-6.331,1.219,60.64,0.0069,9,Left,67.43,-1,-1,UNKNOWN,None
403.853,86.581,1432.865,-6.324,1.226,60.51,0.0069,9,Left,67.14,-1,-1,UNKNOWN,None
403.872,86.597,1433.169,-6.317,1.233,60.36,0.0069,9,Left,66.83,-1,-1,UNKNOWN,None
403.888,86.613,1433.448,-6.311,1.239,60.19,0.0069,9,Left,66.55,-1,-1,UNKNOWN,None
403.897,86.629,1433.726,-6.304,1.246,60.02,0.0069,9,Left,66.27,-1,-1,UNKNOWN,None
403.922,86.645,1434.003,-6.297,1.253,59.83,0.0069,9,Left,66.0,-1,-1,UNKNOWN,None
403.922,86.661,1434.141,-6.294,1.256,59.73,0.0069,9,Left,65.86,-1,-1,UNKNOWN,None
403.955,86.677,1434.562,-6.283,1.267,59.43,0.0069,9,Left,65.44,-1,-1,UNKNOWN,None
403.972,86.693,1434.836,-6.275,1.275,59.23,0.0069,9,Left,65.16,-1,-1,UNKNOWN,None
403.981,86.709,1435.115,-6.267,1.283,59.04,0.0069,9,Left,64.88,-1,-1,UNKNOWN,None
403.997,86.725,1435.388,-6.259,1.291,58.86,0.0069,9,Left,64.61,-1,-1,UNKNOWN,None
404.006,86.741,1435.524,-6.255,1.295,58.78,0.0069,9,Left,64.48,-1,-1,UNKNOWN,None
404.031,86.757,1435.795,-6.247,1.303,58.63,0.0069,9,Left,64.2,-1,-1,UNKNOWN,None
404.047,86.773,1436.066,-6.239,1.311,58.5,0.0069,9,Left,63.93,-1,-1,UNKNOWN,None
404.064,86.789,1436.336,-6.231,1.319,58.4,0.0069,9,Left,63.66,-1,-1,UNKNOWN,None
404.081,86.805,1436.612,-6.222,1.328,58.33,0.0069,9,Left,63.39,-1,-1,UNKNOWN,None
404.098,86.821,1436.883,-6.213,1.337,58.29,0.0069,9,Left,63.12,-1,-1,UNKNOWN,None
404.107,86.837,1437.026,-6.208,1.342,58.28,0.0069,9,Left,62.97,-1,-1,UNKNOWN,None
404.128,86.853,1437.372,-6.197,1.353,58.29,0.0069,9,Left,62.63,-1,-1,UNKNOWN,None
404.137,86.869,1437.649,-6.187,1.363,58.33,0.0069,9,Left,62.35,-1,-1,UNKNOWN,None
404.163,86.885,1437.939,-6.177,1.373,58.39,0.0069,9,Left,62.06,-1,-1,UNKNOWN,None
404.18,86.901,1438.21,-6.167,1.383,58.47,0.0069,9,Left,61.79,-1,-1,UNKNOWN,None
404.196,86.917,1438.481,-6.157,1.393,58.57,0.0069,9,Left,61.52,-1,-1,UNKNOWN,None
404.205,86.933,1438.753,-6.146,1.404,58.68,0.0069,9,Left,61.25,-1,-1,UNKNOWN,None
404.23,86.949,1439.028,-6.136,1.414,58.8,0.0069,9,Left,60.97,-1,-1,UNKNOWN,None
404.238,86.965,1439.164,-6.131,1.419,58.87,0.0069,9,Left,60.84,-1,-1,UNKNOWN,None
404.255,86.981,1439.437,-6.12,1.43,59.01,0.0069,9,Left,60.56,-1,-1,UNKNOWN,None
404.263,86.997,1439.715,-6.109,1.441,59.16,0.0069,9,Left,60.28,-1,-1,UNKNOWN,None
404.289,87.013,1439.99,-6.097,1.453,59.31,0.0069,9,Left,60.01,-1,-1,UNKNOWN,None
404.299,87.029,1440.16,-6.09,1.46,59.41,0.0069,9,Left,59.84,-1,-1,UNKNOWN,None
404.321,87.045,1440.525,-6.075,1.475,59.63,0.0069,9,Left,59.48,-1,-1,UNKNOWN,None
404.338,87.061,1440.801,-6.063,1.487,59.81,0.0069,9,Left,59.2,-1,-1,UNKNOWN,None
404.354,87.077,1441.079,-6.051,1.499,59.99,0.0068,9,Left,58.92,-1,-1,UNKNOWN,None
404.371,87.093,1441.357,-6.039,1.511,60.17,0.0068,9,Left,58.64,-1,-1,UNKNOWN,None
404.388,87.109,1441.641,-6.026,1.524,60.36,0.0068,9,Left,58.36,-1,-1,UNKNOWN,None
404.396,87.125,1441.921,-6.013,1.537,60.54,0.0068,9,Left,58.08,-1,-1,UNKNOWN,None
404.414,87.141,1442.084,-6.006,1.544,60.63,0.0068,9,Left,57.92,-1,-1,UNKNOWN,None
404.423,87.157,1442.384,-5.992,1.558,60.79,0.0068,9,Left,57.62,-1,-1,UNKNOWN,None
404.44,87.173,1442.665,-5.979,1.571,60.9,0.0068,9,Left,57.34,-1,-1,UNKNOWN,None
404.457,87.189,1442.947,-5.965,1.585,60.98,0.0068,9,Left,57.05,-1,-1,UNKNOWN,None
404.482,87.204,1443.229,-5.951,1.599,61.01,0.0068,9,Left,56.77,-1,-1,UNKNOWN,None
404.502,87.225,1443.567,-5.935,1.615,60.99,0.0046,9,Left,56.43,-1,-1,UNKNOWN,None
404.502,87.236,1443.78,-5.924,1.626,60.96,0.004,9,Left,56.22,-1,-1,UNKNOWN,None
404.524,87.252,1444.078,-5.909,1.641,60.89,0.0034,9,Left,55.92,-1,-1,UNKNOWN,None
404.542,87.268,1444.238,-5.901,1.649,60.85,0.0034,9,Left,55.76,-1,-1,UNKNOWN,None
404.562,87.284,1444.575,-5.884,1.666,60.74,0.0034,9,Left,55.43,-1,-1,UNKNOWN,None
404.572,87.301,1444.908,-5.866,1.684,60.61,0.0034,9,Left,55.09,-1,-1,UNKNOWN,None
404.591,87.317,1445.066,-5.858,1.692,60.53,0.0034,9,Left,54.93,-1,-1,UNKNOWN,None
404.6,87.333,1445.356,-5.843,1.707,60.38,0.0034,9,Left,54.64,-1,-1,UNKNOWN,None
404.625,87.349,1445.635,-5.828,1.722,60.22,0.0034,9,Left,54.37,-1,-1,UNKNOWN,None
404.642,87.365,1445.912,-5.813,1.737,60.04,0.0034,9,Left,54.09,-1,-1,UNKNOWN,None
404.642,87.381,1446.051,-5.806,1.744,59.94,0.0034,9,Left,53.95,-1,-1,UNKNOWN,None
404.675,87.397,1446.465,-5.783,1.767,59.65,-0.0021,9,Left,53.53,-1,-1,UNKNOWN,None
404.683,87.413,1446.74,-5.768,1.782,59.45,-0.0027,9,Left,53.26,-1,-1,UNKNOWN,None
404.708,87.429,1447.014,-5.753,1.797,59.25,-0.0028,9,Left,52.99,-1,-1,UNKNOWN,None
404.717,87.445,1447.287,-5.738,1.812,59.06,-0.0033,9,Left,52.71,-1,-1,UNKNOWN,None
404.733,87.461,1447.56,-5.723,1.827,58.88,-0.0037,9,Left,52.44,-1,-1,UNKNOWN,None
404.75,87.477,1447.696,-5.716,1.834,58.79,-0.0043,9,Left,52.3,-1,-1,UNKNOWN,None
404.758,87.493,1447.831,-5.708,1.842,58.72,-0.0043,9,Left,52.17,-1,-1,UNKNOWN,None
404.775,87.509,1448.297,-5.683,1.867,58.49,-0.0047,9,Left,51.7,-1,-1,UNKNOWN,None
404.804,87.525,1448.567,-5.668,1.882,58.39,-0.0047,9,Left,51.43,-1,-1,UNKNOWN,None
404.822,87.541,1448.867,-5.651,1.899,58.32,-0.0047,9,Left,51.13,-1,-1,UNKNOWN,None
404.822,87.557,1449.006,-5.643,1.907,58.3,-0.0047,9,Left,50.99,-1,-1,UNKNOWN,None
404.847,87.573,1449.275,-5.629,1.921,58.28,-0.0047,9,Left,50.72,-1,-1,UNKNOWN,None
404.856,87.589,1449.545,-5.614,1.936,58.3,-0.0047,9,Left,50.46,-1,-1,UNKNOWN,None
404.872,87.605,1449.825,-5.598,1.952,58.33,-0.0047,9,Left,50.18,-1,-1,UNKNOWN,None
404.881,87.621,1449.959,-5.591,1.959,58.36,-0.0047,9,Left,50.04,-1,-1,UNKNOWN,None
404.915,87.637,1450.365,-5.569,1.981,58.47,-0.0047,9,Left,49.64,-1,-1,UNKNOWN,None
404.932,87.653,1450.64,-5.554,1.996,58.57,-0.0047,9,Left,49.36,-1,-1,UNKNOWN,None
404.948,87.669,1450.911,-5.539,2.011,58.67,-0.0047,9,Left,49.09,-1,-1,UNKNOWN,None
404.957,87.685,1451.183,-5.524,2.026,58.8,-0.0047,9,Left,48.82,-1,-1,UNKNOWN,None
404.973,87.701,1451.455,-5.509,2.041,58.93,-0.0047,9,Left,48.54,-1,-1,UNKNOWN,None
404.99,87.717,1451.598,-5.502,2.048,59.0,-0.0047,9,Left,48.4,-1,-1,UNKNOWN,None
405.007,87.733,1451.873,-5.487,2.063,59.15,-0.0047,9,Left,48.13,-1,-1,UNKNOWN,None
405.024,87.749,1452.151,-5.472,2.078,59.31,-0.0047,9,Left,47.85,-1,-1,UNKNOWN,None
405.032,87.765,1452.426,-5.457,2.093,59.47,-0.0047,9,Left,47.57,-1,-1,UNKNOWN,None
405.041,87.781,1452.563,-5.45,2.1,59.55,-0.0047,9,Left,47.44,-1,-1,UNKNOWN,None
405.074,87.797,1452.977,-5.428,2.122,59.81,-0.0047,9,Left,47.02,-1,-1,UNKNOWN,None
405.091,87.813,1453.255,-5.414,2.136,59.99,-0.0047,9,Left,46.75,-1,-1,UNKNOWN,None
405.099,87.829,1453.533,-5.399,2.151,60.17,-0.0047,9,Left,46.47,-1,-1,UNKNOWN,None
405.116,87.845,1453.675,-5.392,2.158,60.27,-0.0047,9,Left,46.33,-1,-1,UNKNOWN,None
405.137,87.861,1454.036,-5.373,2.177,60.5,-0.0047,9,Left,45.96,-1,-1,UNKNOWN,None
405.154,87.877,1454.317,-5.359,2.191,60.67,-0.0047,9,Left,45.68,-1,-1,UNKNOWN,None
405.171,87.893,1454.601,-5.345,2.205,60.81,-0.0047,9,Left,45.4,-1,-1,UNKNOWN,None
405.18,87.909,1454.915,-5.329,2.221,60.93,-0.0047,9,Left,45.08,-1,-1,UNKNOWN,None
405.19,87.925,1455.056,-5.322,2.228,60.97,-0.0047,9,Left,44.94,-1,-1,UNKNOWN,None
405.215,87.941,1455.346,-5.308,2.242,61.01,-0.0047,9,Left,44.65,-1,-1,UNKNOWN,None
405.223,87.957,1455.631,-5.294,2.256,61.01,-0.0047,9,Left,44.37,-1,-1,UNKNOWN,None
405.248,87.973,1455.913,-5.28,2.27,60.96,-0.0047,9,Left,44.09,-1,-1,UNKNOWN,None
405.257,87.989,1456.199,-5.266,2.284,60.9,-0.0047,9,Left,43.8,-1,-1,UNKNOWN,None
405.274,88.005,1456.48,-5.252,2.298,60.81,-0.0047,9,Left,43.52,-1,-1,UNKNOWN,None
405.299,88.021,1456.765,-5.239,2.311,60.7,-0.0047,9,Left,43.24,-1,-1,UNKNOWN,None
405.316,88.037,1457.053,-5.225,2.325,60.56,-0.0047,9,Left,42.95,-1,-1,UNKNOWN,None
405.325,88.053,1457.343,-5.212,2.338,60.41,-0.0047,9,Left,42.66,-1,-1,UNKNOWN,None
405.342,88.069,1457.483,-5.205,2.345,60.33,-0.0047,9,Left,42.52,-1,-1,UNKNOWN,None
405.363,88.085,1457.83,-5.189,2.361,60.11,-0.0047,9,Left,42.17,-1,-1,UNKNOWN,None
405.363,88.101,1457.994,-5.182,2.368,60.0,-0.0047,9,Left,42.01,-1,-1,UNKNOWN,None
405.391,88.117,1458.296,-5.168,2.382,59.81,-0.0047,9,Left,41.7,-1,-1,UNKNOWN,None
405.399,88.133,1458.572,-5.156,2.394,59.63,-0.0047,9,Left,41.43,-1,-1,UNKNOWN,None
405.419,88.149,1458.927,-5.14,2.41,59.4,-0.0047,9,Left,41.07,-1,-1,UNKNOWN,None
405.438,88.165,1459.076,-5.134,2.416,59.31,-0.0047,9,Left,40.92,-1,-1,UNKNOWN,None
405.446,88.181,1459.357,-5.122,2.428,59.15,-0.0047,9,Left,40.64,-1,-1,UNKNOWN,None
405.463,88.196,1459.63,-5.11,2.44,59.0,-0.0047,9,Left,40.37,-1,-1,UNKNOWN,None
405.48,88.212,1459.903,-5.098,2.452,58.88,-0.0047,9,Left,40.1,-1,-1,UNKNOWN,None
405.497,88.228,1460.175,-5.087,2.463,58.79,-0.0047,9,Left,39.83,-1,-1,UNKNOWN,None
405.522,88.244,1460.446,-5.076,2.474,58.72,-0.0047,9,Left,39.55,-1,-1,UNKNOWN,None
405.522,88.26,1460.622,-5.068,2.482,58.69,-0.0047,9,Left,39.38,-1,-1,UNKNOWN,None
405.541,88.276,1460.894,-5.057,2.493,58.67,-0.0047,9,Left,39.11,-1,-1,UNKNOWN,None
405.566,88.293,1461.165,-5.046,2.504,58.69,-0.0047,9,Left,38.83,-1,-1,UNKNOWN,None
405.574,88.309,1461.437,-5.036,2.514,58.72,-0.0047,9,Left,38.56,-1,-1,UNKNOWN,None
405.6,88.338,1461.862,-5.019,2.531,58.82,-0.0047,9,Left,38.14,-1,-1,UNKNOWN,None
405.617,88.34,1461.999,-5.014,2.536,58.86,-0.0047,9,Left,38.0,-1,-1,UNKNOWN,None
405.617,88.357,1462.135,-5.008,2.542,58.9,-0.0047,9,Left,37.86,-1,-1,UNKNOWN,None
405.65,88.373,1462.545,-4.993,2.557,59.06,-0.0047,9,Left,37.46,-1,-1,UNKNOWN,None
405.659,88.389,1462.838,-4.982,2.568,59.19,-0.0047,9,Left,37.16,-1,-1,UNKNOWN,None
405.668,88.405,1463.005,-4.976,2.574,59.27,-0.0047,9,Left,36.99,-1,-1,UNKNOWN,None
405.688,88.421,1463.322,-4.964,2.586,59.43,-0.0047,9,Left,36.68,-1,-1,UNKNOWN,None
405.706,88.437,1463.597,-4.954,2.596,59.58,-0.0047,9,Left,36.4,-1,-1,UNKNOWN,None
405.731,88.453,1463.873,-4.944,2.606,59.73,-0.0047,9,Left,36.13,-1,-1,UNKNOWN,None
405.747,88.469,1464.15,-4.934,2.616,59.9,-0.0043,9,Left,35.85,-1,-1,UNKNOWN,None
405.764,88.485,1464.428,-4.925,2.625,60.07,-0.004,9,Left,35.57,-1,-1,UNKNOWN,None
405.774,88.501,1464.597,-4.919,2.631,60.17,-0.004,9,Left,35.4,-1,-1,UNKNOWN,None
405.791,88.517,1464.876,-4.909,2.641,60.34,-0.004,9,Left,35.12,-1,-1,UNKNOWN,None
405.808,88.533,1465.156,-4.9,2.65,60.5,-0.004,9,Left,34.84,-1,-1,UNKNOWN,None
405.824,88.549,1465.436,-4.891,2.659,60.64,-0.004,9,Left,34.56,-1,-1,UNKNOWN,None
405.833,88.565,1465.717,-4.881,2.669,60.75,-0.004,9,Left,34.28,-1,-1,UNKNOWN,None
405.858,88.581,1465.999,-4.872,2.678,60.82,-0.004,9,Left,34.0,-1,-1,UNKNOWN,None
405.866,88.597,1466.28,-4.863,2.687,60.85,-0.004,9,Left,33.72,-1,-1,UNKNOWN,None
405.891,88.613,1466.563,-4.854,2.696,60.84,-0.0018,9,Left,33.44,-1,-1,UNKNOWN,None
405.908,88.63,1466.845,-4.845,2.705,60.79,-0.0018,9,Left,33.16,-1,-1,UNKNOWN,None
405.917,88.645,1467.14,-4.836,2.714,60.71,-0.0018,9,Left,32.86,-1,-1,UNKNOWN,None
405.935,88.661,1467.31,-4.831,2.719,60.65,-0.0018,9,Left,32.69,-1,-1,UNKNOWN,None
405.944,88.677,1467.607,-4.822,2.728,60.53,-0.0018,9,Left,32.39,-1,-1,UNKNOWN,None
405.97,88.693,1467.889,-4.813,2.737,60.39,-0.0018,9,Left,32.11,-1,-1,UNKNOWN,None
405.986,88.709,1468.169,-4.805,2.745,60.24,-0.0018,9,Left,31.83,-1,-1,UNKNOWN,None
406.003,88.725,1468.451,-4.797,2.753,60.07,-0.0018,9,Left,31.55,-1,-1,UNKNOWN,None
406.02,88.741,1468.734,-4.788,2.762,59.89,-0.0018,9,Left,31.27,-1,-1,UNKNOWN,None
406.029,88.757,1468.882,-4.784,2.766,59.79,-0.0018,9,Left,31.12,-1,-1,UNKNOWN,None
406.029,88.773,1469.034,-4.78,2.77,59.69,-0.0018,9,Left,30.97,-1,-1,UNKNOWN,None
406.064,88.789,1469.459,-4.768,2.782,59.41,-0.0018,9,Left,30.54,-1,-1,UNKNOWN,None
406.081,88.805,1469.734,-4.76,2.79,59.24,-0.0018,9,Left,30.27,-1,-1,UNKNOWN,None
406.081,88.821,1469.871,-4.756,2.794,59.16,-0.0018,9,Left,30.13,-1,-1,UNKNOWN,None
406.109,88.837,1470.193,-4.747,2.803,58.99,-0.0018,9,Left,29.81,-1,-1,UNKNOWN,None
406.131,88.853,1470.556,-4.737,2.813,58.82,-0.0018,9,Left,29.44,-1,-1,UNKNOWN,None
406.148,88.869,1470.83,-4.73,2.82,58.73,-0.0018,9,Left,29.17,-1,-1,UNKNOWN,None
406.165,88.885,1471.101,-4.722,2.828,58.67,-0.0018,9,Left,28.9,-1,-1,UNKNOWN,None
406.173,88.901,1471.373,-4.715,2.835,58.64,-0.0018,9,Left,28.63,-1,-1,UNKNOWN,None
406.19,88.917,1471.508,-4.712,2.838,58.63,-0.0018,9,Left,28.49,-1,-1,UNKNOWN,None
406.207,88.933,1471.793,-4.704,2.846,58.65,-0.0018,9,Left,28.21,-1,-1,UNKNOWN,None
406.224,88.949,1472.065,-4.697,2.853,58.68,-0.0018,9,Left,27.94,-1,-1,UNKNOWN,None
406.242,88.965,1472.364,-4.689,2.861,58.75,-0.0018,9,Left,27.64,-1,-1,UNKNOWN,None
406.259,88.979,1472.636,-4.682,2.868,58.83,-0.0018,9,Left,27.36,-1,-1,UNKNOWN,None
406.259,88.995,1472.777,-4.679,2.871,58.87,-0.0018,9,Left,27.22,-1,-1,UNKNOWN,None
406.284,89.013,1473.187,-4.668,2.882,59.03,-0.0018,9,Left,26.81,-1,-1,UNKNOWN,None
406.301,89.029,1473.467,-4.662,2.888,59.16,-0.0018,9,Left,26.53,-1,-1,UNKNOWN,None
406.318,89.045,1473.741,-4.655,2.895,59.29,-0.0018,9,Left,26.26,-1,-1,UNKNOWN,None
406.334,89.061,1473.879,-4.651,2.899,59.36,-0.0018,9,Left,26.12,-1,-1,UNKNOWN,None
406.352,89.077,1474.168,-4.644,2.906,59.52,-0.0018,9,Left,25.83,-1,-1,UNKNOWN,None
406.369,89.093,1474.444,-4.638,2.912,59.67,-0.0018,9,Left,25.56,-1,-1,UNKNOWN,None
406.385,89.109,1474.72,-4.631,2.919,59.84,-0.0018,9,Left,25.28,-1,-1,UNKNOWN,None
406.402,89.125,1475.004,-4.624,2.926,60.01,-0.0018,9,Left,25.0,-1,-1,UNKNOWN,None
406.411,89.141,1475.282,-4.618,2.932,60.18,-0.0018,9,Left,24.72,-1,-1,UNKNOWN,None
406.427,89.157,1475.566,-4.611,2.939,60.35,-0.0018,9,Left,24.43,-1,-1,UNKNOWN,None
406.444,89.173,1475.845,-4.605,2.945,60.5,-0.0018,9,Left,24.15,-1,-1,UNKNOWN,None
406.461,89.189,1476.129,-4.598,2.952,60.63,-0.0018,9,Left,23.87,-1,-1,UNKNOWN,Left_Broken
406.478,89.204,1476.269,-4.595,2.955,60.68,-0.0018,9,Left,23.73,-1,-1,UNKNOWN,None
406.486,89.22,1476.55,-4.589,2.961,60.76,-0.0018,9,Left,23.45,-1,-1,UNKNOWN,None
406.511,89.236,1476.832,-4.583,2.967,60.81,-0.0018,9,Left,23.17,-1,-1,UNKNOWN,None
406.529,89.252,1477.13,-4.576,2.974,60.82,-0.0018,9,Left,22.87,-1,-1,UNKNOWN,None
406.537,89.268,1477.413,-4.57,2.98,60.79,-0.0018,9,Left,22.59,-1,-1,UNKNOWN,None
406.562,89.284,1477.695,-4.564,2.986,60.73,-0.0018,9,Left,22.31,-1,-1,UNKNOWN,None
406.571,89.301,1477.98,-4.557,2.993,60.64,-0.0018,9,Left,22.02,-1,-1,UNKNOWN,None
406.588,89.317,1478.275,-4.551,2.999,60.52,-0.0018,9,Left,21.72,-1,-1,UNKNOWN,None
406.606,89.333,1478.438,-4.548,3.002,60.44,-0.0018,9,Left,21.56,-1,-1,UNKNOWN,None
406.623,89.349,1478.721,-4.542,3.008,60.29,-0.0018,9,Left,21.28,-1,-1,UNKNOWN,None
406.643,89.365,1479.055,-4.535,3.015,60.09,-0.0018,9,Left,20.95,-1,-1,UNKNOWN,None
406.66,89.381,1479.332,-4.529,3.021,59.91,-0.0018,9,Left,20.67,-1,-1,UNKNOWN,None
406.671,89.397,1479.519,-4.525,3.025,59.78,-0.0024,9,Left,20.48,-1,-1,UNKNOWN,None
406.679,89.413,1479.822,-4.519,3.031,59.57,-0.0027,9,Left,20.18,-1,-1,UNKNOWN,None
406.698,89.429,1480.097,-4.513,3.037,59.37,-0.0028,9,Left,19.9,-1,-1,UNKNOWN,None
406.723,89.445,1480.373,-4.508,3.042,59.18,-0.0033,9,Left,19.63,-1,-1,UNKNOWN,Left_Broken
406.74,89.461,1480.654,-4.502,3.048,59.0,-0.0037,9,Left,19.35,-1,-1,UNKNOWN,None
406.748,89.477,1480.926,-4.497,3.053,58.84,-0.004,9,Left,19.07,-1,-1,UNKNOWN,None
406.765,89.493,1481.199,-4.492,3.058,58.7,-0.0043,9,Left,18.8,-1,-1,UNKNOWN,None
406.79,89.509,1481.47,-4.487,3.063,58.58,-0.0044,9,Left,18.53,-1,-1,UNKNOWN,None
406.798,89.525,1481.606,-4.484,3.066,58.53,-0.0047,9,Left,18.39,-1,-1,UNKNOWN,None
406.815,89.541,1481.877,-4.479,3.071,58.45,-0.0047,9,Left,18.12,-1,-1,UNKNOWN,None
406.833,89.557,1482.17,-4.474,3.076,58.4,-0.0047,9,Left,17.83,-1,-1,UNKNOWN,None
406.843,89.573,1482.474,-4.469,3.081,58.39,-0.0047,9,Left,17.53,-1,-1,UNKNOWN,None
406.861,89.589,1482.623,-4.466,3.084,58.4,-0.0047,9,Left,17.38,-1,-1,UNKNOWN,None
406.879,89.605,1482.915,-4.461,3.089,58.44,-0.0047,9,Left,17.09,-1,-1,UNKNOWN,None
406.887,89.621,1483.185,-4.457,3.093,58.49,-0.0047,9,Left,16.81,-1,-1,UNKNOWN,None
406.912,89.637,1483.456,-4.452,3.098,58.57,-0.0047,9,Left,16.54,-1,-1,UNKNOWN,None
406.921,89.653,1483.728,-4.448,3.102,58.66,-0.0047,9,Left,16.27,-1,-1,UNKNOWN,None
406.937,89.669,1484.0,-4.444,3.106,58.76,-0.0047,9,Left,16.0,-1,-1,UNKNOWN,None
406.954,89.685,1484.309,-4.439,3.111,58.9,-0.0047,9,Left,15.69,-1,-1,UNKNOWN,None
406.977,89.701,1484.51,-4.436,3.114,58.99,-0.0047,9,Left,15.49,-1,-1,UNKNOWN,None
406.985,89.717,1484.783,-4.432,3.118,59.13,-0.0047,9,Left,15.22,-1,-1,UNKNOWN,None
406.994,89.733,1484.92,-4.43,3.12,59.21,-0.0049,9,Left,15.08,-1,-1,UNKNOWN,None
407.028,89.749,1485.357,-4.424,3.126,59.45,-0.0052,9,Left,14.64,-1,-1,UNKNOWN,None
407.037,89.765,1485.632,-4.421,3.129,59.61,-0.0053,9,Left,14.37,-1,-1,UNKNOWN,None
407.056,89.782,1485.818,-4.418,3.132,59.73,-0.0059,9,Left,14.18,-1,-1,UNKNOWN,None
407.056,89.797,1485.956,-4.417,3.133,59.81,-0.0063,9,Left,14.04,-1,-1,UNKNOWN,None
407.09,89.813,1486.379,-4.411,3.139,60.08,-0.0069,9,Left,13.62,-1,-1,UNKNOWN,None
407.107,89.829,1486.673,-4.408,3.142,60.27,-0.0069,9,Left,13.33,-1,-1,UNKNOWN,None
407.118,89.845,1486.848,-4.406,3.144,60.38,-0.0069,9,Left,13.15,-1,-1,UNKNOWN,None
407.136,89.861,1487.158,-4.403,3.147,60.57,-0.0069,9,Left,12.84,-1,-1,UNKNOWN,None
407.136,89.877,1487.298,-4.402,3.148,60.64,-0.0069,9,Left,12.7,-1,-1,UNKNOWN,None
407.161,89.893,1487.736,-4.397,3.153,60.82,-0.0069,9,Left,12.26,-1,-1,UNKNOWN,None
407.181,89.909,1488.048,-4.395,3.155,60.89,-0.0069,9,Left,11.95,-1,-1,UNKNOWN,None
407.197,89.925,1488.33,-4.392,3.158,60.91,-0.0069,9,Left,11.67,-1,-1,UNKNOWN,None
407.217,89.941,1488.522,-4.391,3.159,60.89,-0.0069,9,Left,11.48,-1,-1,UNKNOWN,None
407.229,89.957,1488.868,-4.388,3.162,60.83,-0.0069,9,Left,11.13,-1,-1,UNKNOWN,None
407.238,89.973,1489.009,-4.388,3.162,60.79,-0.0069,9,Left,10.99,-1,-1,UNKNOWN,None
407.254,89.989,1489.29,-4.386,3.164,60.69,-0.0069,9,Left,10.71,-1,-1,UNKNOWN,None
407.271,90.005,1489.57,-4.384,3.166,60.57,-0.0102,9,Left,10.43,-1,-1,UNKNOWN,None
407.296,90.022,1489.85,-4.383,3.167,60.43,-0.0102,9,Left,10.15,-1,-1,UNKNOWN,None
407.313,90.037,1490.129,-4.382,3.168,60.27,-0.0102,9,Left,9.87,-1,-1,UNKNOWN,None
407.329,90.053,1490.408,-4.381,3.169,60.1,-0.0102,9,Left,9.59,-1,-1,UNKNOWN,None
407.346,90.069,1490.685,-4.38,3.17,59.92,-0.0102,9,Left,9.31,-1,-1,UNKNOWN,None
407.363,90.085,1490.962,-4.38,3.17,59.73,-0.0102,9,Left,9.04,-1,-1,UNKNOWN,None
407.371,90.101,1491.238,-4.379,3.171,59.53,-0.0102,9,Left,8.76,-1,-1,UNKNOWN,None
407.396,90.117,1491.516,-4.379,3.171,59.33,-0.0102,9,Left,8.48,-1,-1,UNKNOWN,None
407.404,90.133,1491.79,-4.379,3.171,59.15,-0.0102,9,Left,8.21,-1,-1,UNKNOWN,None
407.421,90.149,1492.063,-4.38,3.17,58.97,-0.01,9,Left,7.94,-1,-1,UNKNOWN,None
407.446,90.166,1492.336,-4.38,3.17,58.81,-0.01,9,Left,7.66,-1,-1,UNKNOWN,None
407.454,90.181,1492.472,-4.381,3.169,58.74,-0.0098,9,Left,7.53,-1,-1,UNKNOWN,None
407.463,90.196,1492.743,-4.382,3.168,58.62,-0.0094,9,Left,7.26,-1,-1,UNKNOWN,None
407.479,90.212,1493.015,-4.383,3.167,58.52,-0.0091,9,Left,6.98,-1,-1,UNKNOWN,None
407.505,90.228,1493.286,-4.384,3.166,58.44,-0.0084,9,Left,6.71,-1,-1,UNKNOWN,None
407.505,90.244,1493.422,-4.385,3.165,58.42,-0.0078,9,Left,6.58,-1,-1,UNKNOWN,None
407.538,90.26,1493.827,-4.387,3.163,58.4,-0.0069,9,Left,6.17,-1,-1,UNKNOWN,None
407.555,90.276,1494.097,-4.389,3.161,58.41,-0.0063,9,Left,5.9,-1,-1,UNKNOWN,None
407.571,90.293,1494.368,-4.391,3.159,58.46,-0.0053,9,Left,5.63,-1,-1,UNKNOWN,None
407.58,90.309,1494.653,-4.394,3.156,58.52,-0.0044,9,Left,5.35,-1,-1,UNKNOWN,None
407.597,90.325,1494.924,-4.396,3.154,58.6,-0.0037,9,Left,5.08,-1,-1,UNKNOWN,None
407.605,90.341,1495.064,-4.398,3.152,58.65,-0.0031,9,Left,4.94,-1,-1,UNKNOWN,None
407.635,90.357,1495.406,-4.401,3.149,58.79,-0.0027,9,Left,4.59,-1,-1,UNKNOWN,None
407.648,90.373,1495.626,-4.404,3.146,58.88,-0.0024,9,Left,4.37,-1,-1,UNKNOWN,None
407.657,90.389,1495.899,-4.407,3.143,59.01,-0.0024,9,Left,4.1,-1,-1,UNKNOWN,None
407.673,90.405,1496.173,-4.41,3.14,59.15,-0.0024,9,Left,3.83,-1,-1,UNKNOWN,None
407.698,90.421,1496.448,-4.413,3.137,59.3,-0.0024,9,Left,3.55,-1,-1,UNKNOWN,None
407.708,90.437,1496.756,-4.417,3.133,59.48,-0.0024,9,Left,3.24,-1,-1,UNKNOWN,None
407.717,90.453,1496.895,-4.419,3.131,59.56,-0.0024,9,Left,3.1,-1,-1,UNKNOWN,None
407.734,90.469,1497.186,-4.423,3.127,59.74,-0.0024,9,Left,2.81,-1,-1,UNKNOWN,None
407.761,90.485,1497.484,-4.428,3.122,59.92,-0.0024,9,Left,2.52,-1,-1,UNKNOWN,None
407.779,90.501,1497.792,-4.432,3.118,60.12,-0.0024,9,Left,2.21,-1,-1,UNKNOWN,None
407.789,90.517,1498.089,-4.437,3.113,60.32,-0.0024,9,Left,1.91,-1,-1,UNKNOWN,None
407.807,90.533,1498.251,-4.439,3.111,60.42,-0.0024,9,Left,1.75,-1,-1,UNKNOWN,None
407.824,90.549,1498.534,-4.444,3.106,60.59,-0.0024,9,Left,1.47,-1,-1,UNKNOWN,None
407.84,90.565,1498.817,-4.448,3.102,60.73,-0.0024,9,Left,1.18,-1,-1,UNKNOWN,None
407.84,90.581,1498.957,-4.451,3.099,60.79,-0.0024,9,Left,1.04,-1,-1,UNKNOWN,None
407.865,90.597,1499.38,-4.458,3.092,60.91,-0.0024,9,Left,0.62,-1,-1,UNKNOWN,None
407.882,90.613,1499.662,-4.463,3.087,60.94,-0.0024,9,Left,0.34,-1,-1,UNKNOWN,None
407.907,90.631,1499.945,-4.468,3.082,60.93,-0.0024,9,Left,0.06,-1,-1,UNKNOWN,None
407.915,90.645,1500.248,-4.473,3.077,60.87,-0.0024,10,Middle,149.75,-1,-1,UNKNOWN,None
407.925,90.661,1500.412,-4.476,3.074,60.83,-0.0024,10,Middle,149.59,-1,-1,UNKNOWN,None
407.943,90.677,1500.694,-4.482,3.068,60.73,-0.0024,10,Middle,149.31,-1,-1,UNKNOWN,None
407.96,90.693,1500.975,-4.487,3.063,60.61,-0.0024,10,Middle,149.03,-1,-1,UNKNOWN,None
407.977,90.715,1501.259,-4.493,3.057,60.46,-0.0024,10,Middle,148.74,-1,-1,UNKNOWN,None
408.002,90.725,1501.538,-4.498,3.052,60.3,-0.0024,10,Middle,148.46,-1,-1,UNKNOWN,None
408.018,90.741,1501.816,-4.504,3.046,60.13,-0.0024,10,Middle,148.18,-1,-1,UNKNOWN,None
408.027,90.757,1502.094,-4.509,3.041,59.94,-0.0024,10,Middle,147.91,-1,-1,UNKNOWN,None
408.043,90.773,1502.232,-4.512,3.038,59.85,-0.0024,10,Middle,147.77,-1,-1,UNKNOWN,Left_Broken
408.065,90.789,1502.593,-4.52,3.03,59.59,-0.0024,10,Middle,147.41,-1,-1,UNKNOWN,None
408.073,90.805,1502.868,-4.525,3.025,59.39,-0.0024,10,Middle,147.13,-1,-1,UNKNOWN,None
408.093,90.821,1503.182,-4.532,3.018,59.17,-0.0024,10,Middle,146.82,-1,-1,UNKNOWN,None
408.101,90.837,1503.326,-4.535,3.015,59.08,-0.0024,10,Middle,146.67,-1,-1,UNKNOWN,None
408.126,90.853,1503.599,-4.541,3.009,58.91,-0.0024,10,Middle,146.4,-1,-1,UNKNOWN,None
408.143,90.869,1503.871,-4.547,3.003,58.76,-0.0024,10,Middle,146.13,-1,-1,UNKNOWN,None
408.152,90.885,1504.158,-4.554,2.996,58.62,-0.0024,10,Middle,145.84,-1,-1,UNKNOWN,None
408.178,90.901,1504.437,-4.56,2.99,58.52,-0.0024,10,Middle,145.56,-1,-1,UNKNOWN,None
408.194,90.917,1504.708,-4.566,2.984,58.45,-0.0024,10,Middle,145.29,-1,-1,UNKNOWN,None
408.212,90.933,1504.984,-4.572,2.978,58.41,-0.0024,10,Middle,145.02,-1,-1,UNKNOWN,None
408.228,90.949,1505.255,-4.579,2.971,58.4,-0.0024,10,Middle,144.75,-1,-1,UNKNOWN,None
408.237,90.965,1505.525,-4.585,2.965,58.42,-0.0024,10,Middle,144.47,-1,-1,UNKNOWN,None
408.262,90.983,1505.796,-4.592,2.958,58.46,-0.0024,10,Middle,144.2,-1,-1,UNKNOWN,None
408.262,90.997,1505.949,-4.595,2.955,58.49,-0.0024,10,Middle,144.05,-1,-1,UNKNOWN,None
408.288,91.013,1506.222,-4.602,2.948,58.57,-0.0024,10,Middle,143.78,-1,-1,UNKNOWN,None
408.296,91.029,1506.493,-4.609,2.941,58.66,-0.0024,10,Middle,143.51,-1,-1,UNKNOWN,None
408.313,91.045,1506.765,-4.616,2.934,58.76,-0.0024,10,Middle,143.23,-1,-1,UNKNOWN,Left_Broken
408.329,91.061,1507.038,-4.622,2.928,58.88,-0.0024,10,Middle,142.96,-1,-1,UNKNOWN,None
408.346,91.075,1507.311,-4.629,2.921,59.01,-0.0024,10,Middle,142.69,-1,-1,UNKNOWN,None
408.354,91.093,1507.46,-4.633,2.917,59.09,-0.0024,10,Middle,142.54,-1,-1,UNKNOWN,None
408.382,91.113,1507.911,-4.645,2.905,59.33,-0.0024,10,Middle,142.09,-1,-1,UNKNOWN,None
408.391,91.123,1508.056,-4.649,2.901,59.41,-0.0024,10,Middle,141.94,-1,-1,UNKNOWN,None
408.408,91.141,1508.332,-4.656,2.894,59.57,-0.0024,10,Middle,141.67,-1,-1,UNKNOWN,None
408.433,91.157,1508.608,-4.663,2.887,59.74,-0.0024,10,Middle,141.39,-1,-1,UNKNOWN,None
408.45,91.173,1508.885,-4.671,2.879,59.92,-0.0024,10,Middle,141.11,-1,-1,UNKNOWN,None
408.466,91.189,1509.163,-4.678,2.872,60.09,-0.0024,10,Middle,140.84,-1,-1,UNKNOWN,None
408.483,91.204,1509.442,-4.686,2.864,60.28,-0.0024,10,Middle,140.56,-1,-1,UNKNOWN,None
408.491,91.22,1509.721,-4.693,2.857,60.45,-0.0024,10,Middle,140.28,-1,-1,UNKNOWN,None
408.508,91.236,1510.004,-4.701,2.849,60.61,-0.0024,10,Middle,140.0,-1,-1,UNKNOWN,None
408.525,91.252,1510.144,-4.705,2.845,60.68,-0.0024,10,Middle,139.86,-1,-1,UNKNOWN,None
408.541,91.268,1510.426,-4.713,2.837,60.8,-0.0024,10,Middle,139.57,-1,-1,UNKNOWN,None
408.55,91.284,1510.707,-4.721,2.829,60.88,-0.0024,10,Middle,139.29,-1,-1,UNKNOWN,None
408.566,91.301,1510.989,-4.729,2.821,60.91,-0.0009,10,Middle,139.01,-1,-1,UNKNOWN,None
408.583,91.317,1511.271,-4.737,2.813,60.92,-0.0009,10,Middle,138.73,-1,-1,UNKNOWN,None
408.6,91.333,1511.553,-4.745,2.805,60.88,-0.0009,10,Middle,138.45,-1,-1,UNKNOWN,None
408.616,91.349,1511.834,-4.753,2.797,60.82,-0.0009,10,Middle,138.17,-1,-1,UNKNOWN,None
408.641,91.365,1512.115,-4.762,2.788,60.72,-0.0009,10,Middle,137.88,-1,-1,UNKNOWN,None
408.641,91.381,1512.256,-4.766,2.784,60.67,-0.0009,10,Middle,137.74,-1,-1,UNKNOWN,None
408.675,91.397,1512.676,-4.778,2.772,60.46,-0.0009,10,Middle,137.32,-1,-1,UNKNOWN,None
408.691,91.413,1512.955,-4.786,2.764,60.31,-0.0009,10,Middle,137.05,-1,-1,UNKNOWN,None
408.708,91.429,1513.233,-4.795,2.755,60.14,-0.0009,10,Middle,136.77,-1,-1,UNKNOWN,None
408.717,91.445,1513.518,-4.803,2.747,59.95,-0.0009,10,Middle,136.48,-1,-1,UNKNOWN,None
408.734,91.461,1513.656,-4.807,2.743,59.85,0.0049,10,Middle,136.34,-1,-1,UNKNOWN,None
408.742,91.477,1513.947,-4.816,2.734,59.64,0.0049,10,Middle,136.05,-1,-1,UNKNOWN,None
408.76,91.493,1514.258,-4.825,2.725,59.42,0.0049,10,Middle,135.74,-1,-1,UNKNOWN,None
408.778,91.509,1514.532,-4.833,2.717,59.23,0.0049,10,Middle,135.47,-1,-1,UNKNOWN,None
408.795,91.525,1514.805,-4.841,2.709,59.05,0.0049,10,Middle,135.19,-1,-1,UNKNOWN,None
408.812,91.541,1515.078,-4.849,2.701,58.88,0.0049,10,Middle,134.92,-1,-1,UNKNOWN,None
408.828,91.557,1515.353,-4.857,2.693,58.74,0.0046,10,Middle,134.65,-1,-1,UNKNOWN,None
408.854,91.573,1515.626,-4.865,2.685,58.61,0.0046,10,Middle,134.37,-1,-1,UNKNOWN,None
408.862,91.589,1515.765,-4.869,2.681,58.56,0.0044,10,Middle,134.24,-1,-1,UNKNOWN,None
408.87,91.605,1516.035,-4.877,2.673,58.48,0.0044,10,Middle,133.96,-1,-1,UNKNOWN,None
408.895,91.621,1516.306,-4.885,2.665,58.43,0.0044,10,Middle,133.69,-1,-1,UNKNOWN,None
408.912,91.637,1516.576,-4.892,2.658,58.41,0.0042,10,Middle,133.42,-1,-1,UNKNOWN,None
408.92,91.653,1516.847,-4.9,2.65,58.42,0.0042,10,Middle,133.15,-1,-1,UNKNOWN,None
408.945,91.669,1517.117,-4.908,2.642,58.46,0.004,10,Middle,132.88,-1,-1,UNKNOWN,None
408.962,91.685,1517.388,-4.915,2.635,58.51,0.0034,10,Middle,132.61,-1,-1,UNKNOWN,None
408.97,91.701,1517.659,-4.923,2.627,58.59,0.0033,10,Middle,132.34,-1,-1,UNKNOWN,None
408.987,91.717,1517.93,-4.93,2.62,58.68,0.003,10,Middle,132.07,-1,-1,UNKNOWN,None
409.004,91.731,1518.203,-4.938,2.612,58.78,0.0028,10,Middle,131.8,-1,-1,UNKNOWN,None
409.02,91.749,1518.475,-4.945,2.605,58.9,0.0025,10,Middle,131.53,-1,-1,UNKNOWN,None
409.037,91.765,1518.748,-4.952,2.598,59.03,0.0021,10,Middle,131.25,-1,-1,UNKNOWN,None
409.054,91.781,1519.021,-4.96,2.59,59.17,0.0021,10,Middle,130.98,-1,-1,UNKNOWN,None
409.062,91.797,1519.167,-4.963,2.587,59.25,0.0018,10,Middle,130.83,-1,-1,UNKNOWN,None
409.088,91.813,1519.442,-4.971,2.579,59.41,0.0018,10,Middle,130.56,-1,-1,UNKNOWN,None
409.104,91.829,1519.717,-4.978,2.572,59.57,0.0018,10,Middle,130.28,-1,-1,UNKNOWN,None
409.121,91.845,1519.994,-4.985,2.565,59.73,0.0018,10,Middle,130.01,-1,-1,UNKNOWN,None
409.121,91.861,1520.132,-4.989,2.561,59.82,0.0018,10,Middle,129.87,-1,-1,UNKNOWN,None
409.154,91.877,1520.549,-4.999,2.551,60.09,0.0018,10,Middle,129.45,-1,-1,UNKNOWN,None
409.163,91.893,1520.828,-5.006,2.544,60.27,0.0018,10,Middle,129.17,-1,-1,UNKNOWN,None
409.18,91.909,1520.977,-5.01,2.54,60.36,0.0018,10,Middle,129.02,-1,-1,UNKNOWN,None
409.192,91.925,1521.322,-5.019,2.531,60.57,0.0018,10,Middle,128.68,-1,-1,UNKNOWN,None
409.2,91.941,1521.468,-5.022,2.528,60.64,0.0018,10,Middle,128.53,-1,-1,UNKNOWN,None
409.227,91.957,1521.905,-5.033,2.517,60.82,0.0018,10,Middle,128.09,-1,-1,UNKNOWN,None
409.252,91.973,1522.187,-5.04,2.51,60.88,0.0018,10,Middle,127.81,-1,-1,UNKNOWN,None
409.268,91.989,1522.469,-5.047,2.503,60.9,0.0018,10,Middle,127.53,-1,-1,UNKNOWN,None
409.277,92.005,1522.751,-5.053,2.497,60.88,0.0018,10,Middle,127.25,-1,-1,UNKNOWN,None
409.293,92.021,1523.036,-5.06,2.49,60.83,0.0018,10,Middle,126.96,-1,-1,UNKNOWN,None
409.302,92.037,1523.18,-5.063,2.487,60.79,0.0018,10,Middle,126.82,-1,-1,UNKNOWN,None
409.327,92.053,1523.461,-5.07,2.48,60.69,0.0018,10,Middle,126.54,-1,-1,UNKNOWN,None
409.344,92.069,1523.741,-5.076,2.474,60.56,0.0018,10,Middle,126.26,-1,-1,UNKNOWN,None
409.352,92.085,1524.021,-5.083,2.467,60.42,0.0018,10,Middle,125.98,-1,-1,UNKNOWN,None
409.36,92.101,1524.161,-5.086,2.464,60.34,0.0018,10,Middle,125.84,-1,-1,UNKNOWN,None
409.394,92.117,1524.583,-5.096,2.454,60.08,0.0018,10,Middle,125.42,-1,-1,UNKNOWN,None
409.402,92.133,1524.861,-5.102,2.448,59.9,0.0018,10,Middle,125.14,-1,-1,UNKNOWN,None
409.419,92.149,1525.14,-5.108,2.442,59.7,0.0018,10,Middle,124.86,-1,-1,UNKNOWN,None
409.436,92.165,1525.417,-5.114,2.436,59.5,0.0018,10,Middle,124.58,-1,-1,UNKNOWN,None
409.444,92.181,1525.576,-5.117,2.433,59.38,0.0018,10,Middle,124.42,-1,-1,UNKNOWN,None
409.471,92.196,1525.851,-5.123,2.427,59.19,0.0018,10,Middle,124.15,-1,-1,UNKNOWN,None
409.488,92.212,1526.138,-5.13,2.42,59.0,0.0018,10,Middle,123.86,-1,-1,UNKNOWN,None
409.488,92.228,1526.275,-5.132,2.418,58.91,0.0018,10,Middle,123.73,-1,-1,UNKNOWN,None
409.513,92.244,1526.682,-5.141,2.409,58.68,0.0018,10,Middle,123.32,-1,-1,UNKNOWN,None
409.538,92.26,1526.953,-5.147,2.403,58.56,0.0018,10,Middle,123.05,-1,-1,UNKNOWN,None
409.547,92.279,1527.238,-5.153,2.397,58.46,0.0018,10,Middle,122.76,-1,-1,UNKNOWN,None
409.556,92.293,1527.374,-5.155,2.395,58.42,0.0018,10,Middle,122.63,-1,-1,UNKNOWN,None
409.581,92.309,1527.779,-5.164,2.386,58.36,0.0018,10,Middle,122.22,-1,-1,UNKNOWN,None
409.597,92.325,1528.049,-5.169,2.381,58.35,0.0018,10,Middle,121.95,-1,-1,UNKNOWN,None
409.606,92.341,1528.184,-5.172,2.378,58.36,0.0018,10,Middle,121.82,-1,-1,UNKNOWN,None
409.622,92.357,1528.454,-5.177,2.373,58.39,0.0018,10,Middle,121.55,-1,-1,UNKNOWN,None
409.648,92.373,1528.731,-5.182,2.368,58.45,0.0018,10,Middle,121.27,-1,-1,UNKNOWN,None
409.664,92.389,1529.001,-5.188,2.362,58.53,0.0018,10,Middle,121.0,-1,-1,UNKNOWN,None
409.681,92.404,1529.273,-5.193,2.357,58.62,0.0018,10,Middle,120.73,-1,-1,UNKNOWN,None
409.698,92.421,1529.545,-5.198,2.352,58.72,0.0018,10,Middle,120.46,-1,-1,UNKNOWN,None
409.714,92.444,1529.953,-5.206,2.344,58.91,0.0018,10,Middle,120.05,-1,-1,UNKNOWN,None
409.731,92.453,1530.09,-5.208,2.342,58.97,0.0018,10,Middle,119.91,-1,-1,UNKNOWN,None
409.748,92.467,1530.363,-5.213,2.337,59.11,0.0018,10,Middle,119.64,-1,-1,UNKNOWN,None
409.748,92.485,1530.501,-5.216,2.334,59.19,0.0018,10,Middle,119.5,-1,-1,UNKNOWN,None
409.775,92.501,1530.821,-5.222,2.328,59.37,0.0018,10,Middle,119.18,-1,-1,UNKNOWN,None
409.792,92.517,1531.096,-5.227,2.323,59.53,0.0018,10,Middle,118.9,-1,-1,UNKNOWN,None
409.809,92.533,1531.372,-5.232,2.318,59.7,0.0018,10,Middle,118.63,-1,-1,UNKNOWN,None
409.809,92.549,1531.511,-5.234,2.316,59.78,0.0018,10,Middle,118.49,-1,-1,UNKNOWN,None
409.836,92.565,1531.968,-5.242,2.308,60.08,0.0018,10,Middle,118.03,-1,-1,UNKNOWN,None
409.853,92.581,1532.247,-5.247,2.303,60.26,0.0018,10,Middle,117.75,-1,-1,UNKNOWN,None
409.878,92.597,1532.527,-5.252,2.298,60.44,0.0018,10,Middle,117.47,-1,-1,UNKNOWN,None
409.878,92.613,1532.667,-5.254,2.296,60.52,0.0018,10,Middle,117.33,-1,-1,UNKNOWN,None
409.903,92.63,1532.948,-5.259,2.291,60.67,0.0018,10,Middle,117.05,-1,-1,UNKNOWN,None
409.921,92.645,1533.245,-5.264,2.286,60.79,0.0018,10,Middle,116.76,-1,-1,UNKNOWN,None
409.929,92.661,1533.386,-5.266,2.284,60.83,0.0018,10,Middle,116.61,-1,-1,UNKNOWN,None
409.951,92.677,1533.758,-5.272,2.278,60.9,0.0018,10,Middle,116.24,-1,-1,UNKNOWN,None
409.968,92.693,1534.052,-5.277,2.273,60.9,0.0018,10,Middle,115.95,-1,-1,UNKNOWN,None
409.977,92.709,1534.333,-5.281,2.269,60.85,0.0018,10,Middle,115.67,-1,-1,UNKNOWN,None
410.002,92.725,1534.615,-5.286,2.264,60.78,0.0018,10,Middle,115.39,-1,-1,UNKNOWN,None
410.018,92.741,1534.896,-5.29,2.26,60.68,0.0018,10,Middle,115.1,-1,-1,UNKNOWN,None
410.035,92.757,1535.176,-5.294,2.256,60.56,0.0018,10,Middle,114.82,-1,-1,UNKNOWN,None
410.052,92.773,1535.457,-5.299,2.251,60.41,0.0018,10,Middle,114.54,-1,-1,UNKNOWN,None
410.06,92.789,1535.743,-5.303,2.247,60.25,0.0018,10,Middle,114.26,-1,-1,UNKNOWN,None
410.077,92.805,1536.022,-5.307,2.243,60.07,0.0018,10,Middle,113.98,-1,-1,UNKNOWN,None
410.086,92.821,1536.022,-5.307,2.243,60.07,0.0018,10,Middle,113.98,-1,-1,UNKNOWN,None
410.094,92.837,1536.163,-5.309,2.241,59.98,0.0018,10,Middle,113.84,-1,-1,UNKNOWN,None
410.119,92.853,1536.711,-5.317,2.233,59.6,0.0018,10,Middle,113.29,-1,-1,UNKNOWN,None
410.127,92.869,1536.849,-5.319,2.231,59.51,0.0018,10,Middle,113.15,-1,-1,UNKNOWN,None
410.163,92.885,1537.301,-5.325,2.225,59.21,0.0018,10,Middle,112.7,-1,-1,UNKNOWN,None
410.179,92.901,1537.574,-5.329,2.221,59.05,0.0018,10,Middle,112.43,-1,-1,UNKNOWN,None
410.188,92.917,1537.849,-5.333,2.217,58.9,0.0018,10,Middle,112.15,-1,-1,UNKNOWN,None
410.205,92.933,1538.122,-5.337,2.213,58.78,0.0018,10,Middle,111.88,-1,-1,UNKNOWN,None
410.213,92.949,1538.258,-5.338,2.212,58.73,0.0018,10,Middle,111.74,-1,-1,UNKNOWN,None
410.23,92.965,1538.529,-5.342,2.208,58.65,0.0018,10,Middle,111.47,-1,-1,UNKNOWN,None
410.255,92.981,1538.81,-5.346,2.204,58.6,0.0018,10,Middle,111.19,-1,-1,UNKNOWN,None
410.274,92.997,1539.11,-5.349,2.201,58.58,0.0018,10,Middle,110.89,-1,-1,UNKNOWN,None
410.29,93.016,1539.385,-5.353,2.197,58.59,0.0018,10,Middle,110.62,-1,-1,UNKNOWN,None
410.29,93.029,1539.52,-5.355,2.195,58.61,0.0018,10,Middle,110.48,-1,-1,UNKNOWN,None
410.308,93.045,1539.826,-5.358,2.192,58.66,0.0018,10,Middle,110.17,-1,-1,UNKNOWN,None
410.326,93.061,1540.144,-5.362,2.188,58.75,0.0018,10,Middle,109.86,-1,-1,UNKNOWN,None
410.354,93.077,1540.416,-5.365,2.185,58.84,0.0018,10,Middle,109.58,-1,-1,UNKNOWN,None
410.354,93.093,1540.553,-5.367,2.183,58.89,0.0018,10,Middle,109.45,-1,-1,UNKNOWN,None
410.388,93.109,1540.97,-5.372,2.178,59.07,0.0018,10,Middle,109.03,-1,-1,UNKNOWN,None
410.404,93.123,1541.244,-5.375,2.175,59.2,0.0018,10,Middle,108.76,-1,-1,UNKNOWN,None
410.404,93.141,1541.381,-5.377,2.173,59.27,0.0018,10,Middle,108.62,-1,-1,UNKNOWN,None
410.429,93.157,1541.799,-5.381,2.169,59.49,0.0018,10,Middle,108.2,-1,-1,UNKNOWN,None
410.438,93.173,1541.936,-5.383,2.167,59.57,0.0018,10,Middle,108.06,-1,-1,UNKNOWN,None
410.463,93.189,1542.213,-5.386,2.164,59.73,0.0018,10,Middle,107.79,-1,-1,UNKNOWN,None
410.479,93.204,1542.49,-5.389,2.161,59.89,0.0018,10,Middle,107.51,-1,-1,UNKNOWN,None
410.496,93.22,1542.768,-5.391,2.159,60.07,0.0018,10,Middle,107.23,-1,-1,UNKNOWN,None
410.513,93.236,1543.047,-5.394,2.156,60.24,0.0018,10,Middle,106.95,-1,-1,UNKNOWN,None
410.521,93.252,1543.326,-5.397,2.153,60.41,0.0018,10,Middle,106.67,-1,-1,UNKNOWN,None
410.546,93.268,1543.606,-5.4,2.15,60.57,0.0018,10,Middle,106.39,-1,-1,UNKNOWN,None
410.563,93.284,1543.887,-5.403,2.147,60.71,0.0018,10,Middle,106.11,-1,-1,UNKNOWN,None
410.571,93.301,1544.169,-5.405,2.145,60.83,0.0018,10,Middle,105.83,-1,-1,UNKNOWN,None
410.596,93.317,1544.451,-5.408,2.142,60.92,0.0018,10,Middle,105.55,-1,-1,UNKNOWN,None
410.605,93.333,1544.747,-5.411,2.139,61.0,0.0018,10,Middle,105.25,-1,-1,UNKNOWN,None
410.614,93.349,1544.903,-5.412,2.138,61.02,0.0018,10,Middle,105.1,-1,-1,UNKNOWN,None
410.632,93.365,1545.226,-5.415,2.135,61.03,0.0018,10,Middle,104.77,-1,-1,UNKNOWN,None
410.66,93.381,1545.54,-5.418,2.132,61.0,0.0018,10,Middle,104.46,-1,-1,UNKNOWN,None
410.669,93.397,1545.692,-5.419,2.131,60.97,0.0018,10,Middle,104.31,-1,-1,UNKNOWN,None
410.678,93.413,1545.991,-5.421,2.129,60.89,0.0018,10,Middle,104.01,-1,-1,UNKNOWN,None
410.704,93.429,1546.272,-5.424,2.126,60.78,0.0018,10,Middle,103.73,-1,-1,UNKNOWN,None
410.712,93.445,1546.553,-5.426,2.124,60.65,0.0018,10,Middle,103.45,-1,-1,UNKNOWN,None
410.737,93.461,1546.833,-5.428,2.122,60.51,0.0018,10,Middle,103.17,-1,-1,UNKNOWN,None
410.754,93.477,1547.113,-5.43,2.12,60.34,0.0018,10,Middle,102.89,-1,-1,UNKNOWN,None
410.77,93.493,1547.392,-5.432,2.118,60.17,0.0018,10,Middle,102.61,-1,-1,UNKNOWN,None
410.787,93.509,1547.674,-5.434,2.116,59.97,0.0018,10,Middle,102.33,-1,-1,UNKNOWN,None
410.804,93.525,1547.951,-5.436,2.114,59.77,0.0018,10,Middle,102.05,-1,-1,UNKNOWN,None
410.812,93.541,1548.231,-5.438,2.112,59.57,0.0018,10,Middle,101.77,-1,-1,UNKNOWN,None
410.83,93.557,1548.514,-5.44,2.11,59.36,0.0018,10,Middle,101.49,-1,-1,UNKNOWN,None
410.838,93.573,1548.651,-5.441,2.109,59.27,0.0018,10,Middle,101.35,-1,-1,UNKNOWN,None
410.866,93.589,1548.971,-5.443,2.107,59.05,0.0017,10,Middle,101.03,-1,-1,UNKNOWN,None
410.881,93.605,1549.223,-5.445,2.105,58.9,0.0014,10,Middle,100.78,-1,-1,UNKNOWN,None
410.881,93.621,1549.359,-5.446,2.104,58.82,0.0011,10,Middle,100.64,-1,-1,UNKNOWN,None
410.915,93.637,1549.766,-5.448,2.102,58.62,0.0009,10,Middle,100.23,-1,-1,UNKNOWN,None
410.925,93.653,1550.066,-5.45,2.1,58.51,0.0005,10,Middle,99.93,-1,-1,UNKNOWN,None
410.942,93.669,1550.205,-5.451,2.099,58.48,0.0002,10,Middle,99.8,-1,-1,UNKNOWN,None
410.95,93.685,1550.475,-5.452,2.098,58.43,-0.0001,10,Middle,99.52,-1,-1,UNKNOWN,None
410.975,93.701,1550.746,-5.454,2.096,58.41,-0.0005,10,Middle,99.25,-1,-1,UNKNOWN,None
410.993,93.717,1551.038,-5.455,2.095,58.42,-0.0009,10,Middle,98.96,-1,-1,UNKNOWN,None
411.001,93.733,1551.309,-5.457,2.093,58.45,-0.0014,10,Middle,98.69,-1,-1,UNKNOWN,None
411.027,93.749,1551.598,-5.458,2.092,58.52,-0.0018,10,Middle,98.4,-1,-1,UNKNOWN,None
411.027,93.765,1551.768,-5.459,2.091,58.56,-0.0027,10,Middle,98.23,-1,-1,UNKNOWN,None
411.047,93.781,1552.088,-5.461,2.089,58.67,-0.0033,10,Middle,97.91,-1,-1,UNKNOWN,None
411.075,93.797,1552.378,-5.463,2.087,58.78,-0.0037,10,Middle,97.62,-1,-1,UNKNOWN,None
411.084,93.813,1552.651,-5.464,2.086,58.9,-0.0043,10,Middle,97.35,-1,-1,UNKNOWN,None
411.101,93.829,1552.928,-5.466,2.084,59.03,-0.0044,10,Middle,97.07,-1,-1,UNKNOWN,None
411.117,93.845,1553.202,-5.468,2.082,59.17,-0.0047,10,Middle,96.8,-1,-1,UNKNOWN,None
411.126,93.861,1553.339,-5.469,2.081,59.25,-0.0047,10,Middle,96.66,-1,-1,UNKNOWN,None
411.142,93.877,1553.614,-5.47,2.08,59.4,-0.0047,10,Middle,96.39,-1,-1,UNKNOWN,None
411.167,93.893,1553.889,-5.472,2.078,59.56,-0.0047,10,Middle,96.11,-1,-1,UNKNOWN,None
411.184,93.907,1554.166,-5.474,2.076,59.73,-0.0047,10,Middle,95.83,-1,-1,UNKNOWN,None
411.192,93.925,1554.443,-5.476,2.074,59.9,-0.0047,10,Middle,95.56,-1,-1,UNKNOWN,None
411.217,93.941,1554.721,-5.478,2.072,60.08,-0.0047,10,Middle,95.28,-1,-1,UNKNOWN,None
411.226,93.957,1555.0,-5.48,2.07,60.26,-0.0047,10,Middle,95.0,-1,-1,UNKNOWN,None
411.251,93.973,1555.279,-5.482,2.068,60.44,-0.0047,10,Middle,94.72,-1,-1,UNKNOWN,None
411.267,93.989,1555.56,-5.484,2.066,60.59,-0.0047,10,Middle,94.44,-1,-1,UNKNOWN,None
411.284,94.005,1555.841,-5.487,2.063,60.73,-0.0047,10,Middle,94.16,-1,-1,UNKNOWN,None
411.292,94.021,1556.122,-5.489,2.061,60.83,-0.0047,10,Middle,93.88,-1,-1,UNKNOWN,None
411.309,94.037,1556.404,-5.492,2.058,60.88,-0.0047,10,Middle,93.6,-1,-1,UNKNOWN,None
411.334,94.055,1556.687,-5.494,2.056,60.9,-0.0047,10,Middle,93.31,-1,-1,UNKNOWN,None
411.334,94.069,1556.853,-5.496,2.054,60.89,-0.0047,10,Middle,93.15,-1,-1,UNKNOWN,None
411.357,94.085,1557.211,-5.499,2.051,60.82,-0.0047,10,Middle,92.79,-1,-1,UNKNOWN,None
411.374,94.101,1557.356,-5.501,2.049,60.78,-0.0047,10,Middle,92.64,-1,-1,UNKNOWN,None
411.392,94.117,1557.67,-5.504,2.046,60.66,-0.0047,10,Middle,92.33,-1,-1,UNKNOWN,None
411.401,94.133,1557.951,-5.507,2.043,60.54,-0.0047,10,Middle,92.05,-1,-1,UNKNOWN,None
411.409,94.149,1558.091,-5.509,2.041,60.47,-0.0047,10,Middle,91.91,-1,-1,UNKNOWN,None
411.434,94.165,1558.509,-5.513,2.037,60.23,-0.0047,10,Middle,91.49,-1,-1,UNKNOWN,None
411.459,94.181,1558.788,-5.517,2.033,60.05,-0.0047,10,Middle,91.21,-1,-1,UNKNOWN,None
411.468,94.196,1559.073,-5.52,2.03,59.86,-0.0047,10,Middle,90.93,-1,-1,UNKNOWN,None
411.484,94.212,1559.349,-5.524,2.026,59.66,-0.0047,10,Middle,90.65,-1,-1,UNKNOWN,None
411.493,94.228,1559.487,-5.526,2.024,59.56,-0.0047,10,Middle,90.51,-1,-1,UNKNOWN,None
411.522,94.244,1559.834,-5.53,2.02,59.31,-0.0047,10,Middle,90.17,-1,-1,UNKNOWN,None
411.539,94.26,1560.108,-5.534,2.016,59.12,-0.0047,10,Middle,89.89,-1,-1,UNKNOWN,None
411.555,94.276,1560.381,-5.538,2.012,58.93,-0.0047,10,Middle,89.62,-1,-1,UNKNOWN,None
411.568,94.293,1560.58,-5.541,2.009,58.81,-0.0047,10,Middle,89.42,-1,-1,UNKNOWN,None
411.583,94.309,1560.838,-5.545,2.005,58.67,-0.0047,10,Middle,89.16,-1,-1,UNKNOWN,None
411.592,94.325,1561.109,-5.549,2.001,58.54,-0.0047,10,Middle,88.89,-1,-1,UNKNOWN,None
411.608,94.341,1561.38,-5.553,1.997,58.43,-0.0047,10,Middle,88.62,-1,-1,UNKNOWN,None
411.617,94.357,1561.515,-5.555,1.995,58.39,-0.0047,10,Middle,88.49,-1,-1,UNKNOWN,None
411.65,94.373,1561.92,-5.562,1.988,58.31,-0.0047,10,Middle,88.08,-1,-1,UNKNOWN,None
411.667,94.389,1562.19,-5.567,1.983,58.3,-0.0047,10,Middle,87.81,-1,-1,UNKNOWN,None
411.683,94.405,1562.46,-5.572,1.978,58.32,-0.0047,10,Middle,87.54,-1,-1,UNKNOWN,None
411.693,94.421,1562.749,-5.577,1.973,58.36,-0.0047,10,Middle,87.25,-1,-1,UNKNOWN,None
411.71,94.437,1562.884,-5.579,1.971,58.39,-0.0047,10,Middle,87.12,-1,-1,UNKNOWN,None
411.718,94.453,1563.155,-5.584,1.966,58.46,-0.0047,10,Middle,86.85,-1,-1,UNKNOWN,None
411.743,94.469,1563.426,-5.59,1.96,58.55,-0.0047,10,Middle,86.57,-1,-1,UNKNOWN,None
411.76,94.485,1563.697,-5.595,1.955,58.65,-0.0047,10,Middle,86.3,-1,-1,UNKNOWN,None
411.776,94.501,1563.969,-5.601,1.949,58.77,-0.0047,10,Middle,86.03,-1,-1,UNKNOWN,None
411.785,94.517,1564.241,-5.606,1.944,58.89,-0.0047,10,Middle,85.76,-1,-1,UNKNOWN,None
411.81,94.533,1564.514,-5.612,1.938,59.03,-0.0047,10,Middle,85.49,-1,-1,UNKNOWN,None
411.818,94.549,1564.791,-5.618,1.932,59.18,-0.0047,10,Middle,85.21,-1,-1,UNKNOWN,None
411.843,94.565,1565.065,-5.624,1.926,59.34,-0.0047,10,Middle,84.93,-1,-1,UNKNOWN,None
411.86,94.581,1565.345,-5.63,1.92,59.5,-0.0044,10,Middle,84.66,-1,-1,UNKNOWN,None
411.86,94.597,1565.486,-5.634,1.916,59.59,-0.0044,10,Middle,84.51,-1,-1,UNKNOWN,None
411.893,94.613,1565.901,-5.643,1.907,59.85,-0.0043,10,Middle,84.1,-1,-1,UNKNOWN,None
411.902,94.629,1566.04,-5.647,1.903,59.94,-0.0037,10,Middle,83.96,-1,-1,UNKNOWN,None
411.918,94.645,1566.318,-5.653,1.897,60.12,-0.0037,10,Middle,83.68,-1,-1,UNKNOWN,None
411.935,94.661,1566.597,-5.66,1.89,60.3,-0.0037,10,Middle,83.4,-1,-1,UNKNOWN,None
411.943,94.677,1566.877,-5.667,1.883,60.48,-0.0037,10,Middle,83.12,-1,-1,UNKNOWN,None
411.96,94.693,1567.158,-5.674,1.876,60.64,-0.0037,10,Middle,82.84,-1,-1,UNKNOWN,None
411.985,94.709,1567.439,-5.681,1.869,60.78,-0.0037,10,Middle,82.56,-1,-1,UNKNOWN,None
412.002,94.725,1567.721,-5.689,1.861,60.88,-0.0037,10,Middle,82.28,-1,-1,UNKNOWN,None
412.01,94.741,1568.011,-5.696,1.854,60.94,-0.0035,10,Middle,81.99,-1,-1,UNKNOWN,None
412.036,94.757,1568.303,-5.704,1.846,60.97,-0.0035,10,Middle,81.7,-1,-1,UNKNOWN,None
412.054,94.773,1568.596,-5.712,1.838,60.96,-0.0035,10,Middle,81.4,-1,-1,UNKNOWN,None
412.054,94.789,1568.75,-5.716,1.834,60.94,-0.0035,10,Middle,81.25,-1,-1,UNKNOWN,None
412.08,94.805,1569.035,-5.724,1.826,60.87,-0.0035,10,Middle,80.96,-1,-1,UNKNOWN,None
412.096,94.821,1569.317,-5.732,1.818,60.78,-0.0035,10,Middle,80.68,-1,-1,UNKNOWN,None
412.096,94.837,1569.457,-5.736,1.814,60.72,-0.0035,10,Middle,80.54,-1,-1,UNKNOWN,None
412.121,94.853,1569.878,-5.749,1.801,60.52,-0.0035,10,Middle,80.12,-1,-1,UNKNOWN,None
412.147,94.869,1570.164,-5.757,1.793,60.36,-0.0035,10,Middle,79.84,-1,-1,UNKNOWN,None
412.156,94.885,1570.455,-5.766,1.784,60.18,-0.0035,10,Middle,79.55,-1,-1,UNKNOWN,None
412.173,94.901,1570.74,-5.774,1.776,59.99,-0.0035,10,Middle,79.26,-1,-1,UNKNOWN,None
412.19,94.917,1570.878,-5.778,1.772,59.9,0.0009,10,Middle,79.12,-1,-1,UNKNOWN,None
412.207,94.933,1571.168,-5.787,1.763,59.69,0.0025,10,Middle,78.83,-1,-1,UNKNOWN,None
412.216,94.949,1571.461,-5.796,1.754,59.48,0.0042,10,Middle,78.54,-1,-1,UNKNOWN,None
412.241,94.965,1571.735,-5.804,1.746,59.29,0.0056,10,Middle,78.26,-1,-1,UNKNOWN,None
412.25,94.981,1572.009,-5.813,1.737,59.11,0.0069,10,Middle,77.99,-1,-1,UNKNOWN,None
412.275,94.997,1572.282,-5.821,1.729,58.94,0.0084,10,Middle,77.72,-1,-1,UNKNOWN,None
412.291,95.013,1572.554,-5.829,1.721,58.79,0.0092,10,Middle,77.45,-1,-1,UNKNOWN,None
412.308,95.029,1572.826,-5.837,1.713,58.67,0.0097,10,Middle,77.17,-1,-1,UNKNOWN,None
412.308,95.045,1572.977,-5.842,1.708,58.61,0.0097,10,Middle,77.02,-1,-1,UNKNOWN,None
412.335,95.061,1573.257,-5.85,1.7,58.53,0.0097,10,Middle,76.74,-1,-1,UNKNOWN,None
412.354,95.077,1573.579,-5.859,1.691,58.47,0.0097,10,Middle,76.42,-1,-1,UNKNOWN,None
412.367,95.093,1573.778,-5.865,1.685,58.46,0.0097,10,Middle,76.22,-1,-1,UNKNOWN,None
412.383,95.109,1574.051,-5.872,1.678,58.46,0.0097,10,Middle,75.95,-1,-1,UNKNOWN,None
412.392,95.125,1574.322,-5.88,1.67,58.5,0.0097,10,Middle,75.68,-1,-1,UNKNOWN,None
412.4,95.141,1574.457,-5.884,1.666,58.52,0.0097,10,Middle,75.54,-1,-1,UNKNOWN,None
412.425,95.157,1574.864,-5.895,1.655,58.62,0.0097,10,Middle,75.14,-1,-1,UNKNOWN,None
412.433,95.173,1575.084,-5.9,1.65,58.7,0.0097,10,Middle,74.92,-1,-1,UNKNOWN,None
412.459,95.189,1575.282,-5.906,1.644,58.77,0.0097,10,Middle,74.72,-1,-1,UNKNOWN,None
412.473,95.204,1575.644,-5.915,1.635,58.92,0.0097,10,Middle,74.36,-1,-1,UNKNOWN,None
412.49,95.22,1575.917,-5.922,1.628,59.05,0.0097,10,Middle,74.08,-1,-1,UNKNOWN,None
412.515,95.236,1576.191,-5.928,1.622,59.19,0.0097,10,Middle,73.81,-1,-1,UNKNOWN,None
412.524,95.252,1576.481,-5.935,1.615,59.34,0.0097,10,Middle,73.52,-1,-1,UNKNOWN,None
412.54,95.268,1576.619,-5.938,1.612,59.42,0.0097,10,Middle,73.38,-1,-1,UNKNOWN,None
412.549,95.284,1576.894,-5.945,1.605,59.58,0.0097,10,Middle,73.11,-1,-1,UNKNOWN,None
412.565,95.301,1577.174,-5.951,1.599,59.75,0.0097,10,Middle,72.83,-1,-1,UNKNOWN,None
412.591,95.32,1577.6,-5.96,1.59,60.01,0.0097,10,Middle,72.4,-1,-1,UNKNOWN,None
412.6,95.333,1577.756,-5.963,1.587,60.11,0.0097,10,Middle,72.24,-1,-1,UNKNOWN,None
412.626,95.349,1578.035,-5.968,1.582,60.29,0.0097,10,Middle,71.97,-1,-1,UNKNOWN,None
412.642,95.365,1578.314,-5.973,1.577,60.45,0.0097,10,Middle,71.69,-1,-1,UNKNOWN,None
412.659,95.381,1578.597,-5.979,1.571,60.6,0.0097,10,Middle,71.4,-1,-1,UNKNOWN,None
412.668,95.397,1578.885,-5.984,1.566,60.71,0.0097,10,Middle,71.11,-1,-1,UNKNOWN,None
412.684,95.413,1579.166,-5.988,1.562,60.78,0.0097,10,Middle,70.83,-1,-1,UNKNOWN,None
412.702,95.429,1579.316,-5.99,1.56,60.81,0.0097,10,Middle,70.68,-1,-1,UNKNOWN,None
412.718,95.445,1579.597,-5.995,1.555,60.81,0.0097,10,Middle,70.4,-1,-1,UNKNOWN,None
412.727,95.461,1579.879,-5.999,1.551,60.78,0.0097,10,Middle,70.12,-1,-1,UNKNOWN,None
412.752,95.477,1580.16,-6.003,1.547,60.71,0.0097,10,Middle,69.84,-1,-1,UNKNOWN,None
412.768,95.493,1580.441,-6.006,1.544,60.62,0.0097,10,Middle,69.56,-1,-1,UNKNOWN,None
412.785,95.51,1580.725,-6.009,1.541,60.5,0.0097,10,Middle,69.27,-1,-1,UNKNOWN,None
412.794,95.525,1581.005,-6.012,1.538,60.36,0.0097,10,Middle,69.0,-1,-1,UNKNOWN,None
412.819,95.541,1581.289,-6.015,1.535,60.2,0.0097,10,Middle,68.71,-1,-1,UNKNOWN,None
412.828,95.557,1581.577,-6.018,1.532,60.02,0.0097,10,Middle,68.42,-1,-1,UNKNOWN,None
412.836,95.573,1581.716,-6.019,1.531,59.93,0.0097,10,Middle,68.28,-1,-1,UNKNOWN,None
412.861,95.589,1582.131,-6.022,1.528,59.64,0.0068,10,Middle,67.87,-1,-1,UNKNOWN,None
412.878,95.605,1582.269,-6.023,1.527,59.54,0.0068,10,Middle,67.73,-1,-1,UNKNOWN,None
412.886,95.621,1582.547,-6.025,1.525,59.34,0.0068,10,Middle,67.45,-1,-1,UNKNOWN,None
412.912,95.637,1582.826,-6.026,1.524,59.14,0.0068,10,Middle,67.17,-1,-1,UNKNOWN,None
412.928,95.653,1583.099,-6.028,1.522,58.96,0.0068,10,Middle,66.9,-1,-1,UNKNOWN,None
412.937,95.669,1583.372,-6.029,1.521,58.79,0.0068,10,Middle,66.63,-1,-1,UNKNOWN,None
412.963,95.685,1583.666,-6.029,1.521,58.63,0.0068,10,Middle,66.33,-1,-1,UNKNOWN,None
412.972,95.701,1583.937,-6.03,1.52,58.51,0.0068,10,Middle,66.06,-1,-1,UNKNOWN,None
412.989,95.717,1584.214,-6.03,1.52,58.41,0.0068,10,Middle,65.79,-1,-1,UNKNOWN,None
413.005,95.733,1584.484,-6.03,1.52,58.34,0.0068,10,Middle,65.52,-1,-1,UNKNOWN,None
413.022,95.749,1584.619,-6.03,1.52,58.32,0.0068,10,Middle,65.38,-1,-1,UNKNOWN,None
413.03,95.765,1584.889,-6.03,1.52,58.3,0.0068,10,Middle,65.11,-1,-1,UNKNOWN,None
413.047,95.781,1585.159,-6.03,1.52,58.3,0.0068,10,Middle,64.84,-1,-1,UNKNOWN,None
413.073,95.797,1585.44,-6.029,1.521,58.34,0.0068,10,Middle,64.56,-1,-1,UNKNOWN,None
413.09,95.813,1585.718,-6.028,1.522,58.4,0.0068,10,Middle,64.28,-1,-1,UNKNOWN,None
413.106,95.829,1585.989,-6.027,1.523,58.47,0.0068,10,Middle,64.01,-1,-1,UNKNOWN,None
413.123,95.845,1586.265,-6.026,1.524,58.56,0.0068,10,Middle,63.73,-1,-1,UNKNOWN,None
413.123,95.861,1586.452,-6.025,1.525,58.64,0.0068,10,Middle,63.55,-1,-1,UNKNOWN,None
413.151,95.877,1586.724,-6.023,1.527,58.75,0.0068,10,Middle,63.28,-1,-1,UNKNOWN,None
413.151,95.893,1586.86,-6.022,1.528,58.81,0.0068,10,Middle,63.14,-1,-1,UNKNOWN,None
413.176,95.909,1587.269,-6.019,1.531,59.02,0.0068,10,Middle,62.73,-1,-1,UNKNOWN,None
413.193,95.925,1587.557,-6.017,1.533,59.17,0.0068,10,Middle,62.44,-1,-1,UNKNOWN,None
413.22,95.939,1587.849,-6.014,1.536,59.34,0.0068,10,Middle,62.15,-1,-1,UNKNOWN,None
413.22,95.957,1587.986,-6.013,1.537,59.42,0.0068,10,Middle,62.01,-1,-1,UNKNOWN,None
413.247,95.973,1588.292,-6.01,1.54,59.6,0.0065,10,Middle,61.71,-1,-1,UNKNOWN,None
413.26,95.989,1588.646,-6.006,1.544,59.82,0.0062,10,Middle,61.35,-1,-1,UNKNOWN,None
413.277,96.005,1588.931,-6.002,1.548,60.01,0.006,10,Middle,61.07,-1,-1,UNKNOWN,None
413.294,96.021,1589.07,-6.001,1.549,60.1,0.006,10,Middle,60.93,-1,-1,UNKNOWN,None
413.302,96.037,1589.349,-5.997,1.553,60.28,0.006,10,Middle,60.65,-1,-1,UNKNOWN,None
413.327,96.053,1589.63,-5.993,1.557,60.45,0.006,10,Middle,60.37,-1,-1,UNKNOWN,None
413.344,96.069,1589.913,-5.989,1.561,60.59,0.006,10,Middle,60.09,-1,-1,UNKNOWN,None
413.361,96.085,1590.194,-5.985,1.565,60.71,0.006,10,Middle,59.81,-1,-1,UNKNOWN,None
413.377,96.101,1590.475,-5.981,1.569,60.79,0.006,10,Middle,59.52,-1,-1,UNKNOWN,None
413.386,96.117,1590.757,-5.977,1.573,60.84,0.006,10,Middle,59.24,-1,-1,UNKNOWN,None
413.402,96.133,1591.038,-5.972,1.578,60.84,0.006,10,Middle,58.96,-1,-1,UNKNOWN,None
413.427,96.149,1591.32,-5.967,1.583,60.81,0.006,10,Middle,58.68,-1,-1,UNKNOWN,None
413.436,96.165,1591.603,-5.962,1.588,60.74,-0.0002,10,Middle,58.4,-1,-1,UNKNOWN,None
413.453,96.181,1591.899,-5.957,1.593,60.64,-0.0002,10,Middle,58.1,-1,-1,UNKNOWN,None
413.471,96.196,1592.059,-5.954,1.596,60.58,-0.0002,10,Middle,57.94,-1,-1,UNKNOWN,None
413.488,96.212,1592.342,-5.949,1.601,60.45,-0.0002,10,Middle,57.66,-1,-1,UNKNOWN,None
413.505,96.228,1592.621,-5.943,1.607,60.3,-0.0002,10,Middle,57.38,-1,-1,UNKNOWN,None
413.513,96.244,1592.9,-5.938,1.612,60.14,-0.0002,10,Middle,57.1,-1,-1,UNKNOWN,None
413.53,96.26,1593.177,-5.933,1.617,59.96,-0.0002,10,Middle,56.82,-1,-1,UNKNOWN,None
413.555,96.28,1593.454,-5.927,1.623,59.77,-0.0002,10,Middle,56.55,-1,-1,UNKNOWN,None
413.572,96.293,1593.738,-5.922,1.628,59.57,-0.0002,10,Middle,56.26,-1,-1,UNKNOWN,None
413.588,96.309,1594.013,-5.916,1.634,59.38,-0.0002,10,Middle,55.99,-1,-1,UNKNOWN,None
413.597,96.325,1594.287,-5.911,1.639,59.2,-0.0002,10,Middle,55.71,-1,-1,UNKNOWN,None
413.613,96.342,1594.561,-5.905,1.645,59.02,-0.0002,10,Middle,55.44,-1,-1,UNKNOWN,None
413.63,96.357,1594.697,-5.902,1.648,58.94,-0.0005,10,Middle,55.3,-1,-1,UNKNOWN,None
413.647,96.373,1594.97,-5.896,1.654,58.8,-0.0005,10,Middle,55.03,-1,-1,UNKNOWN,None
413.663,96.389,1595.241,-5.89,1.66,58.67,-0.0005,10,Middle,54.76,-1,-1,UNKNOWN,None
413.68,96.405,1595.513,-5.885,1.665,58.58,-0.0008,10,Middle,54.49,-1,-1,UNKNOWN,None
413.68,96.421,1595.648,-5.882,1.668,58.54,-0.0012,10,Middle,54.35,-1,-1,UNKNOWN,None
413.697,96.437,1595.919,-5.876,1.674,58.48,-0.0018,10,Middle,54.08,-1,-1,UNKNOWN,None
413.722,96.453,1596.347,-5.867,1.683,58.46,-0.0027,10,Middle,53.65,-1,-1,UNKNOWN,None
413.748,96.469,1596.617,-5.861,1.689,58.48,-0.0035,10,Middle,53.38,-1,-1,UNKNOWN,None
413.756,96.485,1596.888,-5.855,1.695,58.53,-0.0044,10,Middle,53.11,-1,-1,UNKNOWN,None
413.773,96.501,1597.159,-5.849,1.701,58.59,-0.0052,10,Middle,52.84,-1,-1,UNKNOWN,None
413.79,96.517,1597.295,-5.846,1.704,58.63,-0.006,10,Middle,52.71,-1,-1,UNKNOWN,None
413.806,96.533,1597.566,-5.84,1.71,58.72,-0.0065,10,Middle,52.43,-1,-1,UNKNOWN,None
413.824,96.549,1597.848,-5.834,1.716,58.83,-0.0069,10,Middle,52.15,-1,-1,UNKNOWN,None
413.84,96.565,1598.121,-5.829,1.721,58.95,-0.0075,10,Middle,51.88,-1,-1,UNKNOWN,None
413.849,96.581,1598.394,-5.823,1.727,59.08,-0.0078,10,Middle,51.61,-1,-1,UNKNOWN,None
413.865,96.598,1598.668,-5.818,1.732,59.22,-0.0079,10,Middle,51.33,-1,-1,UNKNOWN,None
413.882,96.613,1598.943,-5.812,1.738,59.37,-0.0079,10,Middle,51.06,-1,-1,UNKNOWN,None
413.902,96.629,1599.137,-5.809,1.741,59.48,-0.0079,10,Middle,50.86,-1,-1,UNKNOWN,None
413.91,96.645,1599.413,-5.803,1.747,59.64,-0.0079,10,Middle,50.59,-1,-1,UNKNOWN,None
413.935,96.661,1599.689,-5.798,1.752,59.81,-0.0079,10,Middle,50.31,-1,-1,UNKNOWN,None
413.953,96.677,1599.98,-5.793,1.757,59.99,-0.0079,10,Middle,50.02,-1,-1,UNKNOWN,None
413.97,96.693,1600.258,-5.788,1.762,60.17,-0.0079,10,Middle,49.74,-1,-1,UNKNOWN,None
413.988,96.709,1600.569,-5.783,1.767,60.37,-0.0079,10,Middle,49.43,-1,-1,UNKNOWN,None
413.988,96.725,1600.73,-5.78,1.77,60.47,-0.0079,10,Middle,49.27,-1,-1,UNKNOWN,None
414.015,96.741,1601.026,-5.775,1.775,60.66,-0.0079,10,Middle,48.97,-1,-1,UNKNOWN,None
414.032,96.757,1601.308,-5.77,1.78,60.82,-0.0079,10,Middle,48.69,-1,-1,UNKNOWN,None
414.04,96.773,1601.593,-5.766,1.784,60.98,-0.0079,10,Middle,48.41,-1,-1,UNKNOWN,None
414.065,96.789,1601.875,-5.762,1.788,61.12,-0.0079,10,Middle,48.12,-1,-1,UNKNOWN,None
414.074,96.805,1602.159,-5.758,1.792,61.25,-0.0079,10,Middle,47.84,-1,-1,UNKNOWN,None
414.092,96.821,1602.475,-5.754,1.796,61.36,-0.0079,10,Middle,47.53,-1,-1,UNKNOWN,None
414.109,96.837,1602.759,-5.75,1.8,61.42,-0.0079,10,Middle,47.24,-1,-1,UNKNOWN,None
414.117,96.853,1602.901,-5.748,1.802,61.44,-0.0079,10,Middle,47.1,-1,-1,UNKNOWN,None
414.134,96.869,1603.188,-5.745,1.805,61.43,-0.0079,10,Middle,46.81,-1,-1,UNKNOWN,None
414.151,96.885,1603.487,-5.741,1.809,61.39,-0.0079,10,Middle,46.51,-1,-1,UNKNOWN,None
414.177,96.901,1603.77,-5.738,1.812,61.31,-0.0079,10,Middle,46.23,-1,-1,UNKNOWN,None
414.194,96.917,1604.059,-5.735,1.815,61.21,-0.0065,10,Middle,45.94,-1,-1,UNKNOWN,None
414.212,96.933,1604.365,-5.733,1.817,61.08,-0.0065,10,Middle,45.64,-1,-1,UNKNOWN,None
414.221,96.949,1604.531,-5.731,1.819,61.0,-0.0052,10,Middle,45.47,-1,-1,UNKNOWN,None
414.233,96.965,1604.881,-5.728,1.822,60.81,-0.0052,10,Middle,45.12,-1,-1,UNKNOWN,None
414.26,96.981,1605.189,-5.726,1.824,60.62,-0.0052,10,Middle,44.81,-1,-1,UNKNOWN,None
414.272,96.997,1605.382,-5.725,1.825,60.49,-0.0052,10,Middle,44.62,-1,-1,UNKNOWN,None
414.289,97.013,1605.661,-5.723,1.827,60.3,-0.0052,10,Middle,44.34,-1,-1,UNKNOWN,None
414.305,97.027,1605.939,-5.721,1.829,60.1,-0.0018,10,Middle,44.06,-1,-1,UNKNOWN,None
414.314,97.045,1606.222,-5.719,1.831,59.89,-0.0018,10,Middle,43.78,-1,-1,UNKNOWN,None
414.339,97.061,1606.498,-5.718,1.832,59.68,-0.0014,10,Middle,43.5,-1,-1,UNKNOWN,None
414.35,97.077,1606.68,-5.717,1.833,59.53,-0.0014,10,Middle,43.32,-1,-1,UNKNOWN,None
414.368,97.093,1606.977,-5.716,1.834,59.31,-0.0012,10,Middle,43.02,-1,-1,UNKNOWN,None
414.385,97.109,1607.251,-5.714,1.836,59.1,-0.0009,10,Middle,42.75,-1,-1,UNKNOWN,None
414.401,97.124,1607.524,-5.713,1.837,58.91,-0.0005,10,Middle,42.48,-1,-1,UNKNOWN,None
414.41,97.141,1607.796,-5.712,1.838,58.74,-0.0002,10,Middle,42.2,-1,-1,UNKNOWN,None
414.435,97.157,1608.068,-5.712,1.838,58.59,0.0005,10,Middle,41.93,-1,-1,UNKNOWN,None
414.444,97.173,1608.372,-5.711,1.839,58.44,0.0009,10,Middle,41.63,-1,-1,UNKNOWN,None
414.453,97.189,1608.507,-5.71,1.84,58.39,0.0014,10,Middle,41.49,-1,-1,UNKNOWN,None
414.478,97.204,1608.777,-5.71,1.84,58.31,0.0021,10,Middle,41.22,-1,-1,UNKNOWN,None
414.495,97.22,1609.047,-5.709,1.841,58.26,0.0025,10,Middle,40.95,-1,-1,UNKNOWN,None
414.503,97.236,1609.318,-5.709,1.841,58.24,0.0028,10,Middle,40.68,-1,-1,UNKNOWN,None
414.512,97.252,1609.452,-5.708,1.842,58.24,0.0028,10,Middle,40.55,-1,-1,UNKNOWN,None
414.528,97.268,1609.722,-5.708,1.842,58.26,0.0028,10,Middle,40.28,-1,-1,UNKNOWN,None
414.562,97.284,1610.139,-5.707,1.843,58.34,0.0028,10,Middle,39.86,-1,-1,UNKNOWN,None
414.562,97.301,1610.339,-5.707,1.843,58.4,0.0028,10,Middle,39.66,-1,-1,UNKNOWN,None
414.585,97.317,1610.653,-5.706,1.844,58.5,0.0028,10,Middle,39.35,-1,-1,UNKNOWN,None
414.611,97.333,1610.924,-5.706,1.844,58.61,0.0028,10,Middle,39.08,-1,-1,UNKNOWN,None
414.627,97.349,1611.195,-5.706,1.844,58.73,0.0028,10,Middle,38.8,-1,-1,UNKNOWN,None
414.636,97.365,1611.468,-5.705,1.845,58.86,0.0028,10,Middle,38.53,-1,-1,UNKNOWN,None
414.652,97.381,1611.741,-5.705,1.845,59.0,0.0028,10,Middle,38.26,-1,-1,UNKNOWN,None
414.669,97.397,1612.015,-5.704,1.846,59.14,0.0028,10,Middle,37.99,-1,-1,UNKNOWN,None
414.677,97.413,1612.152,-5.704,1.846,59.22,0.0028,10,Middle,37.85,-1,-1,UNKNOWN,None
414.702,97.429,1612.427,-5.704,1.846,59.38,0.0028,10,Middle,37.57,-1,-1,UNKNOWN,None
414.72,97.445,1612.717,-5.703,1.847,59.56,0.0028,10,Middle,37.28,-1,-1,UNKNOWN,None
414.737,97.461,1613.001,-5.703,1.847,59.74,0.0028,10,Middle,37.0,-1,-1,UNKNOWN,None
414.745,97.477,1613.289,-5.702,1.848,59.92,0.0028,10,Middle,36.71,-1,-1,UNKNOWN,None
414.772,97.493,1613.585,-5.702,1.848,60.12,0.0028,10,Middle,36.42,-1,-1,UNKNOWN,None
414.781,97.509,1613.871,-5.701,1.849,60.31,0.0028,10,Middle,36.13,-1,-1,UNKNOWN,None
414.798,97.525,1614.016,-5.701,1.849,60.4,0.0028,10,Middle,35.98,-1,-1,UNKNOWN,None
414.819,97.541,1614.376,-5.7,1.85,60.62,0.0028,10,Middle,35.62,-1,-1,UNKNOWN,None
414.836,97.557,1614.657,-5.699,1.851,60.76,0.0028,10,Middle,35.34,-1,-1,UNKNOWN,None
414.844,97.573,1614.941,-5.698,1.852,60.87,0.0028,10,Middle,35.06,-1,-1,UNKNOWN,None
414.861,97.589,1615.223,-5.697,1.853,60.93,0.0028,10,Middle,34.78,-1,-1,UNKNOWN,None
414.869,97.605,1615.364,-5.697,1.853,60.95,0.0028,10,Middle,34.64,-1,-1,UNKNOWN,None
414.886,97.621,1615.646,-5.696,1.854,60.95,0.0028,10,Middle,34.35,-1,-1,UNKNOWN,None
414.903,97.637,1615.929,-5.695,1.855,60.92,0.0028,10,Middle,34.07,-1,-1,UNKNOWN,None
414.928,97.653,1616.218,-5.694,1.856,60.84,0.0028,10,Middle,33.78,-1,-1,UNKNOWN,None
414.937,97.669,1616.5,-5.693,1.857,60.75,0.0028,10,Middle,33.5,-1,-1,UNKNOWN,None
414.953,97.685,1616.78,-5.691,1.859,60.63,0.0028,10,Middle,33.22,-1,-1,UNKNOWN,None
414.97,97.701,1617.061,-5.69,1.86,60.5,0.0028,10,Middle,32.94,-1,-1,UNKNOWN,None
414.987,97.717,1617.342,-5.689,1.861,60.35,0.0028,10,Middle,32.66,-1,-1,UNKNOWN,None
414.995,97.733,1617.49,-5.688,1.862,60.26,0.0028,10,Middle,32.51,-1,-1,UNKNOWN,None
415.021,97.749,1617.919,-5.686,1.864,59.98,0.0028,10,Middle,32.08,-1,-1,UNKNOWN,None
415.038,97.765,1618.064,-5.685,1.865,59.88,0.0028,10,Middle,31.94,-1,-1,UNKNOWN,None
415.055,97.781,1618.347,-5.684,1.866,59.69,0.0028,10,Middle,31.65,-1,-1,UNKNOWN,None
415.072,97.797,1618.623,-5.682,1.868,59.49,0.0028,10,Middle,31.38,-1,-1,UNKNOWN,None
415.089,97.813,1618.903,-5.68,1.87,59.29,0.0028,10,Middle,31.1,-1,-1,UNKNOWN,None
415.097,97.829,1619.177,-5.679,1.871,59.11,0.0028,10,Middle,30.82,-1,-1,UNKNOWN,None
415.114,97.845,1619.45,-5.677,1.873,58.95,0.0028,10,Middle,30.55,-1,-1,UNKNOWN,None
415.139,97.861,1619.723,-5.675,1.875,58.8,0.0028,10,Middle,30.28,-1,-1,UNKNOWN,None
415.156,97.877,1619.994,-5.673,1.877,58.68,0.0028,10,Middle,30.01,-1,-1,UNKNOWN,None
415.172,97.893,1620.266,-5.671,1.879,58.58,0.0028,10,Middle,29.73,-1,-1,UNKNOWN,None
415.181,97.909,1620.537,-5.669,1.881,58.51,0.0028,10,Middle,29.46,-1,-1,UNKNOWN,None
415.189,97.925,1620.677,-5.668,1.882,58.49,0.0028,10,Middle,29.32,-1,-1,UNKNOWN,None
415.206,97.941,1620.95,-5.666,1.884,58.46,0.0025,10,Middle,29.05,-1,-1,UNKNOWN,None
415.232,97.957,1621.239,-5.663,1.887,58.47,0.0023,10,Middle,28.76,-1,-1,UNKNOWN,None
415.249,97.973,1621.514,-5.661,1.889,58.51,0.0018,10,Middle,28.49,-1,-1,UNKNOWN,None
415.258,97.989,1621.785,-5.659,1.891,58.56,0.0014,10,Middle,28.21,-1,-1,UNKNOWN,None
415.274,98.005,1622.057,-5.656,1.894,58.64,0.0009,10,Middle,27.94,-1,-1,UNKNOWN,None
415.299,98.021,1622.328,-5.654,1.896,58.73,0.0002,10,Middle,27.67,-1,-1,UNKNOWN,None
415.31,98.038,1622.511,-5.652,1.898,58.8,-0.0002,10,Middle,27.49,-1,-1,UNKNOWN,None
415.329,98.055,1622.823,-5.649,1.901,58.93,-0.0009,10,Middle,27.18,-1,-1,UNKNOWN,None
415.346,98.072,1623.096,-5.647,1.903,59.06,-0.0017,10,Middle,26.9,-1,-1,UNKNOWN,None
415.354,98.088,1623.37,-5.644,1.906,59.2,-0.0024,10,Middle,26.63,-1,-1,UNKNOWN,None
415.379,98.104,1623.644,-5.641,1.909,59.34,-0.0033,10,Middle,26.36,-1,-1,UNKNOWN,None
415.388,98.12,1623.92,-5.639,1.911,59.5,-0.004,10,Middle,26.08,-1,-1,UNKNOWN,None
415.405,98.136,1624.265,-5.636,1.914,59.7,-0.0047,10,Middle,25.73,-1,-1,UNKNOWN,None
415.417,98.152,1624.438,-5.634,1.916,59.81,-0.0053,10,Middle,25.56,-1,-1,UNKNOWN,None
415.427,98.169,1624.608,-5.633,1.917,59.92,-0.0059,10,Middle,25.39,-1,-1,UNKNOWN,None
415.456,98.184,1625.05,-5.629,1.921,60.2,-0.0063,10,Middle,24.95,-1,-1,UNKNOWN,None
415.472,98.199,1625.19,-5.627,1.923,60.29,-0.0063,10,Middle,24.81,-1,-1,UNKNOWN,None
415.49,98.215,1625.481,-5.625,1.925,60.48,-0.0063,10,Middle,24.52,-1,-1,UNKNOWN,None
415.508,98.231,1625.785,-5.623,1.927,60.66,-0.0063,10,Middle,24.21,-1,-1,UNKNOWN,None
415.526,98.247,1626.084,-5.62,1.93,60.81,-0.0069,10,Middle,23.92,-1,-1,UNKNOWN,None
415.534,98.263,1626.367,-5.618,1.932,60.94,-0.0069,10,Middle,23.63,-1,-1,UNKNOWN,None
415.551,98.279,1626.651,-5.616,1.934,61.05,-0.0069,10,Middle,23.35,-1,-1,UNKNOWN,None
415.567,98.296,1626.934,-5.614,1.936,61.13,-0.0069,10,Middle,23.07,-1,-1,UNKNOWN,None
415.576,98.312,1627.1,-5.613,1.937,61.15,-0.0069,10,Middle,22.9,-1,-1,UNKNOWN,None
415.603,98.328,1627.406,-5.611,1.939,61.17,-0.0069,10,Middle,22.59,-1,-1,UNKNOWN,None
415.603,98.344,1627.563,-5.61,1.94,61.15,-0.0069,10,Middle,22.44,-1,-1,UNKNOWN,None
415.638,98.36,1627.998,-5.608,1.942,61.06,-0.0069,10,Middle,22.0,-1,-1,UNKNOWN,None
415.647,98.376,1628.281,-5.606,1.944,60.97,-0.0069,10,Middle,21.72,-1,-1,UNKNOWN,None
415.664,98.392,1628.57,-5.605,1.945,60.85,-0.0078,10,Middle,21.43,-1,-1,UNKNOWN,None
415.68,98.408,1628.851,-5.604,1.946,60.71,-0.0078,10,Middle,21.15,-1,-1,UNKNOWN,None
415.689,98.424,1628.992,-5.603,1.947,60.63,-0.0078,10,Middle,21.01,-1,-1,UNKNOWN,None
415.714,98.44,1629.272,-5.603,1.947,60.47,-0.0078,10,Middle,20.73,-1,-1,UNKNOWN,None
415.731,98.456,1629.56,-5.602,1.948,60.29,-0.0078,10,Middle,20.44,-1,-1,UNKNOWN,None
415.75,98.472,1629.885,-5.601,1.949,60.07,-0.0078,10,Middle,20.12,-1,-1,UNKNOWN,None
415.75,98.488,1630.049,-5.601,1.949,59.96,-0.0078,10,Middle,19.95,-1,-1,UNKNOWN,None
415.769,98.504,1630.344,-5.601,1.949,59.74,-0.0078,10,Middle,19.66,-1,-1,UNKNOWN,None
415.786,98.52,1630.624,-5.601,1.949,59.53,-0.0078,10,Middle,19.38,-1,-1,UNKNOWN,None
415.795,98.541,1630.765,-5.601,1.949,59.43,-0.0078,10,Middle,19.24,-1,-1,UNKNOWN,None
415.82,98.55,1631.192,-5.601,1.949,59.12,-0.0078,10,Middle,18.81,-1,-1,UNKNOWN,None
415.846,98.568,1631.468,-5.601,1.949,58.93,-0.0078,10,Middle,18.53,-1,-1,UNKNOWN,None
415.855,98.584,1631.74,-5.602,1.948,58.76,-0.0078,10,Middle,18.26,-1,-1,UNKNOWN,None
415.872,98.6,1632.02,-5.603,1.947,58.6,-0.0078,10,Middle,17.98,-1,-1,UNKNOWN,None
415.889,98.616,1632.295,-5.604,1.946,58.48,-0.0078,10,Middle,17.71,-1,-1,UNKNOWN,None
415.905,98.632,1632.43,-5.604,1.946,58.42,-0.0078,10,Middle,17.57,-1,-1,UNKNOWN,None
415.905,98.648,1632.565,-5.605,1.945,58.38,-0.0078,10,Middle,17.43,-1,-1,UNKNOWN,None
415.931,98.664,1632.998,-5.607,1.943,58.28,-0.0078,10,Middle,17.0,-1,-1,UNKNOWN,None
415.941,98.68,1633.146,-5.608,1.942,58.27,-0.0078,10,Middle,16.85,-1,-1,UNKNOWN,None
415.975,98.696,1633.55,-5.611,1.939,58.27,-0.0078,10,Middle,16.45,-1,-1,UNKNOWN,None
415.991,98.712,1633.82,-5.613,1.937,58.31,-0.0078,10,Middle,16.18,-1,-1,UNKNOWN,None
416.0,98.728,1634.09,-5.615,1.935,58.36,-0.0078,10,Middle,15.91,-1,-1,UNKNOWN,None
416.016,98.744,1634.361,-5.618,1.932,58.44,-0.0078,10,Middle,15.64,-1,-1,UNKNOWN,None
416.025,98.76,1634.496,-5.619,1.931,58.49,-0.0078,10,Middle,15.5,-1,-1,UNKNOWN,None
416.05,98.776,1634.778,-5.622,1.928,58.59,-0.0078,10,Middle,15.22,-1,-1,UNKNOWN,None
416.067,98.792,1635.049,-5.625,1.925,58.7,-0.0075,10,Middle,14.95,-1,-1,UNKNOWN,None
416.075,98.808,1635.322,-5.628,1.922,58.83,-0.0075,10,Middle,14.68,-1,-1,UNKNOWN,None
416.1,98.824,1635.594,-5.632,1.918,58.97,-0.0075,10,Middle,14.41,-1,-1,UNKNOWN,None
416.117,98.84,1635.868,-5.635,1.915,59.11,-0.0072,10,Middle,14.13,-1,-1,UNKNOWN,None
416.134,98.856,1636.142,-5.639,1.911,59.27,-0.0069,10,Middle,13.86,-1,-1,UNKNOWN,None
416.15,98.872,1636.417,-5.643,1.907,59.43,-0.0065,10,Middle,13.58,-1,-1,UNKNOWN,None
416.167,98.888,1636.693,-5.647,1.903,59.59,-0.006,10,Middle,13.31,-1,-1,UNKNOWN,None
416.176,98.904,1636.974,-5.652,1.898,59.77,-0.0052,10,Middle,13.03,-1,-1,UNKNOWN,None
416.192,98.92,1637.254,-5.656,1.894,59.95,-0.0043,10,Middle,12.75,-1,-1,UNKNOWN,None
416.201,98.936,1637.393,-5.659,1.891,60.04,-0.0031,10,Middle,12.61,-1,-1,UNKNOWN,None
416.226,98.952,1637.671,-5.663,1.887,60.23,-0.0031,10,Middle,12.33,-1,-1,UNKNOWN,None
416.234,98.968,1637.951,-5.668,1.882,60.41,-0.0031,10,Middle,12.05,-1,-1,UNKNOWN,None
416.259,98.984,1638.231,-5.674,1.876,60.58,0.0002,10,Middle,11.77,-1,-1,UNKNOWN,None
416.276,99.0,1638.512,-5.679,1.871,60.75,0.0014,10,Middle,11.49,-1,-1,UNKNOWN,None
416.292,99.016,1638.794,-5.684,1.866,60.92,0.0014,10,Middle,11.21,-1,-1,UNKNOWN,None
416.309,99.032,1639.077,-5.689,1.861,61.08,0.0014,10,Middle,10.92,-1,-1,UNKNOWN,None
416.327,99.048,1639.387,-5.695,1.855,61.24,0.0046,10,Middle,10.61,-1,-1,UNKNOWN,None
416.337,99.064,1639.559,-5.699,1.851,61.32,0.0046,10,Middle,10.44,-1,-1,UNKNOWN,None
416.355,99.08,1639.868,-5.705,1.845,61.45,0.0046,10,Middle,10.13,-1,-1,UNKNOWN,None
416.355,99.096,1640.01,-5.707,1.843,61.5,0.0068,10,Middle,9.99,-1,-1,UNKNOWN,None
416.38,99.112,1640.438,-5.716,1.834,61.62,0.0068,10,Middle,9.56,-1,-1,UNKNOWN,None
416.397,99.128,1640.723,-5.721,1.829,61.68,0.0068,10,Middle,9.28,-1,-1,UNKNOWN,None
416.423,99.144,1641.016,-5.727,1.823,61.7,0.0068,10,Middle,8.98,-1,-1,UNKNOWN,None
416.431,99.16,1641.31,-5.733,1.817,61.68,0.0068,10,Middle,8.69,-1,-1,UNKNOWN,None
416.448,99.176,1641.595,-5.738,1.812,61.62,0.0068,10,Middle,8.4,-1,-1,UNKNOWN,None
416.456,99.191,1641.738,-5.741,1.809,61.58,0.0068,10,Middle,8.26,-1,-1,UNKNOWN,None
416.481,99.207,1642.022,-5.746,1.804,61.48,0.0068,10,Middle,7.98,-1,-1,UNKNOWN,None
416.498,99.223,1642.307,-5.752,1.798,61.36,0.0068,10,Middle,7.69,-1,-1,UNKNOWN,None
416.498,99.239,1642.448,-5.754,1.796,61.29,0.0068,10,Middle,7.55,-1,-1,UNKNOWN,None
416.532,99.255,1642.89,-5.762,1.788,61.05,0.0068,10,Middle,7.11,-1,-1,UNKNOWN,None
416.549,99.271,1643.172,-5.767,1.783,60.87,0.0068,10,Middle,6.83,-1,-1,UNKNOWN,None
416.566,99.285,1643.454,-5.772,1.778,60.68,0.0068,10,Middle,6.55,-1,-1,UNKNOWN,None
416.566,99.304,1643.594,-5.775,1.775,60.58,0.0068,10,Middle,6.41,-1,-1,UNKNOWN,None
416.591,99.32,1644.013,-5.782,1.768,60.28,0.0068,10,Middle,5.99,-1,-1,UNKNOWN,None
416.608,99.336,1644.295,-5.787,1.763,60.06,0.0068,10,Middle,5.71,-1,-1,UNKNOWN,None
416.624,99.352,1644.572,-5.791,1.759,59.83,0.0068,10,Middle,5.43,-1,-1,UNKNOWN,None
416.641,99.368,1644.71,-5.793,1.757,59.72,0.0069,10,Middle,5.29,-1,-1,UNKNOWN,None
416.654,99.384,1645.101,-5.799,1.751,59.4,0.0069,10,Middle,4.9,-1,-1,UNKNOWN,None
416.673,99.4,1645.24,-5.801,1.749,59.29,0.0069,10,Middle,4.76,-1,-1,UNKNOWN,None
416.681,99.416,1645.514,-5.805,1.745,59.07,0.0069,10,Middle,4.49,-1,-1,UNKNOWN,None
416.698,99.432,1645.787,-5.809,1.741,58.87,0.0069,10,Middle,4.21,-1,-1,UNKNOWN,None
416.723,99.448,1646.059,-5.813,1.737,58.68,0.0069,10,Middle,3.94,-1,-1,UNKNOWN,None
416.731,99.464,1646.33,-5.817,1.733,58.52,0.0069,10,Middle,3.67,-1,-1,UNKNOWN,None
416.757,99.48,1646.615,-5.82,1.73,58.37,0.0069,10,Middle,3.39,-1,-1,UNKNOWN,None
416.774,99.496,1646.888,-5.823,1.727,58.25,0.0069,10,Middle,3.11,-1,-1,UNKNOWN,None
416.791,99.512,1647.157,-5.826,1.724,58.17,0.0069,10,Middle,2.84,-1,-1,UNKNOWN,None
416.799,99.528,1647.427,-5.829,1.721,58.12,0.0069,10,Middle,2.57,-1,-1,UNKNOWN,None
416.816,99.544,1647.696,-5.832,1.718,58.1,0.0069,10,Middle,2.3,-1,-1,UNKNOWN,None
416.824,99.56,1647.831,-5.833,1.717,58.1,0.0069,10,Middle,2.17,-1,-1,UNKNOWN,None
416.85,99.576,1648.106,-5.836,1.714,58.13,0.0069,10,Middle,1.89,-1,-1,UNKNOWN,None
416.858,99.592,1648.375,-5.838,1.712,58.17,0.0069,10,Middle,1.63,-1,-1,UNKNOWN,None
416.883,99.608,1648.644,-5.84,1.71,58.24,0.0069,10,Middle,1.36,-1,-1,UNKNOWN,None
416.891,99.624,1648.914,-5.842,1.708,58.32,0.0069,10,Middle,1.09,-1,-1,UNKNOWN,None
416.916,99.64,1649.185,-5.844,1.706,58.42,0.0069,10,Middle,0.82,-1,-1,UNKNOWN,None
416.916,99.656,1649.32,-5.845,1.705,58.48,0.0069,10,Middle,0.68,-1,-1,UNKNOWN,None
416.951,99.672,1649.746,-5.847,1.703,58.67,0.0069,10,Middle,0.25,-1,-1,UNKNOWN,None
416.967,99.688,1650.018,-5.848,1.702,58.81,0.0069,11,Left,149.98,-1,-1,UNKNOWN,None
416.984,99.706,1650.291,-5.849,1.701,58.96,0.0069,11,Left,149.71,-1,-1,UNKNOWN,None
417.001,99.723,1650.564,-5.85,1.7,59.11,0.0069,11,Left,149.44,-1,-1,UNKNOWN,None
417.018,99.739,1650.842,-5.851,1.699,59.27,0.0069,11,Left,149.16,-1,-1,UNKNOWN,None
417.026,99.755,1650.979,-5.851,1.699,59.36,0.0069,11,Left,149.02,-1,-1,UNKNOWN,None
417.035,99.771,1651.127,-5.852,1.698,59.45,0.0069,11,Left,148.87,-1,-1,UNKNOWN,None
417.05,99.787,1651.559,-5.852,1.698,59.72,0.0069,11,Left,148.44,-1,-1,UNKNOWN,None
417.081,99.803,1651.888,-5.852,1.698,59.94,0.0069,11,Left,148.11,-1,-1,UNKNOWN,None
417.098,99.819,1652.169,-5.852,1.698,60.12,0.0069,11,Left,147.83,-1,-1,UNKNOWN,None
417.106,99.835,1652.448,-5.852,1.698,60.31,0.0069,11,Left,147.55,-1,-1,UNKNOWN,None
417.123,99.851,1652.736,-5.851,1.699,60.5,0.0069,11,Left,147.26,-1,-1,UNKNOWN,None
417.131,99.867,1652.876,-5.851,1.699,60.59,0.0069,11,Left,147.12,-1,-1,UNKNOWN,None
417.157,99.883,1653.165,-5.85,1.7,60.77,0.0069,11,Left,146.84,-1,-1,UNKNOWN,None
417.178,99.899,1653.519,-5.849,1.701,60.97,0.0069,11,Left,146.48,-1,-1,UNKNOWN,None
417.186,99.915,1653.802,-5.848,1.702,61.1,0.0069,11,Left,146.2,-1,-1,UNKNOWN,None
417.203,99.931,1654.085,-5.846,1.704,61.19,0.0069,11,Left,145.92,-1,-1,UNKNOWN,None
417.219,99.947,1654.368,-5.845,1.705,61.24,0.0069,11,Left,145.63,-1,-1,UNKNOWN,None
417.236,99.963,1654.51,-5.844,1.706,61.25,0.0069,11,Left,145.49,-1,-1,UNKNOWN,None
417.253,99.979,1654.794,-5.842,1.708,61.24,0.0069,11,Left,145.21,-1,-1,UNKNOWN,None
417.27,99.995,1655.08,-5.84,1.71,61.19,0.0069,11,Left,144.92,-1,-1,UNKNOWN,None
417.278,100.011,1655.368,-5.837,1.713,61.1,0.0056,11,Left,144.63,-1,-1,UNKNOWN,None
417.295,100.027,1655.65,-5.835,1.715,61.0,0.0056,11,Left,144.35,-1,-1,UNKNOWN,None
417.303,100.043,1655.791,-5.834,1.716,60.94,0.0056,11,Left,144.21,-1,-1,UNKNOWN,None
417.337,100.059,1656.214,-5.83,1.72,60.73,0.0056,11,Left,143.79,-1,-1,UNKNOWN,None
417.353,100.075,1656.494,-5.827,1.723,60.57,0.0056,11,Left,143.51,-1,-1,UNKNOWN,None
417.37,100.089,1656.774,-5.824,1.726,60.39,0.0056,11,Left,143.23,-1,-1,UNKNOWN,None
417.378,100.107,1657.053,-5.821,1.729,60.2,0.0056,11,Left,142.95,-1,-1,UNKNOWN,None
417.404,100.123,1657.336,-5.817,1.733,60.0,0.0056,11,Left,142.66,-1,-1,UNKNOWN,None
417.412,100.139,1657.615,-5.814,1.736,59.79,0.0009,11,Left,142.39,-1,-1,UNKNOWN,None
417.429,100.155,1657.753,-5.812,1.738,59.68,0.0005,11,Left,142.25,-1,-1,UNKNOWN,None
417.445,100.171,1658.028,-5.808,1.742,59.48,0.0002,11,Left,141.97,-1,-1,UNKNOWN,None
417.462,100.187,1658.303,-5.804,1.746,59.27,0.0002,11,Left,141.7,-1,-1,UNKNOWN,None
417.471,100.202,1658.582,-5.801,1.749,59.08,0.0002,11,Left,141.42,-1,-1,UNKNOWN,None
417.496,100.218,1658.855,-5.797,1.753,58.91,0.0002,11,Left,141.14,-1,-1,UNKNOWN,None
417.513,100.234,1659.13,-5.793,1.757,58.75,0.0002,11,Left,140.87,-1,-1,UNKNOWN,None
417.529,100.25,1659.404,-5.789,1.761,58.62,0.0002,11,Left,140.6,-1,-1,UNKNOWN,None
417.538,100.266,1659.676,-5.784,1.766,58.51,0.0002,11,Left,140.32,-1,-1,UNKNOWN,None
417.546,100.282,1659.811,-5.782,1.768,58.47,0.0002,11,Left,140.19,-1,-1,UNKNOWN,None
417.563,100.299,1660.082,-5.778,1.772,58.41,0.0002,11,Left,139.92,-1,-1,UNKNOWN,None
417.588,100.315,1660.487,-5.772,1.778,58.38,0.0002,11,Left,139.51,-1,-1,UNKNOWN,None
417.596,100.331,1660.624,-5.769,1.781,58.39,0.0002,11,Left,139.38,-1,-1,UNKNOWN,None
417.621,100.347,1660.899,-5.765,1.785,58.42,0.0002,11,Left,139.1,-1,-1,UNKNOWN,None
417.639,100.363,1661.178,-5.76,1.79,58.47,0.0002,11,Left,138.82,-1,-1,UNKNOWN,None
417.655,100.379,1661.449,-5.755,1.795,58.54,0.0002,11,Left,138.55,-1,-1,UNKNOWN,None
417.664,100.395,1661.72,-5.751,1.799,58.63,0.0002,11,Left,138.28,-1,-1,UNKNOWN,None
417.689,100.411,1661.992,-5.746,1.804,58.73,0.0002,11,Left,138.01,-1,-1,UNKNOWN,None
417.705,100.427,1662.265,-5.741,1.809,58.85,0.0002,11,Left,137.73,-1,-1,UNKNOWN,None
417.722,100.443,1662.538,-5.736,1.814,58.98,0.0002,11,Left,137.46,-1,-1,UNKNOWN,None
417.73,100.467,1662.812,-5.731,1.819,59.12,0.0002,11,Left,137.19,-1,-1,UNKNOWN,None
417.747,100.473,1662.949,-5.729,1.821,59.19,0.0002,11,Left,137.05,-1,-1,UNKNOWN,None
417.767,100.491,1663.283,-5.722,1.828,59.37,0.0002,11,Left,136.72,-1,-1,UNKNOWN,None
417.778,100.507,1663.597,-5.717,1.833,59.56,0.0002,11,Left,136.4,-1,-1,UNKNOWN,None
417.795,100.523,1663.885,-5.711,1.839,59.73,0.0002,11,Left,136.12,-1,-1,UNKNOWN,None
417.812,100.539,1664.023,-5.709,1.841,59.82,0.0002,11,Left,135.98,-1,-1,UNKNOWN,None
417.829,100.555,1664.302,-5.703,1.847,60.0,0.0002,11,Left,135.7,-1,-1,UNKNOWN,None
417.845,100.571,1664.58,-5.698,1.852,60.18,0.0002,11,Left,135.42,-1,-1,UNKNOWN,None
417.845,100.587,1664.72,-5.696,1.854,60.27,0.0002,11,Left,135.28,-1,-1,UNKNOWN,None
417.862,100.603,1665.013,-5.69,1.86,60.46,0.0002,11,Left,134.99,-1,-1,UNKNOWN,None
417.88,100.619,1665.296,-5.685,1.865,60.63,0.0002,11,Left,134.7,-1,-1,UNKNOWN,None
417.905,100.635,1665.725,-5.676,1.874,60.84,0.0002,11,Left,134.28,-1,-1,UNKNOWN,None
417.93,100.651,1666.007,-5.671,1.879,60.96,0.0002,11,Left,133.99,-1,-1,UNKNOWN,None
417.93,100.667,1666.157,-5.668,1.882,61.01,0.0002,11,Left,133.84,-1,-1,UNKNOWN,None
417.957,100.683,1666.458,-5.662,1.888,61.09,0.0002,11,Left,133.54,-1,-1,UNKNOWN,None
417.975,100.699,1666.768,-5.656,1.894,61.12,0.0002,11,Left,133.23,-1,-1,UNKNOWN,None
417.983,100.715,1667.055,-5.651,1.899,61.11,0.0002,11,Left,132.95,-1,-1,UNKNOWN,None
418.009,100.731,1667.338,-5.645,1.905,61.05,0.0002,11,Left,132.66,-1,-1,UNKNOWN,None
418.025,100.747,1667.62,-5.64,1.91,60.97,0.0002,11,Left,132.38,-1,-1,UNKNOWN,None
418.042,100.763,1667.902,-5.634,1.916,60.87,0.0002,11,Left,132.1,-1,-1,UNKNOWN,None
418.051,100.779,1668.193,-5.628,1.922,60.73,0.0002,11,Left,131.81,-1,-1,UNKNOWN,None
418.07,100.795,1668.369,-5.625,1.925,60.65,0.0002,11,Left,131.63,-1,-1,UNKNOWN,None
418.089,100.811,1668.693,-5.618,1.932,60.47,0.0002,11,Left,131.31,-1,-1,UNKNOWN,None
418.106,100.827,1668.983,-5.613,1.937,60.3,0.0002,11,Left,131.02,-1,-1,UNKNOWN,None
418.124,100.843,1669.276,-5.607,1.943,60.12,0.0002,11,Left,130.72,-1,-1,UNKNOWN,None
418.124,100.859,1669.415,-5.604,1.946,60.02,0.0002,11,Left,130.58,-1,-1,UNKNOWN,None
418.14,100.875,1669.696,-5.599,1.951,59.83,0.0002,11,Left,130.3,-1,-1,UNKNOWN,None
418.166,100.891,1669.981,-5.593,1.957,59.62,0.0002,11,Left,130.02,-1,-1,UNKNOWN,None
418.175,100.907,1670.287,-5.587,1.963,59.39,0.0002,11,Left,129.71,-1,-1,UNKNOWN,None
418.195,100.923,1670.45,-5.584,1.966,59.27,0.0002,11,Left,129.55,-1,-1,UNKNOWN,None
418.204,100.939,1670.744,-5.578,1.972,59.06,0.0002,11,Left,129.26,-1,-1,UNKNOWN,None
418.229,100.955,1671.017,-5.572,1.978,58.88,0.0002,11,Left,128.98,-1,-1,UNKNOWN,None
418.237,100.971,1671.289,-5.567,1.983,58.72,0.0002,11,Left,128.71,-1,-1,UNKNOWN,None
418.262,100.987,1671.56,-5.561,1.989,58.57,0.0002,11,Left,128.44,-1,-1,UNKNOWN,None
418.262,101.003,1671.709,-5.558,1.992,58.5,0.0002,11,Left,128.29,-1,-1,UNKNOWN,None
418.28,101.019,1672.015,-5.552,1.998,58.38,0.0002,11,Left,127.99,-1,-1,UNKNOWN,None
418.307,101.035,1672.42,-5.544,2.006,58.28,0.0002,11,Left,127.58,-1,-1,UNKNOWN,None
418.316,101.051,1672.562,-5.541,2.009,58.26,0.0002,11,Left,127.44,-1,-1,UNKNOWN,None
418.342,101.067,1672.843,-5.536,2.014,58.25,0.0002,11,Left,127.16,-1,-1,UNKNOWN,None
418.358,101.083,1673.112,-5.53,2.02,58.27,0.0002,11,Left,126.89,-1,-1,UNKNOWN,None
418.375,101.099,1673.382,-5.525,2.025,58.31,0.0002,11,Left,126.62,-1,-1,UNKNOWN,None
418.392,101.115,1673.653,-5.519,2.031,58.37,0.0002,11,Left,126.35,-1,-1,UNKNOWN,None
418.4,101.131,1673.923,-5.514,2.036,58.45,0.0002,11,Left,126.08,-1,-1,UNKNOWN,None
418.425,101.147,1674.194,-5.508,2.042,58.55,0.0002,11,Left,125.81,-1,-1,UNKNOWN,None
418.433,101.161,1674.465,-5.503,2.047,58.66,0.0002,11,Left,125.53,-1,-1,UNKNOWN,None
418.45,101.179,1674.737,-5.497,2.053,58.78,0.0002,11,Left,125.26,-1,-1,UNKNOWN,None
418.476,101.196,1675.021,-5.492,2.058,58.92,0.0002,11,Left,124.98,-1,-1,UNKNOWN,None
418.476,101.21,1675.158,-5.489,2.061,58.99,0.0002,11,Left,124.84,-1,-1,UNKNOWN,None
418.501,101.226,1675.432,-5.483,2.067,59.14,0.0002,11,Left,124.57,-1,-1,UNKNOWN,None
418.509,101.242,1675.715,-5.478,2.072,59.3,0.0002,11,Left,124.28,-1,-1,UNKNOWN,None
418.535,101.258,1675.992,-5.472,2.078,59.47,0.0002,11,Left,124.01,-1,-1,UNKNOWN,None
418.551,101.274,1676.267,-5.466,2.084,59.64,0.0002,11,Left,123.73,-1,-1,UNKNOWN,None
418.56,101.291,1676.548,-5.461,2.089,59.81,0.0002,11,Left,123.45,-1,-1,UNKNOWN,None
418.585,101.307,1676.825,-5.455,2.095,59.99,0.0002,11,Left,123.17,-1,-1,UNKNOWN,None
418.602,101.323,1677.114,-5.449,2.101,60.18,0.0002,11,Left,122.89,-1,-1,UNKNOWN,None
418.61,101.339,1677.393,-5.443,2.107,60.37,0.0002,11,Left,122.61,-1,-1,UNKNOWN,None
418.627,101.355,1677.535,-5.44,2.11,60.46,0.0002,11,Left,122.46,-1,-1,UNKNOWN,None
418.646,101.371,1677.856,-5.434,2.116,60.66,0.0002,11,Left,122.14,-1,-1,UNKNOWN,None
418.646,101.387,1677.997,-5.431,2.119,60.74,0.0002,11,Left,122.0,-1,-1,UNKNOWN,None
418.655,101.403,1678.159,-5.428,2.122,60.82,0.0002,11,Left,121.84,-1,-1,UNKNOWN,None
418.685,101.419,1678.648,-5.417,2.133,61.03,0.0002,11,Left,121.35,-1,-1,UNKNOWN,None
418.71,101.435,1678.931,-5.412,2.138,61.12,0.0002,11,Left,121.07,-1,-1,UNKNOWN,None
418.718,101.451,1679.214,-5.406,2.144,61.19,0.0002,11,Left,120.79,-1,-1,UNKNOWN,None
418.743,101.467,1679.498,-5.4,2.15,61.25,0.0002,11,Left,120.5,-1,-1,UNKNOWN,None
418.752,101.483,1679.781,-5.394,2.156,61.28,0.0002,11,Left,120.22,-1,-1,UNKNOWN,None
418.768,101.499,1680.073,-5.388,2.162,61.29,0.0002,11,Left,119.93,-1,-1,UNKNOWN,None
418.787,101.515,1680.391,-5.382,2.168,61.26,0.0002,11,Left,119.61,-1,-1,UNKNOWN,None
418.805,101.531,1680.548,-5.378,2.172,61.24,0.0002,11,Left,119.45,-1,-1,UNKNOWN,None
418.822,101.547,1680.831,-5.372,2.178,61.17,0.0002,11,Left,119.17,-1,-1,UNKNOWN,None
418.822,101.563,1680.972,-5.369,2.181,61.13,0.0002,11,Left,119.03,-1,-1,UNKNOWN,None
418.838,101.579,1681.255,-5.364,2.186,61.04,0.0002,11,Left,118.74,-1,-1,UNKNOWN,None
418.855,101.595,1681.537,-5.358,2.192,60.94,0.0002,11,Left,118.46,-1,-1,UNKNOWN,None
418.889,101.611,1681.967,-5.349,2.201,60.74,0.0002,11,Left,118.03,-1,-1,UNKNOWN,None
418.897,101.627,1682.247,-5.343,2.207,60.59,0.0002,11,Left,117.75,-1,-1,UNKNOWN,None
418.922,101.643,1682.527,-5.337,2.213,60.43,0.0002,11,Left,117.47,-1,-1,UNKNOWN,None
418.93,101.659,1682.806,-5.331,2.219,60.24,0.0002,11,Left,117.19,-1,-1,UNKNOWN,None
418.947,101.675,1683.084,-5.325,2.225,60.05,0.0002,11,Left,116.92,-1,-1,UNKNOWN,None
418.964,101.691,1683.223,-5.323,2.227,59.95,0.0002,11,Left,116.78,-1,-1,UNKNOWN,None
418.972,101.707,1683.5,-5.317,2.233,59.75,0.0002,11,Left,116.5,-1,-1,UNKNOWN,None
418.997,101.723,1683.775,-5.311,2.239,59.54,0.0002,11,Left,116.22,-1,-1,UNKNOWN,None
419.014,101.739,1684.05,-5.305,2.245,59.33,0.0002,11,Left,115.95,-1,-1,UNKNOWN,None
419.03,101.755,1684.326,-5.299,2.251,59.12,0.0002,11,Left,115.67,-1,-1,UNKNOWN,None
419.047,101.771,1684.601,-5.294,2.256,58.93,0.0002,11,Left,115.4,-1,-1,UNKNOWN,None
419.056,101.787,1684.873,-5.288,2.262,58.75,0.0002,11,Left,115.13,-1,-1,UNKNOWN,None
419.081,101.803,1685.145,-5.282,2.268,58.6,0.0002,11,Left,114.86,-1,-1,UNKNOWN,None
419.097,101.819,1685.415,-5.277,2.273,58.47,0.0002,11,Left,114.58,-1,-1,UNKNOWN,None
419.107,101.835,1685.579,-5.273,2.277,58.4,0.0002,11,Left,114.42,-1,-1,UNKNOWN,None
419.128,101.851,1685.906,-5.266,2.284,58.29,0.0002,11,Left,114.09,-1,-1,UNKNOWN,None
419.136,101.867,1686.176,-5.261,2.289,58.24,0.0002,11,Left,113.82,-1,-1,UNKNOWN,None
419.161,101.883,1686.448,-5.255,2.295,58.22,0.0002,11,Left,113.55,-1,-1,UNKNOWN,None
419.17,101.899,1686.722,-5.249,2.301,58.23,0.0002,11,Left,113.28,-1,-1,UNKNOWN,None
419.186,101.915,1686.992,-5.243,2.307,58.27,0.0002,11,Left,113.01,-1,-1,UNKNOWN,None
419.204,101.931,1687.143,-5.24,2.31,58.3,0.0002,11,Left,112.86,-1,-1,UNKNOWN,None
419.221,101.947,1687.419,-5.234,2.316,58.37,0.0002,11,Left,112.58,-1,-1,UNKNOWN,None
419.238,101.963,1687.693,-5.228,2.322,58.45,0.0002,11,Left,112.31,-1,-1,UNKNOWN,None
419.255,101.979,1687.964,-5.223,2.327,58.55,0.0002,11,Left,112.04,-1,-1,UNKNOWN,None
419.263,101.995,1688.235,-5.217,2.333,58.67,0.0002,11,Left,111.76,-1,-1,UNKNOWN,None
419.28,102.011,1688.507,-5.211,2.339,58.8,0.0002,11,Left,111.49,-1,-1,UNKNOWN,None
419.296,102.027,1688.78,-5.205,2.345,58.93,0.0002,11,Left,111.22,-1,-1,UNKNOWN,None
419.321,102.043,1689.053,-5.199,2.351,59.08,0.0002,11,Left,110.95,-1,-1,UNKNOWN,None
419.33,102.059,1689.329,-5.194,2.356,59.23,0.0002,11,Left,110.67,-1,-1,UNKNOWN,None
419.355,102.075,1689.604,-5.188,2.362,59.4,0.0002,11,Left,110.4,-1,-1,UNKNOWN,None
419.363,102.091,1689.879,-5.182,2.368,59.56,0.0002,11,Left,110.12,-1,-1,UNKNOWN,None
419.383,102.107,1690.069,-5.178,2.372,59.68,0.0002,11,Left,109.93,-1,-1,UNKNOWN,None
419.394,102.123,1690.395,-5.171,2.379,59.89,0.0002,11,Left,109.6,-1,-1,UNKNOWN,None
419.411,102.139,1690.677,-5.165,2.385,60.08,0.0002,11,Left,109.32,-1,-1,UNKNOWN,None
419.428,102.155,1690.817,-5.162,2.388,60.17,0.0002,11,Left,109.18,-1,-1,UNKNOWN,None
419.444,102.171,1691.096,-5.156,2.394,60.35,0.0002,11,Left,108.9,-1,-1,UNKNOWN,None
419.461,102.187,1691.376,-5.15,2.4,60.52,0.0002,11,Left,108.62,-1,-1,UNKNOWN,None
419.478,102.202,1691.661,-5.144,2.406,60.67,0.0002,11,Left,108.34,-1,-1,UNKNOWN,None
419.486,102.218,1691.943,-5.137,2.413,60.79,0.0002,11,Left,108.06,-1,-1,UNKNOWN,None
419.511,102.234,1692.224,-5.131,2.419,60.87,0.0002,11,Left,107.78,-1,-1,UNKNOWN,None
419.529,102.25,1692.517,-5.125,2.425,60.91,0.0002,11,Left,107.48,-1,-1,UNKNOWN,None
419.545,102.266,1692.799,-5.119,2.431,60.9,0.0002,11,Left,107.2,-1,-1,UNKNOWN,None
419.554,102.282,1693.081,-5.113,2.437,60.86,0.0002,11,Left,106.92,-1,-1,UNKNOWN,None
419.571,102.299,1693.367,-5.107,2.443,60.78,0.0002,11,Left,106.63,-1,-1,UNKNOWN,None
419.588,102.315,1693.654,-5.1,2.45,60.68,0.0002,11,Left,106.35,-1,-1,UNKNOWN,None
419.605,102.331,1693.814,-5.097,2.453,60.62,0.0002,11,Left,106.19,-1,-1,UNKNOWN,None
419.605,102.347,1693.954,-5.094,2.456,60.55,0.0002,11,Left,106.05,-1,-1,UNKNOWN,None
419.639,102.363,1694.381,-5.085,2.465,60.32,0.0002,11,Left,105.62,-1,-1,UNKNOWN,None
419.656,102.379,1694.66,-5.079,2.471,60.16,0.0002,11,Left,105.34,-1,-1,UNKNOWN,None
419.673,102.395,1694.938,-5.073,2.477,59.98,0.0002,11,Left,105.06,-1,-1,UNKNOWN,None
419.689,102.411,1695.215,-5.067,2.483,59.78,0.0002,11,Left,104.79,-1,-1,UNKNOWN,None
419.698,102.427,1695.491,-5.061,2.489,59.59,0.0002,11,Left,104.51,-1,-1,UNKNOWN,None
419.714,102.441,1695.629,-5.058,2.492,59.49,0.0002,11,Left,104.37,-1,-1,UNKNOWN,None
419.723,102.459,1695.903,-5.052,2.498,59.3,0.0002,11,Left,104.1,-1,-1,UNKNOWN,None
419.739,102.475,1696.177,-5.046,2.504,59.12,0.0002,11,Left,103.82,-1,-1,UNKNOWN,None
419.764,102.491,1696.452,-5.04,2.51,58.95,0.0002,11,Left,103.55,-1,-1,UNKNOWN,None
419.781,102.507,1696.731,-5.033,2.517,58.8,0.0002,11,Left,103.27,-1,-1,UNKNOWN,None
419.781,102.523,1696.867,-5.031,2.519,58.74,0.0002,11,Left,103.13,-1,-1,UNKNOWN,None
419.815,102.539,1697.274,-5.022,2.528,58.58,0.0002,11,Left,102.73,-1,-1,UNKNOWN,None
419.823,102.555,1697.545,-5.016,2.534,58.51,0.0002,11,Left,102.46,-1,-1,UNKNOWN,None
419.848,102.571,1697.816,-5.01,2.54,58.47,0.0002,11,Left,102.18,-1,-1,UNKNOWN,None
419.865,102.587,1698.086,-5.004,2.546,58.46,0.0002,11,Left,101.91,-1,-1,UNKNOWN,None
419.881,102.603,1698.358,-4.998,2.552,58.48,0.0002,11,Left,101.64,-1,-1,UNKNOWN,None
419.89,102.619,1698.638,-4.992,2.558,58.52,0.0002,11,Left,101.36,-1,-1,UNKNOWN,None
419.907,102.635,1698.909,-4.986,2.564,58.59,0.0002,11,Left,101.09,-1,-1,UNKNOWN,None
419.932,102.651,1699.181,-4.98,2.57,58.67,0.0002,11,Left,100.82,-1,-1,UNKNOWN,None
419.94,102.667,1699.317,-4.977,2.573,58.71,0.0002,11,Left,100.68,-1,-1,UNKNOWN,None
419.957,102.683,1699.589,-4.971,2.579,58.82,0.0002,11,Left,100.41,-1,-1,UNKNOWN,None
419.974,102.699,1699.863,-4.965,2.585,58.94,0.0002,11,Left,100.14,-1,-1,UNKNOWN,None
419.99,102.715,1700.136,-4.959,2.591,59.07,0.0002,11,Left,99.86,-1,-1,UNKNOWN,None
420.007,102.731,1700.41,-4.952,2.598,59.21,0.0002,11,Left,99.59,-1,-1,UNKNOWN,None
420.015,102.747,1700.697,-4.946,2.604,59.36,0.0002,11,Left,99.3,-1,-1,UNKNOWN,None
420.034,102.763,1700.995,-4.939,2.611,59.53,0.0002,11,Left,99.01,-1,-1,UNKNOWN,None
420.051,102.779,1701.271,-4.933,2.617,59.7,0.0002,11,Left,98.73,-1,-1,UNKNOWN,None
420.068,102.795,1701.409,-4.93,2.62,59.78,0.0002,11,Left,98.59,-1,-1,UNKNOWN,None
420.076,102.811,1701.687,-4.924,2.626,59.95,0.0002,11,Left,98.31,-1,-1,UNKNOWN,None
420.101,102.827,1701.965,-4.918,2.632,60.13,0.0002,11,Left,98.04,-1,-1,UNKNOWN,None
420.118,102.843,1702.244,-4.912,2.638,60.31,0.0002,11,Left,97.76,-1,-1,UNKNOWN,None
420.134,102.859,1702.524,-4.905,2.645,60.49,0.0002,11,Left,97.48,-1,-1,UNKNOWN,None
420.143,102.875,1702.804,-4.899,2.651,60.64,0.0002,11,Left,97.2,-1,-1,UNKNOWN,None
420.159,102.891,1703.085,-4.893,2.657,60.78,0.0002,11,Left,96.91,-1,-1,UNKNOWN,None
420.184,102.907,1703.367,-4.887,2.663,60.88,-0.0009,11,Left,96.63,-1,-1,UNKNOWN,None
420.201,102.923,1703.649,-4.88,2.67,60.95,-0.0009,11,Left,96.35,-1,-1,UNKNOWN,None
420.218,102.939,1703.931,-4.874,2.676,61.0,-0.0009,11,Left,96.07,-1,-1,UNKNOWN,None
420.226,102.955,1704.214,-4.868,2.682,61.0,-0.0009,11,Left,95.79,-1,-1,UNKNOWN,None
420.243,102.971,1704.501,-4.861,2.689,60.97,-0.0009,11,Left,95.5,-1,-1,UNKNOWN,None
420.251,102.987,1704.646,-4.858,2.692,60.94,-0.0009,11,Left,95.35,-1,-1,UNKNOWN,None
420.268,103.003,1704.927,-4.852,2.698,60.86,-0.0009,11,Left,95.07,-1,-1,UNKNOWN,None
420.293,103.019,1705.209,-4.846,2.704,60.75,-0.0009,11,Left,94.79,-1,-1,UNKNOWN,None
420.31,103.035,1705.49,-4.84,2.71,60.62,-0.0009,11,Left,94.51,-1,-1,UNKNOWN,None
420.318,103.051,1705.77,-4.833,2.717,60.47,-0.0009,11,Left,94.23,-1,-1,UNKNOWN,None
420.343,103.067,1706.049,-4.827,2.723,60.3,-0.0009,11,Left,93.95,-1,-1,UNKNOWN,None
420.351,103.083,1706.351,-4.821,2.729,60.11,-0.0119,11,Left,93.65,-1,-1,UNKNOWN,None
420.38,103.099,1706.662,-4.814,2.736,59.9,-0.0119,11,Left,93.34,-1,-1,UNKNOWN,None
420.39,103.115,1706.824,-4.811,2.739,59.79,-0.0137,11,Left,93.18,-1,-1,UNKNOWN,None
420.398,103.131,1707.104,-4.805,2.745,59.58,-0.0139,11,Left,92.9,-1,-1,UNKNOWN,None
420.415,103.147,1707.379,-4.8,2.75,59.38,-0.0142,11,Left,92.62,-1,-1,UNKNOWN,None
420.423,103.163,1707.526,-4.797,2.753,59.28,-0.0142,11,Left,92.47,-1,-1,UNKNOWN,None
420.449,103.179,1707.969,-4.79,2.76,58.98,-0.0142,11,Left,92.03,-1,-1,UNKNOWN,None
420.459,103.194,1708.108,-4.787,2.763,58.89,-0.0139,11,Left,91.89,-1,-1,UNKNOWN,None
420.468,103.21,1708.244,-4.785,2.765,58.81,-0.0135,11,Left,91.76,-1,-1,UNKNOWN,None
420.501,103.226,1708.651,-4.778,2.772,58.61,-0.0133,11,Left,91.35,-1,-1,UNKNOWN,None
420.518,103.24,1708.922,-4.774,2.776,58.5,-0.013,11,Left,91.08,-1,-1,UNKNOWN,None
420.535,103.258,1709.212,-4.77,2.78,58.41,-0.0127,11,Left,90.79,-1,-1,UNKNOWN,None
420.552,103.274,1709.482,-4.766,2.784,58.36,-0.0123,11,Left,90.52,-1,-1,UNKNOWN,None
420.552,103.291,1709.618,-4.764,2.786,58.35,-0.0121,11,Left,90.38,-1,-1,UNKNOWN,None
420.585,103.307,1710.023,-4.76,2.79,58.36,-0.0116,11,Left,89.98,-1,-1,UNKNOWN,None
420.594,103.323,1710.293,-4.756,2.794,58.4,-0.0111,11,Left,89.71,-1,-1,UNKNOWN,None
420.61,103.339,1710.564,-4.754,2.796,58.45,-0.011,11,Left,89.44,-1,-1,UNKNOWN,None
420.627,103.355,1710.703,-4.752,2.798,58.49,-0.0104,11,Left,89.3,-1,-1,UNKNOWN,None
420.646,103.371,1711.012,-4.75,2.8,58.59,-0.0102,11,Left,88.99,-1,-1,UNKNOWN,None
420.655,103.387,1711.285,-4.747,2.803,58.69,-0.0102,11,Left,88.72,-1,-1,UNKNOWN,None
420.671,103.405,1711.557,-4.745,2.805,58.81,-0.01,11,Left,88.44,-1,-1,UNKNOWN,None
420.696,103.419,1711.83,-4.744,2.806,58.94,-0.01,11,Left,88.17,-1,-1,UNKNOWN,None
420.696,103.434,1711.966,-4.743,2.807,59.01,-0.01,11,Left,88.03,-1,-1,UNKNOWN,None
420.721,103.451,1712.377,-4.741,2.809,59.22,-0.01,11,Left,87.62,-1,-1,UNKNOWN,None
420.746,103.467,1712.652,-4.74,2.81,59.38,-0.01,11,Left,87.35,-1,-1,UNKNOWN,None
420.755,103.483,1712.927,-4.739,2.811,59.54,-0.01,11,Left,87.07,-1,-1,UNKNOWN,None
420.772,103.499,1713.074,-4.739,2.811,59.63,-0.01,11,Left,86.93,-1,-1,UNKNOWN,None
420.78,103.515,1713.354,-4.739,2.811,59.8,-0.01,11,Left,86.65,-1,-1,UNKNOWN,None
420.797,103.531,1713.631,-4.739,2.811,59.98,-0.01,11,Left,86.37,-1,-1,UNKNOWN,None
420.814,103.547,1713.91,-4.739,2.811,60.16,-0.01,11,Left,86.09,-1,-1,UNKNOWN,None
420.83,103.563,1714.189,-4.739,2.811,60.34,-0.01,11,Left,85.81,-1,-1,UNKNOWN,None
420.855,103.579,1714.469,-4.74,2.81,60.52,-0.01,11,Left,85.53,-1,-1,UNKNOWN,None
420.872,103.595,1714.75,-4.741,2.809,60.68,-0.01,11,Left,85.25,-1,-1,UNKNOWN,None
420.889,103.611,1715.031,-4.742,2.808,60.82,-0.01,11,Left,84.97,-1,-1,UNKNOWN,None
420.905,103.625,1715.313,-4.744,2.806,60.92,-0.01,11,Left,84.69,-1,-1,UNKNOWN,None
420.914,103.643,1715.6,-4.746,2.804,60.98,-0.01,11,Left,84.4,-1,-1,UNKNOWN,None
420.931,103.659,1715.888,-4.748,2.802,60.99,-0.01,11,Left,84.11,-1,-1,UNKNOWN,None
420.948,103.675,1716.03,-4.749,2.801,60.98,-0.01,11,Left,83.97,-1,-1,UNKNOWN,None
420.956,103.691,1716.314,-4.752,2.798,60.93,-0.01,11,Left,83.69,-1,-1,UNKNOWN,None
420.973,103.707,1716.596,-4.755,2.795,60.86,-0.01,11,Left,83.4,-1,-1,UNKNOWN,None
420.998,103.723,1716.877,-4.758,2.792,60.75,-0.01,11,Left,83.12,-1,-1,UNKNOWN,None
421.015,103.739,1717.158,-4.761,2.789,60.63,-0.01,11,Left,82.84,-1,-1,UNKNOWN,None
421.031,103.755,1717.438,-4.765,2.785,60.48,-0.01,11,Left,82.56,-1,-1,UNKNOWN,None
421.048,103.771,1717.726,-4.769,2.781,60.31,-0.01,11,Left,82.27,-1,-1,UNKNOWN,None
421.065,103.787,1718.005,-4.773,2.777,60.13,-0.01,11,Left,82.0,-1,-1,UNKNOWN,None
421.074,103.803,1718.289,-4.777,2.773,59.94,-0.01,11,Left,81.71,-1,-1,UNKNOWN,None
421.091,103.819,1718.565,-4.782,2.768,59.74,-0.0028,11,Left,81.43,-1,-1,UNKNOWN,None
421.107,103.835,1718.841,-4.787,2.763,59.54,-0.0021,11,Left,81.16,-1,-1,UNKNOWN,None
421.116,103.851,1718.981,-4.789,2.761,59.44,-0.0017,11,Left,81.02,-1,-1,UNKNOWN,None
421.141,103.875,1719.399,-4.797,2.753,59.14,-0.0014,11,Left,80.6,-1,-1,UNKNOWN,None
421.158,103.881,1719.535,-4.799,2.751,59.05,-0.0009,11,Left,80.46,-1,-1,UNKNOWN,None
421.177,103.899,1719.851,-4.805,2.745,58.86,-0.0009,11,Left,80.15,-1,-1,UNKNOWN,None
421.187,103.915,1720.159,-4.812,2.738,58.69,-0.0009,11,Left,79.84,-1,-1,UNKNOWN,None
421.196,103.931,1720.309,-4.815,2.735,58.62,-0.0009,11,Left,79.69,-1,-1,UNKNOWN,None
421.222,103.947,1720.586,-4.82,2.73,58.52,-0.0009,11,Left,79.41,-1,-1,UNKNOWN,None
421.239,103.963,1720.862,-4.826,2.724,58.44,-0.0009,11,Left,79.14,-1,-1,UNKNOWN,None
421.256,103.979,1721.133,-4.832,2.718,58.39,-0.0009,11,Left,78.87,-1,-1,UNKNOWN,None
421.273,103.995,1721.403,-4.838,2.712,58.38,-0.0009,11,Left,78.6,-1,-1,UNKNOWN,None
421.29,104.011,1721.68,-4.845,2.705,58.39,-0.0009,11,Left,78.32,-1,-1,UNKNOWN,None
421.306,104.027,1721.951,-4.851,2.699,58.43,-0.0009,11,Left,78.05,-1,-1,UNKNOWN,None
421.315,104.043,1722.222,-4.858,2.692,58.49,-0.0009,11,Left,77.78,-1,-1,UNKNOWN,None
421.331,104.059,1722.492,-4.864,2.686,58.57,-0.0009,11,Left,77.51,-1,-1,UNKNOWN,None
421.348,104.075,1722.631,-4.868,2.682,58.62,-0.0009,11,Left,77.37,-1,-1,UNKNOWN,None
421.365,104.091,1722.906,-4.875,2.675,58.72,-0.0008,11,Left,77.09,-1,-1,UNKNOWN,None
421.382,104.107,1723.179,-4.882,2.668,58.84,-0.0008,11,Left,76.82,-1,-1,UNKNOWN,None
421.398,104.123,1723.451,-4.888,2.662,58.97,-0.0008,11,Left,76.55,-1,-1,UNKNOWN,None
421.415,104.139,1723.727,-4.896,2.654,59.1,-0.0005,11,Left,76.27,-1,-1,UNKNOWN,None
421.423,104.155,1724.001,-4.903,2.647,59.25,-0.0005,11,Left,76.0,-1,-1,UNKNOWN,None
421.449,104.171,1724.286,-4.91,2.64,59.41,-0.0005,11,Left,75.71,-1,-1,UNKNOWN,None
421.466,104.187,1724.565,-4.918,2.632,59.58,-0.0005,11,Left,75.43,-1,-1,UNKNOWN,None
421.475,104.202,1724.72,-4.922,2.628,59.67,-0.0005,11,Left,75.28,-1,-1,UNKNOWN,None
421.484,104.218,1725.014,-4.93,2.62,59.85,-0.0005,11,Left,74.99,-1,-1,UNKNOWN,None
421.502,104.234,1725.31,-4.938,2.612,60.04,-0.0002,11,Left,74.69,-1,-1,UNKNOWN,None
421.511,104.25,1725.45,-4.942,2.608,60.13,-0.0002,11,Left,74.55,-1,-1,UNKNOWN,None
421.544,104.266,1725.868,-4.953,2.597,60.4,-0.0002,11,Left,74.13,-1,-1,UNKNOWN,None
421.561,104.282,1726.149,-4.961,2.589,60.56,-0.0002,11,Left,73.85,-1,-1,UNKNOWN,None
421.57,104.299,1726.304,-4.965,2.585,60.64,-0.0002,11,Left,73.7,-1,-1,UNKNOWN,None
421.588,104.315,1726.614,-4.974,2.576,60.76,-0.0002,11,Left,73.39,-1,-1,UNKNOWN,None
421.597,104.331,1726.895,-4.982,2.568,60.83,-0.0002,11,Left,73.1,-1,-1,UNKNOWN,None
421.622,104.347,1727.177,-4.99,2.56,60.86,-0.0002,11,Left,72.82,-1,-1,UNKNOWN,None
421.63,104.361,1727.458,-4.998,2.552,60.85,-0.0002,11,Left,72.54,-1,-1,UNKNOWN,None
421.647,104.379,1727.74,-5.006,2.544,60.8,-0.0002,11,Left,72.26,-1,-1,UNKNOWN,None
421.663,104.395,1728.026,-5.014,2.536,60.73,-0.0002,11,Left,71.97,-1,-1,UNKNOWN,None
421.689,104.411,1728.307,-5.022,2.528,60.62,-0.0002,11,Left,71.69,-1,-1,UNKNOWN,None
421.705,104.427,1728.587,-5.03,2.52,60.5,-0.0002,11,Left,71.41,-1,-1,UNKNOWN,None
421.714,104.443,1728.875,-5.038,2.512,60.35,-0.0002,11,Left,71.12,-1,-1,UNKNOWN,None
421.731,104.459,1729.158,-5.046,2.504,60.18,-0.0002,11,Left,70.84,-1,-1,UNKNOWN,None
421.74,104.475,1729.299,-5.05,2.5,60.09,-0.0002,11,Left,70.7,-1,-1,UNKNOWN,None
421.756,104.491,1729.579,-5.058,2.492,59.91,-0.0002,11,Left,70.42,-1,-1,UNKNOWN,None
421.781,104.507,1729.855,-5.066,2.484,59.71,0.0011,11,Left,70.14,-1,-1,UNKNOWN,None
421.798,104.523,1730.131,-5.074,2.476,59.52,0.0014,11,Left,69.87,-1,-1,UNKNOWN,None
421.806,104.539,1730.406,-5.082,2.468,59.32,0.0014,11,Left,69.59,-1,-1,UNKNOWN,None
421.815,104.555,1730.543,-5.086,2.464,59.23,0.0014,11,Left,69.46,-1,-1,UNKNOWN,None
421.84,104.571,1730.957,-5.098,2.452,58.96,0.0014,11,Left,69.04,-1,-1,UNKNOWN,None
421.857,104.587,1731.229,-5.106,2.444,58.8,0.0014,11,Left,68.77,-1,-1,UNKNOWN,None
421.873,104.603,1731.501,-5.114,2.436,58.66,0.0014,11,Left,68.5,-1,-1,UNKNOWN,None
421.898,104.619,1731.772,-5.121,2.429,58.55,0.0014,11,Left,68.23,-1,-1,UNKNOWN,None
421.907,104.635,1731.907,-5.125,2.425,58.5,0.0014,11,Left,68.09,-1,-1,UNKNOWN,None
421.925,104.651,1732.208,-5.134,2.416,58.42,0.0014,11,Left,67.79,-1,-1,UNKNOWN,None
421.942,104.667,1732.478,-5.142,2.408,58.39,0.0014,11,Left,67.52,-1,-1,UNKNOWN,None
421.959,104.683,1732.749,-5.149,2.401,58.38,0.0014,11,Left,67.25,-1,-1,UNKNOWN,None
421.967,104.699,1733.023,-5.157,2.393,58.4,0.0014,11,Left,66.98,-1,-1,UNKNOWN,None
421.984,104.715,1733.293,-5.165,2.385,58.44,0.0014,11,Left,66.71,-1,-1,UNKNOWN,None
422.009,104.731,1733.566,-5.172,2.378,58.51,0.0014,11,Left,66.43,-1,-1,UNKNOWN,None
422.018,104.747,1733.867,-5.181,2.369,58.6,0.0014,11,Left,66.13,-1,-1,UNKNOWN,None
422.027,104.763,1734.013,-5.185,2.365,58.65,0.0014,11,Left,65.99,-1,-1,UNKNOWN,None
422.055,104.779,1734.313,-5.193,2.357,58.77,0.0014,11,Left,65.69,-1,-1,UNKNOWN,None
422.063,104.795,1734.593,-5.201,2.349,58.9,0.0014,11,Left,65.41,-1,-1,UNKNOWN,None
422.08,104.811,1734.866,-5.209,2.341,59.03,0.0014,11,Left,65.13,-1,-1,UNKNOWN,None
422.106,104.827,1735.155,-5.217,2.333,59.18,0.0014,11,Left,64.85,-1,-1,UNKNOWN,None
422.106,104.843,1735.295,-5.221,2.329,59.26,0.0014,11,Left,64.71,-1,-1,UNKNOWN,None
422.123,104.859,1735.57,-5.228,2.322,59.41,0.0014,11,Left,64.43,-1,-1,UNKNOWN,None
422.131,104.875,1735.707,-5.232,2.318,59.5,0.0014,11,Left,64.29,-1,-1,UNKNOWN,None
422.165,104.891,1736.122,-5.243,2.307,59.75,0.0014,11,Left,63.88,-1,-1,UNKNOWN,None
422.181,104.907,1736.399,-5.251,2.299,59.92,0.0014,11,Left,63.6,-1,-1,UNKNOWN,None
422.198,104.923,1736.677,-5.258,2.292,60.1,0.0014,11,Left,63.32,-1,-1,UNKNOWN,None
422.198,104.939,1736.816,-5.262,2.288,60.19,0.0014,11,Left,63.18,-1,-1,UNKNOWN,None
422.223,104.955,1737.235,-5.273,2.277,60.46,0.0014,11,Left,62.77,-1,-1,UNKNOWN,None
422.24,104.971,1737.516,-5.281,2.269,60.62,0.0014,11,Left,62.48,-1,-1,UNKNOWN,None
422.265,104.987,1737.797,-5.288,2.262,60.75,0.0014,11,Left,62.2,-1,-1,UNKNOWN,None
422.273,105.003,1738.078,-5.296,2.254,60.85,0.0014,11,Left,61.92,-1,-1,UNKNOWN,None
422.298,105.019,1738.36,-5.303,2.247,60.91,0.0014,11,Left,61.64,-1,-1,UNKNOWN,None
422.307,105.035,1738.511,-5.307,2.243,60.92,0.0014,11,Left,61.49,-1,-1,UNKNOWN,None
422.329,105.051,1738.876,-5.317,2.233,60.9,0.0014,11,Left,61.12,-1,-1,UNKNOWN,None
422.339,105.067,1739.193,-5.325,2.225,60.84,0.0014,11,Left,60.81,-1,-1,UNKNOWN,None
422.347,105.083,1739.338,-5.329,2.221,60.8,0.0014,11,Left,60.66,-1,-1,UNKNOWN,None
422.373,105.099,1739.619,-5.336,2.214,60.69,0.0014,11,Left,60.38,-1,-1,UNKNOWN,None
422.373,105.115,1739.76,-5.34,2.21,60.63,0.0014,11,Left,60.24,-1,-1,UNKNOWN,None
422.406,105.131,1740.18,-5.35,2.2,60.42,0.0014,11,Left,59.82,-1,-1,UNKNOWN,None
422.406,105.147,1740.32,-5.354,2.196,60.35,0.0014,11,Left,59.68,-1,-1,UNKNOWN,None
422.439,105.163,1740.738,-5.364,2.186,60.09,0.0014,11,Left,59.26,-1,-1,UNKNOWN,None
422.456,105.179,1741.015,-5.371,2.179,59.91,0.0014,11,Left,58.98,-1,-1,UNKNOWN,None
422.456,105.194,1741.153,-5.375,2.175,59.81,0.0014,11,Left,58.85,-1,-1,UNKNOWN,None
422.481,105.21,1741.568,-5.385,2.165,59.52,0.0014,11,Left,58.43,-1,-1,UNKNOWN,None
422.498,105.226,1741.848,-5.392,2.158,59.32,0.0014,11,Left,58.15,-1,-1,UNKNOWN,None
422.515,105.242,1742.122,-5.399,2.151,59.13,0.0017,11,Left,57.88,-1,-1,UNKNOWN,None
422.523,105.258,1742.259,-5.402,2.148,59.04,0.0018,11,Left,57.74,-1,-1,UNKNOWN,None
422.548,105.274,1742.531,-5.409,2.141,58.87,0.0018,11,Left,57.47,-1,-1,UNKNOWN,None
422.565,105.291,1742.803,-5.415,2.135,58.72,0.0021,11,Left,57.2,-1,-1,UNKNOWN,None
422.581,105.307,1743.075,-5.422,2.128,58.6,0.0023,11,Left,56.93,-1,-1,UNKNOWN,None
422.598,105.323,1743.345,-5.428,2.122,58.5,0.0028,11,Left,56.65,-1,-1,UNKNOWN,None
422.606,105.339,1743.616,-5.435,2.115,58.43,0.0028,11,Left,56.38,-1,-1,UNKNOWN,None
422.623,105.355,1743.886,-5.441,2.109,58.38,0.003,11,Left,56.11,-1,-1,UNKNOWN,None
422.648,105.371,1744.157,-5.447,2.103,58.38,0.0033,11,Left,55.84,-1,-1,UNKNOWN,None
422.658,105.387,1744.458,-5.454,2.096,58.4,0.0033,11,Left,55.54,-1,-1,UNKNOWN,None
422.667,105.403,1744.61,-5.458,2.092,58.42,0.0034,11,Left,55.39,-1,-1,UNKNOWN,None
422.676,105.419,1744.865,-5.463,2.087,58.47,0.0034,11,Left,55.14,-1,-1,UNKNOWN,None
422.7,105.435,1745.137,-5.469,2.081,58.55,0.0034,11,Left,54.86,-1,-1,UNKNOWN,None
422.725,105.451,1745.415,-5.476,2.074,58.64,0.0034,11,Left,54.59,-1,-1,UNKNOWN,None
422.744,105.467,1745.718,-5.482,2.068,58.76,0.0034,11,Left,54.28,-1,-1,UNKNOWN,None
422.761,105.483,1745.991,-5.488,2.062,58.88,0.0034,11,Left,54.01,-1,-1,UNKNOWN,None
422.77,105.499,1746.28,-5.494,2.056,59.02,0.0034,11,Left,53.72,-1,-1,UNKNOWN,None
422.778,105.515,1746.434,-5.497,2.053,59.1,0.0034,11,Left,53.57,-1,-1,UNKNOWN,None
422.805,105.531,1746.712,-5.503,2.047,59.24,0.0034,11,Left,53.29,-1,-1,UNKNOWN,None
422.822,105.547,1746.997,-5.509,2.041,59.41,0.0034,11,Left,53.0,-1,-1,UNKNOWN,None
422.839,105.563,1747.275,-5.515,2.035,59.57,0.0034,11,Left,52.73,-1,-1,UNKNOWN,None
422.847,105.579,1747.551,-5.52,2.03,59.74,0.0034,11,Left,52.45,-1,-1,UNKNOWN,None
422.872,105.595,1747.829,-5.526,2.024,59.91,0.0034,11,Left,52.17,-1,-1,UNKNOWN,None
422.88,105.611,1748.111,-5.531,2.019,60.09,0.0034,11,Left,51.89,-1,-1,UNKNOWN,None
422.906,105.627,1748.394,-5.536,2.014,60.28,0.0034,11,Left,51.61,-1,-1,UNKNOWN,None
422.915,105.643,1748.681,-5.542,2.008,60.46,0.0034,11,Left,51.32,-1,-1,UNKNOWN,None
422.923,105.659,1748.821,-5.544,2.006,60.54,0.0034,11,Left,51.18,-1,-1,UNKNOWN,None
422.94,105.675,1749.102,-5.549,2.001,60.69,0.0034,11,Left,50.9,-1,-1,UNKNOWN,None
422.956,105.691,1749.384,-5.555,1.995,60.8,0.0034,11,Left,50.62,-1,-1,UNKNOWN,None
422.981,105.707,1749.665,-5.56,1.99,60.88,0.0034,11,Left,50.33,-1,-1,UNKNOWN,None
422.998,105.723,1749.947,-5.564,1.986,60.92,0.0034,11,Left,50.05,-1,-1,UNKNOWN,None
423.015,105.739,1750.229,-5.569,1.981,60.91,0.0034,11,Left,49.77,-1,-1,UNKNOWN,None
423.023,105.755,1750.511,-5.574,1.976,60.86,0.0034,11,Left,49.49,-1,-1,UNKNOWN,None
423.04,105.771,1750.83,-5.579,1.971,60.78,0.0034,11,Left,49.17,-1,-1,UNKNOWN,None
423.059,105.787,1750.982,-5.582,1.968,60.72,0.0034,11,Left,49.02,-1,-1,UNKNOWN,None
423.076,105.803,1751.397,-5.588,1.962,60.55,0.0034,11,Left,48.6,-1,-1,UNKNOWN,None
423.092,105.819,1751.537,-5.59,1.96,60.47,0.0034,11,Left,48.46,-1,-1,UNKNOWN,None
423.109,105.835,1751.82,-5.595,1.955,60.32,0.0034,11,Left,48.18,-1,-1,UNKNOWN,None
423.118,105.851,1752.099,-5.599,1.951,60.15,0.0034,11,Left,47.9,-1,-1,UNKNOWN,None
423.134,105.867,1752.377,-5.603,1.947,59.96,0.0034,11,Left,47.62,-1,-1,UNKNOWN,None
423.143,105.883,1752.515,-5.605,1.945,59.87,0.0034,11,Left,47.48,-1,-1,UNKNOWN,None
423.168,105.899,1752.93,-5.611,1.939,59.57,0.0034,11,Left,47.07,-1,-1,UNKNOWN,None
423.193,105.915,1753.205,-5.615,1.935,59.38,0.0034,11,Left,46.8,-1,-1,UNKNOWN,None
423.209,105.931,1753.479,-5.618,1.932,59.19,0.0034,11,Left,46.52,-1,-1,UNKNOWN,None
423.226,105.947,1753.752,-5.622,1.928,59.02,0.0034,11,Left,46.25,-1,-1,UNKNOWN,None
423.234,105.963,1753.889,-5.624,1.926,58.94,0.0034,11,Left,46.11,-1,-1,UNKNOWN,None
423.245,105.977,1754.194,-5.627,1.923,58.77,0.0034,11,Left,45.81,-1,-1,UNKNOWN,None
423.261,105.995,1754.466,-5.631,1.919,58.65,0.0037,11,Left,45.53,-1,-1,UNKNOWN,None
423.286,106.011,1754.737,-5.634,1.916,58.55,0.0037,11,Left,45.26,-1,-1,UNKNOWN,None
423.295,106.027,1755.007,-5.637,1.913,58.48,0.0037,11,Left,44.99,-1,-1,UNKNOWN,None
423.313,106.043,1755.176,-5.639,1.911,58.45,0.004,11,Left,44.82,-1,-1,UNKNOWN,None
423.325,106.059,1755.495,-5.642,1.908,58.43,0.004,11,Left,44.51,-1,-1,UNKNOWN,None
423.35,106.075,1755.765,-5.645,1.905,58.45,0.004,11,Left,44.23,-1,-1,UNKNOWN,None
423.358,106.091,1756.036,-5.648,1.902,58.49,0.004,11,Left,43.96,-1,-1,UNKNOWN,None
423.383,106.107,1756.307,-5.65,1.9,58.55,0.004,11,Left,43.69,-1,-1,UNKNOWN,None
423.391,106.123,1756.578,-5.653,1.897,58.63,0.004,11,Left,43.42,-1,-1,UNKNOWN,None
423.408,106.137,1756.856,-5.655,1.895,58.72,0.004,11,Left,43.14,-1,-1,UNKNOWN,None
423.434,106.155,1757.136,-5.658,1.892,58.84,0.004,11,Left,42.86,-1,-1,UNKNOWN,None
423.443,106.171,1757.417,-5.66,1.89,58.96,0.004,11,Left,42.58,-1,-1,UNKNOWN,None
423.461,106.187,1757.576,-5.661,1.889,59.04,0.004,11,Left,42.42,-1,-1,UNKNOWN,None
423.48,106.202,1757.891,-5.664,1.886,59.2,0.004,11,Left,42.11,-1,-1,UNKNOWN,None
423.496,106.218,1758.165,-5.666,1.884,59.35,0.004,11,Left,41.83,-1,-1,UNKNOWN,None
423.513,106.234,1758.441,-5.667,1.883,59.51,0.004,11,Left,41.56,-1,-1,UNKNOWN,None
423.522,106.25,1758.733,-5.669,1.881,59.68,0.004,11,Left,41.27,-1,-1,UNKNOWN,None
423.541,106.266,1758.897,-5.67,1.88,59.78,0.004,11,Left,41.1,-1,-1,UNKNOWN,None
423.56,106.282,1759.227,-5.672,1.878,59.99,0.004,11,Left,40.77,-1,-1,UNKNOWN,None
423.57,106.299,1759.526,-5.674,1.876,60.18,0.004,11,Left,40.47,-1,-1,UNKNOWN,None
423.587,106.315,1759.808,-5.675,1.875,60.37,0.004,11,Left,40.19,-1,-1,UNKNOWN,None
423.604,106.331,1760.088,-5.676,1.874,60.54,0.004,11,Left,39.91,-1,-1,UNKNOWN,None
423.612,106.347,1760.233,-5.677,1.873,60.63,0.004,11,Left,39.77,-1,-1,UNKNOWN,None
423.638,106.363,1760.521,-5.678,1.872,60.78,0.004,11,Left,39.48,-1,-1,UNKNOWN,None
423.646,106.379,1760.808,-5.679,1.871,60.92,0.004,11,Left,39.19,-1,-1,UNKNOWN,None
423.663,106.395,1761.09,-5.68,1.87,61.02,0.004,11,Left,38.91,-1,-1,UNKNOWN,None
423.688,106.411,1761.382,-5.681,1.869,61.08,0.004,11,Left,38.62,-1,-1,UNKNOWN,None
423.705,106.427,1761.665,-5.681,1.869,61.1,0.004,11,Left,38.33,-1,-1,UNKNOWN,None
423.722,106.443,1761.948,-5.682,1.868,61.07,0.004,11,Left,38.05,-1,-1,UNKNOWN,None
423.738,106.459,1762.23,-5.682,1.868,61.01,0.004,11,Left,37.77,-1,-1,UNKNOWN,None
423.747,106.475,1762.513,-5.683,1.867,60.93,0.004,11,Left,37.49,-1,-1,UNKNOWN,None
423.763,106.491,1762.654,-5.683,1.867,60.87,0.004,11,Left,37.35,-1,-1,UNKNOWN,None
423.78,106.507,1762.935,-5.683,1.867,60.75,0.004,11,Left,37.07,-1,-1,UNKNOWN,None
423.788,106.523,1763.216,-5.683,1.867,60.6,0.004,11,Left,36.78,-1,-1,UNKNOWN,None
423.814,106.539,1763.505,-5.683,1.867,60.44,0.004,11,Left,36.5,-1,-1,UNKNOWN,None
423.814,106.555,1763.645,-5.683,1.867,60.35,0.004,11,Left,36.36,-1,-1,UNKNOWN,None
423.839,106.571,1764.062,-5.683,1.867,60.08,0.004,11,Left,35.94,-1,-1,UNKNOWN,None
423.847,106.587,1764.201,-5.683,1.867,59.99,0.004,11,Left,35.8,-1,-1,UNKNOWN,None
423.881,106.603,1764.624,-5.682,1.868,59.7,0.004,11,Left,35.38,-1,-1,UNKNOWN,None
423.898,106.619,1764.908,-5.681,1.869,59.51,0.004,11,Left,35.09,-1,-1,UNKNOWN,None
423.907,106.635,1765.183,-5.681,1.869,59.35,0.004,11,Left,34.82,-1,-1,UNKNOWN,None
423.923,106.651,1765.46,-5.68,1.87,59.19,0.004,11,Left,34.54,-1,-1,UNKNOWN,None
423.94,106.67,1765.733,-5.679,1.871,59.06,0.004,11,Left,34.27,-1,-1,UNKNOWN,None
423.957,106.686,1766.006,-5.678,1.872,58.95,0.004,11,Left,33.99,-1,-1,UNKNOWN,None
423.982,106.703,1766.279,-5.677,1.873,58.87,0.004,11,Left,33.72,-1,-1,UNKNOWN,None
423.998,106.719,1766.551,-5.676,1.874,58.81,0.004,11,Left,33.45,-1,-1,UNKNOWN,None
424.007,106.735,1766.824,-5.675,1.875,58.79,0.004,11,Left,33.18,-1,-1,UNKNOWN,None
424.024,106.751,1767.099,-5.673,1.877,58.8,0.004,11,Left,32.9,-1,-1,UNKNOWN,None
424.04,106.768,1767.372,-5.672,1.878,58.84,0.004,11,Left,32.63,-1,-1,UNKNOWN,None
424.057,106.783,1767.508,-5.671,1.879,58.86,0.004,11,Left,32.49,-1,-1,UNKNOWN,None
424.065,106.799,1767.781,-5.669,1.881,58.92,0.004,11,Left,32.22,-1,-1,UNKNOWN,None
424.09,106.815,1768.054,-5.667,1.883,59.01,0.004,11,Left,31.95,-1,-1,UNKNOWN,None
424.099,106.831,1768.329,-5.665,1.885,59.11,0.004,11,Left,31.67,-1,-1,UNKNOWN,None
424.115,106.847,1768.603,-5.663,1.887,59.22,0.004,11,Left,31.4,-1,-1,UNKNOWN,None
424.132,106.863,1768.878,-5.661,1.889,59.34,0.004,11,Left,31.12,-1,-1,UNKNOWN,None
424.158,106.879,1769.161,-5.659,1.891,59.48,0.004,11,Left,30.84,-1,-1,UNKNOWN,None
424.166,106.895,1769.444,-5.656,1.894,59.63,0.004,11,Left,30.56,-1,-1,UNKNOWN,None
424.183,106.911,1769.721,-5.654,1.896,59.78,0.004,11,Left,30.28,-1,-1,UNKNOWN,None
424.191,106.927,1769.864,-5.652,1.898,59.86,0.004,11,Left,30.14,-1,-1,UNKNOWN,None
424.218,106.943,1770.166,-5.649,1.901,60.04,0.004,11,Left,29.83,-1,-1,UNKNOWN,None
424.226,106.959,1770.444,-5.647,1.903,60.21,0.004,11,Left,29.56,-1,-1,UNKNOWN,None
424.235,106.975,1770.584,-5.645,1.905,60.3,0.004,11,Left,29.42,-1,-1,UNKNOWN,None
424.267,106.991,1770.979,-5.641,1.909,60.51,0.004,11,Left,29.02,-1,-1,UNKNOWN,None
424.267,107.007,1771.119,-5.639,1.911,60.58,0.004,11,Left,28.88,-1,-1,UNKNOWN,None
424.3,107.023,1771.541,-5.635,1.915,60.73,0.004,11,Left,28.46,-1,-1,UNKNOWN,None
424.308,107.039,1771.822,-5.631,1.919,60.79,0.004,11,Left,28.18,-1,-1,UNKNOWN,None
424.326,107.055,1772.115,-5.628,1.922,60.8,0.0014,11,Left,27.88,-1,-1,UNKNOWN,None
424.342,107.071,1772.396,-5.624,1.926,60.78,0.0014,11,Left,27.6,-1,-1,UNKNOWN,None
424.359,107.087,1772.678,-5.62,1.93,60.72,0.0014,11,Left,27.32,-1,-1,UNKNOWN,None
424.367,107.103,1772.818,-5.619,1.931,60.68,0.0014,11,Left,27.18,-1,-1,UNKNOWN,None
424.384,107.119,1773.099,-5.615,1.935,60.58,0.0014,11,Left,26.9,-1,-1,UNKNOWN,None
424.401,107.135,1773.379,-5.611,1.939,60.46,0.0014,11,Left,26.62,-1,-1,UNKNOWN,None
424.409,107.151,1773.519,-5.609,1.941,60.39,-0.0018,11,Left,26.48,-1,-1,UNKNOWN,None
424.429,107.167,1773.9,-5.604,1.946,60.18,-0.0018,11,Left,26.1,-1,-1,UNKNOWN,None
424.448,107.183,1774.183,-5.6,1.95,60.02,-0.0018,11,Left,25.82,-1,-1,UNKNOWN,None
424.474,107.198,1774.466,-5.596,1.954,59.83,-0.0018,11,Left,25.53,-1,-1,UNKNOWN,None
424.483,107.214,1774.756,-5.592,1.958,59.63,-0.0024,11,Left,25.24,-1,-1,UNKNOWN,None
424.501,107.23,1775.061,-5.588,1.962,59.42,-0.0024,11,Left,24.94,-1,-1,UNKNOWN,None
424.52,107.246,1775.22,-5.586,1.964,59.31,-0.0024,11,Left,24.78,-1,-1,UNKNOWN,None
424.52,107.262,1775.366,-5.584,1.966,59.2,-0.0024,11,Left,24.63,-1,-1,UNKNOWN,None
424.549,107.278,1775.847,-5.577,1.973,58.89,-0.0024,11,Left,24.15,-1,-1,UNKNOWN,None
424.558,107.295,1776.006,-5.575,1.975,58.8,-0.0024,11,Left,23.99,-1,-1,UNKNOWN,None
424.576,107.311,1776.278,-5.571,1.979,58.65,-0.0024,11,Left,23.72,-1,-1,UNKNOWN,None
424.601,107.327,1776.552,-5.567,1.983,58.53,-0.0024,11,Left,23.45,-1,-1,UNKNOWN,None
424.601,107.343,1776.688,-5.565,1.985,58.48,-0.0024,11,Left,23.31,-1,-1,UNKNOWN,None
424.636,107.359,1777.111,-5.559,1.991,58.37,-0.0024,11,Left,22.89,-1,-1,UNKNOWN,None
424.644,107.375,1777.406,-5.555,1.995,58.33,-0.0024,11,Left,22.59,-1,-1,UNKNOWN,None
424.663,107.391,1777.69,-5.551,1.999,58.33,-0.0024,11,Left,22.31,-1,-1,UNKNOWN,None
424.682,107.407,1777.87,-5.548,2.002,58.35,-0.0024,11,Left,22.13,-1,-1,UNKNOWN,None
424.697,107.423,1778.107,-5.545,2.005,58.38,-0.0024,11,Left,21.89,-1,-1,UNKNOWN,None
424.714,107.439,1778.377,-5.541,2.009,58.44,-0.0024,11,Left,21.62,-1,-1,UNKNOWN,None
424.73,107.455,1778.648,-5.538,2.012,58.52,-0.0024,11,Left,21.35,-1,-1,UNKNOWN,None
424.739,107.472,1778.919,-5.534,2.016,58.62,-0.0024,11,Left,21.08,-1,-1,UNKNOWN,None
424.764,107.487,1779.191,-5.53,2.02,58.72,-0.0024,11,Left,20.81,-1,-1,UNKNOWN,None
424.78,107.503,1779.464,-5.527,2.023,58.85,-0.0024,11,Left,20.54,-1,-1,UNKNOWN,None
424.797,107.518,1779.737,-5.523,2.027,58.98,-0.0024,11,Left,20.26,-1,-1,UNKNOWN,None
424.805,107.535,1780.01,-5.52,2.03,59.12,-0.0024,11,Left,19.99,-1,-1,UNKNOWN,None
424.823,107.551,1780.166,-5.518,2.032,59.21,-0.0024,11,Left,19.83,-1,-1,UNKNOWN,None
424.842,107.567,1780.468,-5.514,2.036,59.38,-0.0024,11,Left,19.53,-1,-1,UNKNOWN,None
424.858,107.583,1780.743,-5.51,2.04,59.54,-0.0024,11,Left,19.26,-1,-1,UNKNOWN,None
424.867,107.599,1781.02,-5.507,2.043,59.71,-0.0024,11,Left,18.98,-1,-1,UNKNOWN,None
424.892,107.615,1781.297,-5.503,2.047,59.89,-0.0024,11,Left,18.7,-1,-1,UNKNOWN,None
424.9,107.631,1781.575,-5.5,2.05,60.07,-0.0024,11,Left,18.43,-1,-1,UNKNOWN,None
424.925,107.647,1781.854,-5.497,2.053,60.25,-0.0024,11,Left,18.15,-1,-1,UNKNOWN,None
424.933,107.663,1782.134,-5.493,2.057,60.43,-0.0024,11,Left,17.87,-1,-1,UNKNOWN,None
424.95,107.679,1782.415,-5.49,2.06,60.58,-0.0024,11,Left,17.59,-1,-1,UNKNOWN,None
424.958,107.695,1782.586,-5.488,2.062,60.67,-0.0024,11,Left,17.41,-1,-1,UNKNOWN,None
424.978,107.711,1782.884,-5.485,2.065,60.79,-0.0024,11,Left,17.12,-1,-1,UNKNOWN,None
425.003,107.727,1783.166,-5.482,2.068,60.86,-0.0024,11,Left,16.83,-1,-1,UNKNOWN,None
425.011,107.743,1783.448,-5.479,2.071,60.89,-0.0024,11,Left,16.55,-1,-1,UNKNOWN,None
425.028,107.759,1783.73,-5.476,2.074,60.88,-0.0024,11,Left,16.27,-1,-1,UNKNOWN,None
425.046,107.775,1784.065,-5.473,2.077,60.82,-0.0024,11,Left,15.93,-1,-1,UNKNOWN,None
425.067,107.791,1784.249,-5.471,2.079,60.76,-0.0024,11,Left,15.75,-1,-1,UNKNOWN,None
425.067,107.807,1784.39,-5.469,2.081,60.72,-0.0024,11,Left,15.61,-1,-1,UNKNOWN,None
425.084,107.823,1784.671,-5.467,2.083,60.6,-0.0024,11,Left,15.33,-1,-1,UNKNOWN,None
425.111,107.839,1785.125,-5.462,2.088,60.37,-0.0024,11,Left,14.88,-1,-1,UNKNOWN,None
425.129,107.855,1785.287,-5.461,2.089,60.28,-0.0024,11,Left,14.71,-1,-1,UNKNOWN,None
425.147,107.871,1785.589,-5.458,2.092,60.09,-0.0024,11,Left,14.41,-1,-1,UNKNOWN,None
425.147,107.887,1785.728,-5.457,2.093,60.0,-0.0024,11,Left,14.27,-1,-1,UNKNOWN,None
425.176,107.903,1786.212,-5.453,2.097,59.66,-0.0024,11,Left,13.79,-1,-1,UNKNOWN,None
425.184,107.919,1786.353,-5.451,2.099,59.55,-0.0024,11,Left,13.65,-1,-1,UNKNOWN,None
425.201,107.935,1786.634,-5.449,2.101,59.35,-0.0024,11,Left,13.37,-1,-1,UNKNOWN,None
425.226,107.951,1786.908,-5.447,2.103,59.16,-0.0024,11,Left,13.09,-1,-1,UNKNOWN,None
425.244,107.967,1787.204,-5.445,2.105,58.96,-0.0024,11,Left,12.8,-1,-1,UNKNOWN,None
425.262,107.983,1787.484,-5.443,2.107,58.79,-0.0024,11,Left,12.52,-1,-1,UNKNOWN,None
425.262,107.999,1787.653,-5.441,2.109,58.69,-0.0024,11,Left,12.35,-1,-1,UNKNOWN,None
425.285,108.015,1788.004,-5.439,2.111,58.53,-0.0024,11,Left,12.0,-1,-1,UNKNOWN,None
425.294,108.031,1788.177,-5.438,2.112,58.46,-0.0024,11,Left,11.82,-1,-1,UNKNOWN,None
425.321,108.047,1788.452,-5.436,2.114,58.38,-0.0024,11,Left,11.55,-1,-1,UNKNOWN,None
425.339,108.063,1788.734,-5.434,2.116,58.32,-0.0024,11,Left,11.27,-1,-1,UNKNOWN,None
425.347,108.079,1789.005,-5.432,2.118,58.31,-0.0024,11,Left,11.0,-1,-1,UNKNOWN,None
425.366,108.095,1789.318,-5.43,2.12,58.32,-0.0024,11,Left,10.68,-1,-1,UNKNOWN,None
425.383,108.111,1789.588,-5.429,2.121,58.36,-0.0024,11,Left,10.41,-1,-1,UNKNOWN,None
425.4,108.127,1789.859,-5.428,2.122,58.42,-0.0024,11,Left,10.14,-1,-1,UNKNOWN,None
425.408,108.143,1789.994,-5.427,2.123,58.46,-0.0024,11,Left,10.01,-1,-1,UNKNOWN,None
425.425,108.159,1790.265,-5.425,2.125,58.55,-0.0024,11,Left,9.73,-1,-1,UNKNOWN,None
425.45,108.175,1790.536,-5.424,2.126,58.65,-0.0024,11,Left,9.46,-1,-1,UNKNOWN,None
425.466,108.19,1790.809,-5.423,2.127,58.77,-0.0024,11,Left,9.19,-1,-1,UNKNOWN,None
425.475,108.206,1791.081,-5.422,2.128,58.89,-0.0024,11,Left,8.92,-1,-1,UNKNOWN,None
425.5,108.222,1791.354,-5.421,2.129,59.03,-0.0024,11,Left,8.65,-1,-1,UNKNOWN,None
425.516,108.238,1791.628,-5.42,2.13,59.18,-0.0024,11,Left,8.37,-1,-1,UNKNOWN,None
425.535,108.254,1791.934,-5.419,2.131,59.35,-0.0024,11,Left,8.07,-1,-1,UNKNOWN,None
425.543,108.27,1792.071,-5.418,2.132,59.43,-0.0024,11,Left,7.93,-1,-1,UNKNOWN,None
425.563,108.288,1792.397,-5.417,2.133,59.63,-0.0024,11,Left,7.6,-1,-1,UNKNOWN,None
425.571,108.303,1792.674,-5.416,2.134,59.8,-0.0024,11,Left,7.33,-1,-1,UNKNOWN,None
425.58,108.319,1792.813,-5.416,2.134,59.89,-0.0024,11,Left,7.19,-1,-1,UNKNOWN,None
425.613,108.335,1793.23,-5.415,2.135,60.16,-0.0024,11,Left,6.77,-1,-1,UNKNOWN,None
425.621,108.351,1793.509,-5.414,2.136,60.35,-0.0024,11,Left,6.49,-1,-1,UNKNOWN,None
425.646,108.366,1793.789,-5.414,2.136,60.53,-0.0024,11,Left,6.21,-1,-1,UNKNOWN,None
425.655,108.383,1794.07,-5.413,2.137,60.71,-0.0024,11,Left,5.93,-1,-1,UNKNOWN,None
425.671,108.399,1794.352,-5.413,2.137,60.87,-0.0024,11,Left,5.65,-1,-1,UNKNOWN,None
425.688,108.413,1794.493,-5.412,2.138,60.95,-0.0024,11,Left,5.51,-1,-1,UNKNOWN,None
425.696,108.431,1794.777,-5.412,2.138,61.08,-0.0024,11,Left,5.22,-1,-1,UNKNOWN,None
425.721,108.447,1795.06,-5.412,2.138,61.19,-0.0024,11,Left,4.94,-1,-1,UNKNOWN,None
425.738,108.463,1795.343,-5.412,2.138,61.25,-0.0024,11,Left,4.66,-1,-1,UNKNOWN,None
425.746,108.479,1795.627,-5.412,2.138,61.26,-0.0024,11,Left,4.37,-1,-1,UNKNOWN,None
425.771,108.495,1795.91,-5.411,2.139,61.24,-0.0024,11,Left,4.09,-1,-1,UNKNOWN,None
425.78,108.511,1796.196,-5.411,2.139,61.18,-0.0024,11,Left,3.8,-1,-1,UNKNOWN,None
425.805,108.527,1796.479,-5.411,2.139,61.09,-0.0024,11,Left,3.52,-1,-1,UNKNOWN,None
425.822,108.543,1796.771,-5.412,2.138,60.97,-0.0024,11,Left,3.23,-1,-1,UNKNOWN,None
425.822,108.559,1796.919,-5.412,2.138,60.9,-0.0024,11,Left,3.08,-1,-1,UNKNOWN,None
425.856,108.577,1797.341,-5.412,2.138,60.67,-0.0024,11,Left,2.66,-1,-1,UNKNOWN,None
425.864,108.589,1797.481,-5.412,2.138,60.59,-0.0024,11,Left,2.52,-1,-1,UNKNOWN,None
425.872,108.607,1797.761,-5.413,2.137,60.42,-0.0024,11,Left,2.24,-1,-1,UNKNOWN,None
425.899,108.623,1798.064,-5.413,2.137,60.21,-0.0024,11,Left,1.94,-1,-1,UNKNOWN,None
425.916,108.639,1798.345,-5.414,2.136,60.01,-0.0024,11,Left,1.65,-1,-1,UNKNOWN,None
425.932,108.655,1798.622,-5.414,2.136,59.8,-0.0024,11,Left,1.38,-1,-1,UNKNOWN,None
425.949,108.671,1798.898,-5.415,2.135,59.59,-0.0024,11,Left,1.1,-1,-1,UNKNOWN,None
425.966,108.687,1799.174,-5.415,2.135,59.37,-0.0024,11,Left,0.83,-1,-1,UNKNOWN,None
425.974,108.703,1799.453,-5.416,2.134,59.16,-0.0024,11,Left,0.55,-1,-1,UNKNOWN,None
425.991,108.719,1799.726,-5.417,2.133,58.96,-0.0024,11,Left,0.27,-1,-1,UNKNOWN,None
426.008,108.735,1799.862,-5.417,2.133,58.86,-0.0024,11,Left,0.14,-1,-1,UNKNOWN,None
426.016,108.751,1800.134,-5.418,2.132,58.68,-0.0024,12,Right,149.87,-1,-1,UNKNOWN,None
426.041,108.767,1800.405,-5.419,2.131,58.53,-0.0021,12,Right,149.59,-1,-1,UNKNOWN,None
426.058,108.783,1800.678,-5.42,2.13,58.39,-0.0021,12,Right,149.32,-1,-1,UNKNOWN,None
426.075,108.799,1800.948,-5.421,2.129,58.28,-0.0018,12,Right,149.05,-1,-1,UNKNOWN,None
426.083,108.815,1801.219,-5.422,2.128,58.21,-0.0018,12,Right,148.78,-1,-1,UNKNOWN,None
426.1,108.831,1801.489,-5.424,2.126,58.16,-0.0017,12,Right,148.51,-1,-1,UNKNOWN,None
426.116,108.847,1801.758,-5.425,2.125,58.15,-0.0017,12,Right,148.24,-1,-1,UNKNOWN,None
426.141,108.863,1802.027,-5.426,2.124,58.16,-0.0017,12,Right,147.97,-1,-1,UNKNOWN,None
426.152,108.879,1802.194,-5.427,2.123,58.18,-0.0017,12,Right,147.81,-1,-1,UNKNOWN,None
426.169,108.895,1802.467,-5.428,2.122,58.23,-0.0017,12,Right,147.53,-1,-1,UNKNOWN,None
426.185,108.911,1802.741,-5.43,2.12,58.31,-0.0017,12,Right,147.26,-1,-1,UNKNOWN,None
426.202,108.927,1803.011,-5.431,2.119,58.4,-0.0017,12,Right,146.99,-1,-1,UNKNOWN,None
426.202,108.943,1803.146,-5.432,2.118,58.45,-0.0017,12,Right,146.85,-1,-1,UNKNOWN,None
426.235,108.959,1803.553,-5.435,2.115,58.62,-0.0017,12,Right,146.45,-1,-1,UNKNOWN,None
426.244,108.975,1803.831,-5.436,2.114,58.75,-0.0017,12,Right,146.17,-1,-1,UNKNOWN,None
426.27,108.99,1804.116,-5.438,2.112,58.89,-0.0017,12,Right,145.88,-1,-1,UNKNOWN,None
426.278,109.007,1804.389,-5.44,2.11,59.04,-0.0017,12,Right,145.61,-1,-1,UNKNOWN,None
426.295,109.023,1804.663,-5.442,2.108,59.2,-0.0017,12,Right,145.34,-1,-1,UNKNOWN,None
426.312,109.039,1804.938,-5.444,2.106,59.36,-0.0017,12,Right,145.06,-1,-1,UNKNOWN,None
426.32,109.055,1805.075,-5.445,2.105,59.45,-0.0017,12,Right,144.92,-1,-1,UNKNOWN,None
426.328,109.071,1805.213,-5.446,2.104,59.53,-0.0017,12,Right,144.79,-1,-1,UNKNOWN,None
426.362,109.087,1805.628,-5.449,2.101,59.8,-0.0017,12,Right,144.37,-1,-1,UNKNOWN,None
426.378,109.103,1805.906,-5.451,2.099,59.98,-0.0017,12,Right,144.09,-1,-1,UNKNOWN,None
426.378,109.119,1806.045,-5.452,2.098,60.07,-0.0017,12,Right,143.96,-1,-1,UNKNOWN,None
426.403,109.135,1806.463,-5.455,2.095,60.35,-0.0017,12,Right,143.54,-1,-1,UNKNOWN,None
426.42,109.151,1806.743,-5.458,2.092,60.53,-0.0017,12,Right,143.26,-1,-1,UNKNOWN,None
426.437,109.167,1807.024,-5.46,2.09,60.7,-0.0017,12,Right,142.98,-1,-1,UNKNOWN,None
426.462,109.183,1807.305,-5.462,2.088,60.84,-0.0017,12,Right,142.69,-1,-1,UNKNOWN,None
426.47,109.198,1807.587,-5.465,2.085,60.94,-0.0017,12,Right,142.41,-1,-1,UNKNOWN,None
426.487,109.214,1807.872,-5.467,2.083,61.02,-0.0017,12,Right,142.13,-1,-1,UNKNOWN,None
426.495,109.23,1808.013,-5.469,2.081,61.05,-0.0017,12,Right,141.99,-1,-1,UNKNOWN,None
426.512,109.246,1808.298,-5.471,2.079,61.08,-0.0017,12,Right,141.7,-1,-1,UNKNOWN,None
426.537,109.262,1808.589,-5.474,2.076,61.07,-0.0017,12,Right,141.41,-1,-1,UNKNOWN,None
426.547,109.278,1808.749,-5.475,2.075,61.05,-0.0017,12,Right,141.25,-1,-1,UNKNOWN,None
426.557,109.295,1809.107,-5.479,2.071,60.96,-0.0017,12,Right,140.89,-1,-1,UNKNOWN,None
426.576,109.311,1809.389,-5.482,2.068,60.87,-0.0017,12,Right,140.61,-1,-1,UNKNOWN,None
426.601,109.327,1809.673,-5.484,2.066,60.74,-0.0017,12,Right,140.33,-1,-1,UNKNOWN,None
426.62,109.343,1809.984,-5.488,2.062,60.59,-0.0017,12,Right,140.02,-1,-1,UNKNOWN,None
426.629,109.359,1810.314,-5.491,2.059,60.4,-0.0017,12,Right,139.69,-1,-1,UNKNOWN,None
426.648,109.375,1810.593,-5.494,2.056,60.23,-0.0017,12,Right,139.41,-1,-1,UNKNOWN,None
426.656,109.391,1810.733,-5.495,2.055,60.13,-0.0017,12,Right,139.27,-1,-1,UNKNOWN,None
426.673,109.407,1811.055,-5.499,2.051,59.91,-0.0017,12,Right,138.94,-1,-1,UNKNOWN,None
426.701,109.423,1811.338,-5.502,2.048,59.71,-0.0017,12,Right,138.66,-1,-1,UNKNOWN,None
426.718,109.439,1811.614,-5.505,2.045,59.51,-0.0017,12,Right,138.39,-1,-1,UNKNOWN,None
426.726,109.455,1811.895,-5.508,2.042,59.31,-0.0017,12,Right,138.1,-1,-1,UNKNOWN,None
426.735,109.471,1812.057,-5.51,2.04,59.2,-0.0017,12,Right,137.94,-1,-1,UNKNOWN,None
426.763,109.487,1812.354,-5.514,2.036,59.01,-0.0017,12,Right,137.65,-1,-1,UNKNOWN,None
426.771,109.503,1812.626,-5.517,2.033,58.86,-0.0017,12,Right,137.37,-1,-1,UNKNOWN,None
426.788,109.519,1812.898,-5.52,2.03,58.73,-0.0017,12,Right,137.1,-1,-1,UNKNOWN,None
426.814,109.535,1813.189,-5.524,2.026,58.62,-0.0017,12,Right,136.81,-1,-1,UNKNOWN,None
426.83,109.551,1813.46,-5.527,2.023,58.54,-0.0017,12,Right,136.54,-1,-1,UNKNOWN,None
426.839,109.567,1813.744,-5.53,2.02,58.5,-0.0017,12,Right,136.26,-1,-1,UNKNOWN,None
426.856,109.586,1814.014,-5.534,2.016,58.49,-0.0017,12,Right,135.99,-1,-1,UNKNOWN,None
426.865,109.599,1814.15,-5.536,2.014,58.49,-0.0017,12,Right,135.85,-1,-1,UNKNOWN,None
426.89,109.615,1814.421,-5.539,2.011,58.52,-0.0017,12,Right,135.58,-1,-1,UNKNOWN,None
426.906,109.631,1814.692,-5.543,2.007,58.57,-0.0017,12,Right,135.31,-1,-1,UNKNOWN,None
426.923,109.647,1814.963,-5.546,2.004,58.65,-0.0017,12,Right,135.04,-1,-1,UNKNOWN,None
426.931,109.662,1815.235,-5.55,2.0,58.73,-0.0017,12,Right,134.76,-1,-1,UNKNOWN,None
426.948,109.679,1815.507,-5.554,1.996,58.84,-0.0017,12,Right,134.49,-1,-1,UNKNOWN,None
426.973,109.695,1815.78,-5.557,1.993,58.95,-0.0017,12,Right,134.22,-1,-1,UNKNOWN,None
426.99,109.711,1816.054,-5.561,1.989,59.08,-0.0017,12,Right,133.95,-1,-1,UNKNOWN,None
427.006,109.727,1816.328,-5.565,1.985,59.22,-0.0017,12,Right,133.67,-1,-1,UNKNOWN,None
427.015,109.743,1816.602,-5.569,1.981,59.37,-0.0017,12,Right,133.4,-1,-1,UNKNOWN,None
427.031,109.758,1816.74,-5.571,1.979,59.44,-0.0017,12,Right,133.26,-1,-1,UNKNOWN,None
427.048,109.775,1817.016,-5.575,1.975,59.6,-0.0017,12,Right,132.98,-1,-1,UNKNOWN,None
427.065,109.791,1817.292,-5.579,1.971,59.77,-0.0017,12,Right,132.71,-1,-1,UNKNOWN,None
427.081,109.807,1817.569,-5.583,1.967,59.94,-0.0017,12,Right,132.43,-1,-1,UNKNOWN,None
427.098,109.823,1817.848,-5.588,1.962,60.12,-0.0017,12,Right,132.15,-1,-1,UNKNOWN,None
427.115,109.839,1818.127,-5.592,1.958,60.3,-0.0017,12,Right,131.87,-1,-1,UNKNOWN,None
427.131,109.855,1818.406,-5.596,1.954,60.47,-0.0017,12,Right,131.59,-1,-1,UNKNOWN,None
427.149,109.871,1818.698,-5.601,1.949,60.63,-0.0017,12,Right,131.3,-1,-1,UNKNOWN,None
427.157,109.887,1818.979,-5.605,1.945,60.76,-0.0017,12,Right,131.02,-1,-1,UNKNOWN,None
427.174,109.903,1819.261,-5.61,1.94,60.86,-0.0017,12,Right,130.74,-1,-1,UNKNOWN,None
427.19,109.919,1819.543,-5.614,1.936,60.92,-0.0017,12,Right,130.46,-1,-1,UNKNOWN,None
427.199,109.935,1819.704,-5.617,1.933,60.93,-0.0017,12,Right,130.3,-1,-1,UNKNOWN,None
427.225,109.951,1819.994,-5.622,1.928,60.91,-0.0017,12,Right,130.01,-1,-1,UNKNOWN,None
427.242,109.967,1820.276,-5.626,1.924,60.86,-0.0017,12,Right,129.72,-1,-1,UNKNOWN,None
427.242,109.983,1820.419,-5.629,1.921,60.83,-0.0005,12,Right,129.58,-1,-1,UNKNOWN,None
427.277,109.999,1820.867,-5.636,1.914,60.67,-0.0005,12,Right,129.13,-1,-1,UNKNOWN,None
427.286,110.015,1821.164,-5.641,1.909,60.55,-0.0005,12,Right,128.84,-1,-1,UNKNOWN,None
427.312,110.033,1821.453,-5.646,1.904,60.41,-0.0005,12,Right,128.55,-1,-1,UNKNOWN,None
427.312,110.047,1821.593,-5.648,1.902,60.34,-0.0005,12,Right,128.41,-1,-1,UNKNOWN,None
427.338,110.063,1821.895,-5.654,1.896,60.16,-0.0005,12,Right,128.1,-1,-1,UNKNOWN,None
427.338,110.079,1822.037,-5.656,1.894,60.07,-0.0005,12,Right,127.96,-1,-1,UNKNOWN,None
427.372,110.095,1822.458,-5.663,1.887,59.79,-0.0005,12,Right,127.54,-1,-1,UNKNOWN,None
427.381,110.111,1822.785,-5.669,1.881,59.56,0.0005,12,Right,127.21,-1,-1,UNKNOWN,None
427.401,110.127,1822.937,-5.672,1.878,59.45,0.0005,12,Right,127.06,-1,-1,UNKNOWN,None
427.41,110.143,1823.232,-5.677,1.873,59.23,0.0005,12,Right,126.77,-1,-1,UNKNOWN,None
427.436,110.159,1823.515,-5.682,1.868,59.03,0.0005,12,Right,126.48,-1,-1,UNKNOWN,None
427.453,110.175,1823.788,-5.687,1.863,58.86,0.0005,12,Right,126.21,-1,-1,UNKNOWN,None
427.461,110.19,1824.06,-5.692,1.858,58.69,0.0005,12,Right,125.94,-1,-1,UNKNOWN,None
427.478,110.206,1824.331,-5.696,1.854,58.55,0.0007,12,Right,125.67,-1,-1,UNKNOWN,None
427.503,110.222,1824.602,-5.701,1.849,58.43,0.0007,12,Right,125.4,-1,-1,UNKNOWN,None
427.503,110.238,1824.737,-5.704,1.846,58.38,0.0007,12,Right,125.26,-1,-1,UNKNOWN,None
427.52,110.254,1825.007,-5.708,1.842,58.3,0.0009,12,Right,124.99,-1,-1,UNKNOWN,None
427.545,110.27,1825.288,-5.713,1.837,58.25,0.0009,12,Right,124.71,-1,-1,UNKNOWN,None
427.563,110.286,1825.579,-5.719,1.831,58.24,0.0011,12,Right,124.42,-1,-1,UNKNOWN,None
427.581,110.303,1825.87,-5.724,1.826,58.26,0.0014,12,Right,124.13,-1,-1,UNKNOWN,None
427.581,110.319,1826.039,-5.727,1.823,58.28,0.0017,12,Right,123.96,-1,-1,UNKNOWN,None
427.61,110.334,1826.329,-5.732,1.818,58.34,0.0018,12,Right,123.67,-1,-1,UNKNOWN,None
427.618,110.351,1826.615,-5.737,1.813,58.42,0.0018,12,Right,123.38,-1,-1,UNKNOWN,None
427.645,110.367,1826.9,-5.742,1.808,58.52,0.0021,12,Right,123.1,-1,-1,UNKNOWN,None
427.654,110.383,1827.183,-5.747,1.803,58.64,0.0021,12,Right,122.82,-1,-1,UNKNOWN,None
427.671,110.399,1827.333,-5.75,1.8,58.7,0.0021,12,Right,122.67,-1,-1,UNKNOWN,None
427.671,110.415,1827.51,-5.753,1.797,58.78,0.0021,12,Right,122.49,-1,-1,UNKNOWN,None
427.699,110.431,1827.919,-5.76,1.79,58.99,0.0021,12,Right,122.08,-1,-1,UNKNOWN,None
427.707,110.447,1828.056,-5.762,1.788,59.06,0.0021,12,Right,121.94,-1,-1,UNKNOWN,None
427.735,110.463,1828.523,-5.77,1.78,59.33,0.0021,12,Right,121.48,-1,-1,UNKNOWN,None
427.752,110.479,1828.66,-5.772,1.778,59.41,0.0021,12,Right,121.34,-1,-1,UNKNOWN,None
427.761,110.495,1828.936,-5.777,1.773,59.58,0.0021,12,Right,121.06,-1,-1,UNKNOWN,None
427.786,110.511,1829.212,-5.782,1.768,59.75,0.0021,12,Right,120.79,-1,-1,UNKNOWN,None
427.802,110.527,1829.49,-5.786,1.764,59.93,0.0021,12,Right,120.51,-1,-1,UNKNOWN,None
427.811,110.543,1829.767,-5.791,1.759,60.11,0.0021,12,Right,120.23,-1,-1,UNKNOWN,None
427.836,110.559,1830.046,-5.795,1.755,60.29,0.0021,12,Right,119.95,-1,-1,UNKNOWN,None
427.836,110.575,1830.186,-5.798,1.752,60.39,0.0021,12,Right,119.81,-1,-1,UNKNOWN,None
427.869,110.591,1830.607,-5.804,1.746,60.64,0.0021,12,Right,119.39,-1,-1,UNKNOWN,None
427.886,110.607,1830.89,-5.809,1.741,60.77,0.0021,12,Right,119.11,-1,-1,UNKNOWN,None
427.894,110.623,1831.172,-5.813,1.737,60.87,0.0021,12,Right,118.83,-1,-1,UNKNOWN,None
427.902,110.639,1831.315,-5.815,1.735,60.91,0.0021,12,Right,118.68,-1,-1,UNKNOWN,None
427.919,110.655,1831.616,-5.82,1.73,60.96,0.0021,12,Right,118.38,-1,-1,UNKNOWN,None
427.946,110.671,1831.919,-5.825,1.725,60.98,0.0021,12,Right,118.08,-1,-1,UNKNOWN,None
427.963,110.687,1832.202,-5.829,1.721,60.98,0.0021,12,Right,117.8,-1,-1,UNKNOWN,None
427.98,110.703,1832.484,-5.833,1.717,60.96,0.0021,12,Right,117.52,-1,-1,UNKNOWN,None
427.988,110.719,1832.766,-5.837,1.713,60.93,0.0021,12,Right,117.23,-1,-1,UNKNOWN,None
428.013,110.735,1833.05,-5.841,1.709,60.88,0.0021,12,Right,116.95,-1,-1,UNKNOWN,None
428.022,110.751,1833.331,-5.845,1.705,60.8,0.0021,12,Right,116.67,-1,-1,UNKNOWN,None
428.038,110.767,1833.612,-5.849,1.701,60.69,0.0021,12,Right,116.39,-1,-1,UNKNOWN,None
428.047,110.783,1833.762,-5.851,1.699,60.62,0.0021,12,Right,116.24,-1,-1,UNKNOWN,None
428.072,110.799,1834.042,-5.855,1.695,60.48,0.0021,12,Right,115.96,-1,-1,UNKNOWN,None
428.089,110.815,1834.323,-5.859,1.691,60.32,0.0021,12,Right,115.68,-1,-1,UNKNOWN,None
428.106,110.831,1834.608,-5.863,1.687,60.15,0.0021,12,Right,115.39,-1,-1,UNKNOWN,None
428.123,110.849,1834.9,-5.867,1.683,59.95,0.0021,12,Right,115.1,-1,-1,UNKNOWN,None
428.134,110.863,1835.237,-5.871,1.679,59.71,0.0021,12,Right,114.76,-1,-1,UNKNOWN,None
428.152,110.879,1835.379,-5.873,1.677,59.61,0.0021,12,Right,114.62,-1,-1,UNKNOWN,None
428.161,110.895,1835.654,-5.877,1.673,59.41,0.0021,12,Right,114.35,-1,-1,UNKNOWN,None
428.186,110.911,1835.928,-5.88,1.67,59.22,0.0021,12,Right,114.07,-1,-1,UNKNOWN,None
428.195,110.927,1836.237,-5.884,1.666,59.02,0.0021,12,Right,113.76,-1,-1,UNKNOWN,None
428.205,110.943,1836.381,-5.886,1.664,58.93,0.0021,12,Right,113.62,-1,-1,UNKNOWN,None
428.23,110.959,1836.792,-5.891,1.659,58.71,0.0021,12,Right,113.21,-1,-1,UNKNOWN,None
428.247,110.975,1836.927,-5.892,1.658,58.65,0.0021,12,Right,113.07,-1,-1,UNKNOWN,None
428.274,110.996,1837.377,-5.897,1.653,58.49,0.0021,12,Right,112.62,-1,-1,UNKNOWN,None
428.283,111.005,1837.512,-5.899,1.651,58.46,0.0021,12,Right,112.49,-1,-1,UNKNOWN,None
428.283,111.023,1837.648,-5.9,1.65,58.43,0.0021,12,Right,112.35,-1,-1,UNKNOWN,None
428.308,111.039,1838.053,-5.905,1.645,58.41,0.0021,12,Right,111.95,-1,-1,UNKNOWN,None
428.333,111.055,1838.331,-5.908,1.642,58.43,0.0021,12,Right,111.67,-1,-1,UNKNOWN,None
428.35,111.071,1838.602,-5.911,1.639,58.47,0.0021,12,Right,111.4,-1,-1,UNKNOWN,None
428.358,111.087,1838.872,-5.914,1.636,58.53,0.0021,12,Right,111.13,-1,-1,UNKNOWN,None
428.376,111.103,1839.159,-5.916,1.634,58.62,0.0021,12,Right,110.84,-1,-1,UNKNOWN,None
428.384,111.119,1839.294,-5.918,1.632,58.66,0.0021,12,Right,110.71,-1,-1,UNKNOWN,None
428.41,111.135,1839.587,-5.921,1.629,58.78,0.0021,12,Right,110.41,-1,-1,UNKNOWN,None
428.427,111.151,1839.86,-5.923,1.627,58.9,0.0021,12,Right,110.14,-1,-1,UNKNOWN,None
428.444,111.167,1840.133,-5.926,1.624,59.03,0.0021,12,Right,109.87,-1,-1,UNKNOWN,None
428.452,111.183,1840.407,-5.928,1.622,59.17,0.0021,12,Right,109.59,-1,-1,UNKNOWN,None
428.46,111.198,1840.544,-5.929,1.621,59.24,0.0021,12,Right,109.46,-1,-1,UNKNOWN,None
428.486,111.214,1840.968,-5.933,1.617,59.48,0.0021,12,Right,109.03,-1,-1,UNKNOWN,None
428.503,111.23,1841.106,-5.934,1.616,59.56,0.0021,12,Right,108.89,-1,-1,UNKNOWN,None
428.519,111.246,1841.382,-5.937,1.613,59.73,0.0021,12,Right,108.62,-1,-1,UNKNOWN,None
428.528,111.262,1841.66,-5.939,1.611,59.9,0.0021,12,Right,108.34,-1,-1,UNKNOWN,None
428.544,111.278,1841.946,-5.941,1.609,60.09,0.0021,12,Right,108.05,-1,-1,UNKNOWN,None
428.57,111.295,1842.233,-5.943,1.607,60.27,0.0021,12,Right,107.77,-1,-1,UNKNOWN,None
428.579,111.311,1842.513,-5.946,1.604,60.45,0.0021,12,Right,107.49,-1,-1,UNKNOWN,None
428.604,111.327,1842.799,-5.948,1.602,60.61,0.0021,12,Right,107.2,-1,-1,UNKNOWN,None
428.621,111.343,1843.08,-5.95,1.6,60.74,0.0021,12,Right,106.92,-1,-1,UNKNOWN,None
428.638,111.359,1843.375,-5.952,1.598,60.84,0.0021,12,Right,106.63,-1,-1,UNKNOWN,None
428.647,111.375,1843.662,-5.954,1.596,60.89,0.0021,12,Right,106.34,-1,-1,UNKNOWN,None
428.664,111.391,1843.809,-5.955,1.595,60.9,0.0021,12,Right,106.19,-1,-1,UNKNOWN,None
428.672,111.407,1844.093,-5.957,1.593,60.89,0.0021,12,Right,105.91,-1,-1,UNKNOWN,None
428.697,111.423,1844.375,-5.958,1.592,60.84,0.0021,12,Right,105.62,-1,-1,UNKNOWN,None
428.715,111.439,1844.666,-5.96,1.59,60.76,0.0021,12,Right,105.33,-1,-1,UNKNOWN,None
428.731,111.455,1844.947,-5.962,1.588,60.66,0.0021,12,Right,105.05,-1,-1,UNKNOWN,None
428.731,111.471,1845.087,-5.962,1.588,60.6,0.0021,12,Right,104.91,-1,-1,UNKNOWN,None
428.765,111.487,1845.507,-5.965,1.585,60.41,0.0021,12,Right,104.49,-1,-1,UNKNOWN,None
428.782,111.503,1845.8,-5.966,1.584,60.26,0.0021,12,Right,104.2,-1,-1,UNKNOWN,None
428.782,111.519,1845.972,-5.967,1.583,60.16,0.0021,12,Right,104.03,-1,-1,UNKNOWN,None
428.809,111.535,1846.25,-5.969,1.581,59.99,0.0021,12,Right,103.75,-1,-1,UNKNOWN,None
428.809,111.551,1846.388,-5.969,1.581,59.9,0.0021,12,Right,103.61,-1,-1,UNKNOWN,None
428.842,111.567,1846.803,-5.971,1.579,59.63,0.0021,12,Right,103.2,-1,-1,UNKNOWN,None
428.851,111.583,1847.083,-5.972,1.578,59.44,0.0021,12,Right,102.92,-1,-1,UNKNOWN,None
428.878,111.599,1847.393,-5.974,1.576,59.25,0.0021,12,Right,102.61,-1,-1,UNKNOWN,None
428.888,111.615,1847.554,-5.974,1.576,59.15,0.0021,12,Right,102.45,-1,-1,UNKNOWN,None
428.905,111.631,1847.829,-5.975,1.575,59.0,0.0018,12,Right,102.17,-1,-1,UNKNOWN,None
428.922,111.647,1848.111,-5.976,1.574,58.87,0.0018,12,Right,101.89,-1,-1,UNKNOWN,None
428.939,111.663,1848.383,-5.977,1.573,58.76,0.0018,12,Right,101.62,-1,-1,UNKNOWN,None
428.947,111.679,1848.659,-5.978,1.572,58.68,0.0017,12,Right,101.34,-1,-1,UNKNOWN,None
428.964,111.695,1848.931,-5.979,1.571,58.63,0.0014,12,Right,101.07,-1,-1,UNKNOWN,None
428.989,111.711,1849.203,-5.98,1.57,58.61,0.0014,12,Right,100.8,-1,-1,UNKNOWN,None
429.0,111.727,1849.516,-5.98,1.57,58.63,0.0011,12,Right,100.48,-1,-1,UNKNOWN,None
429.017,111.743,1849.652,-5.981,1.569,58.64,0.0011,12,Right,100.35,-1,-1,UNKNOWN,None
429.025,111.759,1850.01,-5.981,1.569,58.71,0.0009,12,Right,99.99,-1,-1,UNKNOWN,None
429.056,111.775,1850.294,-5.982,1.568,58.79,0.0007,12,Right,99.71,-1,-1,UNKNOWN,None
429.056,111.791,1850.437,-5.982,1.568,58.84,0.0005,12,Right,99.56,-1,-1,UNKNOWN,None
429.065,111.807,1850.573,-5.983,1.567,58.89,0.0005,12,Right,99.43,-1,-1,UNKNOWN,None
429.09,111.823,1850.983,-5.983,1.567,59.05,0.0005,12,Right,99.02,-1,-1,UNKNOWN,None
429.115,111.839,1851.26,-5.984,1.566,59.18,0.0005,12,Right,98.74,-1,-1,UNKNOWN,None
429.134,111.855,1851.573,-5.984,1.566,59.33,0.0005,12,Right,98.43,-1,-1,UNKNOWN,None
429.144,111.875,1851.749,-5.985,1.565,59.43,0.0005,12,Right,98.25,-1,-1,UNKNOWN,None
429.157,111.887,1852.11,-5.985,1.565,59.63,0.0005,12,Right,97.89,-1,-1,UNKNOWN,None
429.166,111.903,1852.271,-5.985,1.565,59.72,0.0005,12,Right,97.73,-1,-1,UNKNOWN,None
429.193,111.919,1852.558,-5.986,1.564,59.89,0.0005,12,Right,97.44,-1,-1,UNKNOWN,None
429.193,111.935,1852.697,-5.986,1.564,59.98,0.0005,12,Right,97.3,-1,-1,UNKNOWN,None
429.218,111.951,1853.115,-5.986,1.564,60.24,0.0005,12,Right,96.89,-1,-1,UNKNOWN,None
429.243,111.967,1853.394,-5.986,1.564,60.42,0.0005,12,Right,96.61,-1,-1,UNKNOWN,None
429.252,111.983,1853.674,-5.987,1.563,60.59,0.0005,12,Right,96.33,-1,-1,UNKNOWN,None
429.277,111.999,1853.955,-5.987,1.563,60.75,0.0005,12,Right,96.04,-1,-1,UNKNOWN,None
429.293,112.015,1854.237,-5.987,1.563,60.88,0.0005,12,Right,95.76,-1,-1,UNKNOWN,None
429.302,112.031,1854.52,-5.987,1.563,60.98,0.0005,12,Right,95.48,-1,-1,UNKNOWN,None
429.318,112.047,1854.802,-5.987,1.563,61.04,0.0005,12,Right,95.2,-1,-1,UNKNOWN,None
429.335,112.063,1855.087,-5.987,1.563,61.05,0.0005,12,Right,94.91,-1,-1,UNKNOWN,None
429.343,112.079,1855.228,-5.987,1.563,61.04,0.0005,12,Right,94.77,-1,-1,UNKNOWN,None
429.36,112.095,1855.51,-5.987,1.563,61.0,0.0005,12,Right,94.49,-1,-1,UNKNOWN,None
429.377,112.111,1855.792,-5.987,1.563,60.92,0.0005,12,Right,94.21,-1,-1,UNKNOWN,None
429.402,112.127,1856.074,-5.987,1.563,60.81,0.0005,12,Right,93.93,-1,-1,UNKNOWN,None
429.41,112.142,1856.411,-5.987,1.563,60.66,0.0005,12,Right,93.59,-1,-1,UNKNOWN,None
429.422,112.159,1856.683,-5.987,1.563,60.52,0.0005,12,Right,93.32,-1,-1,UNKNOWN,None
429.446,112.175,1856.963,-5.987,1.563,60.35,0.0005,12,Right,93.04,-1,-1,UNKNOWN,None
429.463,112.19,1857.107,-5.987,1.563,60.26,0.0005,12,Right,92.89,-1,-1,UNKNOWN,None
429.48,112.206,1857.386,-5.987,1.563,60.07,0.0005,12,Right,92.61,-1,-1,UNKNOWN,None
429.497,112.222,1857.666,-5.987,1.563,59.88,0.0005,12,Right,92.33,-1,-1,UNKNOWN,None
429.505,112.238,1857.945,-5.987,1.563,59.67,0.0002,12,Right,92.05,-1,-1,UNKNOWN,None
429.522,112.254,1858.083,-5.987,1.563,59.57,0.0002,12,Right,91.92,-1,-1,UNKNOWN,None
429.537,112.27,1858.328,-5.987,1.563,59.38,0.0002,12,Right,91.67,-1,-1,UNKNOWN,None
429.562,112.286,1858.742,-5.987,1.563,59.08,0.0002,12,Right,91.26,-1,-1,UNKNOWN,None
429.579,112.303,1859.015,-5.987,1.563,58.9,0.0002,12,Right,90.99,-1,-1,UNKNOWN,None
429.579,112.324,1859.151,-5.987,1.563,58.82,0.0002,12,Right,90.85,-1,-1,UNKNOWN,None
429.595,112.335,1859.422,-5.986,1.564,58.66,0.0002,12,Right,90.58,-1,-1,UNKNOWN,None
429.612,112.351,1859.74,-5.986,1.564,58.51,0.0002,12,Right,90.26,-1,-1,UNKNOWN,None
429.631,112.367,1860.011,-5.986,1.564,58.4,0.0002,12,Right,89.99,-1,-1,UNKNOWN,None
429.654,112.383,1860.385,-5.986,1.564,58.31,0.0002,12,Right,89.61,-1,-1,UNKNOWN,None
429.674,112.4,1860.565,-5.986,1.564,58.29,0.0002,12,Right,89.44,-1,-1,UNKNOWN,None
429.692,112.415,1860.852,-5.985,1.565,58.28,0.0002,12,Right,89.15,-1,-1,UNKNOWN,None
429.701,112.431,1861.132,-5.985,1.565,58.3,0.0002,12,Right,88.87,-1,-1,UNKNOWN,None
429.719,112.447,1861.429,-5.985,1.565,58.35,0.0002,12,Right,88.57,-1,-1,UNKNOWN,None
429.727,112.463,1861.565,-5.985,1.565,58.38,0.0002,12,Right,88.44,-1,-1,UNKNOWN,None
429.752,112.479,1861.835,-5.985,1.565,58.46,0.0002,12,Right,88.16,-1,-1,UNKNOWN,None
429.769,112.496,1862.106,-5.984,1.566,58.55,0.0005,12,Right,87.89,-1,-1,UNKNOWN,None
429.786,112.511,1862.377,-5.984,1.566,58.66,0.0005,12,Right,87.62,-1,-1,UNKNOWN,None
429.802,112.527,1862.65,-5.984,1.566,58.78,0.0005,12,Right,87.35,-1,-1,UNKNOWN,None
429.802,112.543,1862.786,-5.984,1.566,58.84,0.0005,12,Right,87.21,-1,-1,UNKNOWN,None
429.819,112.559,1863.059,-5.983,1.567,58.98,0.0007,12,Right,86.94,-1,-1,UNKNOWN,None
429.846,112.575,1863.504,-5.983,1.567,59.22,0.0007,12,Right,86.5,-1,-1,UNKNOWN,None
429.863,112.591,1863.779,-5.983,1.567,59.38,0.0007,12,Right,86.22,-1,-1,UNKNOWN,None
429.879,112.607,1864.054,-5.982,1.568,59.54,0.0007,12,Right,85.95,-1,-1,UNKNOWN,None
429.888,112.623,1864.192,-5.982,1.568,59.63,0.0009,12,Right,85.81,-1,-1,UNKNOWN,None
429.904,112.639,1864.469,-5.982,1.568,59.8,0.0009,12,Right,85.53,-1,-1,UNKNOWN,None
429.929,112.654,1864.747,-5.981,1.569,59.98,0.0009,12,Right,85.25,-1,-1,UNKNOWN,None
429.938,112.671,1865.025,-5.981,1.569,60.16,0.0009,12,Right,84.98,-1,-1,UNKNOWN,None
429.963,112.687,1865.304,-5.98,1.57,60.35,0.0009,12,Right,84.7,-1,-1,UNKNOWN,None
429.971,112.703,1865.584,-5.98,1.57,60.53,0.0009,12,Right,84.42,-1,-1,UNKNOWN,None
429.988,112.719,1865.865,-5.98,1.57,60.69,0.0009,12,Right,84.13,-1,-1,UNKNOWN,None
430.005,112.735,1866.155,-5.979,1.571,60.83,0.0009,12,Right,83.85,-1,-1,UNKNOWN,None
430.03,112.751,1866.437,-5.979,1.571,60.93,0.0009,12,Right,83.56,-1,-1,UNKNOWN,None
430.038,112.767,1866.719,-5.978,1.572,60.99,0.0014,12,Right,83.28,-1,-1,UNKNOWN,None
430.063,112.783,1867.001,-5.977,1.573,61.02,0.0014,12,Right,83.0,-1,-1,UNKNOWN,None
430.073,112.799,1867.174,-5.977,1.573,61.02,0.0014,12,Right,82.83,-1,-1,UNKNOWN,None
430.073,112.815,1867.315,-5.977,1.573,61.01,0.0014,12,Right,82.68,-1,-1,UNKNOWN,None
430.107,112.831,1867.739,-5.976,1.574,60.93,0.0014,12,Right,82.26,-1,-1,UNKNOWN,None
430.115,112.847,1868.02,-5.975,1.575,60.83,0.0014,12,Right,81.98,-1,-1,UNKNOWN,None
430.132,112.863,1868.302,-5.975,1.575,60.72,0.0014,12,Right,81.7,-1,-1,UNKNOWN,None
430.148,112.879,1868.585,-5.974,1.576,60.58,0.0014,12,Right,81.42,-1,-1,UNKNOWN,None
430.166,112.895,1868.882,-5.973,1.577,60.41,0.0014,12,Right,81.12,-1,-1,UNKNOWN,None
430.175,112.911,1869.035,-5.973,1.577,60.32,0.0014,12,Right,80.96,-1,-1,UNKNOWN,None
430.209,112.938,1869.594,-5.971,1.579,59.95,0.0014,12,Right,80.41,-1,-1,UNKNOWN,None
430.217,112.941,1869.594,-5.971,1.579,59.95,0.0014,12,Right,80.41,-1,-1,UNKNOWN,None
430.234,112.96,1869.871,-5.97,1.58,59.75,0.0014,12,Right,80.13,-1,-1,UNKNOWN,None
430.251,112.975,1870.147,-5.969,1.581,59.54,0.0014,12,Right,79.85,-1,-1,UNKNOWN,None
430.251,112.991,1870.285,-5.969,1.581,59.44,0.0014,12,Right,79.72,-1,-1,UNKNOWN,None
430.287,113.007,1870.754,-5.967,1.583,59.11,0.0014,12,Right,79.25,-1,-1,UNKNOWN,None
430.299,113.023,1870.949,-5.967,1.583,58.99,0.0014,12,Right,79.05,-1,-1,UNKNOWN,None
430.308,113.039,1871.221,-5.966,1.584,58.82,0.0014,12,Right,78.78,-1,-1,UNKNOWN,None
430.325,113.055,1871.511,-5.965,1.585,58.67,0.0014,12,Right,78.49,-1,-1,UNKNOWN,None
430.343,113.071,1871.797,-5.964,1.586,58.55,0.0014,12,Right,78.2,-1,-1,UNKNOWN,None
430.351,113.087,1871.943,-5.963,1.587,58.5,0.0014,12,Right,78.06,-1,-1,UNKNOWN,None
430.378,113.103,1872.226,-5.962,1.588,58.42,0.0014,12,Right,77.77,-1,-1,UNKNOWN,None
430.395,113.119,1872.504,-5.961,1.589,58.38,0.0014,12,Right,77.5,-1,-1,UNKNOWN,None
430.412,113.135,1872.774,-5.96,1.59,58.38,0.0014,12,Right,77.23,-1,-1,UNKNOWN,None
430.429,113.151,1873.058,-5.958,1.592,58.4,0.0014,12,Right,76.94,-1,-1,UNKNOWN,None
430.446,113.167,1873.329,-5.957,1.593,58.44,0.0014,12,Right,76.67,-1,-1,UNKNOWN,None
430.454,113.183,1873.6,-5.956,1.594,58.51,0.0014,12,Right,76.4,-1,-1,UNKNOWN,None
430.472,113.198,1873.757,-5.955,1.595,58.55,0.0014,12,Right,76.24,-1,-1,UNKNOWN,None
430.481,113.214,1874.061,-5.954,1.596,58.66,0.0014,12,Right,75.94,-1,-1,UNKNOWN,None
430.508,113.23,1874.344,-5.952,1.598,58.77,0.0014,12,Right,75.66,-1,-1,UNKNOWN,None
430.525,113.246,1874.617,-5.951,1.599,58.89,0.0014,12,Right,75.38,-1,-1,UNKNOWN,None
430.541,113.262,1874.89,-5.949,1.601,59.03,0.0014,12,Right,75.11,-1,-1,UNKNOWN,None
430.551,113.278,1875.042,-5.949,1.601,59.1,0.0014,12,Right,74.96,-1,-1,UNKNOWN,None
430.551,113.295,1875.245,-5.947,1.603,59.21,0.0014,12,Right,74.76,-1,-1,UNKNOWN,None
430.58,113.311,1875.657,-5.945,1.605,59.44,0.0014,12,Right,74.34,-1,-1,UNKNOWN,None
430.588,113.325,1875.795,-5.944,1.606,59.53,0.0014,12,Right,74.21,-1,-1,UNKNOWN,None
430.606,113.343,1876.108,-5.942,1.608,59.71,0.0014,12,Right,73.89,-1,-1,UNKNOWN,None
430.624,113.359,1876.402,-5.941,1.609,59.9,0.0014,12,Right,73.6,-1,-1,UNKNOWN,None
430.641,113.375,1876.68,-5.939,1.611,60.08,0.0014,12,Right,73.32,-1,-1,UNKNOWN,None
430.67,113.391,1877.016,-5.937,1.613,60.3,0.0014,12,Right,72.98,-1,-1,UNKNOWN,None
430.67,113.407,1877.319,-5.935,1.615,60.48,0.0014,12,Right,72.68,-1,-1,UNKNOWN,None
430.688,113.423,1877.467,-5.934,1.616,60.57,0.0014,12,Right,72.53,-1,-1,UNKNOWN,None
430.705,113.439,1877.762,-5.932,1.618,60.72,0.0014,12,Right,72.24,-1,-1,UNKNOWN,None
430.722,113.455,1878.044,-5.93,1.62,60.84,0.0014,12,Right,71.96,-1,-1,UNKNOWN,None
430.739,113.471,1878.326,-5.928,1.622,60.93,0.0014,12,Right,71.67,-1,-1,UNKNOWN,None
430.757,113.487,1878.636,-5.926,1.624,60.98,0.0014,12,Right,71.36,-1,-1,UNKNOWN,None
430.766,113.503,1878.829,-5.924,1.626,60.98,0.0014,12,Right,71.17,-1,-1,UNKNOWN,None
430.787,113.519,1879.137,-5.922,1.628,60.95,0.0014,12,Right,70.86,-1,-1,UNKNOWN,None
430.812,113.535,1879.419,-5.92,1.63,60.89,0.0014,12,Right,70.58,-1,-1,UNKNOWN,None
430.829,113.551,1879.701,-5.918,1.632,60.79,0.0014,12,Right,70.3,-1,-1,UNKNOWN,None
430.845,113.567,1879.983,-5.916,1.634,60.68,0.0014,12,Right,70.02,-1,-1,UNKNOWN,None
430.863,113.583,1880.271,-5.913,1.637,60.53,0.0014,12,Right,69.73,-1,-1,UNKNOWN,None
430.871,113.599,1880.551,-5.911,1.639,60.38,0.0014,12,Right,69.45,-1,-1,UNKNOWN,None
430.879,113.615,1880.714,-5.91,1.64,60.28,0.0014,12,Right,69.29,-1,-1,UNKNOWN,None
430.907,113.631,1881.012,-5.907,1.643,60.09,0.0014,12,Right,68.99,-1,-1,UNKNOWN,None
430.915,113.647,1881.3,-5.905,1.645,59.89,0.0014,12,Right,68.7,-1,-1,UNKNOWN,None
430.941,113.663,1881.58,-5.902,1.648,59.68,0.0011,12,Right,68.42,-1,-1,UNKNOWN,None
430.958,113.679,1881.856,-5.9,1.65,59.48,0.0011,12,Right,68.14,-1,-1,UNKNOWN,None
430.974,113.695,1882.13,-5.898,1.652,59.28,0.0011,12,Right,67.87,-1,-1,UNKNOWN,None
430.983,113.711,1882.404,-5.895,1.655,59.09,0.0011,12,Right,67.6,-1,-1,UNKNOWN,None
430.999,113.727,1882.677,-5.893,1.657,58.91,0.0011,12,Right,67.32,-1,-1,UNKNOWN,None
431.016,113.743,1882.813,-5.891,1.659,58.83,0.0011,12,Right,67.19,-1,-1,UNKNOWN,None
431.024,113.759,1883.086,-5.889,1.661,58.68,0.0011,12,Right,66.91,-1,-1,UNKNOWN,None
431.049,113.775,1883.357,-5.886,1.664,58.55,0.0011,12,Right,66.64,-1,-1,UNKNOWN,None
431.066,113.791,1883.628,-5.884,1.666,58.44,0.0011,12,Right,66.37,-1,-1,UNKNOWN,None
431.074,113.807,1883.898,-5.881,1.669,58.37,0.0011,12,Right,66.1,-1,-1,UNKNOWN,None
431.083,113.823,1884.045,-5.88,1.67,58.34,0.0011,12,Right,65.96,-1,-1,UNKNOWN,None
431.117,113.84,1884.451,-5.876,1.674,58.32,0.0011,12,Right,65.55,-1,-1,UNKNOWN,None
431.134,113.855,1884.723,-5.873,1.677,58.33,0.0011,12,Right,65.28,-1,-1,UNKNOWN,None
431.142,113.871,1885.001,-5.87,1.68,58.38,0.0011,12,Right,65.0,-1,-1,UNKNOWN,None
431.16,113.887,1885.281,-5.867,1.683,58.44,0.0011,12,Right,64.72,-1,-1,UNKNOWN,None
431.168,113.903,1885.417,-5.866,1.684,58.48,0.0011,12,Right,64.58,-1,-1,UNKNOWN,None
431.193,113.919,1885.688,-5.863,1.687,58.57,0.0011,12,Right,64.31,-1,-1,UNKNOWN,None
431.21,113.935,1885.959,-5.86,1.69,58.68,0.0011,12,Right,64.04,-1,-1,UNKNOWN,None
431.227,113.951,1886.234,-5.857,1.693,58.8,0.0011,12,Right,63.77,-1,-1,UNKNOWN,None
431.243,113.967,1886.507,-5.854,1.696,58.93,0.0011,12,Right,63.49,-1,-1,UNKNOWN,None
431.26,113.983,1886.78,-5.851,1.699,59.07,0.0011,12,Right,63.22,-1,-1,UNKNOWN,None
431.277,113.999,1887.054,-5.848,1.702,59.21,0.0011,12,Right,62.95,-1,-1,UNKNOWN,None
431.293,114.015,1887.329,-5.845,1.705,59.37,0.0011,12,Right,62.67,-1,-1,UNKNOWN,None
431.306,114.031,1887.545,-5.843,1.707,59.5,0.0011,12,Right,62.46,-1,-1,UNKNOWN,None
431.306,114.047,1887.683,-5.841,1.709,59.58,0.0011,12,Right,62.32,-1,-1,UNKNOWN,None
431.323,114.063,1887.959,-5.838,1.712,59.75,0.0011,12,Right,62.04,-1,-1,UNKNOWN,None
431.35,114.079,1888.415,-5.833,1.717,60.04,0.0011,12,Right,61.59,-1,-1,UNKNOWN,None
431.359,114.095,1888.574,-5.831,1.719,60.15,0.0011,12,Right,61.43,-1,-1,UNKNOWN,None
431.387,114.111,1888.885,-5.827,1.723,60.35,0.0011,12,Right,61.11,-1,-1,UNKNOWN,None
431.387,114.127,1889.025,-5.825,1.725,60.43,0.0011,12,Right,60.98,-1,-1,UNKNOWN,None
431.412,114.143,1889.456,-5.82,1.73,60.66,0.0011,12,Right,60.54,-1,-1,UNKNOWN,None
431.429,114.159,1889.737,-5.817,1.733,60.77,0.0011,12,Right,60.26,-1,-1,UNKNOWN,None
431.454,114.174,1890.022,-5.813,1.737,60.84,0.0011,12,Right,59.98,-1,-1,UNKNOWN,None
431.463,114.19,1890.163,-5.811,1.739,60.86,0.0011,12,Right,59.84,-1,-1,UNKNOWN,None
431.474,114.206,1890.51,-5.807,1.743,60.86,0.0002,12,Right,59.49,-1,-1,UNKNOWN,None
431.501,114.222,1890.813,-5.803,1.747,60.82,0.0002,12,Right,59.19,-1,-1,UNKNOWN,None
431.501,114.238,1890.979,-5.801,1.749,60.78,-0.0001,12,Right,59.02,-1,-1,UNKNOWN,None
431.529,114.254,1891.283,-5.797,1.753,60.69,-0.0001,12,Right,58.72,-1,-1,UNKNOWN,None
431.529,114.27,1891.448,-5.795,1.755,60.63,-0.0001,12,Right,58.55,-1,-1,UNKNOWN,None
431.557,114.286,1891.915,-5.789,1.761,60.41,-0.0001,12,Right,58.09,-1,-1,UNKNOWN,None
431.566,114.303,1892.067,-5.787,1.763,60.33,-0.0001,12,Right,57.93,-1,-1,UNKNOWN,None
431.584,114.319,1892.355,-5.784,1.766,60.16,-0.0001,12,Right,57.65,-1,-1,UNKNOWN,None
431.609,114.335,1892.633,-5.78,1.77,59.98,-0.0001,12,Right,57.37,-1,-1,UNKNOWN,None
431.626,114.351,1892.91,-5.777,1.773,59.79,-0.0009,12,Right,57.09,-1,-1,UNKNOWN,None
431.643,114.367,1893.188,-5.773,1.777,59.6,-0.0009,12,Right,56.81,-1,-1,UNKNOWN,None
431.643,114.383,1893.332,-5.771,1.779,59.5,-0.0009,12,Right,56.67,-1,-1,UNKNOWN,None
431.677,114.399,1893.746,-5.766,1.784,59.22,-0.0009,12,Right,56.25,-1,-1,UNKNOWN,None
431.693,114.415,1894.019,-5.762,1.788,59.05,-0.0009,12,Right,55.98,-1,-1,UNKNOWN,None
431.71,114.435,1894.292,-5.759,1.791,58.89,-0.0009,12,Right,55.71,-1,-1,UNKNOWN,None
431.718,114.447,1894.564,-5.755,1.795,58.76,-0.0009,12,Right,55.44,-1,-1,UNKNOWN,None
431.735,114.463,1894.836,-5.752,1.798,58.65,-0.0009,12,Right,55.16,-1,-1,UNKNOWN,None
431.752,114.479,1894.971,-5.75,1.8,58.6,-0.0009,12,Right,55.03,-1,-1,UNKNOWN,None
431.768,114.495,1895.242,-5.746,1.804,58.53,-0.0009,12,Right,54.76,-1,-1,UNKNOWN,None
431.785,114.511,1895.513,-5.743,1.807,58.49,-0.0009,12,Right,54.49,-1,-1,UNKNOWN,None
431.793,114.527,1895.784,-5.739,1.811,58.48,-0.0009,12,Right,54.22,-1,-1,UNKNOWN,None
431.818,114.543,1896.055,-5.736,1.814,58.5,-0.0009,12,Right,53.95,-1,-1,UNKNOWN,None
431.827,114.559,1896.326,-5.732,1.818,58.55,-0.0009,12,Right,53.67,-1,-1,UNKNOWN,None
431.843,114.575,1896.597,-5.729,1.821,58.61,-0.0009,12,Right,53.4,-1,-1,UNKNOWN,None
431.86,114.591,1896.868,-5.726,1.824,58.69,-0.0009,12,Right,53.13,-1,-1,UNKNOWN,None
431.885,114.607,1897.14,-5.722,1.828,58.79,-0.0009,12,Right,52.86,-1,-1,UNKNOWN,None
431.893,114.623,1897.277,-5.72,1.83,58.84,-0.0009,12,Right,52.72,-1,-1,UNKNOWN,None
431.913,114.639,1897.602,-5.716,1.834,58.99,-0.0009,12,Right,52.4,-1,-1,UNKNOWN,None
431.922,114.655,1897.917,-5.712,1.838,59.14,-0.0009,12,Right,52.08,-1,-1,UNKNOWN,None
431.949,114.671,1898.191,-5.709,1.841,59.28,-0.0009,12,Right,51.81,-1,-1,UNKNOWN,None
431.966,114.687,1898.466,-5.706,1.844,59.43,-0.0009,12,Right,51.53,-1,-1,UNKNOWN,None
431.975,114.703,1898.759,-5.702,1.848,59.6,-0.0009,12,Right,51.24,-1,-1,UNKNOWN,None
431.983,114.719,1898.897,-5.7,1.85,59.68,-0.0009,12,Right,51.1,-1,-1,UNKNOWN,None
432.008,114.735,1899.174,-5.697,1.853,59.85,-0.0009,12,Right,50.83,-1,-1,UNKNOWN,None
432.026,114.751,1899.462,-5.693,1.857,60.03,-0.0009,12,Right,50.54,-1,-1,UNKNOWN,None
432.042,114.77,1899.741,-5.69,1.86,60.21,-0.0009,12,Right,50.26,-1,-1,UNKNOWN,None
432.051,114.783,1900.02,-5.687,1.863,60.38,-0.0009,12,Right,49.98,-1,-1,UNKNOWN,None
432.076,114.799,1900.3,-5.683,1.867,60.54,-0.0009,12,Right,49.7,-1,-1,UNKNOWN,None
432.094,114.815,1900.605,-5.68,1.87,60.68,-0.0009,12,Right,49.39,-1,-1,UNKNOWN,None
432.102,114.831,1900.887,-5.676,1.874,60.77,-0.0009,12,Right,49.11,-1,-1,UNKNOWN,None
432.119,114.847,1901.174,-5.673,1.877,60.84,-0.0009,12,Right,48.83,-1,-1,UNKNOWN,None
432.128,114.863,1901.315,-5.671,1.879,60.87,-0.0009,12,Right,48.68,-1,-1,UNKNOWN,None
432.153,114.879,1901.597,-5.668,1.882,60.89,-0.0009,12,Right,48.4,-1,-1,UNKNOWN,None
432.17,114.895,1901.884,-5.665,1.885,60.87,-0.0009,12,Right,48.12,-1,-1,UNKNOWN,None
432.186,114.911,1902.165,-5.662,1.888,60.81,-0.0009,12,Right,47.83,-1,-1,UNKNOWN,None
432.186,114.927,1902.306,-5.66,1.89,60.78,-0.0009,12,Right,47.69,-1,-1,UNKNOWN,None
432.213,114.943,1902.779,-5.655,1.895,60.61,-0.0009,12,Right,47.22,-1,-1,UNKNOWN,None
432.231,114.959,1903.059,-5.652,1.898,60.48,-0.0009,12,Right,46.94,-1,-1,UNKNOWN,None
432.256,114.976,1903.339,-5.649,1.901,60.33,-0.0009,12,Right,46.66,-1,-1,UNKNOWN,None
432.256,114.991,1903.478,-5.647,1.903,60.25,-0.0009,12,Right,46.52,-1,-1,UNKNOWN,None
432.281,115.007,1903.756,-5.644,1.906,60.08,-0.0009,12,Right,46.24,-1,-1,UNKNOWN,None
432.298,115.023,1904.034,-5.641,1.909,59.9,-0.0009,12,Right,45.97,-1,-1,UNKNOWN,None
432.306,115.039,1904.31,-5.638,1.912,59.71,-0.0009,12,Right,45.69,-1,-1,UNKNOWN,None
432.314,115.055,1904.448,-5.637,1.913,59.61,-0.0009,12,Right,45.55,-1,-1,UNKNOWN,None
432.339,115.071,1904.861,-5.632,1.918,59.32,-0.0009,12,Right,45.14,-1,-1,UNKNOWN,None
432.356,115.087,1905.136,-5.629,1.921,59.14,-0.0009,12,Right,44.86,-1,-1,UNKNOWN,None
432.382,115.103,1905.427,-5.626,1.924,58.95,-0.0009,12,Right,44.57,-1,-1,UNKNOWN,None
432.393,115.119,1905.601,-5.624,1.926,58.85,-0.0009,12,Right,44.4,-1,-1,UNKNOWN,None
432.401,115.135,1905.873,-5.622,1.928,58.71,-0.0009,12,Right,44.13,-1,-1,UNKNOWN,None
432.426,115.151,1906.145,-5.619,1.931,58.59,-0.0009,12,Right,43.86,-1,-1,UNKNOWN,None
432.434,115.167,1906.416,-5.616,1.934,58.49,-0.0009,12,Right,43.58,-1,-1,UNKNOWN,None
432.443,115.183,1906.551,-5.615,1.935,58.46,-0.0009,12,Right,43.45,-1,-1,UNKNOWN,None
432.476,115.199,1906.957,-5.611,1.939,58.39,-0.0009,12,Right,43.04,-1,-1,UNKNOWN,None
432.487,115.214,1907.131,-5.609,1.941,58.39,-0.0009,12,Right,42.87,-1,-1,UNKNOWN,None
432.495,115.23,1907.489,-5.606,1.944,58.41,-0.0009,12,Right,42.51,-1,-1,UNKNOWN,None
432.518,115.247,1907.783,-5.603,1.947,58.46,-0.0009,12,Right,42.22,-1,-1,UNKNOWN,None
432.536,115.262,1907.929,-5.601,1.949,58.5,-0.0009,12,Right,42.07,-1,-1,UNKNOWN,None
432.553,115.278,1908.2,-5.599,1.951,58.58,-0.0009,12,Right,41.8,-1,-1,UNKNOWN,None
432.569,115.295,1908.471,-5.596,1.954,58.67,-0.0009,12,Right,41.53,-1,-1,UNKNOWN,None
432.569,115.311,1908.607,-5.595,1.955,58.72,-0.0009,12,Right,41.39,-1,-1,UNKNOWN,None
432.595,115.327,1909.021,-5.591,1.959,58.9,-0.0009,12,Right,40.98,-1,-1,UNKNOWN,None
432.611,115.343,1909.3,-5.589,1.961,59.03,-0.0009,12,Right,40.7,-1,-1,UNKNOWN,None
432.628,115.359,1909.577,-5.586,1.964,59.18,-0.0009,12,Right,40.42,-1,-1,UNKNOWN,None
432.654,115.375,1909.854,-5.584,1.966,59.33,-0.0009,12,Right,40.15,-1,-1,UNKNOWN,None
432.67,115.391,1910.129,-5.581,1.969,59.49,-0.0009,12,Right,39.87,-1,-1,UNKNOWN,None
432.679,115.407,1910.405,-5.579,1.971,59.65,-0.0009,12,Right,39.59,-1,-1,UNKNOWN,None
432.687,115.423,1910.544,-5.578,1.972,59.74,-0.0009,12,Right,39.46,-1,-1,UNKNOWN,None
432.712,115.439,1910.821,-5.575,1.975,59.91,-0.0009,12,Right,39.18,-1,-1,UNKNOWN,None
432.729,115.455,1911.104,-5.573,1.977,60.09,-0.0009,12,Right,38.9,-1,-1,UNKNOWN,None
432.737,115.471,1911.382,-5.571,1.979,60.28,-0.0009,12,Right,38.62,-1,-1,UNKNOWN,None
432.754,115.487,1911.662,-5.568,1.982,60.45,-0.0009,12,Right,38.34,-1,-1,UNKNOWN,None
432.771,115.503,1911.943,-5.566,1.984,60.61,-0.0009,12,Right,38.06,-1,-1,UNKNOWN,None
432.796,115.519,1912.227,-5.564,1.986,60.75,-0.0009,12,Right,37.77,-1,-1,UNKNOWN,None
432.813,115.535,1912.51,-5.561,1.989,60.85,-0.0009,12,Right,37.49,-1,-1,UNKNOWN,None
432.83,115.551,1912.804,-5.559,1.991,60.9,-0.0009,12,Right,37.2,-1,-1,UNKNOWN,None
432.838,115.567,1913.085,-5.557,1.993,60.92,-0.0009,12,Right,36.91,-1,-1,UNKNOWN,None
432.847,115.583,1913.251,-5.555,1.995,60.9,-0.0009,12,Right,36.75,-1,-1,UNKNOWN,None
432.856,115.599,1913.392,-5.554,1.996,60.88,-0.0009,12,Right,36.61,-1,-1,UNKNOWN,None
432.89,115.615,1913.818,-5.551,1.999,60.77,-0.0009,12,Right,36.18,-1,-1,UNKNOWN,None
432.898,115.631,1914.129,-5.549,2.001,60.65,-0.0009,12,Right,35.87,-1,-1,UNKNOWN,None
432.925,115.647,1914.41,-5.547,2.003,60.52,-0.0009,12,Right,35.59,-1,-1,UNKNOWN,None
432.942,115.663,1914.689,-5.545,2.005,60.37,-0.0009,12,Right,35.31,-1,-1,UNKNOWN,None
432.958,115.68,1914.968,-5.542,2.008,60.21,-0.0009,12,Right,35.03,-1,-1,UNKNOWN,None
432.967,115.695,1915.253,-5.54,2.01,60.02,-0.0009,12,Right,34.75,-1,-1,UNKNOWN,None
432.975,115.711,1915.397,-5.539,2.011,59.92,-0.0009,12,Right,34.6,-1,-1,UNKNOWN,None
432.992,115.727,1915.678,-5.537,2.013,59.73,-0.0009,12,Right,34.32,-1,-1,UNKNOWN,None
433.018,115.743,1915.954,-5.535,2.015,59.52,-0.0009,12,Right,34.05,-1,-1,UNKNOWN,None
433.035,115.759,1916.24,-5.534,2.016,59.31,-0.0009,12,Right,33.76,-1,-1,UNKNOWN,None
433.053,115.775,1916.531,-5.532,2.018,59.11,-0.0009,12,Right,33.47,-1,-1,UNKNOWN,None
433.07,115.791,1916.808,-5.53,2.02,58.92,-0.0009,12,Right,33.19,-1,-1,UNKNOWN,None
433.079,115.807,1917.09,-5.528,2.022,58.75,-0.0009,12,Right,32.91,-1,-1,UNKNOWN,None
433.087,115.823,1917.231,-5.527,2.023,58.67,-0.0009,12,Right,32.77,-1,-1,UNKNOWN,None
433.112,115.839,1917.502,-5.525,2.025,58.53,-0.0009,12,Right,32.5,-1,-1,UNKNOWN,None
433.129,115.855,1917.779,-5.523,2.027,58.42,-0.0009,12,Right,32.22,-1,-1,UNKNOWN,None
433.129,115.871,1917.914,-5.522,2.028,58.37,-0.0009,12,Right,32.09,-1,-1,UNKNOWN,None
433.163,115.888,1918.319,-5.52,2.03,58.29,-0.0009,12,Right,31.68,-1,-1,UNKNOWN,None
433.163,115.903,1918.46,-5.519,2.031,58.27,-0.0009,12,Right,31.54,-1,-1,UNKNOWN,None
433.197,115.919,1918.871,-5.517,2.033,58.28,-0.0009,12,Right,31.13,-1,-1,UNKNOWN,None
433.206,115.935,1919.156,-5.515,2.035,58.31,-0.0009,12,Right,30.84,-1,-1,UNKNOWN,None
433.214,115.951,1919.307,-5.514,2.036,58.34,-0.0009,12,Right,30.69,-1,-1,UNKNOWN,None
433.241,115.967,1919.582,-5.512,2.038,58.41,-0.0008,12,Right,30.42,-1,-1,UNKNOWN,None
433.249,115.983,1919.853,-5.511,2.039,58.5,-0.0008,12,Right,30.15,-1,-1,UNKNOWN,None
433.266,115.998,1920.124,-5.509,2.041,58.6,-0.0008,12,Right,29.88,-1,-1,UNKNOWN,None
433.291,116.015,1920.396,-5.508,2.042,58.72,-0.0008,12,Right,29.6,-1,-1,UNKNOWN,None
433.299,116.031,1920.672,-5.506,2.044,58.84,-0.0008,12,Right,29.33,-1,-1,UNKNOWN,None
433.325,116.047,1920.954,-5.505,2.045,58.99,-0.0008,12,Right,29.05,-1,-1,UNKNOWN,None
433.342,116.063,1921.228,-5.503,2.047,59.13,-0.0008,12,Right,28.77,-1,-1,UNKNOWN,None
433.358,116.079,1921.503,-5.502,2.048,59.29,-0.0008,12,Right,28.5,-1,-1,UNKNOWN,None
433.367,116.095,1921.783,-5.501,2.049,59.45,-0.0008,12,Right,28.22,-1,-1,UNKNOWN,None
433.384,116.111,1922.065,-5.499,2.051,59.63,-0.0008,12,Right,27.93,-1,-1,UNKNOWN,None
433.401,116.127,1922.204,-5.499,2.051,59.71,-0.0008,12,Right,27.8,-1,-1,UNKNOWN,None
433.417,116.143,1922.481,-5.497,2.053,59.89,-0.0005,12,Right,27.52,-1,-1,UNKNOWN,None
433.426,116.159,1922.759,-5.496,2.054,60.07,-0.0005,12,Right,27.24,-1,-1,UNKNOWN,None
433.451,116.175,1923.038,-5.495,2.055,60.25,-0.0005,12,Right,26.96,-1,-1,UNKNOWN,None
433.459,116.19,1923.317,-5.493,2.057,60.43,-0.0005,12,Right,26.68,-1,-1,UNKNOWN,None
433.484,116.206,1923.598,-5.492,2.058,60.59,-0.0005,12,Right,26.4,-1,-1,UNKNOWN,None
433.492,116.222,1923.881,-5.491,2.059,60.73,-0.0005,12,Right,26.12,-1,-1,UNKNOWN,None
433.51,116.238,1924.172,-5.489,2.061,60.83,-0.0005,12,Right,25.83,-1,-1,UNKNOWN,None
433.527,116.255,1924.462,-5.488,2.062,60.89,-0.0005,12,Right,25.54,-1,-1,UNKNOWN,None
433.544,116.27,1924.611,-5.487,2.063,60.9,-0.0005,12,Right,25.39,-1,-1,UNKNOWN,None
433.561,116.286,1924.893,-5.486,2.064,60.89,-0.0005,12,Right,25.11,-1,-1,UNKNOWN,None
433.578,116.303,1925.192,-5.485,2.065,60.84,-0.0005,12,Right,24.81,-1,-1,UNKNOWN,None
433.597,116.319,1925.514,-5.484,2.066,60.75,-0.0005,12,Right,24.49,-1,-1,UNKNOWN,None
433.614,116.335,1925.795,-5.482,2.068,60.64,-0.0005,12,Right,24.2,-1,-1,UNKNOWN,None
433.622,116.351,1926.075,-5.481,2.069,60.5,-0.0005,12,Right,23.92,-1,-1,UNKNOWN,None
433.639,116.367,1926.355,-5.48,2.07,60.36,0.0049,12,Right,23.65,-1,-1,UNKNOWN,None
433.656,116.383,1926.634,-5.479,2.071,60.19,0.0049,12,Right,23.37,-1,-1,UNKNOWN,None
433.664,116.399,1926.773,-5.478,2.072,60.11,0.0069,12,Right,23.23,-1,-1,UNKNOWN,None
433.689,116.415,1927.05,-5.477,2.073,59.93,0.0069,12,Right,22.95,-1,-1,UNKNOWN,None
433.706,116.432,1927.339,-5.475,2.075,59.73,0.0088,12,Right,22.66,-1,-1,UNKNOWN,None
433.723,116.447,1927.615,-5.474,2.076,59.54,0.01,12,Right,22.38,-1,-1,UNKNOWN,None
433.731,116.464,1927.89,-5.472,2.078,59.35,0.0111,12,Right,22.11,-1,-1,UNKNOWN,None
433.756,116.479,1928.164,-5.47,2.08,59.17,0.012,12,Right,21.84,-1,-1,UNKNOWN,None
433.773,116.495,1928.439,-5.468,2.082,59.0,0.013,12,Right,21.56,-1,-1,UNKNOWN,None
433.782,116.511,1928.711,-5.466,2.084,58.85,0.0139,12,Right,21.29,-1,-1,UNKNOWN,None
433.801,116.528,1928.885,-5.465,2.085,58.76,0.0146,12,Right,21.11,-1,-1,UNKNOWN,None
433.819,116.543,1929.185,-5.462,2.088,58.64,0.0152,12,Right,20.81,-1,-1,UNKNOWN,None
433.827,116.559,1929.457,-5.459,2.091,58.55,0.0158,12,Right,20.54,-1,-1,UNKNOWN,None
433.844,116.575,1929.727,-5.456,2.094,58.49,0.0162,12,Right,20.27,-1,-1,UNKNOWN,None
433.861,116.591,1930.047,-5.452,2.098,58.47,0.0165,12,Right,19.95,-1,-1,UNKNOWN,None
433.882,116.607,1930.215,-5.45,2.1,58.47,0.0165,12,Right,19.79,-1,-1,UNKNOWN,None
433.891,116.623,1930.486,-5.447,2.103,58.49,0.0165,12,Right,19.51,-1,-1,UNKNOWN,None
433.907,116.639,1930.757,-5.443,2.107,58.54,0.0165,12,Right,19.24,-1,-1,UNKNOWN,None
433.932,116.656,1931.028,-5.438,2.112,58.61,0.0165,12,Right,18.97,-1,-1,UNKNOWN,None
433.949,116.671,1931.3,-5.434,2.116,58.69,0.0165,12,Right,18.7,-1,-1,UNKNOWN,None
433.959,116.687,1931.466,-5.431,2.119,58.75,0.0165,12,Right,18.53,-1,-1,UNKNOWN,None
433.97,116.703,1931.786,-5.425,2.125,58.88,0.0165,12,Right,18.21,-1,-1,UNKNOWN,None
433.979,116.719,1931.922,-5.423,2.127,58.94,0.0165,12,Right,18.08,-1,-1,UNKNOWN,None
434.012,116.735,1932.332,-5.414,2.136,59.14,0.0165,12,Right,17.67,-1,-1,UNKNOWN,None
434.029,116.751,1932.607,-5.408,2.142,59.28,0.0165,12,Right,17.39,-1,-1,UNKNOWN,None
434.037,116.767,1932.882,-5.402,2.148,59.43,0.0165,12,Right,17.12,-1,-1,UNKNOWN,None
434.054,116.783,1933.157,-5.395,2.155,59.59,0.0165,12,Right,16.84,-1,-1,UNKNOWN,None
434.062,116.799,1933.312,-5.391,2.159,59.68,0.0165,12,Right,16.69,-1,-1,UNKNOWN,None
434.088,116.815,1933.589,-5.384,2.166,59.85,0.0165,12,Right,16.41,-1,-1,UNKNOWN,None
434.096,116.831,1933.881,-5.375,2.175,60.03,0.0165,12,Right,16.12,-1,-1,UNKNOWN,None
434.115,116.847,1934.182,-5.366,2.184,60.23,0.0165,12,Right,15.82,-1,-1,UNKNOWN,None
434.132,116.863,1934.462,-5.358,2.192,60.4,0.0165,12,Right,15.54,-1,-1,UNKNOWN,None
434.157,116.879,1934.742,-5.349,2.201,60.55,0.0165,12,Right,15.26,-1,-1,UNKNOWN,None
434.174,116.895,1935.03,-5.339,2.211,60.68,0.0165,12,Right,14.97,-1,-1,UNKNOWN,None
434.183,116.911,1935.329,-5.329,2.221,60.78,0.0165,12,Right,14.67,-1,-1,UNKNOWN,None
434.2,116.927,1935.47,-5.323,2.227,60.81,0.016,12,Right,14.53,-1,-1,UNKNOWN,None
434.217,116.943,1935.751,-5.313,2.237,60.84,0.016,12,Right,14.25,-1,-1,UNKNOWN,None
434.233,116.959,1936.033,-5.302,2.248,60.85,0.0158,12,Right,13.97,-1,-1,UNKNOWN,None
434.242,116.976,1936.314,-5.291,2.259,60.84,0.0158,12,Right,13.69,-1,-1,UNKNOWN,None
434.258,116.991,1936.596,-5.279,2.271,60.83,0.0158,12,Right,13.4,-1,-1,UNKNOWN,None
434.284,117.007,1936.891,-5.266,2.284,60.8,0.0158,12,Right,13.11,-1,-1,UNKNOWN,None
434.294,117.023,1937.206,-5.252,2.298,60.73,0.0158,12,Right,12.79,-1,-1,UNKNOWN,None
434.314,117.039,1937.384,-5.244,2.306,60.69,0.0158,12,Right,12.62,-1,-1,UNKNOWN,None
434.329,117.055,1937.637,-5.232,2.318,60.61,0.0158,12,Right,12.36,-1,-1,UNKNOWN,None
434.346,117.071,1937.927,-5.217,2.333,60.5,0.0158,12,Right,12.07,-1,-1,UNKNOWN,None
434.363,117.087,1938.209,-5.203,2.347,60.37,0.0158,12,Right,11.79,-1,-1,UNKNOWN,None
434.381,117.103,1938.516,-5.187,2.363,60.21,0.0158,12,Right,11.48,-1,-1,UNKNOWN,None
434.391,117.119,1938.814,-5.171,2.379,60.03,0.0158,12,Right,11.19,-1,-1,UNKNOWN,None
434.399,117.135,1938.967,-5.163,2.387,59.93,0.0158,12,Right,11.03,-1,-1,UNKNOWN,None
434.417,117.151,1939.248,-5.147,2.403,59.75,0.0158,12,Right,10.75,-1,-1,UNKNOWN,None
434.444,117.167,1939.567,-5.129,2.421,59.53,0.0158,12,Right,10.43,-1,-1,UNKNOWN,None
434.462,117.183,1939.855,-5.112,2.438,59.34,0.0158,12,Right,10.14,-1,-1,UNKNOWN,None
434.471,117.198,1940.138,-5.094,2.456,59.15,0.0158,12,Right,9.86,-1,-1,UNKNOWN,None
434.487,117.214,1940.275,-5.086,2.464,59.07,0.0158,12,Right,9.73,-1,-1,UNKNOWN,None
434.504,117.23,1940.547,-5.069,2.481,58.92,0.0158,12,Right,9.45,-1,-1,UNKNOWN,None
434.513,117.246,1940.819,-5.051,2.499,58.78,0.0158,12,Right,9.18,-1,-1,UNKNOWN,None
434.538,117.262,1941.093,-5.033,2.517,58.67,0.0158,12,Right,8.91,-1,-1,UNKNOWN,None
434.546,117.278,1941.37,-5.014,2.536,58.58,0.0158,12,Right,8.63,-1,-1,UNKNOWN,None
434.572,117.295,1941.653,-4.994,2.556,58.52,0.0158,12,Right,8.35,-1,-1,UNKNOWN,None
434.581,117.311,1941.923,-4.975,2.575,58.5,0.0158,12,Right,8.08,-1,-1,UNKNOWN,None
434.606,117.327,1942.193,-4.955,2.595,58.51,0.0158,12,Right,7.81,-1,-1,UNKNOWN,None
434.614,117.344,1942.464,-4.935,2.615,58.54,0.0158,12,Right,7.54,-1,-1,UNKNOWN,None
434.631,117.359,1942.734,-4.914,2.636,58.59,0.0158,12,Right,7.27,-1,-1,UNKNOWN,None
434.649,117.375,1942.896,-4.901,2.649,58.63,0.0158,12,Right,7.1,-1,-1,UNKNOWN,None
434.666,117.391,1943.167,-4.88,2.67,58.71,0.0155,12,Right,6.83,-1,-1,UNKNOWN,None
434.674,117.407,1943.302,-4.869,2.681,58.76,0.0155,12,Right,6.7,-1,-1,UNKNOWN,None
434.693,117.423,1943.614,-4.844,2.706,58.88,0.0155,12,Right,6.39,-1,-1,UNKNOWN,None
434.711,117.439,1944.039,-4.808,2.742,59.07,0.0155,12,Right,5.96,-1,-1,UNKNOWN,None
434.719,117.455,1944.185,-4.796,2.754,59.15,0.0155,12,Right,5.81,-1,-1,UNKNOWN,None
434.745,117.471,1944.459,-4.772,2.778,59.29,0.0155,12,Right,5.54,-1,-1,UNKNOWN,None
434.753,117.487,1944.733,-4.748,2.802,59.44,0.0155,12,Right,5.27,-1,-1,UNKNOWN,Left_Broken
434.77,117.503,1945.018,-4.722,2.828,59.6,0.0155,12,Right,4.98,-1,-1,UNKNOWN,None
434.787,117.519,1945.297,-4.697,2.853,59.77,0.0155,12,Right,4.7,-1,-1,UNKNOWN,None
434.812,117.535,1945.577,-4.671,2.879,59.94,0.0155,12,Right,4.42,-1,-1,UNKNOWN,None
434.83,117.551,1945.863,-4.644,2.906,60.12,0.0155,12,Right,4.14,-1,-1,UNKNOWN,None
434.838,117.567,1946.149,-4.617,2.933,60.31,0.0155,12,Right,3.85,-1,-1,UNKNOWN,None
434.856,117.583,1946.305,-4.601,2.949,60.41,0.0155,12,Right,3.69,-1,-1,UNKNOWN,None
434.873,117.599,1946.585,-4.574,2.976,60.57,0.0155,12,Right,3.41,-1,-1,UNKNOWN,None
434.873,117.615,1946.725,-4.56,2.99,60.65,0.0155,12,Right,3.28,-1,-1,UNKNOWN,None
434.907,117.632,1947.157,-4.516,3.034,60.83,0.0155,12,Right,2.84,-1,-1,UNKNOWN,None
434.924,117.647,1947.437,-4.488,3.062,60.9,0.0155,12,Right,2.56,-1,-1,UNKNOWN,None
434.924,117.663,1947.578,-4.473,3.077,60.92,0.0155,12,Right,2.42,-1,-1,UNKNOWN,None
434.949,117.679,1947.998,-4.429,3.121,60.91,0.0155,12,Right,2.0,-1,-1,UNKNOWN,None
434.974,117.695,1948.278,-4.398,3.152,60.86,0.0155,12,Right,1.72,-1,-1,UNKNOWN,None
434.982,117.711,1948.565,-4.367,3.183,60.78,0.0155,12,Right,1.43,-1,-1,UNKNOWN,None
434.999,117.727,1948.849,-4.336,3.214,60.67,0.0155,12,Right,1.15,-1,-1,UNKNOWN,None
435.008,117.743,1948.993,-4.32,3.23,60.6,0.0155,12,Right,1.01,-1,-1,UNKNOWN,None
435.035,117.76,1949.299,-4.285,3.265,60.45,0.0155,12,Right,0.7,-1,-1,UNKNOWN,Left_Broken
435.053,117.775,1949.603,-4.25,3.3,60.27,0.0155,12,Right,0.4,-1,-1,UNKNOWN,None
435.063,117.791,1949.777,-4.23,3.32,60.16,0.0155,12,Right,0.22,-1,-1,UNKNOWN,None
435.081,117.807,1950.065,-4.196,3.354,59.97,0.0155,13,Left,149.93,-1,-1,UNKNOWN,None
435.089,117.823,1950.414,-4.155,3.395,59.72,0.0151,13,Left,149.59,-1,-1,UNKNOWN,None
435.111,117.839,1950.698,-4.121,3.429,59.51,0.0151,13,Left,149.3,-1,-1,UNKNOWN,None
435.119,117.855,1950.834,-4.104,3.446,59.41,0.0151,13,Left,149.17,-1,-1,UNKNOWN,None
435.136,117.871,1951.122,-4.069,3.481,59.2,0.0151,13,Left,148.88,-1,-1,UNKNOWN,None
435.162,117.887,1951.394,-4.035,3.515,59.02,0.0151,13,Left,148.61,-1,-1,UNKNOWN,None
435.17,117.903,1951.664,-4.001,3.549,58.84,0.0151,13,Left,148.34,-1,-1,UNKNOWN,None
435.188,117.919,1951.947,-3.964,3.586,58.68,0.0148,13,Left,148.05,-1,-1,UNKNOWN,None
435.204,117.935,1952.219,-3.929,3.621,58.55,0.0148,13,Left,147.78,-1,-1,UNKNOWN,None
435.23,117.951,1952.49,-3.894,3.656,58.44,0.0148,13,Left,147.51,-1,-1,UNKNOWN,None
435.238,117.967,1952.764,-3.857,3.693,58.36,0.0148,13,Left,147.24,-1,-1,UNKNOWN,None
435.255,117.983,1953.031,-3.822,3.728,58.32,0.0146,13,Left,146.97,-1,-1,UNKNOWN,None
435.272,117.999,1953.165,-3.803,3.747,58.31,0.0146,13,Left,146.84,-1,-1,UNKNOWN,None
435.28,118.015,1953.443,-3.765,3.785,58.31,0.0146,13,Left,146.56,-1,-1,UNKNOWN,None
435.289,118.031,1953.577,-3.747,3.803,58.32,0.0146,13,Left,146.42,-1,-1,UNKNOWN,None
435.306,118.047,1953.845,-3.71,3.84,58.36,0.0146,13,Left,146.16,-1,-1,UNKNOWN,None
435.331,118.063,1954.247,-3.653,3.897,58.46,0.0146,13,Left,145.75,-1,-1,UNKNOWN,None
435.356,118.079,1954.515,-3.615,3.935,58.54,0.0143,13,Left,145.49,-1,-1,UNKNOWN,None
435.372,118.095,1954.783,-3.576,3.974,58.64,0.0143,13,Left,145.22,-1,-1,UNKNOWN,None
435.389,118.111,1955.053,-3.537,4.013,58.76,0.0143,13,Left,144.95,-1,-1,UNKNOWN,None
435.397,118.127,1955.322,-3.497,4.053,58.89,0.0143,13,Left,144.68,-1,-1,UNKNOWN,None
435.422,118.143,1955.592,-3.457,4.093,59.02,0.0143,13,Left,144.41,-1,-1,UNKNOWN,None
435.431,118.159,1955.863,-3.416,4.134,59.17,0.0142,13,Left,144.14,-1,-1,UNKNOWN,None
435.439,118.175,1956.0,-3.395,4.155,59.25,0.0142,13,Left,144.0,-1,-1,UNKNOWN,None
435.464,118.19,1956.275,-3.354,4.196,59.41,0.0139,13,Left,143.73,-1,-1,UNKNOWN,None
435.473,118.206,1956.609,-3.302,4.248,59.61,0.0139,13,Left,143.39,-1,-1,UNKNOWN,None
435.501,118.222,1956.883,-3.259,4.291,59.78,0.0136,13,Left,143.12,-1,-1,UNKNOWN,None
435.501,118.238,1957.052,-3.233,4.317,59.89,0.0135,13,Left,142.95,-1,-1,UNKNOWN,None
435.528,118.254,1957.327,-3.19,4.36,60.07,0.0132,13,Left,142.67,-1,-1,UNKNOWN,None
435.545,118.27,1957.602,-3.146,4.404,60.25,0.0132,13,Left,142.4,-1,-1,UNKNOWN,None
435.562,118.286,1957.878,-3.101,4.449,60.43,0.013,13,Left,142.12,-1,-1,UNKNOWN,None
435.57,118.304,1958.157,-3.056,4.494,60.61,0.013,13,Left,141.84,-1,-1,UNKNOWN,Left_Broken
435.595,118.32,1958.437,-3.01,4.54,60.78,0.013,13,Left,141.56,-1,-1,UNKNOWN,None
435.612,118.335,1958.717,-2.964,4.586,60.92,0.0126,13,Left,141.28,-1,-1,UNKNOWN,None
435.629,118.351,1958.996,-2.918,4.632,61.06,0.0126,13,Left,141.0,-1,-1,UNKNOWN,None
435.645,118.367,1959.275,-2.871,4.679,61.19,0.0126,13,Left,140.73,-1,-1,UNKNOWN,None
435.654,118.383,1959.555,-2.824,4.726,61.32,0.0126,13,Left,140.45,-1,-1,UNKNOWN,None
435.67,118.399,1959.835,-2.776,4.774,61.44,0.0126,13,Left,140.17,-1,-1,UNKNOWN,None
435.687,118.415,1960.116,-2.728,4.822,61.55,0.0126,13,Left,139.88,-1,-1,UNKNOWN,None
435.695,118.431,1960.256,-2.703,4.847,61.59,0.0126,13,Left,139.74,-1,-1,UNKNOWN,None
435.712,118.447,1960.537,-2.654,4.896,61.66,0.0126,13,Left,139.46,-1,-1,UNKNOWN,None
435.729,118.463,1960.819,-2.605,4.945,61.68,0.0126,13,Left,139.18,-1,-1,UNKNOWN,None
435.754,118.48,1961.107,-2.554,4.996,61.67,0.0126,13,Left,138.89,-1,-1,UNKNOWN,None
435.771,118.496,1961.39,-2.504,5.046,61.61,0.0126,13,Left,138.61,-1,-1,UNKNOWN,None
435.771,118.511,1961.53,-2.479,5.071,61.58,0.0126,13,Left,138.47,-1,-1,UNKNOWN,None
435.804,118.527,1961.95,-2.403,5.147,61.42,0.0126,13,Left,138.05,-1,-1,UNKNOWN,None
435.814,118.543,1962.245,-2.35,5.2,61.28,0.0126,13,Left,137.75,-1,-1,UNKNOWN,Left_Broken
435.822,118.559,1962.406,-2.32,5.23,61.2,0.0126,13,Left,137.59,-1,-1,UNKNOWN,None
435.84,118.575,1962.684,-2.269,5.281,61.03,0.0126,13,Left,137.32,-1,-1,UNKNOWN,None
435.858,118.591,1962.988,-2.213,5.337,60.84,0.0126,13,Left,137.01,-1,-1,UNKNOWN,None
435.883,118.607,1963.264,-2.161,5.389,60.65,0.0126,13,Left,136.74,-1,-1,UNKNOWN,None
435.891,118.623,1963.539,-2.11,5.44,60.45,0.0126,13,Left,136.46,-1,-1,UNKNOWN,None
435.917,118.639,1963.816,-2.057,5.493,60.24,0.0126,13,Left,136.18,-1,-1,UNKNOWN,None
435.933,118.655,1964.089,-2.005,5.545,60.02,0.0126,13,Left,135.91,-1,-1,UNKNOWN,None
435.942,118.671,1964.361,-1.953,5.597,59.8,0.0126,13,Left,135.64,-1,-1,UNKNOWN,None
435.959,118.687,1964.641,-1.899,5.651,59.56,0.0111,13,Left,135.36,-1,-1,UNKNOWN,None
435.975,118.703,1964.911,-1.846,5.704,59.34,0.0109,13,Left,135.09,-1,-1,UNKNOWN,None
435.992,118.719,1965.046,-1.82,5.73,59.22,0.0107,13,Left,134.95,-1,-1,UNKNOWN,None
436.009,118.735,1965.314,-1.768,5.782,59.01,0.0101,13,Left,134.69,-1,-1,UNKNOWN,None
436.025,118.751,1965.581,-1.715,5.835,58.81,0.0097,13,Left,134.42,-1,-1,UNKNOWN,None
436.042,118.767,1965.848,-1.662,5.888,58.62,0.0095,13,Left,134.15,-1,-1,UNKNOWN,None
436.05,118.783,1966.113,-1.609,5.941,58.46,0.0091,13,Left,133.89,-1,-1,UNKNOWN,None
436.077,118.799,1966.404,-1.55,6.0,58.31,0.0085,13,Left,133.6,-1,-1,UNKNOWN,None
436.087,118.815,1966.687,-1.493,6.057,58.19,0.0081,13,Left,133.31,-1,-1,UNKNOWN,None
436.095,118.831,1966.823,-1.466,6.084,58.15,0.0076,13,Left,133.18,-1,-1,UNKNOWN,None
436.121,118.847,1967.102,-1.409,6.141,58.09,0.0072,13,Left,132.9,-1,-1,UNKNOWN,None
436.138,118.863,1967.372,-1.353,6.197,58.06,0.0068,13,Left,132.63,-1,-1,UNKNOWN,None
436.155,118.879,1967.636,-1.299,6.251,58.07,0.006,13,Left,132.36,-1,-1,UNKNOWN,None
436.163,118.895,1967.899,-1.244,6.306,58.1,0.0056,13,Left,132.1,-1,-1,UNKNOWN,None
436.18,118.911,1968.164,-1.189,6.361,58.15,0.0049,13,Left,131.84,-1,-1,UNKNOWN,None
436.197,118.927,1968.305,-1.16,6.39,58.19,0.0042,13,Left,131.7,-1,-1,UNKNOWN,None
436.197,118.943,1968.591,-1.1,6.45,58.27,0.0037,13,Left,131.41,-1,-1,UNKNOWN,None
436.232,118.959,1968.856,-1.044,6.506,58.37,0.003,13,Left,131.14,-1,-1,UNKNOWN,Right_Broken
436.249,118.975,1969.121,-0.988,6.562,58.49,0.0023,13,Left,130.88,-1,-1,UNKNOWN,None
436.265,118.991,1969.386,-0.932,6.618,58.61,0.0017,13,Left,130.61,-1,-1,UNKNOWN,None
436.275,119.007,1969.673,-0.871,6.679,58.76,0.0009,13,Left,130.33,-1,-1,UNKNOWN,None
436.301,119.023,1969.96,-0.81,6.74,58.91,0.0002,13,Left,130.04,-1,-1,UNKNOWN,None
436.31,119.039,1970.229,-0.753,6.797,59.07,-0.0008,13,Left,129.77,-1,-1,UNKNOWN,None
436.326,119.055,1970.497,-0.695,6.855,59.23,-0.0014,13,Left,129.5,-1,-1,UNKNOWN,None
436.343,119.071,1970.766,-0.638,6.912,59.4,-0.0024,13,Left,129.23,-1,-1,UNKNOWN,None
436.351,119.087,1970.9,-0.609,6.941,59.49,-0.0033,13,Left,129.1,-1,-1,UNKNOWN,None
436.377,119.103,1971.173,-0.55,7.0,59.66,-0.0043,13,Left,128.83,-1,-1,UNKNOWN,None
436.393,119.119,1971.444,-0.492,7.058,59.84,-0.0052,13,Left,128.56,-1,-1,UNKNOWN,None
436.393,119.135,1971.58,-0.463,7.087,59.94,-0.006,13,Left,128.42,-1,-1,UNKNOWN,None
436.427,119.156,1971.988,-0.375,7.175,60.22,-0.0068,13,Left,128.01,-1,-1,UNKNOWN,None
436.443,119.167,1972.261,-0.316,7.234,60.41,-0.0068,13,Left,127.74,-1,-1,UNKNOWN,None
436.443,119.183,1972.398,-0.287,7.263,60.51,-0.0068,13,Left,127.6,-1,-1,UNKNOWN,None
436.46,119.198,1972.673,-0.228,7.322,60.69,-0.0068,13,Left,127.33,-1,-1,UNKNOWN,None
436.493,119.214,1973.086,-0.139,7.411,60.93,-0.0068,13,Left,126.91,-1,-1,UNKNOWN,Right_Broken
436.502,119.23,1973.364,-0.079,7.471,61.06,-0.0068,13,Left,126.64,-1,-1,UNKNOWN,None
436.518,119.246,1973.641,-0.02,7.53,61.14,-0.0068,13,Left,126.36,-1,-1,UNKNOWN,None
436.527,119.262,1973.78,0.01,7.56,61.17,-0.0068,13,Left,126.22,-1,-1,UNKNOWN,None
436.543,119.278,1974.056,0.069,7.619,61.19,-0.0068,13,Left,125.94,-1,-1,UNKNOWN,None
436.56,119.295,1974.34,0.13,7.68,61.16,-0.0068,13,Left,125.66,-1,-1,UNKNOWN,None
436.586,119.311,1974.629,0.191,7.741,61.1,-0.0068,13,Left,125.37,-1,-1,UNKNOWN,None
436.603,119.328,1974.905,0.25,7.8,61.01,-0.0168,13,Left,125.09,-1,-1,UNKNOWN,None
436.62,119.344,1975.181,0.309,7.859,60.9,-0.0168,13,Left,124.82,-1,-1,UNKNOWN,None
436.637,119.36,1975.47,0.37,7.92,60.76,-0.019,13,Left,124.53,-1,-1,UNKNOWN,None
436.654,119.375,1975.745,0.427,7.977,60.61,-0.019,13,Left,124.26,-1,-1,UNKNOWN,None
436.67,119.391,1976.019,0.485,8.035,60.45,-0.019,13,Left,123.98,-1,-1,UNKNOWN,None
436.679,119.407,1976.294,0.542,8.092,60.27,-0.019,13,Left,123.71,-1,-1,UNKNOWN,None
436.687,119.423,1976.294,0.542,8.092,60.27,-0.019,13,Left,123.71,-1,-1,UNKNOWN,None
436.717,119.439,1976.782,0.642,8.192,59.92,-0.019,13,Left,123.22,-1,-1,UNKNOWN,None
436.725,119.455,1977.053,0.698,8.248,59.72,-0.0251,13,Left,122.95,-1,-1,UNKNOWN,None
436.746,119.471,1977.247,0.738,8.288,59.57,-0.0263,13,Left,122.75,-1,-1,UNKNOWN,Right_Broken
436.765,119.487,1977.56,0.801,8.351,59.33,-0.0274,13,Left,122.44,-1,-1,UNKNOWN,None
436.774,119.503,1977.838,0.856,8.406,59.12,-0.0286,13,Left,122.16,-1,-1,UNKNOWN,None
436.782,119.519,1977.984,0.885,8.435,59.02,-0.0297,13,Left,122.02,-1,-1,UNKNOWN,None
436.8,119.535,1978.252,0.938,8.488,58.84,-0.0309,13,Left,121.75,-1,-1,UNKNOWN,None
436.816,119.551,1978.518,0.99,8.54,58.69,-0.0321,13,Left,121.48,-1,-1,UNKNOWN,None
436.841,119.567,1978.785,1.042,8.592,58.55,-0.033,13,Left,121.22,-1,-1,UNKNOWN,None
436.858,119.583,1979.051,1.092,8.642,58.44,-0.0337,13,Left,120.95,-1,-1,UNKNOWN,None
436.858,119.599,1979.184,1.118,8.668,58.4,-0.0341,13,Left,120.82,-1,-1,UNKNOWN,None
436.883,119.616,1979.582,1.192,8.742,58.31,-0.0346,13,Left,120.42,-1,-1,UNKNOWN,None
436.891,119.631,1979.714,1.217,8.767,58.3,-0.0348,13,Left,120.29,-1,-1,UNKNOWN,None
436.925,119.646,1980.12,1.29,8.84,58.31,-0.035,13,Left,119.88,-1,-1,UNKNOWN,None
436.935,119.663,1980.406,1.341,8.891,58.35,-0.0353,13,Left,119.59,-1,-1,UNKNOWN,None
436.951,119.68,1980.672,1.388,8.938,58.4,-0.0353,13,Left,119.33,-1,-1,UNKNOWN,None
436.96,119.695,1980.819,1.414,8.964,58.44,-0.0353,13,Left,119.18,-1,-1,UNKNOWN,None
436.978,119.71,1981.109,1.463,9.013,58.54,-0.0353,13,Left,118.89,-1,-1,UNKNOWN,None
436.995,119.727,1981.377,1.509,9.059,58.64,-0.0353,13,Left,118.62,-1,-1,UNKNOWN,Right_Broken
437.012,119.743,1981.646,1.553,9.103,58.75,-0.0353,13,Left,118.35,-1,-1,UNKNOWN,None
437.037,119.759,1981.914,1.597,9.147,58.88,-0.0353,13,Left,118.09,-1,-1,UNKNOWN,None
437.054,119.775,1982.189,1.641,9.191,59.02,-0.0353,13,Left,117.81,-1,-1,UNKNOWN,None
437.063,119.792,1982.468,1.685,9.235,59.17,-0.0353,13,Left,117.53,-1,-1,UNKNOWN,None
437.08,119.807,1982.611,1.707,9.257,59.25,-0.0353,13,Left,117.39,-1,-1,UNKNOWN,None
437.097,119.823,1982.883,1.748,9.298,59.4,-0.0353,13,Left,117.12,-1,-1,UNKNOWN,None
437.113,119.839,1983.156,1.789,9.339,59.56,-0.0353,13,Left,116.84,-1,-1,UNKNOWN,None
437.13,119.855,1983.429,1.829,9.379,59.73,-0.0353,13,Left,116.57,-1,-1,UNKNOWN,None
437.147,119.871,1983.703,1.869,9.419,59.91,-0.0353,13,Left,116.3,-1,-1,UNKNOWN,None
437.155,119.887,1983.979,1.907,9.457,60.08,-0.0353,13,Left,116.02,-1,-1,UNKNOWN,None
437.172,119.903,1984.255,1.945,9.495,60.26,-0.0353,13,Left,115.74,-1,-1,UNKNOWN,None
437.197,119.919,1984.532,1.982,9.532,60.44,-0.0353,13,Left,115.47,-1,-1,UNKNOWN,None
437.213,119.934,1984.81,2.019,9.569,60.59,-0.0353,13,Left,115.19,-1,-1,UNKNOWN,None
437.222,119.951,1985.089,2.054,9.604,60.72,-0.0353,13,Left,114.91,-1,-1,UNKNOWN,None
437.238,119.967,1985.368,2.089,9.639,60.82,-0.0353,13,Left,114.63,-1,-1,UNKNOWN,None
437.259,119.983,1985.569,2.113,9.663,60.86,-0.0353,13,Left,114.43,-1,-1,UNKNOWN,None
437.275,119.999,1985.851,2.147,9.697,60.89,-0.0353,13,Left,114.15,-1,-1,UNKNOWN,None
437.284,120.015,1986.136,2.18,9.73,60.87,-0.0341,13,Left,113.86,-1,-1,UNKNOWN,None
437.302,120.031,1986.439,2.214,9.764,60.82,-0.0341,13,Left,113.56,-1,-1,UNKNOWN,None
437.31,120.047,1986.594,2.231,9.781,60.77,-0.0341,13,Left,113.41,-1,-1,UNKNOWN,None
437.337,120.063,1986.886,2.262,9.812,60.67,-0.0341,13,Left,113.11,-1,-1,UNKNOWN,None
437.354,120.079,1987.166,2.291,9.841,60.55,-0.0341,13,Left,112.83,-1,-1,UNKNOWN,None
437.373,120.095,1987.49,2.324,9.874,60.38,-0.0341,13,Left,112.51,-1,-1,UNKNOWN,None
437.384,120.111,1987.67,2.341,9.891,60.27,-0.0337,13,Left,112.33,-1,-1,UNKNOWN,None
437.392,120.127,1987.947,2.367,9.917,60.11,-0.0337,13,Left,112.05,-1,-1,UNKNOWN,None
437.417,120.144,1988.225,2.393,9.943,59.92,-0.0337,13,Left,111.77,-1,-1,UNKNOWN,None
437.434,120.159,1988.501,2.417,9.967,59.73,-0.0337,13,Left,111.5,-1,-1,UNKNOWN,None
437.434,120.175,1988.639,2.429,9.979,59.63,-0.0337,13,Left,111.36,-1,-1,UNKNOWN,None
437.467,120.19,1989.05,2.463,10.013,59.34,-0.0337,13,Left,110.95,-1,-1,UNKNOWN,None
437.484,120.206,1989.323,2.484,10.034,59.15,-0.0337,13,Left,110.68,-1,-1,UNKNOWN,None
437.492,120.222,1989.596,2.504,10.054,58.97,-0.0334,13,Left,110.4,-1,-1,UNKNOWN,None
437.509,120.238,1989.867,2.524,10.074,58.81,-0.0334,13,Left,110.13,-1,-1,UNKNOWN,None
437.526,120.254,1990.139,2.542,10.092,58.67,-0.0331,13,Left,109.86,-1,-1,UNKNOWN,None
437.542,120.27,1990.41,2.56,10.11,58.56,-0.033,13,Left,109.59,-1,-1,UNKNOWN,None
437.559,120.286,1990.545,2.568,10.118,58.51,-0.033,13,Left,109.46,-1,-1,UNKNOWN,None
437.567,120.303,1990.815,2.584,10.134,58.43,-0.0327,13,Left,109.19,-1,-1,UNKNOWN,None
437.584,120.319,1991.085,2.6,10.15,58.39,-0.0325,13,Left,108.92,-1,-1,UNKNOWN,None
437.609,120.335,1991.355,2.614,10.164,58.37,-0.0325,13,Left,108.65,-1,-1,UNKNOWN,None
437.626,120.351,1991.625,2.627,10.177,58.39,-0.0325,13,Left,108.38,-1,-1,UNKNOWN,None
437.642,120.368,1991.895,2.64,10.19,58.42,-0.0322,13,Left,108.11,-1,-1,UNKNOWN,None
437.651,120.383,1992.165,2.651,10.201,58.48,-0.0321,13,Left,107.83,-1,-1,UNKNOWN,None
437.667,120.399,1992.436,2.662,10.212,58.56,-0.0321,13,Left,107.56,-1,-1,UNKNOWN,None
437.676,120.415,1992.572,2.667,10.217,58.6,-0.0318,13,Left,107.43,-1,-1,UNKNOWN,None
437.709,120.431,1992.979,2.681,10.231,58.75,-0.0315,13,Left,107.02,-1,-1,UNKNOWN,None
437.726,120.447,1993.252,2.689,10.239,58.87,-0.0314,13,Left,106.75,-1,-1,UNKNOWN,None
437.735,120.463,1993.401,2.693,10.243,58.94,-0.0309,13,Left,106.6,-1,-1,UNKNOWN,None
437.753,120.479,1993.705,2.7,10.25,59.09,-0.0305,13,Left,106.3,-1,-1,UNKNOWN,None
437.77,120.496,1993.979,2.706,10.256,59.24,-0.0299,13,Left,106.02,-1,-1,UNKNOWN,None
437.787,120.511,1994.254,2.711,10.261,59.39,-0.0295,13,Left,105.75,-1,-1,UNKNOWN,None
437.803,120.527,1994.529,2.715,10.265,59.55,-0.0288,13,Left,105.47,-1,-1,UNKNOWN,None
437.812,120.543,1994.805,2.719,10.269,59.71,-0.028,13,Left,105.19,-1,-1,UNKNOWN,None
437.837,120.563,1995.083,2.721,10.271,59.89,-0.0272,13,Left,104.92,-1,-1,UNKNOWN,None
437.845,120.575,1995.36,2.723,10.273,60.06,-0.0263,13,Left,104.64,-1,-1,UNKNOWN,None
437.87,120.59,1995.639,2.724,10.274,60.24,-0.0255,13,Left,104.36,-1,-1,UNKNOWN,None
437.87,120.607,1995.779,2.724,10.274,60.33,-0.0255,13,Left,104.22,-1,-1,UNKNOWN,None
437.895,120.623,1996.199,2.723,10.273,60.6,-0.0237,13,Left,103.8,-1,-1,UNKNOWN,None
437.912,120.639,1996.48,2.722,10.272,60.78,-0.0237,13,Left,103.52,-1,-1,UNKNOWN,None
437.929,120.655,1996.635,2.721,10.271,60.87,-0.0237,13,Left,103.37,-1,-1,UNKNOWN,None
437.94,120.671,1996.959,2.718,10.268,61.05,-0.0237,13,Left,103.04,-1,-1,UNKNOWN,None
437.957,120.687,1997.242,2.714,10.264,61.18,-0.0237,13,Left,102.76,-1,-1,UNKNOWN,None
437.982,120.703,1997.526,2.71,10.26,61.27,-0.0237,13,Left,102.47,-1,-1,UNKNOWN,None
437.991,120.719,1997.828,2.705,10.255,61.32,-0.0237,13,Left,102.17,-1,-1,UNKNOWN,None
438.009,120.735,1997.985,2.702,10.252,61.33,-0.0237,13,Left,102.01,-1,-1,UNKNOWN,None
438.025,120.751,1998.269,2.695,10.245,61.31,-0.0237,13,Left,101.73,-1,-1,UNKNOWN,None
438.042,120.768,1998.553,2.688,10.238,61.26,-0.0237,13,Left,101.45,-1,-1,UNKNOWN,None
438.059,120.783,1998.836,2.681,10.231,61.17,-0.0237,13,Left,101.16,-1,-1,UNKNOWN,None
438.076,120.799,1999.131,2.672,10.222,61.05,-0.0237,13,Left,100.87,-1,-1,UNKNOWN,None
438.086,120.815,1999.447,2.662,10.212,60.9,-0.0119,13,Left,100.55,-1,-1,UNKNOWN,None
438.095,120.831,1999.604,2.657,10.207,60.82,-0.0119,13,Left,100.4,-1,-1,UNKNOWN,None
438.124,120.847,1999.939,2.645,10.195,60.63,-0.0119,13,Left,100.06,-1,-1,UNKNOWN,None
438.132,120.863,2000.219,2.634,10.184,60.46,-0.0119,13,Left,99.78,-1,-1,UNKNOWN,None
438.149,120.88,2000.519,2.622,10.172,60.25,-0.0119,13,Left,99.48,-1,-1,UNKNOWN,None
438.168,120.895,2000.681,2.616,10.166,60.14,-0.0119,13,Left,99.32,-1,-1,UNKNOWN,None
438.186,120.914,2001.106,2.597,10.147,59.82,-0.0119,13,Left,98.89,-1,-1,UNKNOWN,None
438.202,120.927,2001.244,2.591,10.141,59.71,-0.0049,13,Left,98.76,-1,-1,UNKNOWN,None
438.202,120.943,2001.381,2.585,10.135,59.61,-0.0044,13,Left,98.62,-1,-1,UNKNOWN,None
438.228,120.959,2001.803,2.565,10.115,59.28,-0.0037,13,Left,98.2,-1,-1,UNKNOWN,None
438.253,120.975,2002.077,2.552,10.102,59.07,-0.0033,13,Left,97.92,-1,-1,UNKNOWN,None
438.269,120.991,2002.349,2.538,10.088,58.87,-0.0027,13,Left,97.65,-1,-1,UNKNOWN,None
438.278,121.007,2002.63,2.523,10.073,58.69,-0.0021,13,Left,97.37,-1,-1,UNKNOWN,None
438.304,121.023,2002.904,2.509,10.059,58.53,-0.0017,13,Left,97.1,-1,-1,UNKNOWN,None
438.304,121.039,2003.039,2.501,10.051,58.46,-0.0009,13,Left,96.96,-1,-1,UNKNOWN,None
438.32,121.055,2003.309,2.486,10.036,58.34,-0.0008,13,Left,96.69,-1,-1,UNKNOWN,None
438.345,121.071,2003.579,2.471,10.021,58.25,-0.0001,13,Left,96.42,-1,-1,UNKNOWN,None
438.362,121.087,2003.848,2.456,10.006,58.19,0.0002,13,Left,96.15,-1,-1,UNKNOWN,None
438.37,121.103,2004.134,2.439,9.989,58.16,0.0007,13,Left,95.87,-1,-1,UNKNOWN,None
438.388,121.119,2004.405,2.423,9.973,58.16,0.0011,13,Left,95.59,-1,-1,UNKNOWN,None
438.413,121.135,2004.674,2.407,9.957,58.19,0.0014,13,Left,95.33,-1,-1,UNKNOWN,None
438.422,121.151,2004.943,2.391,9.941,58.25,0.0017,13,Left,95.06,-1,-1,UNKNOWN,None
438.438,121.167,2005.216,2.374,9.924,58.32,0.0021,13,Left,94.78,-1,-1,UNKNOWN,None
438.455,121.183,2005.492,2.357,9.907,58.41,0.0023,13,Left,94.51,-1,-1,UNKNOWN,None
438.455,121.198,2005.492,2.357,9.907,58.41,0.0023,13,Left,94.51,-1,-1,UNKNOWN,None
438.491,121.215,2005.941,2.329,9.879,58.59,0.0028,13,Left,94.06,-1,-1,UNKNOWN,None
438.491,121.23,2006.242,2.309,9.859,58.73,0.003,13,Left,93.76,-1,-1,UNKNOWN,None
438.519,121.246,2006.525,2.291,9.841,58.87,0.0033,13,Left,93.47,-1,-1,UNKNOWN,None
438.536,121.262,2006.661,2.283,9.833,58.94,0.0034,13,Left,93.34,-1,-1,UNKNOWN,None
438.553,121.278,2006.946,2.264,9.814,59.1,0.0037,13,Left,93.05,-1,-1,UNKNOWN,None
438.57,121.295,2007.227,2.246,9.796,59.26,0.0042,13,Left,92.77,-1,-1,UNKNOWN,None
438.57,121.311,2007.365,2.237,9.787,59.34,0.0044,13,Left,92.64,-1,-1,UNKNOWN,None
438.595,121.327,2007.777,2.211,9.761,59.6,0.0046,13,Left,92.22,-1,-1,UNKNOWN,None
438.612,121.343,2008.053,2.193,9.743,59.78,0.0049,13,Left,91.95,-1,-1,UNKNOWN,None
438.637,121.359,2008.33,2.175,9.725,59.96,0.005,13,Left,91.67,-1,-1,UNKNOWN,None
438.653,121.375,2008.608,2.157,9.707,60.14,0.0053,13,Left,91.39,-1,-1,UNKNOWN,None
438.67,121.391,2008.886,2.139,9.689,60.33,0.0053,13,Left,91.11,-1,-1,UNKNOWN,None
438.678,121.408,2009.166,2.121,9.671,60.51,0.0053,13,Left,90.83,-1,-1,UNKNOWN,None
438.687,121.423,2009.315,2.112,9.662,60.6,0.0056,13,Left,90.69,-1,-1,UNKNOWN,None
438.704,121.44,2009.595,2.094,9.644,60.76,0.0056,13,Left,90.4,-1,-1,UNKNOWN,None
438.721,121.455,2009.876,2.076,9.626,60.91,0.0056,13,Left,90.12,-1,-1,UNKNOWN,None
438.746,121.471,2010.159,2.058,9.608,61.06,0.0056,13,Left,89.84,-1,-1,UNKNOWN,None
438.762,121.487,2010.441,2.04,9.59,61.19,0.0056,13,Left,89.56,-1,-1,UNKNOWN,None
438.771,121.503,2010.731,2.022,9.572,61.32,0.0056,13,Left,89.27,-1,-1,UNKNOWN,None
438.788,121.519,2011.015,2.004,9.554,61.44,0.0056,13,Left,88.98,-1,-1,UNKNOWN,None
438.813,121.535,2011.308,1.986,9.536,61.55,0.0056,13,Left,88.69,-1,-1,UNKNOWN,None
438.822,121.551,2011.593,1.968,9.518,61.64,0.0056,13,Left,88.41,-1,-1,UNKNOWN,None
438.839,121.567,2011.886,1.95,9.5,61.7,0.0056,13,Left,88.11,-1,-1,UNKNOWN,None
438.855,121.583,2012.171,1.933,9.483,61.72,0.0056,13,Left,87.83,-1,-1,UNKNOWN,None
438.864,121.6,2012.321,1.924,9.474,61.71,0.0056,13,Left,87.68,-1,-1,UNKNOWN,None
438.881,121.615,2012.606,1.906,9.456,61.67,0.0056,13,Left,87.39,-1,-1,UNKNOWN,None
438.889,121.631,2012.749,1.898,9.448,61.64,0.0056,13,Left,87.25,-1,-1,UNKNOWN,None
438.926,121.648,2013.228,1.869,9.419,61.48,0.0056,13,Left,86.77,-1,-1,UNKNOWN,None
438.934,121.663,2013.519,1.852,9.402,61.34,0.0056,13,Left,86.48,-1,-1,UNKNOWN,None
438.951,121.679,2013.802,1.835,9.385,61.2,0.0056,13,Left,86.2,-1,-1,UNKNOWN,None
438.959,121.695,2013.943,1.827,9.377,61.12,0.0056,13,Left,86.06,-1,-1,UNKNOWN,None
438.976,121.711,2014.225,1.81,9.36,60.94,0.0056,13,Left,85.77,-1,-1,UNKNOWN,None
439.005,121.727,2014.58,1.79,9.34,60.71,0.0056,13,Left,85.42,-1,-1,UNKNOWN,None
439.014,121.743,2014.866,1.774,9.324,60.5,0.0056,13,Left,85.13,-1,-1,UNKNOWN,None
439.031,121.759,2015.145,1.758,9.308,60.3,0.0056,13,Left,84.86,-1,-1,UNKNOWN,None
439.048,121.775,2015.287,1.75,9.3,60.19,0.0056,13,Left,84.71,-1,-1,UNKNOWN,None
439.056,121.791,2015.565,1.734,9.284,59.97,0.0056,13,Left,84.44,-1,-1,UNKNOWN,None
439.081,121.807,2015.845,1.719,9.269,59.75,0.0056,13,Left,84.16,-1,-1,UNKNOWN,None
439.098,121.823,2016.12,1.704,9.254,59.53,0.005,13,Left,83.88,-1,-1,UNKNOWN,None
439.098,121.839,2016.259,1.696,9.246,59.42,0.0046,13,Left,83.74,-1,-1,UNKNOWN,None
439.131,121.855,2016.669,1.674,9.224,59.11,0.0042,13,Left,83.33,-1,-1,UNKNOWN,None
439.14,121.871,2016.942,1.66,9.21,58.92,0.0034,13,Left,83.06,-1,-1,UNKNOWN,None
439.165,121.887,2017.213,1.645,9.195,58.75,0.003,13,Left,82.79,-1,-1,UNKNOWN,None
439.181,121.902,2017.484,1.631,9.181,58.6,0.0021,13,Left,82.52,-1,-1,UNKNOWN,None
439.198,121.919,2017.755,1.617,9.167,58.47,0.0017,13,Left,82.24,-1,-1,UNKNOWN,None
439.206,121.936,2018.025,1.603,9.153,58.38,0.0009,13,Left,81.98,-1,-1,UNKNOWN,None
439.223,121.951,2018.295,1.589,9.139,58.31,0.0002,13,Left,81.71,-1,-1,UNKNOWN,None
439.24,121.967,2018.564,1.575,9.125,58.28,-0.0005,13,Left,81.44,-1,-1,UNKNOWN,None
439.248,121.983,2018.699,1.568,9.118,58.28,-0.0009,13,Left,81.3,-1,-1,UNKNOWN,None
439.274,121.999,2018.982,1.554,9.104,58.29,-0.0014,13,Left,81.02,-1,-1,UNKNOWN,None
439.29,122.015,2019.251,1.54,9.09,58.33,-0.0017,13,Left,80.75,-1,-1,UNKNOWN,None
439.29,122.031,2019.386,1.533,9.083,58.36,-0.0018,13,Left,80.61,-1,-1,UNKNOWN,None
439.315,122.047,2019.791,1.513,9.063,58.47,-0.0021,13,Left,80.21,-1,-1,UNKNOWN,None
439.34,122.063,2020.062,1.499,9.049,58.56,-0.0021,13,Left,79.94,-1,-1,UNKNOWN,None
439.357,122.079,2020.333,1.485,9.035,58.67,-0.0021,13,Left,79.67,-1,-1,UNKNOWN,None
439.374,122.095,2020.605,1.472,9.022,58.79,-0.0021,13,Left,79.4,-1,-1,UNKNOWN,None
439.39,122.112,2020.877,1.458,9.008,58.92,-0.0021,13,Left,79.12,-1,-1,UNKNOWN,None
439.39,122.127,2021.034,1.45,9.0,59.0,-0.0021,13,Left,78.97,-1,-1,UNKNOWN,None
439.417,122.143,2021.307,1.437,8.987,59.15,-0.0021,13,Left,78.69,-1,-1,UNKNOWN,None
439.427,122.159,2021.666,1.419,8.969,59.35,-0.0021,13,Left,78.33,-1,-1,UNKNOWN,None
439.439,122.175,2021.803,1.412,8.962,59.43,-0.0021,13,Left,78.2,-1,-1,UNKNOWN,None
439.455,122.19,2022.079,1.398,8.948,59.6,-0.0021,13,Left,77.92,-1,-1,UNKNOWN,None
439.472,122.206,2022.359,1.384,8.934,59.78,-0.0021,13,Left,77.64,-1,-1,UNKNOWN,None
439.497,122.222,2022.636,1.371,8.921,59.96,-0.0024,13,Left,77.36,-1,-1,UNKNOWN,None
439.514,122.238,2022.914,1.357,8.907,60.14,-0.0024,13,Left,77.09,-1,-1,UNKNOWN,None
439.514,122.259,2023.053,1.35,8.9,60.23,-0.0024,13,Left,76.95,-1,-1,UNKNOWN,None
439.539,122.27,2023.504,1.327,8.877,60.52,-0.0024,13,Left,76.5,-1,-1,UNKNOWN,None
439.549,122.286,2023.752,1.315,8.865,60.66,-0.0024,13,Left,76.25,-1,-1,UNKNOWN,None
439.58,122.303,2024.033,1.301,8.851,60.8,-0.0024,13,Left,75.97,-1,-1,UNKNOWN,None
439.589,122.319,2024.324,1.286,8.836,60.91,-0.0024,13,Left,75.68,-1,-1,UNKNOWN,None
439.606,122.335,2024.606,1.272,8.822,60.97,-0.0024,13,Left,75.39,-1,-1,UNKNOWN,None
439.632,122.354,2024.898,1.257,8.807,60.98,-0.0024,13,Left,75.1,-1,-1,UNKNOWN,None
439.64,122.367,2025.039,1.25,8.8,60.97,-0.0024,13,Left,74.96,-1,-1,UNKNOWN,None
439.657,122.383,2025.325,1.235,8.785,60.92,-0.0024,13,Left,74.67,-1,-1,UNKNOWN,None
439.665,122.399,2025.607,1.221,8.771,60.85,-0.0024,13,Left,74.39,-1,-1,UNKNOWN,None
439.673,122.416,2025.747,1.214,8.764,60.8,-0.0024,13,Left,74.25,-1,-1,UNKNOWN,Right_Broken
439.707,122.431,2026.168,1.192,8.742,60.61,-0.0024,13,Left,73.83,-1,-1,UNKNOWN,None
439.715,122.447,2026.448,1.178,8.728,60.47,-0.0027,13,Left,73.55,-1,-1,UNKNOWN,None
439.74,122.463,2026.727,1.164,8.714,60.31,-0.0027,13,Left,73.27,-1,-1,UNKNOWN,None
439.74,122.479,2026.899,1.155,8.705,60.21,-0.0027,13,Left,73.1,-1,-1,UNKNOWN,None
439.76,122.495,2027.2,1.139,8.689,60.01,-0.0027,13,Left,72.8,-1,-1,UNKNOWN,None
439.785,122.511,2027.477,1.125,8.675,59.82,-0.0027,13,Left,72.52,-1,-1,UNKNOWN,None
439.794,122.527,2027.752,1.11,8.66,59.62,-0.0027,13,Left,72.25,-1,-1,UNKNOWN,None
439.819,122.543,2028.027,1.096,8.646,59.41,-0.0024,13,Left,71.97,-1,-1,UNKNOWN,None
439.827,122.561,2028.301,1.081,8.631,59.21,-0.0024,13,Left,71.7,-1,-1,UNKNOWN,None
439.847,122.575,2028.49,1.071,8.621,59.08,-0.0018,13,Left,71.51,-1,-1,UNKNOWN,None
439.861,122.591,2028.901,1.049,8.599,58.8,-0.0014,13,Left,71.1,-1,-1,UNKNOWN,None
439.881,122.607,2029.046,1.042,8.592,58.71,-0.0009,13,Left,70.95,-1,-1,UNKNOWN,None
439.898,122.624,2029.321,1.027,8.577,58.57,-0.0005,13,Left,70.68,-1,-1,UNKNOWN,None
439.914,122.64,2029.591,1.012,8.562,58.44,0.0002,13,Left,70.41,-1,-1,UNKNOWN,None
439.923,122.655,2029.861,0.998,8.548,58.34,0.0011,13,Left,70.14,-1,-1,UNKNOWN,None
439.94,122.671,2030.145,0.983,8.533,58.27,0.0018,13,Left,69.86,-1,-1,UNKNOWN,Right_Broken
439.957,122.687,2030.414,0.968,8.518,58.24,0.0028,13,Left,69.59,-1,-1,UNKNOWN,None
439.982,122.703,2030.683,0.954,8.504,58.24,0.0037,13,Left,69.32,-1,-1,UNKNOWN,None
439.99,122.719,2030.953,0.94,8.49,58.26,0.0046,13,Left,69.05,-1,-1,UNKNOWN,None
440.016,122.735,2031.228,0.925,8.475,58.31,0.0056,13,Left,68.77,-1,-1,UNKNOWN,None
440.016,122.751,2031.365,0.918,8.468,58.34,0.0062,13,Left,68.64,-1,-1,UNKNOWN,None
440.041,122.768,2031.635,0.903,8.453,58.42,0.0072,13,Left,68.36,-1,-1,UNKNOWN,None
440.057,122.783,2031.905,0.889,8.439,58.51,0.0079,13,Left,68.09,-1,-1,UNKNOWN,None
440.066,122.8,2032.176,0.875,8.425,58.62,0.0085,13,Left,67.82,-1,-1,UNKNOWN,None
440.091,122.815,2032.448,0.861,8.411,58.74,0.0092,13,Left,67.55,-1,-1,UNKNOWN,None
440.107,122.831,2032.72,0.847,8.397,58.87,0.0097,13,Left,67.28,-1,-1,UNKNOWN,None
440.116,122.847,2032.996,0.833,8.383,59.01,0.01,13,Left,67.0,-1,-1,UNKNOWN,None
440.142,122.863,2033.291,0.818,8.368,59.17,0.0101,13,Left,66.71,-1,-1,UNKNOWN,None
440.151,122.879,2033.566,0.804,8.354,59.33,0.0104,13,Left,66.43,-1,-1,UNKNOWN,None
440.167,122.895,2033.841,0.79,8.34,59.5,0.0104,13,Left,66.16,-1,-1,UNKNOWN,None
440.185,122.911,2033.993,0.783,8.333,59.59,0.0104,13,Left,66.01,-1,-1,UNKNOWN,None
440.198,122.927,2034.357,0.765,8.315,59.82,0.0104,13,Left,65.64,-1,-1,UNKNOWN,None
440.215,122.943,2034.641,0.752,8.302,60.0,0.0104,13,Left,65.36,-1,-1,UNKNOWN,None
440.224,122.959,2034.809,0.744,8.294,60.11,0.0104,13,Left,65.19,-1,-1,UNKNOWN,None
440.254,122.975,2035.147,0.728,8.278,60.33,0.0104,13,Left,64.85,-1,-1,UNKNOWN,None
440.263,122.991,2035.301,0.721,8.271,60.43,0.0104,13,Left,64.7,-1,-1,UNKNOWN,None
440.286,123.007,2035.681,0.703,8.253,60.63,0.0104,13,Left,64.32,-1,-1,UNKNOWN,None
440.294,123.024,2035.962,0.691,8.241,60.74,0.0104,13,Left,64.04,-1,-1,UNKNOWN,None
440.311,123.039,2036.243,0.678,8.228,60.81,0.0104,13,Left,63.76,-1,-1,UNKNOWN,None
440.319,123.055,2036.383,0.672,8.222,60.84,0.0104,13,Left,63.62,-1,-1,UNKNOWN,None
440.346,123.072,2036.691,0.659,8.209,60.87,0.0104,13,Left,63.31,-1,-1,UNKNOWN,None
440.355,123.088,2036.99,0.647,8.197,60.85,0.0104,13,Left,63.01,-1,-1,UNKNOWN,None
440.372,123.103,2037.271,0.635,8.185,60.79,0.0104,13,Left,62.73,-1,-1,UNKNOWN,None
440.389,123.119,2037.557,0.624,8.174,60.71,0.0104,13,Left,62.44,-1,-1,UNKNOWN,None
440.397,123.135,2037.717,0.617,8.167,60.65,0.0104,13,Left,62.28,-1,-1,UNKNOWN,None
440.407,123.151,2037.936,0.609,8.159,60.55,0.0104,13,Left,62.06,-1,-1,UNKNOWN,None
440.437,123.167,2038.362,0.593,8.143,60.34,0.0104,13,Left,61.64,-1,-1,UNKNOWN,None
440.462,123.182,2038.64,0.582,8.132,60.17,0.0104,13,Left,61.36,-1,-1,UNKNOWN,None
440.47,123.198,2038.918,0.572,8.122,59.99,0.0104,13,Left,61.08,-1,-1,UNKNOWN,None
440.487,123.215,2039.065,0.567,8.117,59.9,0.0104,13,Left,60.94,-1,-1,UNKNOWN,None
440.505,123.23,2039.353,0.557,8.107,59.7,0.0104,13,Left,60.65,-1,-1,UNKNOWN,None
440.521,123.246,2039.628,0.548,8.098,59.5,0.0101,13,Left,60.37,-1,-1,UNKNOWN,None
440.53,123.263,2039.766,0.543,8.093,59.41,0.0101,13,Left,60.23,-1,-1,UNKNOWN,None
440.555,123.278,2040.177,0.53,8.08,59.14,0.01,13,Left,59.82,-1,-1,UNKNOWN,None
440.555,123.295,2040.313,0.526,8.076,59.05,0.0097,13,Left,59.69,-1,-1,UNKNOWN,None
440.58,123.311,2040.722,0.514,8.064,58.83,0.0095,13,Left,59.28,-1,-1,UNKNOWN,None
440.605,123.327,2040.994,0.506,8.056,58.7,0.0092,13,Left,59.01,-1,-1,UNKNOWN,None
440.621,123.344,2041.265,0.498,8.048,58.61,0.0088,13,Left,58.73,-1,-1,UNKNOWN,None
440.638,123.359,2041.536,0.491,8.041,58.54,0.0088,13,Left,58.46,-1,-1,UNKNOWN,None
440.647,123.375,2041.812,0.484,8.034,58.5,0.0084,13,Left,58.19,-1,-1,UNKNOWN,None
440.664,123.391,2041.966,0.48,8.03,58.49,0.0079,13,Left,58.03,-1,-1,UNKNOWN,None
440.677,123.407,2042.174,0.475,8.025,58.5,0.0068,13,Left,57.83,-1,-1,UNKNOWN,None
440.69,123.423,2042.523,0.466,8.016,58.54,0.0049,13,Left,57.48,-1,-1,UNKNOWN,None
440.707,123.439,2042.8,0.46,8.01,58.59,0.0017,13,Left,57.2,-1,-1,UNKNOWN,None
440.724,123.455,2043.072,0.454,8.004,58.67,-0.0028,13,Left,56.93,-1,-1,UNKNOWN,None
440.749,123.472,2043.343,0.447,7.997,58.76,-0.0082,13,Left,56.66,-1,-1,UNKNOWN,None
440.757,123.488,2043.48,0.444,7.994,58.82,-0.0139,13,Left,56.52,-1,-1,UNKNOWN,None
440.779,123.504,2043.828,0.436,7.986,58.96,-0.0197,13,Left,56.17,-1,-1,UNKNOWN,None
440.796,123.519,2044.11,0.429,7.979,59.09,-0.0255,13,Left,55.89,-1,-1,UNKNOWN,None
440.813,123.535,2044.392,0.422,7.972,59.24,-0.0315,13,Left,55.61,-1,-1,UNKNOWN,None
440.822,123.551,2044.682,0.415,7.965,59.39,-0.0369,13,Left,55.32,-1,-1,UNKNOWN,None
440.831,123.567,2044.828,0.411,7.961,59.47,-0.0424,13,Left,55.17,-1,-1,UNKNOWN,None
440.856,123.583,2045.104,0.403,7.953,59.63,-0.0474,13,Left,54.9,-1,-1,UNKNOWN,None
440.864,123.599,2045.41,0.393,7.943,59.81,-0.0516,13,Left,54.59,-1,-1,UNKNOWN,None
440.891,123.616,2045.689,0.384,7.934,59.98,-0.0552,13,Left,54.31,-1,-1,UNKNOWN,None
440.9,123.632,2045.967,0.374,7.924,60.15,-0.058,13,Left,54.03,-1,-1,UNKNOWN,None
440.925,123.647,2046.246,0.364,7.914,60.32,-0.058,13,Left,53.75,-1,-1,UNKNOWN,None
440.941,123.664,2046.525,0.352,7.902,60.49,-0.058,13,Left,53.47,-1,-1,UNKNOWN,None
440.958,123.679,2046.806,0.34,7.89,60.65,-0.058,13,Left,53.19,-1,-1,UNKNOWN,None
440.969,123.695,2046.985,0.332,7.882,60.73,-0.058,13,Left,53.02,-1,-1,UNKNOWN,None
440.977,123.711,2047.284,0.317,7.867,60.85,-0.058,13,Left,52.72,-1,-1,UNKNOWN,None
441.005,123.727,2047.593,0.301,7.851,60.91,-0.058,13,Left,52.41,-1,-1,UNKNOWN,None
441.013,123.743,2047.875,0.286,7.836,60.93,-0.058,13,Left,52.13,-1,-1,UNKNOWN,None
441.038,123.759,2048.156,0.269,7.819,60.91,-0.058,13,Left,51.84,-1,-1,UNKNOWN,None
441.046,123.775,2048.438,0.252,7.802,60.85,-0.058,13,Left,51.56,-1,-1,UNKNOWN,None
441.063,123.791,2048.718,0.234,7.784,60.75,-0.058,13,Left,51.28,-1,-1,UNKNOWN,None
441.08,123.807,2048.858,0.224,7.774,60.7,-0.058,13,Left,51.14,-1,-1,UNKNOWN,None
441.096,123.823,2049.138,0.204,7.754,60.57,-0.058,13,Left,50.86,-1,-1,UNKNOWN,None
441.105,123.839,2049.417,0.183,7.733,60.42,-0.058,13,Left,50.58,-1,-1,UNKNOWN,None
441.121,123.856,2049.695,0.161,7.711,60.26,0.0028,13,Left,50.3,-1,-1,UNKNOWN,None
441.146,123.872,2049.973,0.139,7.689,60.1,0.0091,13,Left,50.03,-1,-1,UNKNOWN,None
441.163,123.888,2050.254,0.117,7.667,59.92,0.0091,13,Left,49.75,-1,-1,UNKNOWN,None
441.18,123.903,2050.53,0.095,7.645,59.74,0.0199,13,Left,49.47,-1,-1,UNKNOWN,None
441.197,123.919,2050.805,0.072,7.622,59.56,0.0237,13,Left,49.2,-1,-1,UNKNOWN,None
441.205,123.936,2050.942,0.061,7.611,59.46,0.0271,13,Left,49.06,-1,-1,UNKNOWN,None
441.226,123.952,2051.289,0.032,7.582,59.24,0.0296,13,Left,48.71,-1,-1,UNKNOWN,None
441.234,123.968,2051.562,0.009,7.559,59.07,0.0311,13,Left,48.44,-1,-1,UNKNOWN,None
441.259,123.983,2051.834,-0.015,7.535,58.92,0.0315,13,Left,48.17,-1,-1,UNKNOWN,None
441.276,124.0,2052.105,-0.038,7.512,58.79,0.0315,13,Left,47.89,-1,-1,UNKNOWN,None
441.293,124.016,2052.376,-0.061,7.489,58.68,0.0302,13,Left,47.62,-1,-1,UNKNOWN,None
441.311,124.032,2052.677,-0.087,7.463,58.59,0.0283,13,Left,47.32,-1,-1,UNKNOWN,None
441.32,124.047,2052.819,-0.1,7.45,58.56,0.0257,13,Left,47.18,-1,-1,UNKNOWN,None
441.328,124.063,2053.089,-0.124,7.426,58.53,0.0228,13,Left,46.91,-1,-1,UNKNOWN,None
441.354,124.079,2053.367,-0.148,7.402,58.53,0.0197,13,Left,46.63,-1,-1,UNKNOWN,None
441.362,124.095,2053.66,-0.174,7.376,58.56,0.016,13,Left,46.34,-1,-1,UNKNOWN,None
441.39,124.11,2053.948,-0.2,7.35,58.62,0.0126,13,Left,46.05,-1,-1,UNKNOWN,None
441.399,124.127,2054.233,-0.225,7.325,58.69,0.0091,13,Left,45.77,-1,-1,UNKNOWN,None
441.407,124.143,2054.389,-0.239,7.311,58.74,0.0049,13,Left,45.61,-1,-1,UNKNOWN,None
441.426,124.159,2054.711,-0.268,7.282,58.86,0.0014,13,Left,45.29,-1,-1,UNKNOWN,None
441.437,124.175,2054.898,-0.285,7.265,58.94,-0.0018,13,Left,45.1,-1,-1,UNKNOWN,None
441.465,124.19,2055.17,-0.31,7.24,59.06,-0.0052,13,Left,44.83,-1,-1,UNKNOWN,None
441.473,124.206,2055.307,-0.323,7.227,59.12,-0.0082,13,Left,44.69,-1,-1,UNKNOWN,None
441.5,124.222,2055.756,-0.364,7.186,59.36,-0.0107,13,Left,44.24,-1,-1,UNKNOWN,None
441.509,124.238,2056.046,-0.391,7.159,59.52,-0.013,13,Left,43.95,-1,-1,UNKNOWN,None
441.527,124.254,2056.188,-0.404,7.146,59.6,-0.0155,13,Left,43.81,-1,-1,UNKNOWN,None
441.546,124.27,2056.504,-0.434,7.116,59.79,-0.0177,13,Left,43.5,-1,-1,UNKNOWN,None
441.546,124.286,2056.643,-0.447,7.103,59.87,-0.0196,13,Left,43.36,-1,-1,UNKNOWN,None
441.563,124.305,2056.92,-0.474,7.076,60.05,-0.0213,13,Left,43.08,-1,-1,UNKNOWN,None
441.588,124.319,2057.336,-0.514,7.036,60.31,-0.0213,13,Left,42.66,-1,-1,UNKNOWN,None
441.613,124.336,2057.616,-0.541,7.009,60.49,-0.0235,13,Left,42.38,-1,-1,UNKNOWN,Right_Broken
441.629,124.352,2057.895,-0.568,6.982,60.66,-0.0235,13,Left,42.1,-1,-1,UNKNOWN,None
441.638,124.367,2058.188,-0.598,6.952,60.83,-0.0235,13,Left,41.81,-1,-1,UNKNOWN,None
441.655,124.383,2058.469,-0.626,6.924,60.97,-0.0235,13,Left,41.53,-1,-1,UNKNOWN,None
441.672,124.399,2058.615,-0.641,6.909,61.04,-0.0235,13,Left,41.39,-1,-1,UNKNOWN,None
441.68,124.414,2058.896,-0.669,6.881,61.13,-0.0235,13,Left,41.1,-1,-1,UNKNOWN,None
441.689,124.431,2059.037,-0.684,6.866,61.16,-0.0228,13,Left,40.96,-1,-1,UNKNOWN,None
441.714,124.447,2059.485,-0.731,6.819,61.22,-0.0212,13,Left,40.52,-1,-1,UNKNOWN,None
441.742,124.463,2059.796,-0.764,6.786,61.22,-0.0212,13,Left,40.2,-1,-1,UNKNOWN,None
441.75,124.479,2060.078,-0.794,6.756,61.2,-0.0181,13,Left,39.92,-1,-1,UNKNOWN,None
441.767,124.495,2060.365,-0.825,6.725,61.17,-0.0162,13,Left,39.64,-1,-1,UNKNOWN,None
441.784,124.511,2060.508,-0.841,6.709,61.15,-0.0162,13,Left,39.49,-1,-1,UNKNOWN,None
441.792,124.527,2060.796,-0.872,6.678,61.09,-0.0162,13,Left,39.2,-1,-1,UNKNOWN,None
441.818,124.543,2061.076,-0.904,6.646,61.01,-0.0162,13,Left,38.92,-1,-1,UNKNOWN,None
441.818,124.559,2061.217,-0.92,6.63,60.96,-0.0162,13,Left,38.78,-1,-1,UNKNOWN,None
441.851,124.576,2061.636,-0.968,6.582,60.78,-0.0162,13,Left,38.36,-1,-1,UNKNOWN,Right_Broken
441.86,124.591,2061.965,-1.006,6.544,60.61,-0.0162,13,Left,38.03,-1,-1,UNKNOWN,None
441.88,124.607,2062.119,-1.024,6.526,60.52,-0.0044,13,Left,37.88,-1,-1,UNKNOWN,None
441.888,124.624,2062.397,-1.056,6.494,60.35,-0.0044,13,Left,37.6,-1,-1,UNKNOWN,None
441.897,124.639,2062.535,-1.073,6.477,60.26,-0.0017,13,Left,37.46,-1,-1,UNKNOWN,None
441.931,124.655,2062.97,-1.124,6.426,59.97,-0.0017,13,Left,37.03,-1,-1,UNKNOWN,None
441.94,124.671,2063.247,-1.158,6.392,59.78,0.0011,13,Left,36.75,-1,-1,UNKNOWN,None
441.966,124.687,2063.537,-1.193,6.357,59.57,0.0021,13,Left,36.46,-1,-1,UNKNOWN,None
441.974,124.704,2063.822,-1.228,6.322,59.36,0.0028,13,Left,36.18,-1,-1,UNKNOWN,None
441.995,124.719,2064.008,-1.25,6.3,59.23,0.0033,13,Left,35.99,-1,-1,UNKNOWN,None
442.013,124.735,2064.307,-1.287,6.263,59.04,0.0033,13,Left,35.69,-1,-1,UNKNOWN,None
442.022,124.751,2064.606,-1.324,6.226,58.86,0.0033,13,Left,35.39,-1,-1,UNKNOWN,None
442.04,124.767,2064.741,-1.341,6.209,58.79,0.0033,13,Left,35.26,-1,-1,UNKNOWN,None
442.056,124.783,2065.01,-1.374,6.176,58.66,0.0033,13,Left,34.99,-1,-1,UNKNOWN,None
442.073,124.799,2065.28,-1.408,6.142,58.56,0.0033,13,Left,34.72,-1,-1,UNKNOWN,None
442.09,124.815,2065.548,-1.442,6.108,58.48,0.0033,13,Left,34.45,-1,-1,UNKNOWN,None
442.09,124.832,2065.683,-1.459,6.091,58.46,0.0033,13,Left,34.32,-1,-1,UNKNOWN,None
442.11,124.847,2066.006,-1.499,6.051,58.43,0.0034,13,Left,33.99,-1,-1,UNKNOWN,None
442.135,124.862,2066.274,-1.533,6.017,58.44,0.004,13,Left,33.73,-1,-1,UNKNOWN,None
442.143,124.879,2066.543,-1.567,5.983,58.48,0.0049,13,Left,33.46,-1,-1,UNKNOWN,None
442.168,124.895,2066.812,-1.602,5.948,58.53,0.006,13,Left,33.19,-1,-1,UNKNOWN,None
442.168,124.912,2066.954,-1.62,5.93,58.57,0.0072,13,Left,33.05,-1,-1,UNKNOWN,None
442.205,124.928,2067.41,-1.678,5.872,58.72,0.0079,13,Left,32.59,-1,-1,UNKNOWN,None
442.222,124.943,2067.681,-1.712,5.838,58.83,0.0081,13,Left,32.32,-1,-1,UNKNOWN,None
442.238,124.959,2067.951,-1.746,5.804,58.95,0.0081,13,Left,32.05,-1,-1,UNKNOWN,None
442.247,124.975,2068.222,-1.781,5.769,59.08,0.0081,13,Left,31.78,-1,-1,UNKNOWN,None
442.263,124.991,2068.494,-1.815,5.735,59.23,0.0081,13,Left,31.51,-1,-1,UNKNOWN,None
442.28,125.007,2068.63,-1.832,5.718,59.3,0.0079,13,Left,31.37,-1,-1,UNKNOWN,None
442.288,125.024,2068.903,-1.867,5.683,59.46,0.0076,13,Left,31.1,-1,-1,UNKNOWN,None
442.313,125.039,2069.177,-1.901,5.649,59.62,0.0075,13,Left,30.82,-1,-1,UNKNOWN,None
442.33,125.055,2069.451,-1.936,5.614,59.79,0.0072,13,Left,30.55,-1,-1,UNKNOWN,None
442.338,125.071,2069.727,-1.97,5.58,59.96,0.0068,13,Left,30.27,-1,-1,UNKNOWN,None
442.363,125.095,2070.141,-2.022,5.528,60.23,0.0062,13,Left,29.86,-1,-1,UNKNOWN,None
442.372,125.112,2070.28,-2.04,5.51,60.32,0.0062,13,Left,29.72,-1,-1,UNKNOWN,None
442.388,125.128,2070.558,-2.074,5.476,60.5,0.0062,13,Left,29.44,-1,-1,UNKNOWN,None
442.422,125.144,2070.976,-2.126,5.424,60.75,0.0042,13,Left,29.02,-1,-1,UNKNOWN,None
442.43,125.16,2071.255,-2.16,5.39,60.91,0.0042,13,Left,28.74,-1,-1,UNKNOWN,None
442.447,125.176,2071.536,-2.195,5.355,61.04,0.0042,13,Left,28.46,-1,-1,UNKNOWN,None
442.464,125.191,2071.683,-2.213,5.337,61.1,0.0042,13,Left,28.32,-1,-1,UNKNOWN,None
442.472,125.207,2071.971,-2.248,5.302,61.19,0.0042,13,Left,28.03,-1,-1,UNKNOWN,None
442.5,125.224,2072.291,-2.287,5.263,61.24,0.0042,13,Left,27.71,-1,-1,UNKNOWN,None
442.508,125.239,2072.573,-2.322,5.228,61.24,0.003,13,Left,27.43,-1,-1,UNKNOWN,None
442.525,125.256,2072.856,-2.356,5.194,61.2,0.003,13,Left,27.14,-1,-1,UNKNOWN,None
442.55,125.271,2073.138,-2.39,5.16,61.13,0.003,13,Left,26.86,-1,-1,UNKNOWN,None
442.558,125.287,2073.418,-2.424,5.126,61.04,0.003,13,Left,26.58,-1,-1,UNKNOWN,None
442.579,125.305,2073.623,-2.448,5.102,60.95,0.003,13,Left,26.38,-1,-1,UNKNOWN,None
442.591,125.32,2073.82,-2.472,5.078,60.86,0.003,13,Left,26.18,-1,-1,UNKNOWN,None
442.603,125.337,2074.022,-2.496,5.054,60.75,0.003,13,Left,25.98,-1,-1,UNKNOWN,None
442.611,125.352,2074.308,-2.53,5.02,60.59,0.003,13,Left,25.69,-1,-1,UNKNOWN,Left_Broken
442.636,125.368,2074.717,-2.579,4.971,60.33,0.003,13,Left,25.28,-1,-1,UNKNOWN,None
442.644,125.384,2074.855,-2.595,4.955,60.23,0.003,13,Left,25.15,-1,-1,UNKNOWN,None
442.671,125.4,2075.3,-2.648,4.902,59.91,0.003,13,Left,24.7,-1,-1,UNKNOWN,None
442.688,125.416,2075.575,-2.68,4.87,59.7,0.0084,13,Left,24.43,-1,-1,UNKNOWN,None
442.704,125.432,2075.712,-2.696,4.854,59.59,0.0085,13,Left,24.29,-1,-1,UNKNOWN,None
442.722,125.448,2075.992,-2.729,4.821,59.37,0.0085,13,Left,24.01,-1,-1,UNKNOWN,None
442.738,125.464,2076.265,-2.76,4.79,59.17,0.0085,13,Left,23.74,-1,-1,UNKNOWN,None
442.738,125.48,2076.401,-2.776,4.774,59.07,0.0085,13,Left,23.6,-1,-1,UNKNOWN,None
442.772,125.497,2076.807,-2.822,4.728,58.8,0.0085,13,Left,23.19,-1,-1,UNKNOWN,None
442.789,125.512,2077.083,-2.854,4.696,58.64,0.0085,13,Left,22.92,-1,-1,UNKNOWN,None
442.805,125.529,2077.353,-2.884,4.666,58.51,0.0085,13,Left,22.65,-1,-1,UNKNOWN,None
442.822,125.545,2077.625,-2.915,4.635,58.4,0.0085,13,Left,22.37,-1,-1,UNKNOWN,None
442.839,125.56,2077.894,-2.945,4.605,58.33,0.0085,13,Left,22.11,-1,-1,UNKNOWN,None
442.847,125.576,2078.162,-2.975,4.575,58.28,0.0085,13,Left,21.84,-1,-1,UNKNOWN,None
442.864,125.592,2078.43,-3.004,4.546,58.27,0.0085,13,Left,21.57,-1,-1,UNKNOWN,Left_Broken
442.881,125.608,2078.698,-3.034,4.516,58.29,0.0085,13,Left,21.3,-1,-1,UNKNOWN,None
442.898,125.624,2078.84,-3.049,4.501,58.3,0.0085,13,Left,21.16,-1,-1,UNKNOWN,None
442.915,125.644,2079.249,-3.094,4.456,58.39,0.0085,13,Left,20.75,-1,-1,UNKNOWN,None
442.932,125.657,2079.387,-3.109,4.441,58.43,0.0085,13,Left,20.61,-1,-1,UNKNOWN,None
442.94,125.672,2079.656,-3.138,4.412,58.52,0.0085,13,Left,20.34,-1,-1,UNKNOWN,None
442.965,125.689,2079.933,-3.167,4.383,58.62,0.0085,13,Left,20.07,-1,-1,UNKNOWN,None
442.983,125.704,2080.218,-3.197,4.353,58.75,0.0084,13,Left,19.78,-1,-1,UNKNOWN,None
442.991,125.721,2080.489,-3.226,4.324,58.87,0.0079,13,Left,19.51,-1,-1,UNKNOWN,None
443.008,125.736,2080.76,-3.254,4.296,59.01,0.0075,13,Left,19.24,-1,-1,UNKNOWN,None
443.033,125.753,2081.033,-3.282,4.268,59.16,0.0068,13,Left,18.97,-1,-1,UNKNOWN,None
443.033,125.768,2081.169,-3.296,4.254,59.24,0.0056,13,Left,18.83,-1,-1,UNKNOWN,None
443.06,125.784,2081.476,-3.328,4.222,59.42,0.0046,13,Left,18.52,-1,-1,UNKNOWN,None
443.06,125.801,2081.626,-3.343,4.207,59.51,0.0037,13,Left,18.37,-1,-1,UNKNOWN,None
443.094,125.816,2082.038,-3.385,4.165,59.77,0.0025,13,Left,17.96,-1,-1,UNKNOWN,None
443.111,125.832,2082.314,-3.413,4.137,59.95,0.0014,13,Left,17.69,-1,-1,UNKNOWN,None
443.119,125.849,2082.597,-3.442,4.108,60.13,0.0005,13,Left,17.4,-1,-1,UNKNOWN,None
443.128,125.864,2082.75,-3.457,4.093,60.23,0.0005,13,Left,17.25,-1,-1,UNKNOWN,None
443.154,125.88,2083.04,-3.486,4.064,60.42,0.0005,13,Left,16.96,-1,-1,UNKNOWN,None
443.163,125.897,2083.322,-3.514,4.036,60.6,0.0005,13,Left,16.68,-1,-1,UNKNOWN,None
443.188,125.913,2083.606,-3.542,4.008,60.74,0.0005,13,Left,16.39,-1,-1,UNKNOWN,None
443.205,125.928,2083.886,-3.57,3.98,60.86,0.0005,13,Left,16.11,-1,-1,UNKNOWN,None
443.213,125.944,2084.167,-3.598,3.952,60.94,0.0005,13,Left,15.83,-1,-1,UNKNOWN,None
443.231,125.96,2084.468,-3.627,3.923,60.97,0.0005,13,Left,15.53,-1,-1,UNKNOWN,None
443.248,125.976,2084.749,-3.655,3.895,60.95,0.0005,13,Left,15.25,-1,-1,UNKNOWN,None
443.267,125.992,2084.93,-3.672,3.878,60.92,0.0005,13,Left,15.07,-1,-1,UNKNOWN,None
443.286,126.009,2085.249,-3.704,3.846,60.85,-0.0028,13,Left,14.75,-1,-1,UNKNOWN,None
443.302,126.025,2085.529,-3.731,3.819,60.75,-0.0028,13,Left,14.47,-1,-1,UNKNOWN,None
443.302,126.041,2085.672,-3.745,3.805,60.69,-0.0028,13,Left,14.33,-1,-1,UNKNOWN,None
443.33,126.056,2085.99,-3.776,3.774,60.54,-0.0028,13,Left,14.01,-1,-1,UNKNOWN,None
443.346,126.072,2086.268,-3.803,3.747,60.39,-0.0028,13,Left,13.73,-1,-1,UNKNOWN,None
443.363,126.088,2086.546,-3.83,3.72,60.22,-0.0028,13,Left,13.45,-1,-1,UNKNOWN,None
443.372,126.105,2086.823,-3.856,3.694,60.04,-0.0028,13,Left,13.18,-1,-1,UNKNOWN,None
443.388,126.12,2087.103,-3.884,3.666,59.85,-0.0028,13,Left,12.9,-1,-1,UNKNOWN,None
443.397,126.136,2087.241,-3.897,3.653,59.75,-0.0028,13,Left,12.76,-1,-1,UNKNOWN,None
443.431,126.152,2087.663,-3.938,3.612,59.43,-0.0028,13,Left,12.34,-1,-1,UNKNOWN,None
443.431,126.168,2087.827,-3.954,3.596,59.31,-0.0027,13,Left,12.17,-1,-1,UNKNOWN,None
443.449,126.184,2088.099,-3.98,3.57,59.12,-0.0027,13,Left,11.9,-1,-1,UNKNOWN,None
443.475,126.199,2088.384,-4.008,3.542,58.92,-0.0024,13,Left,11.62,-1,-1,UNKNOWN,None
443.493,126.215,2088.677,-4.036,3.514,58.74,-0.0021,13,Left,11.32,-1,-1,UNKNOWN,None
443.51,126.231,2088.948,-4.062,3.488,58.6,-0.0018,13,Left,11.05,-1,-1,UNKNOWN,None
443.518,126.248,2089.23,-4.09,3.46,58.47,-0.0017,13,Left,10.77,-1,-1,UNKNOWN,None
443.542,126.263,2089.465,-4.113,3.437,58.39,-0.0014,13,Left,10.53,-1,-1,UNKNOWN,None
443.551,126.28,2089.75,-4.14,3.41,58.31,-0.0009,13,Left,10.25,-1,-1,UNKNOWN,None
443.568,126.296,2090.019,-4.166,3.384,58.28,-0.0005,13,Left,9.98,-1,-1,UNKNOWN,None
443.584,126.312,2090.287,-4.192,3.358,58.28,0.0005,13,Left,9.71,-1,-1,UNKNOWN,None
443.602,126.328,2090.441,-4.207,3.343,58.29,0.0011,13,Left,9.56,-1,-1,UNKNOWN,None
443.612,126.344,2090.728,-4.235,3.315,58.33,0.0021,13,Left,9.27,-1,-1,UNKNOWN,None
443.628,126.36,2091.012,-4.263,3.287,58.39,0.0033,13,Left,8.99,-1,-1,UNKNOWN,None
443.655,126.376,2091.287,-4.289,3.261,58.47,0.0044,13,Left,8.71,-1,-1,UNKNOWN,None
443.671,126.392,2091.557,-4.315,3.235,58.56,0.006,13,Left,8.44,-1,-1,UNKNOWN,None
443.68,126.409,2091.827,-4.341,3.209,58.67,0.0072,13,Left,8.17,-1,-1,UNKNOWN,None
443.697,126.425,2092.104,-4.368,3.182,58.8,0.0085,13,Left,7.9,-1,-1,UNKNOWN,Left_Broken
443.713,126.44,2092.24,-4.381,3.169,58.86,0.0095,13,Left,7.76,-1,-1,UNKNOWN,None
443.73,126.456,2092.513,-4.407,3.143,59.0,0.0104,13,Left,7.49,-1,-1,UNKNOWN,None
443.747,126.472,2092.79,-4.433,3.117,59.15,0.0116,13,Left,7.21,-1,-1,UNKNOWN,None
443.755,126.489,2093.063,-4.459,3.091,59.31,0.0126,13,Left,6.94,-1,-1,UNKNOWN,None
443.782,126.504,2093.363,-4.487,3.063,59.48,0.0132,13,Left,6.64,-1,-1,UNKNOWN,None
443.791,126.52,2093.656,-4.514,3.036,59.66,0.0136,13,Left,6.34,-1,-1,UNKNOWN,None
443.8,126.536,2093.805,-4.528,3.022,59.76,0.0142,13,Left,6.2,-1,-1,UNKNOWN,None
443.826,126.552,2094.086,-4.553,2.997,59.94,0.0143,13,Left,5.91,-1,-1,UNKNOWN,None
443.842,126.568,2094.364,-4.579,2.971,60.12,0.0146,13,Left,5.64,-1,-1,UNKNOWN,None
443.859,126.584,2094.642,-4.604,2.946,60.3,0.0146,13,Left,5.36,-1,-1,UNKNOWN,None
443.876,126.599,2094.92,-4.629,2.921,60.48,0.0146,13,Left,5.08,-1,-1,UNKNOWN,None
443.893,126.617,2095.203,-4.653,2.897,60.64,0.0146,13,Left,4.8,-1,-1,UNKNOWN,None
443.91,126.633,2095.499,-4.679,2.871,60.79,0.0146,13,Left,4.5,-1,-1,UNKNOWN,None
443.92,126.648,2095.658,-4.693,2.857,60.85,0.0146,13,Left,4.34,-1,-1,UNKNOWN,None
443.941,126.664,2096.023,-4.724,2.826,60.95,0.0146,13,Left,3.98,-1,-1,UNKNOWN,None
443.959,126.68,2096.314,-4.749,2.801,61.0,0.0146,13,Left,3.69,-1,-1,UNKNOWN,Left_Broken
443.975,126.697,2096.596,-4.773,2.777,61.01,0.0146,13,Left,3.4,-1,-1,UNKNOWN,None
443.984,126.712,2096.885,-4.797,2.753,60.98,0.0146,13,Left,3.11,-1,-1,UNKNOWN,None
443.992,126.728,2097.032,-4.808,2.742,60.95,0.0146,13,Left,2.97,-1,-1,UNKNOWN,None
444.001,126.744,2097.172,-4.82,2.73,60.92,0.0146,13,Left,2.83,-1,-1,UNKNOWN,None
444.034,126.76,2097.593,-4.854,2.696,60.77,0.0146,13,Left,2.41,-1,-1,UNKNOWN,None
444.051,126.776,2097.873,-4.876,2.674,60.64,0.0146,13,Left,2.13,-1,-1,UNKNOWN,None
444.059,126.792,2098.153,-4.897,2.653,60.49,0.0146,13,Left,1.85,-1,-1,UNKNOWN,None
444.085,126.809,2098.447,-4.92,2.63,60.32,0.0146,13,Left,1.55,-1,-1,UNKNOWN,None
444.102,126.824,2098.73,-4.941,2.609,60.14,0.0146,13,Left,1.27,-1,-1,UNKNOWN,None
444.112,126.84,2098.895,-4.953,2.597,60.02,0.0146,13,Left,1.1,-1,-1,UNKNOWN,None
444.126,126.857,2099.301,-4.983,2.567,59.73,0.0146,13,Left,0.7,-1,-1,UNKNOWN,None
444.146,126.872,2099.457,-4.994,2.556,59.61,0.0143,13,Left,0.54,-1,-1,UNKNOWN,None
444.166,126.888,2099.783,-5.017,2.533,59.36,0.0143,13,Left,0.22,-1,-1,UNKNOWN,None
444.174,126.904,2099.92,-5.026,2.524,59.26,0.0142,13,Left,0.08,-1,-1,UNKNOWN,None
444.184,126.92,2100.085,-5.037,2.513,59.13,0.0139,14,Middle,149.92,-1,-1,UNKNOWN,None
444.207,126.936,2100.599,-5.072,2.478,58.77,0.0136,14,Middle,149.4,-1,-1,UNKNOWN,None
444.225,126.954,2100.882,-5.09,2.46,58.59,0.0135,14,Middle,149.12,-1,-1,UNKNOWN,None
444.243,126.968,2101.033,-5.1,2.45,58.5,0.013,14,Middle,148.97,-1,-1,UNKNOWN,None
444.259,126.984,2101.303,-5.117,2.433,58.36,0.0127,14,Middle,148.7,-1,-1,UNKNOWN,None
444.276,127.0,2101.572,-5.134,2.416,58.25,0.0126,14,Middle,148.43,-1,-1,UNKNOWN,None
444.293,127.016,2101.841,-5.15,2.4,58.17,0.012,14,Middle,148.16,-1,-1,UNKNOWN,None
444.301,127.033,2102.11,-5.166,2.384,58.12,0.012,14,Middle,147.89,-1,-1,UNKNOWN,None
444.326,127.048,2102.378,-5.181,2.369,58.1,0.0116,14,Middle,147.62,-1,-1,UNKNOWN,None
444.343,127.064,2102.647,-5.196,2.354,58.11,0.0113,14,Middle,147.35,-1,-1,UNKNOWN,None
444.351,127.08,2102.781,-5.204,2.346,58.13,0.0111,14,Middle,147.22,-1,-1,UNKNOWN,None
444.371,127.096,2103.103,-5.221,2.329,58.18,0.0107,14,Middle,146.9,-1,-1,UNKNOWN,None
444.379,127.113,2103.372,-5.236,2.314,58.25,0.0101,14,Middle,146.63,-1,-1,UNKNOWN,None
444.405,127.128,2103.65,-5.25,2.3,58.34,0.0097,14,Middle,146.35,-1,-1,UNKNOWN,None
444.413,127.144,2103.924,-5.264,2.286,58.45,0.0095,14,Middle,146.08,-1,-1,UNKNOWN,None
444.438,127.161,2104.195,-5.277,2.273,58.56,0.0091,14,Middle,145.81,-1,-1,UNKNOWN,None
444.447,127.177,2104.466,-5.29,2.26,58.69,0.0085,14,Middle,145.53,-1,-1,UNKNOWN,None
444.455,127.191,2104.602,-5.297,2.253,58.76,0.0084,14,Middle,145.4,-1,-1,UNKNOWN,None
444.472,127.207,2104.875,-5.31,2.24,58.9,0.0081,14,Middle,145.13,-1,-1,UNKNOWN,None
444.497,127.223,2105.148,-5.322,2.228,59.05,0.0079,14,Middle,144.85,-1,-1,UNKNOWN,None
444.513,127.24,2105.421,-5.334,2.216,59.21,0.0079,14,Middle,144.58,-1,-1,UNKNOWN,None
444.522,127.255,2105.696,-5.346,2.204,59.38,0.0079,14,Middle,144.3,-1,-1,UNKNOWN,None
444.547,127.272,2105.971,-5.358,2.192,59.55,0.0079,14,Middle,144.03,-1,-1,UNKNOWN,None
444.555,127.288,2106.247,-5.37,2.18,59.72,0.0079,14,Middle,143.75,-1,-1,UNKNOWN,None
444.58,127.305,2106.528,-5.381,2.169,59.91,0.0079,14,Middle,143.47,-1,-1,UNKNOWN,None
444.597,127.32,2106.806,-5.392,2.158,60.09,0.0079,14,Middle,143.19,-1,-1,UNKNOWN,None
444.605,127.336,2107.085,-5.403,2.147,60.28,0.0079,14,Middle,142.92,-1,-1,UNKNOWN,None
444.623,127.353,2107.39,-5.415,2.135,60.48,0.0079,14,Middle,142.61,-1,-1,UNKNOWN,None
444.641,127.369,2107.552,-5.421,2.129,60.57,0.0079,14,Middle,142.45,-1,-1,UNKNOWN,None
444.659,127.385,2107.843,-5.431,2.119,60.74,0.0079,14,Middle,142.16,-1,-1,UNKNOWN,None
444.659,127.401,2107.983,-5.436,2.114,60.81,0.0079,14,Middle,142.02,-1,-1,UNKNOWN,None
444.692,127.417,2108.407,-5.451,2.099,60.99,0.0079,14,Middle,141.59,-1,-1,UNKNOWN,None
444.692,127.432,2108.551,-5.456,2.094,61.04,0.0079,14,Middle,141.45,-1,-1,UNKNOWN,None
444.709,127.449,2108.833,-5.466,2.084,61.11,0.0079,14,Middle,141.17,-1,-1,UNKNOWN,None
444.734,127.465,2109.26,-5.479,2.071,61.13,0.0079,14,Middle,140.74,-1,-1,UNKNOWN,None
444.742,127.48,2109.401,-5.484,2.066,61.12,0.0079,14,Middle,140.6,-1,-1,UNKNOWN,None
444.767,127.496,2109.825,-5.497,2.053,61.02,0.0079,14,Middle,140.17,-1,-1,UNKNOWN,None
444.784,127.513,2110.107,-5.505,2.045,60.93,0.0079,14,Middle,139.89,-1,-1,UNKNOWN,None
444.801,127.528,2110.249,-5.509,2.041,60.87,0.0079,14,Middle,139.75,-1,-1,UNKNOWN,None
444.814,127.544,2110.611,-5.519,2.031,60.7,0.006,14,Middle,139.39,-1,-1,UNKNOWN,None
444.835,127.56,2110.832,-5.525,2.025,60.58,0.006,14,Middle,139.17,-1,-1,UNKNOWN,None
444.853,127.577,2111.137,-5.534,2.016,60.41,0.006,14,Middle,138.86,-1,-1,UNKNOWN,None
444.853,127.592,2111.291,-5.538,2.012,60.32,0.006,14,Middle,138.71,-1,-1,UNKNOWN,None
444.881,127.608,2111.598,-5.546,2.004,60.12,0.006,14,Middle,138.4,-1,-1,UNKNOWN,None
444.899,127.625,2111.896,-5.553,1.997,59.91,0.006,14,Middle,138.1,-1,-1,UNKNOWN,None
444.899,127.64,2112.042,-5.556,1.994,59.81,0.006,14,Middle,137.96,-1,-1,UNKNOWN,None
444.924,127.656,2112.456,-5.566,1.984,59.5,0.006,14,Middle,137.54,-1,-1,UNKNOWN,None
444.949,127.673,2112.73,-5.572,1.978,59.3,0.006,14,Middle,137.27,-1,-1,UNKNOWN,None
444.966,127.689,2113.004,-5.578,1.972,59.11,0.006,14,Middle,137.0,-1,-1,UNKNOWN,None
444.983,127.705,2113.282,-5.584,1.966,58.93,0.006,14,Middle,136.72,-1,-1,UNKNOWN,None
444.995,127.72,2113.486,-5.589,1.961,58.81,0.006,14,Middle,136.51,-1,-1,UNKNOWN,None
445.013,127.737,2113.78,-5.594,1.956,58.65,0.006,14,Middle,136.22,-1,-1,UNKNOWN,None
445.022,127.752,2114.051,-5.6,1.95,58.53,0.006,14,Middle,135.95,-1,-1,UNKNOWN,None
445.047,127.768,2114.322,-5.605,1.945,58.44,0.006,14,Middle,135.68,-1,-1,UNKNOWN,None
445.063,127.784,2114.592,-5.609,1.941,58.37,0.006,14,Middle,135.41,-1,-1,UNKNOWN,None
445.072,127.8,2114.862,-5.614,1.936,58.34,0.0058,14,Middle,135.14,-1,-1,UNKNOWN,None
445.088,127.817,2115.132,-5.619,1.931,58.34,0.0058,14,Middle,134.87,-1,-1,UNKNOWN,None
445.105,127.834,2115.402,-5.623,1.927,58.37,0.0058,14,Middle,134.6,-1,-1,UNKNOWN,None
445.122,127.85,2115.673,-5.627,1.923,58.41,0.0058,14,Middle,134.33,-1,-1,UNKNOWN,None
445.138,127.866,2115.943,-5.631,1.919,58.48,0.0058,14,Middle,134.06,-1,-1,UNKNOWN,None
445.155,127.883,2116.079,-5.633,1.917,58.52,0.0058,14,Middle,133.92,-1,-1,UNKNOWN,None
445.164,127.898,2116.35,-5.636,1.914,58.62,0.0058,14,Middle,133.65,-1,-1,UNKNOWN,None
445.189,127.914,2116.627,-5.64,1.91,58.72,0.0056,14,Middle,133.37,-1,-1,UNKNOWN,None
445.205,127.931,2116.899,-5.643,1.907,58.85,0.0056,14,Middle,133.1,-1,-1,UNKNOWN,None
445.205,127.947,2117.036,-5.645,1.905,58.91,0.0056,14,Middle,132.96,-1,-1,UNKNOWN,None
445.222,127.962,2117.309,-5.648,1.902,59.05,0.0053,14,Middle,132.69,-1,-1,UNKNOWN,None
445.255,127.978,2117.72,-5.652,1.898,59.27,0.0053,14,Middle,132.28,-1,-1,UNKNOWN,None
445.255,127.994,2117.902,-5.654,1.896,59.37,0.005,14,Middle,132.1,-1,-1,UNKNOWN,None
445.275,128.01,2118.183,-5.657,1.893,59.54,0.005,14,Middle,131.82,-1,-1,UNKNOWN,None
445.3,128.026,2118.459,-5.659,1.891,59.71,0.0049,14,Middle,131.54,-1,-1,UNKNOWN,None
445.317,128.042,2118.741,-5.662,1.888,59.89,0.0046,14,Middle,131.26,-1,-1,UNKNOWN,None
445.326,128.059,2119.031,-5.664,1.886,60.07,0.0044,14,Middle,130.97,-1,-1,UNKNOWN,None
445.351,128.074,2119.311,-5.666,1.884,60.26,0.0044,14,Middle,130.69,-1,-1,UNKNOWN,None
445.368,128.09,2119.591,-5.668,1.882,60.43,0.0044,14,Middle,130.41,-1,-1,UNKNOWN,None
445.385,128.106,2119.871,-5.67,1.88,60.59,0.004,14,Middle,130.13,-1,-1,UNKNOWN,None
445.394,128.122,2120.165,-5.671,1.879,60.75,0.004,14,Middle,129.83,-1,-1,UNKNOWN,None
445.419,128.138,2120.447,-5.673,1.877,60.88,0.004,14,Middle,129.55,-1,-1,UNKNOWN,None
445.419,128.155,2120.588,-5.674,1.876,60.94,0.004,14,Middle,129.41,-1,-1,UNKNOWN,None
445.435,128.17,2120.871,-5.675,1.875,61.02,0.0033,14,Middle,129.13,-1,-1,UNKNOWN,None
445.461,128.187,2121.156,-5.676,1.874,61.08,0.0033,14,Middle,128.84,-1,-1,UNKNOWN,None
445.478,128.202,2121.446,-5.677,1.873,61.1,0.003,14,Middle,128.55,-1,-1,UNKNOWN,None
445.489,128.218,2121.779,-5.678,1.872,61.08,0.003,14,Middle,128.22,-1,-1,UNKNOWN,None
445.506,128.234,2122.065,-5.679,1.871,61.03,0.003,14,Middle,127.93,-1,-1,UNKNOWN,None
445.514,128.252,2122.207,-5.679,1.871,61.0,0.003,14,Middle,127.79,-1,-1,UNKNOWN,None
445.539,128.265,2122.489,-5.68,1.87,60.91,0.003,14,Middle,127.51,-1,-1,UNKNOWN,None
445.556,128.282,2122.771,-5.681,1.869,60.79,0.0025,14,Middle,127.23,-1,-1,UNKNOWN,None
445.565,128.299,2123.088,-5.681,1.869,60.64,0.0025,14,Middle,126.91,-1,-1,UNKNOWN,None
445.575,128.315,2123.236,-5.681,1.869,60.56,0.0025,14,Middle,126.76,-1,-1,UNKNOWN,None
445.609,128.33,2123.656,-5.682,1.868,60.31,0.0025,14,Middle,126.34,-1,-1,UNKNOWN,None
445.625,128.346,2123.935,-5.682,1.868,60.13,0.0025,14,Middle,126.07,-1,-1,UNKNOWN,None
445.634,128.363,2124.215,-5.682,1.868,59.93,0.0025,14,Middle,125.78,-1,-1,UNKNOWN,None
445.642,128.378,2124.357,-5.682,1.868,59.83,0.0023,14,Middle,125.64,-1,-1,UNKNOWN,None
445.669,128.395,2124.669,-5.681,1.869,59.6,0.0023,14,Middle,125.33,-1,-1,UNKNOWN,None
445.686,128.41,2124.945,-5.681,1.869,59.39,0.0023,14,Middle,125.06,-1,-1,UNKNOWN,None
445.703,128.426,2125.219,-5.681,1.869,59.2,0.0023,14,Middle,124.78,-1,-1,UNKNOWN,None
445.713,128.443,2125.552,-5.68,1.87,58.97,0.0023,14,Middle,124.45,-1,-1,UNKNOWN,None
445.723,128.458,2125.691,-5.68,1.87,58.88,0.0023,14,Middle,124.31,-1,-1,UNKNOWN,None
445.748,128.474,2125.963,-5.68,1.87,58.73,0.0023,14,Middle,124.04,-1,-1,UNKNOWN,None
445.765,128.491,2126.234,-5.679,1.871,58.59,0.0023,14,Middle,123.77,-1,-1,UNKNOWN,None
445.782,128.507,2126.505,-5.678,1.872,58.49,0.0023,14,Middle,123.49,-1,-1,UNKNOWN,None
445.79,128.522,2126.776,-5.677,1.873,58.41,0.0023,14,Middle,123.22,-1,-1,UNKNOWN,None
445.798,128.539,2126.911,-5.677,1.873,58.38,0.0023,14,Middle,123.09,-1,-1,UNKNOWN,None
445.832,128.554,2127.316,-5.676,1.874,58.34,0.0023,14,Middle,122.68,-1,-1,UNKNOWN,None
445.848,128.571,2127.586,-5.674,1.876,58.35,0.0023,14,Middle,122.41,-1,-1,UNKNOWN,None
445.865,128.586,2127.86,-5.673,1.877,58.39,0.0023,14,Middle,122.14,-1,-1,UNKNOWN,None
445.874,128.603,2128.146,-5.672,1.878,58.45,0.0023,14,Middle,121.85,-1,-1,UNKNOWN,None
445.883,128.619,2128.281,-5.671,1.879,58.49,0.0023,14,Middle,121.72,-1,-1,UNKNOWN,None
445.908,128.634,2128.564,-5.67,1.88,58.58,0.0023,14,Middle,121.44,-1,-1,UNKNOWN,None
445.925,128.651,2128.836,-5.669,1.881,58.68,0.0023,14,Middle,121.16,-1,-1,UNKNOWN,None
445.942,128.667,2129.108,-5.667,1.883,58.8,0.0023,14,Middle,120.89,-1,-1,UNKNOWN,None
445.958,128.683,2129.381,-5.666,1.884,58.93,0.0023,14,Middle,120.62,-1,-1,UNKNOWN,None
445.958,128.699,2129.518,-5.665,1.885,58.99,0.0023,14,Middle,120.48,-1,-1,UNKNOWN,None
445.975,128.715,2129.864,-5.663,1.887,59.18,0.0023,14,Middle,120.14,-1,-1,UNKNOWN,None
446.008,128.731,2130.19,-5.661,1.889,59.36,0.0023,14,Middle,119.81,-1,-1,UNKNOWN,None
446.017,128.746,2130.488,-5.659,1.891,59.53,0.0023,14,Middle,119.51,-1,-1,UNKNOWN,None
446.034,128.762,2130.765,-5.657,1.893,59.7,0.0023,14,Middle,119.23,-1,-1,UNKNOWN,None
446.051,128.778,2130.904,-5.656,1.894,59.79,0.0023,14,Middle,119.1,-1,-1,UNKNOWN,None
446.059,128.795,2131.181,-5.654,1.896,59.97,0.0023,14,Middle,118.82,-1,-1,UNKNOWN,None
446.084,128.811,2131.459,-5.652,1.898,60.15,0.0023,14,Middle,118.54,-1,-1,UNKNOWN,None
446.101,128.827,2131.739,-5.649,1.901,60.33,0.0023,14,Middle,118.26,-1,-1,UNKNOWN,None
446.117,128.843,2132.018,-5.647,1.903,60.51,0.0023,14,Middle,117.98,-1,-1,UNKNOWN,None
446.134,128.859,2132.299,-5.645,1.905,60.67,0.0023,14,Middle,117.7,-1,-1,UNKNOWN,None
446.142,128.873,2132.581,-5.642,1.908,60.82,0.0023,14,Middle,117.42,-1,-1,UNKNOWN,None
446.167,128.891,2132.863,-5.64,1.91,60.96,0.0023,14,Middle,117.14,-1,-1,UNKNOWN,None
446.184,128.906,2133.146,-5.637,1.913,61.06,0.0023,14,Middle,116.85,-1,-1,UNKNOWN,None
446.192,128.922,2133.429,-5.635,1.915,61.13,0.0023,14,Middle,116.57,-1,-1,UNKNOWN,None
446.217,128.939,2133.712,-5.632,1.918,61.16,0.0023,14,Middle,116.29,-1,-1,UNKNOWN,None
446.226,128.954,2133.995,-5.629,1.921,61.15,0.0023,14,Middle,116.01,-1,-1,UNKNOWN,None
446.243,128.971,2134.281,-5.626,1.924,61.1,0.0023,14,Middle,115.72,-1,-1,UNKNOWN,None
446.251,128.987,2134.423,-5.625,1.925,61.06,0.0023,14,Middle,115.58,-1,-1,UNKNOWN,None
446.268,129.003,2134.705,-5.622,1.928,60.97,0.0023,14,Middle,115.3,-1,-1,UNKNOWN,None
446.293,129.019,2134.987,-5.619,1.931,60.86,0.0023,14,Middle,115.01,-1,-1,UNKNOWN,None
446.309,129.035,2135.268,-5.616,1.934,60.73,0.0023,14,Middle,114.73,-1,-1,UNKNOWN,None
446.309,129.051,2135.408,-5.615,1.935,60.66,0.0023,14,Middle,114.59,-1,-1,UNKNOWN,None
446.343,129.067,2135.829,-5.61,1.94,60.44,0.0018,14,Middle,114.17,-1,-1,UNKNOWN,None
446.343,129.083,2135.969,-5.608,1.942,60.36,0.0018,14,Middle,114.03,-1,-1,UNKNOWN,None
446.359,129.098,2136.249,-5.605,1.945,60.19,0.0018,14,Middle,113.75,-1,-1,UNKNOWN,None
446.393,129.113,2136.666,-5.6,1.95,59.91,0.0018,14,Middle,113.33,-1,-1,UNKNOWN,None
446.402,129.13,2136.963,-5.597,1.953,59.7,0.0014,14,Middle,113.04,-1,-1,UNKNOWN,None
446.42,129.147,2137.118,-5.595,1.955,59.59,0.0014,14,Middle,112.88,-1,-1,UNKNOWN,None
446.438,129.163,2137.411,-5.591,1.959,59.37,0.0014,14,Middle,112.59,-1,-1,UNKNOWN,None
446.455,129.179,2137.685,-5.588,1.962,59.18,0.0014,14,Middle,112.31,-1,-1,UNKNOWN,None
446.463,129.193,2137.958,-5.584,1.966,59.0,0.0014,14,Middle,112.04,-1,-1,UNKNOWN,None
446.48,129.208,2138.095,-5.583,1.967,58.91,0.0014,14,Middle,111.91,-1,-1,UNKNOWN,None
446.499,129.225,2138.41,-5.578,1.972,58.73,0.0014,14,Middle,111.59,-1,-1,UNKNOWN,None
446.515,129.241,2138.681,-5.575,1.975,58.6,0.0014,14,Middle,111.32,-1,-1,UNKNOWN,None
446.532,129.257,2138.952,-5.571,1.979,58.5,0.0014,14,Middle,111.05,-1,-1,UNKNOWN,None
446.549,129.273,2139.222,-5.568,1.982,58.42,0.0014,14,Middle,110.78,-1,-1,UNKNOWN,None
446.557,129.291,2139.493,-5.564,1.986,58.37,0.0014,14,Middle,110.51,-1,-1,UNKNOWN,None
446.574,129.306,2139.628,-5.562,1.988,58.36,0.0014,14,Middle,110.37,-1,-1,UNKNOWN,None
446.59,129.323,2140.033,-5.556,1.994,58.37,0.0014,14,Middle,109.97,-1,-1,UNKNOWN,None
446.616,129.338,2140.313,-5.552,1.998,58.41,0.0014,14,Middle,109.69,-1,-1,UNKNOWN,None
446.633,129.355,2140.583,-5.548,2.002,58.47,0.0014,14,Middle,109.42,-1,-1,UNKNOWN,None
446.649,129.369,2140.854,-5.544,2.006,58.55,0.0014,14,Middle,109.15,-1,-1,UNKNOWN,None
446.658,129.387,2141.126,-5.54,2.01,58.64,0.0014,14,Middle,108.87,-1,-1,UNKNOWN,None
446.675,129.403,2141.271,-5.538,2.012,58.7,0.0014,14,Middle,108.73,-1,-1,UNKNOWN,None
446.692,129.419,2141.543,-5.534,2.016,58.81,0.0014,14,Middle,108.46,-1,-1,UNKNOWN,None
446.709,129.435,2141.82,-5.53,2.02,58.94,0.0014,14,Middle,108.18,-1,-1,UNKNOWN,None
446.727,129.451,2142.125,-5.525,2.025,59.09,0.0014,14,Middle,107.87,-1,-1,UNKNOWN,None
446.744,129.467,2142.409,-5.521,2.029,59.25,0.0014,14,Middle,107.59,-1,-1,UNKNOWN,None
446.761,129.483,2142.685,-5.516,2.034,59.41,0.0011,14,Middle,107.31,-1,-1,UNKNOWN,None
446.769,129.499,2142.961,-5.512,2.038,59.57,0.0011,14,Middle,107.04,-1,-1,UNKNOWN,None
446.787,129.515,2143.111,-5.51,2.04,59.66,0.0011,14,Middle,106.89,-1,-1,UNKNOWN,None
446.804,129.531,2143.387,-5.505,2.045,59.83,0.0011,14,Middle,106.61,-1,-1,UNKNOWN,None
446.821,129.547,2143.674,-5.501,2.049,60.02,0.0011,14,Middle,106.33,-1,-1,UNKNOWN,None
446.837,129.563,2143.953,-5.496,2.054,60.2,0.0011,14,Middle,106.05,-1,-1,UNKNOWN,None
446.856,129.579,2144.266,-5.491,2.059,60.39,0.0011,14,Middle,105.73,-1,-1,UNKNOWN,None
446.865,129.594,2144.549,-5.486,2.064,60.55,0.0011,14,Middle,105.45,-1,-1,UNKNOWN,None
446.886,129.61,2144.763,-5.483,2.067,60.66,0.0011,14,Middle,105.24,-1,-1,UNKNOWN,None
446.9,129.627,2144.998,-5.479,2.071,60.78,0.0011,14,Middle,105.0,-1,-1,UNKNOWN,None
446.917,129.642,2145.294,-5.474,2.076,60.89,0.0011,14,Middle,104.71,-1,-1,UNKNOWN,None
446.934,129.659,2145.583,-5.469,2.081,60.97,0.0011,14,Middle,104.42,-1,-1,UNKNOWN,None
446.953,129.675,2145.9,-5.463,2.087,61.01,0.0011,14,Middle,104.1,-1,-1,UNKNOWN,None
446.962,129.69,2146.059,-5.46,2.09,61.01,0.0011,14,Middle,103.94,-1,-1,UNKNOWN,None
446.979,129.707,2146.35,-5.455,2.095,60.98,0.0011,14,Middle,103.65,-1,-1,UNKNOWN,None
446.996,129.722,2146.632,-5.45,2.1,60.92,0.0011,14,Middle,103.37,-1,-1,UNKNOWN,None
447.015,129.738,2146.95,-5.445,2.105,60.81,0.0011,14,Middle,103.05,-1,-1,UNKNOWN,None
447.023,129.754,2147.231,-5.44,2.11,60.69,0.0011,14,Middle,102.77,-1,-1,UNKNOWN,None
447.041,129.771,2147.538,-5.434,2.116,60.54,0.0011,14,Middle,102.46,-1,-1,UNKNOWN,None
447.067,129.787,2147.825,-5.429,2.121,60.38,0.0011,14,Middle,102.18,-1,-1,UNKNOWN,None
447.075,129.802,2147.968,-5.426,2.124,60.29,0.0011,14,Middle,102.03,-1,-1,UNKNOWN,None
447.094,129.818,2148.273,-5.421,2.129,60.1,0.0011,14,Middle,101.73,-1,-1,UNKNOWN,None
447.094,129.835,2148.412,-5.418,2.132,60.0,0.0011,14,Middle,101.59,-1,-1,UNKNOWN,None
447.12,129.851,2148.843,-5.41,2.14,59.69,0.0009,14,Middle,101.16,-1,-1,UNKNOWN,None
447.145,129.867,2149.118,-5.405,2.145,59.49,0.0009,14,Middle,100.88,-1,-1,UNKNOWN,None
447.153,129.883,2149.393,-5.4,2.15,59.29,0.0007,14,Middle,100.61,-1,-1,UNKNOWN,None
447.17,129.899,2149.666,-5.395,2.155,59.1,0.0007,14,Middle,100.33,-1,-1,UNKNOWN,None
447.186,129.914,2149.939,-5.39,2.16,58.92,0.0007,14,Middle,100.06,-1,-1,UNKNOWN,None
447.203,129.931,2150.077,-5.387,2.163,58.83,0.0007,14,Middle,99.92,-1,-1,UNKNOWN,None
447.22,129.947,2150.353,-5.382,2.168,58.68,0.0007,14,Middle,99.65,-1,-1,UNKNOWN,None
447.237,129.963,2150.636,-5.377,2.173,58.55,0.0007,14,Middle,99.36,-1,-1,UNKNOWN,None
447.254,129.979,2150.906,-5.371,2.179,58.45,0.0007,14,Middle,99.09,-1,-1,UNKNOWN,None
447.271,129.995,2151.178,-5.366,2.184,58.38,0.0007,14,Middle,98.82,-1,-1,UNKNOWN,None
447.288,130.011,2151.451,-5.361,2.189,58.34,0.0007,14,Middle,98.55,-1,-1,UNKNOWN,None
447.304,130.027,2151.721,-5.355,2.195,58.33,0.0007,14,Middle,98.28,-1,-1,UNKNOWN,None
447.321,130.043,2151.991,-5.35,2.2,58.35,0.0007,14,Middle,98.01,-1,-1,UNKNOWN,None
447.329,130.058,2152.261,-5.345,2.205,58.39,0.0007,14,Middle,97.74,-1,-1,UNKNOWN,None
447.346,130.074,2152.532,-5.339,2.211,58.46,0.0007,14,Middle,97.47,-1,-1,UNKNOWN,None
447.365,130.09,2152.703,-5.336,2.214,58.51,0.0007,14,Middle,97.3,-1,-1,UNKNOWN,None
447.365,130.107,2152.838,-5.333,2.217,58.55,0.0007,14,Middle,97.16,-1,-1,UNKNOWN,None
447.382,130.122,2153.109,-5.328,2.222,58.65,0.0007,14,Middle,96.89,-1,-1,UNKNOWN,None
447.417,130.138,2153.547,-5.319,2.231,58.84,0.0007,14,Middle,96.45,-1,-1,UNKNOWN,None
447.426,130.155,2153.84,-5.313,2.237,58.98,0.0007,14,Middle,96.16,-1,-1,UNKNOWN,None
447.451,130.171,2154.114,-5.308,2.242,59.12,0.0007,14,Middle,95.89,-1,-1,UNKNOWN,None
447.451,130.186,2154.251,-5.305,2.245,59.2,0.0007,14,Middle,95.75,-1,-1,UNKNOWN,None
447.478,130.201,2154.552,-5.299,2.251,59.37,0.0007,14,Middle,95.45,-1,-1,UNKNOWN,None
447.495,130.218,2154.84,-5.293,2.257,59.54,0.0007,14,Middle,95.16,-1,-1,UNKNOWN,None
447.512,130.233,2155.121,-5.287,2.263,59.71,0.0007,14,Middle,94.88,-1,-1,UNKNOWN,None
447.53,130.25,2155.417,-5.281,2.269,59.9,0.0007,14,Middle,94.58,-1,-1,UNKNOWN,None
447.53,130.264,2155.559,-5.278,2.272,59.99,0.0007,14,Middle,94.44,-1,-1,UNKNOWN,None
447.547,130.281,2155.838,-5.272,2.278,60.17,0.0007,14,Middle,94.16,-1,-1,UNKNOWN,None
447.572,130.297,2156.117,-5.266,2.284,60.35,0.0007,14,Middle,93.88,-1,-1,UNKNOWN,None
447.58,130.314,2156.397,-5.26,2.29,60.53,0.0007,14,Middle,93.6,-1,-1,UNKNOWN,None
447.605,130.33,2156.678,-5.254,2.296,60.69,0.0007,14,Middle,93.32,-1,-1,UNKNOWN,None
447.605,130.346,2156.818,-5.251,2.299,60.76,0.0007,14,Middle,93.18,-1,-1,UNKNOWN,None
447.622,130.362,2157.1,-5.246,2.304,60.88,0.0007,14,Middle,92.9,-1,-1,UNKNOWN,None
447.647,130.378,2157.523,-5.237,2.313,60.99,0.0007,14,Middle,92.48,-1,-1,UNKNOWN,None
447.664,130.395,2157.816,-5.23,2.32,61.02,0.0007,14,Middle,92.18,-1,-1,UNKNOWN,None
447.689,130.411,2158.098,-5.224,2.326,61.01,0.0007,14,Middle,91.9,-1,-1,UNKNOWN,None
447.698,130.427,2158.249,-5.221,2.329,60.99,0.0007,14,Middle,91.75,-1,-1,UNKNOWN,None
447.716,130.443,2158.56,-5.214,2.336,60.92,0.0007,14,Middle,91.44,-1,-1,UNKNOWN,None
447.733,130.459,2158.841,-5.208,2.342,60.83,0.0007,14,Middle,91.16,-1,-1,UNKNOWN,None
447.75,130.475,2159.122,-5.202,2.348,60.71,0.0007,14,Middle,90.88,-1,-1,UNKNOWN,None
447.767,130.491,2159.408,-5.196,2.354,60.57,0.0007,14,Middle,90.59,-1,-1,UNKNOWN,None
447.783,130.506,2159.688,-5.19,2.36,60.41,0.0007,14,Middle,90.31,-1,-1,UNKNOWN,None
447.8,130.523,2159.968,-5.184,2.366,60.24,0.0007,14,Middle,90.03,-1,-1,UNKNOWN,None
447.817,130.539,2160.247,-5.177,2.373,60.06,0.0007,14,Middle,89.75,-1,-1,UNKNOWN,None
447.833,130.555,2160.524,-5.171,2.379,59.86,0.0007,14,Middle,89.48,-1,-1,UNKNOWN,None
447.842,130.569,2160.662,-5.168,2.382,59.76,-0.0002,14,Middle,89.34,-1,-1,UNKNOWN,None
447.867,130.586,2161.076,-5.159,2.391,59.45,-0.0002,14,Middle,88.92,-1,-1,UNKNOWN,None
447.875,130.602,2161.213,-5.156,2.394,59.35,-0.0002,14,Middle,88.79,-1,-1,UNKNOWN,None
447.883,130.62,2161.487,-5.15,2.4,59.15,-0.0002,14,Middle,88.51,-1,-1,UNKNOWN,None
447.9,130.634,2161.624,-5.147,2.403,59.06,-0.0002,14,Middle,88.38,-1,-1,UNKNOWN,None
447.925,130.651,2162.033,-5.138,2.412,58.79,-0.0002,14,Middle,87.97,-1,-1,UNKNOWN,None
447.942,130.667,2162.305,-5.132,2.418,58.64,-0.0005,14,Middle,87.7,-1,-1,UNKNOWN,None
447.942,130.682,2162.44,-5.129,2.421,58.57,-0.0005,14,Middle,87.56,-1,-1,UNKNOWN,None
447.959,130.698,2162.711,-5.123,2.427,58.45,-0.0008,14,Middle,87.29,-1,-1,UNKNOWN,None
447.984,130.714,2162.981,-5.117,2.433,58.36,-0.0009,14,Middle,87.02,-1,-1,UNKNOWN,None
448.006,130.731,2163.351,-5.109,2.441,58.29,-0.0009,14,Middle,86.65,-1,-1,UNKNOWN,None
448.016,130.746,2163.638,-5.102,2.448,58.27,-0.0009,14,Middle,86.36,-1,-1,UNKNOWN,None
448.032,130.763,2163.907,-5.096,2.454,58.28,-0.0009,14,Middle,86.09,-1,-1,UNKNOWN,None
448.049,130.778,2164.188,-5.09,2.46,58.32,-0.0009,14,Middle,85.81,-1,-1,UNKNOWN,None
448.067,130.795,2164.339,-5.087,2.463,58.35,-0.0009,14,Middle,85.66,-1,-1,UNKNOWN,None
448.085,130.811,2164.621,-5.08,2.47,58.43,-0.0009,14,Middle,85.38,-1,-1,UNKNOWN,None
448.103,130.827,2164.916,-5.074,2.476,58.53,-0.0009,14,Middle,85.08,-1,-1,UNKNOWN,None
448.112,130.843,2165.193,-5.068,2.482,58.63,-0.0009,14,Middle,84.81,-1,-1,UNKNOWN,None
448.137,130.859,2165.465,-5.062,2.488,58.75,-0.0009,14,Middle,84.53,-1,-1,UNKNOWN,None
448.145,130.875,2165.74,-5.056,2.494,58.88,-0.0009,14,Middle,84.26,-1,-1,UNKNOWN,None
448.162,130.891,2166.029,-5.049,2.501,59.03,-0.0009,14,Middle,83.97,-1,-1,UNKNOWN,None
448.18,130.906,2166.169,-5.046,2.504,59.11,-0.0009,14,Middle,83.83,-1,-1,UNKNOWN,None
448.198,130.923,2166.466,-5.04,2.51,59.27,-0.0009,14,Middle,83.53,-1,-1,UNKNOWN,None
448.198,130.938,2166.609,-5.036,2.514,59.36,-0.0009,14,Middle,83.39,-1,-1,UNKNOWN,None
448.223,130.954,2167.023,-5.027,2.523,59.6,-0.0009,14,Middle,82.98,-1,-1,UNKNOWN,None
448.248,130.971,2167.299,-5.021,2.529,59.78,-0.0009,14,Middle,82.7,-1,-1,UNKNOWN,None
448.265,130.986,2167.576,-5.015,2.535,59.96,-0.0009,14,Middle,82.42,-1,-1,UNKNOWN,None
448.281,131.003,2167.855,-5.009,2.541,60.14,-0.0009,14,Middle,82.15,-1,-1,UNKNOWN,None
448.29,131.018,2168.134,-5.003,2.547,60.32,-0.0009,14,Middle,81.87,-1,-1,UNKNOWN,None
448.298,131.035,2168.274,-5.0,2.55,60.42,-0.0009,14,Middle,81.73,-1,-1,UNKNOWN,None
448.317,131.05,2168.62,-4.993,2.557,60.62,-0.0009,14,Middle,81.38,-1,-1,UNKNOWN,None
448.344,131.066,2168.901,-4.987,2.563,60.77,-0.0009,14,Middle,81.1,-1,-1,UNKNOWN,None
448.344,131.082,2169.084,-4.983,2.567,60.85,-0.0009,14,Middle,80.92,-1,-1,UNKNOWN,None
448.371,131.098,2169.366,-4.977,2.573,60.94,-0.0009,14,Middle,80.63,-1,-1,UNKNOWN,None
448.379,131.113,2169.508,-4.974,2.576,60.96,-0.0009,14,Middle,80.49,-1,-1,UNKNOWN,None
448.407,131.131,2169.966,-4.964,2.586,60.98,-0.0009,14,Middle,80.03,-1,-1,UNKNOWN,None
448.416,131.145,2170.271,-4.958,2.592,60.95,-0.0009,14,Middle,79.73,-1,-1,UNKNOWN,None
448.433,131.161,2170.553,-4.952,2.598,60.88,-0.0009,14,Middle,79.45,-1,-1,UNKNOWN,None
448.441,131.179,2170.694,-4.949,2.601,60.84,-0.0009,14,Middle,79.31,-1,-1,UNKNOWN,None
448.466,131.193,2170.975,-4.943,2.607,60.73,-0.0009,14,Middle,79.02,-1,-1,UNKNOWN,None
448.483,131.213,2171.396,-4.934,2.616,60.53,-0.0009,14,Middle,78.6,-1,-1,UNKNOWN,None
448.5,131.226,2171.536,-4.932,2.618,60.46,-0.0009,14,Middle,78.46,-1,-1,UNKNOWN,None
448.516,131.242,2171.815,-4.926,2.624,60.29,-0.0009,14,Middle,78.18,-1,-1,UNKNOWN,None
448.533,131.258,2172.1,-4.92,2.63,60.11,-0.0009,14,Middle,77.9,-1,-1,UNKNOWN,None
448.533,131.274,2172.239,-4.917,2.633,60.02,-0.0009,14,Middle,77.76,-1,-1,UNKNOWN,None
448.55,131.291,2172.517,-4.911,2.639,59.82,-0.0009,14,Middle,77.48,-1,-1,UNKNOWN,None
448.584,131.306,2172.934,-4.903,2.647,59.51,-0.0009,14,Middle,77.07,-1,-1,UNKNOWN,None
448.593,131.322,2173.233,-4.897,2.653,59.28,-0.0009,14,Middle,76.77,-1,-1,UNKNOWN,None
448.611,131.338,2173.515,-4.891,2.659,59.07,-0.0009,14,Middle,76.48,-1,-1,UNKNOWN,None
448.619,131.355,2173.71,-4.887,2.663,58.93,-0.0009,14,Middle,76.29,-1,-1,UNKNOWN,None
448.642,131.37,2174.03,-4.881,2.669,58.72,-0.0009,14,Middle,75.97,-1,-1,UNKNOWN,None
448.659,131.386,2174.166,-4.878,2.672,58.63,-0.0009,14,Middle,75.83,-1,-1,UNKNOWN,None
448.667,131.402,2174.437,-4.873,2.677,58.48,-0.0009,14,Middle,75.56,-1,-1,UNKNOWN,None
448.694,131.419,2174.731,-4.867,2.683,58.33,-0.0009,14,Middle,75.27,-1,-1,UNKNOWN,None
448.703,131.435,2175.023,-4.862,2.688,58.23,-0.0009,14,Middle,74.98,-1,-1,UNKNOWN,None
448.729,131.449,2175.307,-4.856,2.694,58.15,-0.0009,14,Middle,74.69,-1,-1,UNKNOWN,None
448.738,131.466,2175.581,-4.851,2.699,58.12,-0.0009,14,Middle,74.42,-1,-1,UNKNOWN,None
448.755,131.482,2175.717,-4.848,2.702,58.11,-0.0009,14,Middle,74.28,-1,-1,UNKNOWN,None
448.773,131.498,2176.006,-4.842,2.708,58.12,-0.0009,14,Middle,73.99,-1,-1,UNKNOWN,None
448.789,131.515,2176.275,-4.837,2.713,58.16,-0.0009,14,Middle,73.73,-1,-1,UNKNOWN,None
448.801,131.531,2176.624,-4.831,2.719,58.23,-0.0009,14,Middle,73.38,-1,-1,UNKNOWN,None
448.819,131.547,2176.759,-4.828,2.722,58.27,-0.0009,14,Middle,73.24,-1,-1,UNKNOWN,None
448.836,131.563,2177.029,-4.823,2.727,58.36,-0.0009,14,Middle,72.97,-1,-1,UNKNOWN,None
448.854,131.579,2177.326,-4.817,2.733,58.48,-0.0009,14,Middle,72.67,-1,-1,UNKNOWN,None
448.865,131.595,2177.646,-4.811,2.739,58.62,-0.0009,14,Middle,72.35,-1,-1,UNKNOWN,None
448.891,131.611,2177.928,-4.806,2.744,58.75,-0.0009,14,Middle,72.07,-1,-1,UNKNOWN,None
448.899,131.627,2178.064,-4.804,2.746,58.82,-0.0009,14,Middle,71.94,-1,-1,UNKNOWN,None
448.916,131.643,2178.337,-4.799,2.751,58.97,-0.0009,14,Middle,71.66,-1,-1,UNKNOWN,None
448.933,131.659,2178.611,-4.794,2.756,59.13,-0.0009,14,Middle,71.39,-1,-1,UNKNOWN,None
448.949,131.675,2178.885,-4.789,2.761,59.29,-0.0009,14,Middle,71.12,-1,-1,UNKNOWN,None
448.958,131.691,2179.16,-4.784,2.766,59.46,-0.0009,14,Middle,70.84,-1,-1,UNKNOWN,None
448.974,131.707,2179.436,-4.779,2.771,59.63,-0.0009,14,Middle,70.56,-1,-1,UNKNOWN,None
448.993,131.721,2179.603,-4.776,2.774,59.74,-0.0009,14,Middle,70.4,-1,-1,UNKNOWN,None
449.009,131.739,2180.01,-4.768,2.782,60.01,-0.0009,14,Middle,69.99,-1,-1,UNKNOWN,None
449.026,131.755,2180.292,-4.763,2.787,60.19,-0.0009,14,Middle,69.71,-1,-1,UNKNOWN,None
449.034,131.77,2180.449,-4.761,2.789,60.3,-0.0009,14,Middle,69.55,-1,-1,UNKNOWN,None
449.064,131.786,2180.796,-4.754,2.796,60.52,-0.0009,14,Middle,69.2,-1,-1,UNKNOWN,None
449.072,131.802,2181.077,-4.749,2.801,60.68,-0.0009,14,Middle,68.92,-1,-1,UNKNOWN,None
449.09,131.818,2181.368,-4.744,2.806,60.82,-0.0009,14,Middle,68.63,-1,-1,UNKNOWN,None
449.106,131.835,2181.65,-4.739,2.811,60.94,-0.0009,14,Middle,68.35,-1,-1,UNKNOWN,None
449.115,131.85,2181.791,-4.737,2.813,60.99,-0.0009,14,Middle,68.21,-1,-1,UNKNOWN,None
449.14,131.871,2182.217,-4.73,2.82,61.09,-0.0009,14,Middle,67.78,-1,-1,UNKNOWN,None
449.156,131.882,2182.358,-4.727,2.823,61.11,-0.0009,14,Middle,67.64,-1,-1,UNKNOWN,None
449.173,131.898,2182.641,-4.722,2.828,61.12,-0.0009,14,Middle,67.36,-1,-1,UNKNOWN,None
449.181,131.915,2182.924,-4.718,2.832,61.08,-0.0009,14,Middle,67.08,-1,-1,UNKNOWN,None
449.206,131.931,2183.206,-4.713,2.837,61.02,-0.0009,14,Middle,66.79,-1,-1,UNKNOWN,None
449.215,131.946,2183.488,-4.708,2.842,60.93,-0.0009,14,Middle,66.51,-1,-1,UNKNOWN,None
449.231,131.963,2183.77,-4.703,2.847,60.81,-0.0009,14,Middle,66.23,-1,-1,UNKNOWN,None
449.256,131.978,2184.051,-4.699,2.851,60.67,-0.0009,14,Middle,65.95,-1,-1,UNKNOWN,None
449.273,131.994,2184.331,-4.694,2.856,60.51,-0.0009,14,Middle,65.67,-1,-1,UNKNOWN,None
449.281,132.011,2184.61,-4.689,2.861,60.34,-0.0009,14,Middle,65.39,-1,-1,UNKNOWN,None
449.298,132.027,2184.889,-4.685,2.865,60.16,-0.0009,14,Middle,65.11,-1,-1,UNKNOWN,None
449.315,132.042,2185.028,-4.683,2.867,60.06,-0.0009,14,Middle,64.97,-1,-1,UNKNOWN,None
449.323,132.059,2185.305,-4.678,2.872,59.86,-0.0009,14,Middle,64.69,-1,-1,UNKNOWN,None
449.34,132.075,2185.582,-4.674,2.876,59.65,-0.0027,14,Middle,64.42,-1,-1,UNKNOWN,None
449.365,132.091,2185.857,-4.669,2.881,59.44,-0.0035,14,Middle,64.14,-1,-1,UNKNOWN,None
449.382,132.107,2186.136,-4.665,2.885,59.22,-0.0047,14,Middle,63.86,-1,-1,UNKNOWN,None
449.398,132.123,2186.41,-4.661,2.889,59.02,-0.0059,14,Middle,63.59,-1,-1,UNKNOWN,None
449.415,132.139,2186.682,-4.657,2.893,58.83,-0.0075,14,Middle,63.32,-1,-1,UNKNOWN,None
449.432,132.154,2186.954,-4.653,2.897,58.65,-0.0094,14,Middle,63.05,-1,-1,UNKNOWN,None
449.448,132.171,2187.225,-4.649,2.901,58.5,-0.0111,14,Middle,62.78,-1,-1,UNKNOWN,None
449.465,132.186,2187.495,-4.645,2.905,58.36,-0.0135,14,Middle,62.5,-1,-1,UNKNOWN,None
449.474,132.202,2187.769,-4.642,2.908,58.25,-0.0155,14,Middle,62.23,-1,-1,UNKNOWN,None
449.49,132.218,2187.903,-4.64,2.91,58.21,-0.0177,14,Middle,62.1,-1,-1,UNKNOWN,None
449.499,132.233,2188.172,-4.637,2.913,58.15,-0.02,14,Middle,61.83,-1,-1,UNKNOWN,None
449.524,132.25,2188.441,-4.635,2.915,58.12,-0.0219,14,Middle,61.56,-1,-1,UNKNOWN,None
449.54,132.266,2188.711,-4.632,2.918,58.12,-0.0237,14,Middle,61.29,-1,-1,UNKNOWN,None
449.557,132.282,2188.983,-4.63,2.92,58.15,-0.0251,14,Middle,61.02,-1,-1,UNKNOWN,None
449.566,132.298,2189.253,-4.629,2.921,58.2,-0.0263,14,Middle,60.75,-1,-1,UNKNOWN,None
449.582,132.314,2189.522,-4.628,2.922,58.26,-0.0272,14,Middle,60.48,-1,-1,UNKNOWN,None
449.591,132.331,2189.67,-4.627,2.923,58.31,-0.0276,14,Middle,60.33,-1,-1,UNKNOWN,None
449.625,132.346,2190.076,-4.626,2.924,58.46,-0.0279,14,Middle,59.92,-1,-1,UNKNOWN,None
449.641,132.363,2190.347,-4.627,2.923,58.57,-0.0279,14,Middle,59.65,-1,-1,UNKNOWN,None
449.65,132.379,2190.619,-4.627,2.923,58.7,-0.0279,14,Middle,59.38,-1,-1,UNKNOWN,None
449.675,132.395,2190.891,-4.628,2.922,58.83,-0.0279,14,Middle,59.11,-1,-1,UNKNOWN,None
449.683,132.411,2191.164,-4.63,2.92,58.98,-0.0279,14,Middle,58.84,-1,-1,UNKNOWN,None
449.691,132.427,2191.301,-4.631,2.919,59.06,-0.0279,14,Middle,58.7,-1,-1,UNKNOWN,None
449.716,132.444,2191.576,-4.633,2.917,59.21,-0.0279,14,Middle,58.42,-1,-1,UNKNOWN,None
449.733,132.458,2191.851,-4.636,2.914,59.38,-0.0279,14,Middle,58.15,-1,-1,UNKNOWN,None
449.75,132.474,2192.129,-4.639,2.911,59.55,-0.0279,14,Middle,57.87,-1,-1,UNKNOWN,None
449.758,132.491,2192.406,-4.643,2.907,59.72,-0.0279,14,Middle,57.59,-1,-1,UNKNOWN,None
449.775,132.507,2192.685,-4.647,2.903,59.9,-0.0279,14,Middle,57.32,-1,-1,UNKNOWN,None
449.8,132.523,2192.963,-4.653,2.897,60.09,-0.0279,14,Middle,57.04,-1,-1,UNKNOWN,None
449.817,132.539,2193.247,-4.658,2.892,60.28,-0.0279,14,Middle,56.75,-1,-1,UNKNOWN,None
449.826,132.554,2193.404,-4.662,2.888,60.38,-0.0279,14,Middle,56.6,-1,-1,UNKNOWN,None
449.835,132.569,2193.745,-4.67,2.88,60.58,-0.0279,14,Middle,56.25,-1,-1,UNKNOWN,None
449.863,132.586,2194.026,-4.678,2.872,60.72,-0.0279,14,Middle,55.97,-1,-1,UNKNOWN,None
449.881,132.602,2194.316,-4.686,2.864,60.83,-0.0279,14,Middle,55.68,-1,-1,UNKNOWN,None
449.89,132.619,2194.619,-4.696,2.854,60.91,-0.0228,14,Middle,55.38,-1,-1,UNKNOWN,None
449.907,132.635,2194.903,-4.705,2.845,60.94,-0.0228,14,Middle,55.1,-1,-1,UNKNOWN,None
449.915,132.65,2195.044,-4.71,2.84,60.95,-0.0228,14,Middle,54.96,-1,-1,UNKNOWN,None
449.94,132.666,2195.326,-4.721,2.829,60.93,-0.0228,14,Middle,54.67,-1,-1,UNKNOWN,None
449.957,132.682,2195.607,-4.732,2.818,60.88,-0.0228,14,Middle,54.39,-1,-1,UNKNOWN,None
449.957,132.698,2195.748,-4.737,2.813,60.84,-0.0228,14,Middle,54.25,-1,-1,UNKNOWN,None
449.99,132.715,2196.169,-4.756,2.794,60.68,-0.0228,14,Middle,53.83,-1,-1,UNKNOWN,None
449.999,132.731,2196.449,-4.768,2.782,60.55,-0.0228,14,Middle,53.55,-1,-1,UNKNOWN,None
450.024,132.747,2196.729,-4.782,2.768,60.4,-0.0228,14,Middle,53.27,-1,-1,UNKNOWN,None
450.04,132.762,2197.008,-4.796,2.754,60.23,-0.0228,14,Middle,52.99,-1,-1,UNKNOWN,None
450.057,132.78,2197.285,-4.811,2.739,60.05,-0.0228,14,Middle,52.71,-1,-1,UNKNOWN,None
450.067,132.794,2197.45,-4.82,2.73,59.94,-0.0228,14,Middle,52.55,-1,-1,UNKNOWN,None
450.084,132.81,2197.727,-4.835,2.715,59.74,0.0058,14,Middle,52.27,-1,-1,UNKNOWN,None
450.092,132.826,2198.002,-4.851,2.699,59.54,0.0072,14,Middle,52.0,-1,-1,UNKNOWN,None
450.117,132.843,2198.276,-4.866,2.684,59.34,0.0081,14,Middle,51.72,-1,-1,UNKNOWN,None
450.134,132.859,2198.55,-4.882,2.668,59.14,0.0091,14,Middle,51.45,-1,-1,UNKNOWN,None
450.142,132.875,2198.823,-4.899,2.651,58.95,0.0097,14,Middle,51.18,-1,-1,UNKNOWN,None
450.15,132.891,2198.958,-4.907,2.643,58.86,0.0097,14,Middle,51.04,-1,-1,UNKNOWN,None
450.184,132.906,2199.366,-4.932,2.618,58.63,0.01,14,Middle,50.63,-1,-1,UNKNOWN,None
450.2,132.922,2199.636,-4.948,2.602,58.5,0.01,14,Middle,50.36,-1,-1,UNKNOWN,None
450.209,132.939,2199.906,-4.965,2.585,58.4,0.01,14,Middle,50.09,-1,-1,UNKNOWN,None
450.225,132.955,2200.179,-4.983,2.567,58.32,0.01,14,Middle,49.82,-1,-1,UNKNOWN,None
450.234,132.971,2200.327,-4.992,2.558,58.29,0.0097,14,Middle,49.67,-1,-1,UNKNOWN,None
450.26,132.986,2200.596,-5.009,2.541,58.27,0.0095,14,Middle,49.4,-1,-1,UNKNOWN,None
450.276,133.003,2200.865,-5.027,2.523,58.27,0.0092,14,Middle,49.13,-1,-1,UNKNOWN,None
450.293,133.019,2201.135,-5.044,2.506,58.3,0.0092,14,Middle,48.87,-1,-1,UNKNOWN,None
450.301,133.033,2201.404,-5.062,2.488,58.35,0.0091,14,Middle,48.6,-1,-1,UNKNOWN,None
450.31,133.05,2201.539,-5.071,2.479,58.39,0.0091,14,Middle,48.46,-1,-1,UNKNOWN,None
450.326,133.066,2201.809,-5.089,2.461,58.47,0.0088,14,Middle,48.19,-1,-1,UNKNOWN,None
450.351,133.082,2202.215,-5.116,2.434,58.62,0.0088,14,Middle,47.78,-1,-1,UNKNOWN,None
450.368,133.098,2202.486,-5.133,2.417,58.74,0.0088,14,Middle,47.51,-1,-1,UNKNOWN,None
450.393,133.115,2202.758,-5.151,2.399,58.86,0.0088,14,Middle,47.24,-1,-1,UNKNOWN,None
450.404,133.13,2202.944,-5.164,2.386,58.96,0.0088,14,Middle,47.06,-1,-1,UNKNOWN,None
450.413,133.146,2203.231,-5.182,2.368,59.11,0.0088,14,Middle,46.77,-1,-1,UNKNOWN,None
450.422,133.162,2203.368,-5.191,2.359,59.19,0.0088,14,Middle,46.63,-1,-1,UNKNOWN,None
450.438,133.178,2203.642,-5.209,2.341,59.34,0.0088,14,Middle,46.36,-1,-1,UNKNOWN,None
450.472,133.193,2204.054,-5.236,2.314,59.59,0.0088,14,Middle,45.95,-1,-1,UNKNOWN,None
450.472,133.209,2204.231,-5.247,2.303,59.7,0.0088,14,Middle,45.77,-1,-1,UNKNOWN,None
450.504,133.225,2204.582,-5.27,2.28,59.93,0.0088,14,Middle,45.42,-1,-1,UNKNOWN,None
450.52,133.242,2204.859,-5.287,2.263,60.11,0.0088,14,Middle,45.14,-1,-1,UNKNOWN,None
450.529,133.258,2205.137,-5.305,2.245,60.29,0.0088,14,Middle,44.86,-1,-1,UNKNOWN,None
450.545,133.273,2205.417,-5.322,2.228,60.47,0.0088,14,Middle,44.58,-1,-1,UNKNOWN,None
450.57,133.29,2205.697,-5.34,2.21,60.63,0.0088,14,Middle,44.3,-1,-1,UNKNOWN,None
450.579,133.307,2205.978,-5.357,2.193,60.77,0.0088,14,Middle,44.02,-1,-1,UNKNOWN,None
450.595,133.323,2206.118,-5.365,2.185,60.82,0.0088,14,Middle,43.88,-1,-1,UNKNOWN,None
450.604,133.338,2206.402,-5.382,2.168,60.91,0.0088,14,Middle,43.6,-1,-1,UNKNOWN,None
450.629,133.354,2206.686,-5.399,2.151,60.94,0.0088,14,Middle,43.31,-1,-1,UNKNOWN,None
450.629,133.37,2206.827,-5.408,2.142,60.94,0.0088,14,Middle,43.17,-1,-1,UNKNOWN,None
450.661,133.387,2207.227,-5.431,2.119,60.9,0.0088,14,Middle,42.77,-1,-1,UNKNOWN,None
450.678,133.403,2207.508,-5.447,2.103,60.84,0.0088,14,Middle,42.49,-1,-1,UNKNOWN,None
450.686,133.419,2207.789,-5.463,2.087,60.76,0.0088,14,Middle,42.21,-1,-1,UNKNOWN,None
450.703,133.434,2208.076,-5.479,2.071,60.64,0.0088,14,Middle,41.92,-1,-1,UNKNOWN,None
450.72,133.451,2208.356,-5.495,2.055,60.51,0.0088,14,Middle,41.64,-1,-1,UNKNOWN,None
450.745,133.466,2208.635,-5.51,2.04,60.36,0.0088,14,Middle,41.36,-1,-1,UNKNOWN,None
450.754,133.482,2208.93,-5.526,2.024,60.18,0.0088,14,Middle,41.07,-1,-1,UNKNOWN,None
450.762,133.498,2209.072,-5.533,2.017,60.09,0.0088,14,Middle,40.93,-1,-1,UNKNOWN,None
450.788,133.514,2209.353,-5.548,2.002,59.9,0.0088,14,Middle,40.65,-1,-1,UNKNOWN,None
450.796,133.53,2209.629,-5.562,1.988,59.71,0.0088,14,Middle,40.37,-1,-1,UNKNOWN,None
450.821,133.547,2209.904,-5.576,1.974,59.51,0.0088,14,Middle,40.1,-1,-1,UNKNOWN,None
450.838,133.563,2210.179,-5.59,1.96,59.32,0.0088,14,Middle,39.82,-1,-1,UNKNOWN,None
450.846,133.578,2210.452,-5.603,1.947,59.13,0.0088,14,Middle,39.55,-1,-1,UNKNOWN,None
450.873,133.594,2210.762,-5.618,1.932,58.93,0.0088,14,Middle,39.24,-1,-1,UNKNOWN,None
450.882,133.61,2211.034,-5.631,1.919,58.78,0.0088,14,Middle,38.97,-1,-1,UNKNOWN,None
450.898,133.626,2211.305,-5.644,1.906,58.64,0.0088,14,Middle,38.69,-1,-1,UNKNOWN,None
450.907,133.643,2211.441,-5.65,1.9,58.59,0.0088,14,Middle,38.56,-1,-1,UNKNOWN,None
450.923,133.659,2211.711,-5.662,1.888,58.49,0.0088,14,Middle,38.29,-1,-1,UNKNOWN,None
450.948,133.675,2211.981,-5.674,1.876,58.42,0.0088,14,Middle,38.02,-1,-1,UNKNOWN,None
450.965,133.693,2212.251,-5.686,1.864,58.38,0.0088,14,Middle,37.75,-1,-1,UNKNOWN,None
450.982,133.706,2212.534,-5.698,1.852,58.38,0.0088,14,Middle,37.47,-1,-1,UNKNOWN,None
450.991,133.723,2212.804,-5.71,1.84,58.4,0.0088,14,Middle,37.2,-1,-1,UNKNOWN,None
451.008,133.739,2213.079,-5.721,1.829,58.44,0.0088,14,Middle,36.92,-1,-1,UNKNOWN,None
451.024,133.754,2213.349,-5.732,1.818,58.51,0.0088,14,Middle,36.65,-1,-1,UNKNOWN,None
451.049,133.771,2213.62,-5.742,1.808,58.59,0.0088,14,Middle,36.38,-1,-1,UNKNOWN,None
451.058,133.787,2213.892,-5.753,1.797,58.69,0.0088,14,Middle,36.11,-1,-1,UNKNOWN,None
451.083,133.803,2214.164,-5.763,1.787,58.81,0.0088,14,Middle,35.84,-1,-1,UNKNOWN,None
451.083,133.819,2214.3,-5.768,1.782,58.87,0.0088,14,Middle,35.7,-1,-1,UNKNOWN,None
451.108,133.834,2214.573,-5.777,1.773,59.0,0.0088,14,Middle,35.43,-1,-1,UNKNOWN,None
451.124,133.85,2214.846,-5.787,1.763,59.14,0.0088,14,Middle,35.15,-1,-1,UNKNOWN,None
451.141,133.867,2215.125,-5.797,1.753,59.29,0.0088,14,Middle,34.88,-1,-1,UNKNOWN,None
451.158,133.883,2215.4,-5.806,1.744,59.44,0.0088,14,Middle,34.6,-1,-1,UNKNOWN,None
451.175,133.899,2215.678,-5.815,1.735,59.61,0.0088,14,Middle,34.32,-1,-1,UNKNOWN,None
451.193,133.915,2215.976,-5.824,1.726,59.79,0.0088,14,Middle,34.02,-1,-1,UNKNOWN,None
451.205,133.931,2216.186,-5.831,1.719,59.93,0.0088,14,Middle,33.81,-1,-1,UNKNOWN,None
451.222,133.947,2216.464,-5.839,1.711,60.11,0.0088,14,Middle,33.54,-1,-1,UNKNOWN,None
451.23,133.962,2216.743,-5.847,1.703,60.29,0.0088,14,Middle,33.26,-1,-1,UNKNOWN,None
451.247,133.979,2217.029,-5.855,1.695,60.47,0.0088,14,Middle,32.97,-1,-1,UNKNOWN,None
451.272,133.994,2217.31,-5.863,1.687,60.63,0.0088,14,Middle,32.69,-1,-1,UNKNOWN,None
451.282,134.011,2217.622,-5.871,1.679,60.77,0.0088,14,Middle,32.38,-1,-1,UNKNOWN,None
451.299,134.027,2217.762,-5.875,1.675,60.82,0.0088,14,Middle,32.24,-1,-1,UNKNOWN,None
451.316,134.042,2218.049,-5.882,1.668,60.9,0.0088,14,Middle,31.95,-1,-1,UNKNOWN,None
451.333,134.059,2218.331,-5.889,1.661,60.93,0.0088,14,Middle,31.67,-1,-1,UNKNOWN,None
451.341,134.075,2218.63,-5.896,1.654,60.91,0.0088,14,Middle,31.37,-1,-1,UNKNOWN,None
451.361,134.091,2218.948,-5.903,1.647,60.85,0.0088,14,Middle,31.05,-1,-1,UNKNOWN,None
451.378,134.105,2219.089,-5.907,1.643,60.81,0.0088,14,Middle,30.91,-1,-1,UNKNOWN,None
451.403,134.123,2219.51,-5.915,1.635,60.65,0.0088,14,Middle,30.49,-1,-1,UNKNOWN,None
451.403,134.138,2219.653,-5.918,1.632,60.59,0.0088,14,Middle,30.35,-1,-1,UNKNOWN,None
451.428,134.154,2219.933,-5.924,1.626,60.44,0.0088,14,Middle,30.07,-1,-1,UNKNOWN,None
451.438,134.17,2220.234,-5.929,1.621,60.27,0.0088,14,Middle,29.77,-1,-1,UNKNOWN,None
451.454,134.186,2220.512,-5.934,1.616,60.1,0.0088,14,Middle,29.49,-1,-1,UNKNOWN,None
451.479,134.201,2220.792,-5.939,1.611,59.91,0.0088,14,Middle,29.21,-1,-1,UNKNOWN,None
451.488,134.217,2221.068,-5.944,1.606,59.71,0.0088,14,Middle,28.93,-1,-1,UNKNOWN,None
451.505,134.234,2221.355,-5.948,1.602,59.5,0.0088,14,Middle,28.64,-1,-1,UNKNOWN,None
451.513,134.249,2221.498,-5.95,1.6,59.4,0.0088,14,Middle,28.5,-1,-1,UNKNOWN,None
451.53,134.266,2221.772,-5.954,1.596,59.2,0.0088,14,Middle,28.23,-1,-1,UNKNOWN,None
451.555,134.282,2222.046,-5.957,1.593,59.02,0.0088,14,Middle,27.95,-1,-1,UNKNOWN,None
451.572,134.298,2222.318,-5.961,1.589,58.85,0.0088,14,Middle,27.68,-1,-1,UNKNOWN,None
451.58,134.314,2222.59,-5.964,1.586,58.7,0.0088,14,Middle,27.41,-1,-1,UNKNOWN,None
451.597,134.329,2222.873,-5.967,1.583,58.57,0.0091,14,Middle,27.13,-1,-1,UNKNOWN,None
451.616,134.346,2223.175,-5.97,1.58,58.46,0.0091,14,Middle,26.83,-1,-1,UNKNOWN,None
451.641,134.362,2223.445,-5.972,1.578,58.39,0.0092,14,Middle,26.55,-1,-1,UNKNOWN,None
451.65,134.378,2223.716,-5.974,1.576,58.36,0.0095,14,Middle,26.28,-1,-1,UNKNOWN,None
451.666,134.394,2223.986,-5.976,1.574,58.35,0.0097,14,Middle,26.01,-1,-1,UNKNOWN,None
451.683,134.41,2224.121,-5.976,1.574,58.36,0.01,14,Middle,25.88,-1,-1,UNKNOWN,None
451.691,134.426,2224.391,-5.978,1.572,58.4,0.0104,14,Middle,25.61,-1,-1,UNKNOWN,None
451.716,134.442,2224.662,-5.979,1.571,58.45,0.0111,14,Middle,25.34,-1,-1,UNKNOWN,None
451.733,134.459,2224.933,-5.98,1.57,58.52,0.0126,14,Middle,25.07,-1,-1,UNKNOWN,None
451.75,134.475,2225.204,-5.98,1.57,58.61,0.0143,14,Middle,24.8,-1,-1,UNKNOWN,None
451.766,134.49,2225.476,-5.98,1.57,58.72,0.0158,14,Middle,24.52,-1,-1,UNKNOWN,None
451.775,134.507,2225.748,-5.98,1.57,58.84,0.0171,14,Middle,24.25,-1,-1,UNKNOWN,None
451.791,134.523,2226.021,-5.98,1.57,58.97,0.019,14,Middle,23.98,-1,-1,UNKNOWN,None
451.816,134.539,2226.295,-5.979,1.571,59.11,0.0209,14,Middle,23.7,-1,-1,UNKNOWN,None
451.825,134.554,2226.572,-5.977,1.573,59.26,0.0225,14,Middle,23.43,-1,-1,UNKNOWN,None
451.843,134.57,2226.727,-5.976,1.574,59.34,0.0245,14,Middle,23.27,-1,-1,UNKNOWN,None
451.851,134.587,2227.002,-5.974,1.576,59.5,0.0264,14,Middle,23.0,-1,-1,UNKNOWN,None
451.868,134.601,2227.349,-5.971,1.579,59.71,0.0287,14,Middle,22.65,-1,-1,UNKNOWN,None
451.889,134.619,2227.634,-5.968,1.582,59.89,0.0304,14,Middle,22.37,-1,-1,UNKNOWN,None
451.897,134.635,2227.805,-5.965,1.585,60.0,0.0322,14,Middle,22.2,-1,-1,UNKNOWN,None
451.926,134.65,2228.108,-5.961,1.589,60.19,0.0338,14,Middle,21.89,-1,-1,UNKNOWN,None
451.926,134.666,2228.251,-5.958,1.592,60.28,0.0338,14,Middle,21.75,-1,-1,UNKNOWN,None
451.951,134.682,2228.671,-5.95,1.6,60.55,0.0338,14,Middle,21.33,-1,-1,UNKNOWN,None
451.968,134.698,2228.952,-5.944,1.606,60.71,0.0338,14,Middle,21.05,-1,-1,UNKNOWN,None
451.993,134.714,2229.244,-5.937,1.613,60.85,0.0338,14,Middle,20.76,-1,-1,UNKNOWN,None
452.002,134.73,2229.526,-5.93,1.62,60.94,0.0338,14,Middle,20.47,-1,-1,UNKNOWN,None
452.018,134.746,2229.809,-5.922,1.628,61.0,0.0338,14,Middle,20.19,-1,-1,UNKNOWN,None
452.027,134.763,2229.966,-5.917,1.633,61.01,0.0338,14,Middle,20.03,-1,-1,UNKNOWN,None
452.053,134.778,2230.248,-5.908,1.642,60.99,0.0338,14,Middle,19.75,-1,-1,UNKNOWN,None
452.069,134.794,2230.531,-5.898,1.652,60.94,0.0338,14,Middle,19.47,-1,-1,UNKNOWN,None
452.069,134.81,2230.671,-5.892,1.658,60.91,0.0338,14,Middle,19.33,-1,-1,UNKNOWN,None
452.086,134.827,2230.953,-5.882,1.668,60.81,0.0338,14,Middle,19.05,-1,-1,UNKNOWN,None
452.12,134.843,2231.385,-5.863,1.687,60.62,0.0338,14,Middle,18.62,-1,-1,UNKNOWN,None
452.129,134.858,2231.674,-5.85,1.7,60.46,0.0338,14,Middle,18.33,-1,-1,UNKNOWN,None
452.145,134.875,2231.953,-5.837,1.713,60.3,0.0338,14,Middle,18.05,-1,-1,UNKNOWN,None
452.154,134.891,2232.096,-5.829,1.721,60.21,0.0366,14,Middle,17.9,-1,-1,UNKNOWN,None
452.171,134.907,2232.373,-5.815,1.735,60.02,0.0366,14,Middle,17.63,-1,-1,UNKNOWN,None
452.187,134.923,2232.65,-5.799,1.751,59.82,0.0366,14,Middle,17.35,-1,-1,UNKNOWN,None
452.212,134.939,2232.926,-5.783,1.767,59.62,0.0324,14,Middle,17.07,-1,-1,UNKNOWN,None
452.229,134.955,2233.207,-5.766,1.784,59.41,0.0311,14,Middle,16.79,-1,-1,UNKNOWN,None
452.238,134.971,2233.489,-5.748,1.802,59.2,0.0295,14,Middle,16.51,-1,-1,UNKNOWN,None
452.265,134.986,2233.794,-5.727,1.823,58.99,0.0279,14,Middle,16.21,-1,-1,UNKNOWN,None
452.274,135.003,2234.066,-5.708,1.842,58.81,0.0267,14,Middle,15.93,-1,-1,UNKNOWN,None
452.299,135.019,2234.337,-5.689,1.861,58.65,0.025,14,Middle,15.66,-1,-1,UNKNOWN,None
452.307,135.035,2234.607,-5.668,1.882,58.51,0.0237,14,Middle,15.39,-1,-1,UNKNOWN,None
452.325,135.051,2234.763,-5.656,1.894,58.44,0.0225,14,Middle,15.24,-1,-1,UNKNOWN,None
452.342,135.067,2235.033,-5.634,1.916,58.34,0.0213,14,Middle,14.97,-1,-1,UNKNOWN,None
452.35,135.083,2235.302,-5.612,1.938,58.27,0.0206,14,Middle,14.7,-1,-1,UNKNOWN,None
452.367,135.099,2235.571,-5.589,1.961,58.23,0.0193,14,Middle,14.43,-1,-1,UNKNOWN,None
452.392,135.115,2235.839,-5.566,1.984,58.22,0.0181,14,Middle,14.16,-1,-1,UNKNOWN,None
452.392,135.13,2235.973,-5.554,1.996,58.23,0.0174,14,Middle,14.03,-1,-1,UNKNOWN,None
452.425,135.146,2236.376,-5.517,2.033,58.28,0.0167,14,Middle,13.62,-1,-1,UNKNOWN,None
452.434,135.163,2236.655,-5.49,2.06,58.35,0.0158,14,Middle,13.35,-1,-1,UNKNOWN,None
452.442,135.178,2236.789,-5.477,2.073,58.39,0.0151,14,Middle,13.21,-1,-1,UNKNOWN,None
452.459,135.194,2237.059,-5.451,2.099,58.48,0.0146,14,Middle,12.94,-1,-1,UNKNOWN,None
452.484,135.21,2237.328,-5.423,2.127,58.58,0.0142,14,Middle,12.67,-1,-1,UNKNOWN,None
452.484,135.226,2237.463,-5.41,2.14,58.64,0.0139,14,Middle,12.54,-1,-1,UNKNOWN,None
452.501,135.242,2237.746,-5.38,2.17,58.77,0.0135,14,Middle,12.25,-1,-1,UNKNOWN,None
452.535,135.258,2238.155,-5.336,2.214,58.98,0.0132,14,Middle,11.85,-1,-1,UNKNOWN,None
452.551,135.273,2238.427,-5.307,2.243,59.13,0.013,14,Middle,11.57,-1,-1,UNKNOWN,None
452.568,135.29,2238.699,-5.276,2.274,59.28,0.0127,14,Middle,11.3,-1,-1,UNKNOWN,None
452.578,135.306,2238.867,-5.257,2.293,59.38,0.0126,14,Middle,11.13,-1,-1,UNKNOWN,None
452.591,135.323,2239.22,-5.217,2.333,59.6,0.012,14,Middle,10.78,-1,-1,UNKNOWN,None
452.616,135.339,2239.495,-5.185,2.365,59.77,0.0117,14,Middle,10.5,-1,-1,UNKNOWN,None
452.625,135.353,2239.772,-5.152,2.398,59.95,0.0116,14,Middle,10.23,-1,-1,UNKNOWN,None
452.642,135.371,2240.051,-5.119,2.431,60.14,0.0113,14,Middle,9.95,-1,-1,UNKNOWN,None
452.65,135.387,2240.208,-5.1,2.45,60.24,0.0113,14,Middle,9.79,-1,-1,UNKNOWN,None
452.676,135.403,2240.489,-5.065,2.485,60.43,0.0113,14,Middle,9.51,-1,-1,UNKNOWN,None
452.685,135.418,2240.768,-5.031,2.519,60.6,0.0113,14,Middle,9.23,-1,-1,UNKNOWN,None
452.701,135.433,2241.047,-4.995,2.555,60.75,0.0113,14,Middle,8.95,-1,-1,UNKNOWN,None
452.726,135.451,2241.326,-4.96,2.59,60.86,0.0113,14,Middle,8.67,-1,-1,UNKNOWN,None
452.743,135.467,2241.606,-4.924,2.626,60.94,0.0113,14,Middle,8.39,-1,-1,UNKNOWN,None
452.751,135.482,2241.886,-4.887,2.663,60.98,0.0113,14,Middle,8.11,-1,-1,UNKNOWN,None
452.769,135.498,2242.188,-4.848,2.702,60.96,0.0113,14,Middle,7.81,-1,-1,UNKNOWN,None
452.786,135.514,2242.468,-4.81,2.74,60.92,0.0113,14,Middle,7.53,-1,-1,UNKNOWN,Left_Broken
452.794,135.53,2242.607,-4.792,2.758,60.88,0.0113,14,Middle,7.39,-1,-1,UNKNOWN,None
452.819,135.546,2242.886,-4.754,2.796,60.79,0.0113,14,Middle,7.11,-1,-1,UNKNOWN,None
452.837,135.562,2243.174,-4.714,2.836,60.66,0.0113,14,Middle,6.83,-1,-1,UNKNOWN,None
452.837,135.578,2243.312,-4.695,2.855,60.6,0.0076,14,Middle,6.69,-1,-1,UNKNOWN,None
452.853,135.594,2243.593,-4.657,2.893,60.45,0.0076,14,Middle,6.41,-1,-1,UNKNOWN,None
452.87,135.61,2243.87,-4.618,2.932,60.29,0.0075,14,Middle,6.13,-1,-1,UNKNOWN,None
452.895,135.627,2244.291,-4.559,2.991,60.02,0.0075,14,Middle,5.71,-1,-1,UNKNOWN,None
452.912,135.642,2244.565,-4.52,3.03,59.83,0.0075,14,Middle,5.43,-1,-1,UNKNOWN,None
452.932,135.658,2244.758,-4.492,3.058,59.69,0.0075,14,Middle,5.24,-1,-1,UNKNOWN,None
452.946,135.674,2244.989,-4.459,3.091,59.52,0.0075,14,Middle,5.01,-1,-1,UNKNOWN,None
452.965,135.691,2245.297,-4.414,3.136,59.3,0.0075,14,Middle,4.7,-1,-1,UNKNOWN,None
452.974,135.707,2245.568,-4.374,3.176,59.1,0.0075,14,Middle,4.43,-1,-1,UNKNOWN,None
452.99,135.723,2245.84,-4.334,3.216,58.92,0.0075,14,Middle,4.16,-1,-1,UNKNOWN,None
452.999,135.739,2245.975,-4.314,3.236,58.83,0.0075,14,Middle,4.03,-1,-1,UNKNOWN,None
453.032,135.755,2246.378,-4.254,3.296,58.6,0.0075,14,Middle,3.62,-1,-1,UNKNOWN,None
453.04,135.77,2246.646,-4.214,3.336,58.48,0.0075,14,Middle,3.35,-1,-1,UNKNOWN,None
453.057,135.787,2246.913,-4.174,3.376,58.38,0.0075,14,Middle,3.09,-1,-1,UNKNOWN,Left_Broken
453.083,135.803,2247.192,-4.131,3.419,58.31,0.0075,14,Middle,2.81,-1,-1,UNKNOWN,None
453.083,135.819,2247.326,-4.111,3.439,58.29,0.0075,14,Middle,2.67,-1,-1,UNKNOWN,None
453.108,135.835,2247.592,-4.07,3.48,58.27,0.0075,14,Middle,2.41,-1,-1,UNKNOWN,None
453.126,135.851,2247.876,-4.026,3.524,58.28,0.0075,14,Middle,2.12,-1,-1,UNKNOWN,None
453.134,135.867,2248.142,-3.984,3.566,58.32,0.0072,14,Middle,1.86,-1,-1,UNKNOWN,None
453.159,135.883,2248.409,-3.942,3.608,58.37,0.0072,14,Middle,1.59,-1,-1,UNKNOWN,None
453.176,135.899,2248.677,-3.9,3.65,58.45,0.0069,14,Middle,1.32,-1,-1,UNKNOWN,None
453.192,135.915,2248.944,-3.858,3.692,58.54,0.0069,14,Middle,1.06,-1,-1,UNKNOWN,None
453.201,135.929,2249.212,-3.815,3.735,58.65,0.0068,14,Middle,0.79,-1,-1,UNKNOWN,None
453.209,135.947,2249.347,-3.793,3.757,58.71,0.0065,14,Middle,0.65,-1,-1,UNKNOWN,None
453.234,135.962,2249.753,-3.728,3.822,58.9,0.0062,14,Middle,0.25,-1,-1,UNKNOWN,None
453.251,135.978,2249.887,-3.706,3.844,58.97,0.006,14,Middle,0.11,-1,-1,UNKNOWN,None
453.259,135.994,2250.158,-3.663,3.887,59.12,0.0056,15,Middle,149.84,-1,-1,UNKNOWN,None
453.277,136.01,2250.305,-3.639,3.911,59.2,0.005,15,Middle,149.69,-1,-1,UNKNOWN,None
453.296,136.026,2250.75,-3.566,3.984,59.46,0.0044,15,Middle,149.25,-1,-1,UNKNOWN,None
453.312,136.043,2251.023,-3.521,4.029,59.63,0.004,15,Middle,148.98,-1,-1,UNKNOWN,None
453.337,136.058,2251.296,-3.476,4.074,59.8,0.003,15,Middle,148.7,-1,-1,UNKNOWN,None
453.346,136.074,2251.57,-3.431,4.119,59.98,0.0023,15,Middle,148.43,-1,-1,UNKNOWN,None
453.362,136.09,2251.844,-3.385,4.165,60.17,0.0014,15,Middle,148.16,-1,-1,UNKNOWN,None
453.371,136.106,2251.982,-3.363,4.187,60.26,0.0014,15,Middle,148.02,-1,-1,UNKNOWN,None
453.396,136.122,2252.26,-3.316,4.234,60.45,0.0014,15,Middle,147.74,-1,-1,UNKNOWN,None
453.413,136.138,2252.54,-3.27,4.28,60.62,0.0014,15,Middle,147.46,-1,-1,UNKNOWN,None
453.422,136.154,2252.829,-3.221,4.329,60.78,-0.0031,15,Middle,147.17,-1,-1,UNKNOWN,None
453.448,136.17,2253.135,-3.17,4.38,60.92,-0.0031,15,Middle,146.87,-1,-1,UNKNOWN,None
453.448,136.186,2253.314,-3.14,4.41,61.0,-0.0031,15,Middle,146.69,-1,-1,UNKNOWN,None
453.467,136.2,2253.596,-3.093,4.457,61.09,-0.0031,15,Middle,146.4,-1,-1,UNKNOWN,None
453.486,136.217,2253.951,-3.033,4.517,61.16,-0.0031,15,Middle,146.05,-1,-1,UNKNOWN,Left_Broken
453.497,136.234,2254.1,-3.008,4.542,61.17,-0.0031,15,Middle,145.9,-1,-1,UNKNOWN,None
453.523,136.25,2254.39,-2.959,4.591,61.14,-0.0107,15,Middle,145.61,-1,-1,UNKNOWN,None
453.54,136.265,2254.669,-2.912,4.638,61.09,-0.0107,15,Middle,145.33,-1,-1,UNKNOWN,None
453.557,136.281,2254.948,-2.866,4.684,61.01,-0.0133,15,Middle,145.05,-1,-1,UNKNOWN,None
453.573,136.298,2255.226,-2.819,4.731,60.9,-0.0133,15,Middle,144.77,-1,-1,UNKNOWN,None
453.59,136.315,2255.512,-2.772,4.778,60.77,-0.0133,15,Middle,144.49,-1,-1,UNKNOWN,None
453.59,136.33,2255.651,-2.748,4.802,60.7,-0.0133,15,Middle,144.35,-1,-1,UNKNOWN,None
453.616,136.347,2256.067,-2.679,4.871,60.46,-0.0133,15,Middle,143.93,-1,-1,UNKNOWN,None
453.632,136.363,2256.205,-2.657,4.893,60.37,-0.0196,15,Middle,143.8,-1,-1,UNKNOWN,None
453.652,136.379,2256.532,-2.603,4.947,60.15,-0.0196,15,Middle,143.47,-1,-1,UNKNOWN,None
453.669,136.395,2256.806,-2.558,4.992,59.96,-0.0213,15,Middle,143.19,-1,-1,UNKNOWN,None
453.685,136.411,2257.079,-2.514,5.036,59.77,-0.0223,15,Middle,142.92,-1,-1,UNKNOWN,None
453.702,136.426,2257.352,-2.47,5.08,59.57,-0.0232,15,Middle,142.65,-1,-1,UNKNOWN,None
453.719,136.442,2257.625,-2.426,5.124,59.39,-0.0241,15,Middle,142.37,-1,-1,UNKNOWN,None
453.719,136.458,2257.761,-2.404,5.146,59.3,-0.0248,15,Middle,142.24,-1,-1,UNKNOWN,None
453.752,136.474,2258.167,-2.34,5.21,59.05,-0.0258,15,Middle,141.83,-1,-1,UNKNOWN,Left_Broken
453.752,136.49,2258.302,-2.319,5.231,58.98,-0.0264,15,Middle,141.7,-1,-1,UNKNOWN,None
453.769,136.507,2258.59,-2.275,5.275,58.85,-0.027,15,Middle,141.41,-1,-1,UNKNOWN,None
453.787,136.522,2258.859,-2.233,5.317,58.75,-0.0276,15,Middle,141.14,-1,-1,UNKNOWN,None
453.812,136.538,2259.133,-2.192,5.358,58.68,-0.028,15,Middle,140.87,-1,-1,UNKNOWN,None
453.829,136.554,2259.402,-2.152,5.398,58.64,-0.0286,15,Middle,140.6,-1,-1,UNKNOWN,None
453.837,136.571,2259.67,-2.112,5.438,58.64,-0.0288,15,Middle,140.33,-1,-1,UNKNOWN,None
453.862,136.587,2259.939,-2.073,5.477,58.66,-0.0292,15,Middle,140.06,-1,-1,UNKNOWN,None
453.873,136.602,2260.119,-2.047,5.503,58.68,-0.0295,15,Middle,139.88,-1,-1,UNKNOWN,None
453.893,136.619,2260.439,-2.001,5.549,58.75,-0.0295,15,Middle,139.56,-1,-1,UNKNOWN,None
453.91,136.635,2260.709,-1.963,5.587,58.83,-0.0295,15,Middle,139.29,-1,-1,UNKNOWN,None
453.927,136.651,2260.983,-1.926,5.624,58.92,-0.0295,15,Middle,139.02,-1,-1,UNKNOWN,None
453.927,136.667,2261.146,-1.903,5.647,58.99,-0.0295,15,Middle,138.85,-1,-1,UNKNOWN,None
453.954,136.683,2261.565,-1.847,5.703,59.17,-0.0295,15,Middle,138.44,-1,-1,UNKNOWN,None
453.973,136.699,2261.735,-1.825,5.725,59.25,-0.0295,15,Middle,138.26,-1,-1,UNKNOWN,None
453.981,136.714,2262.036,-1.786,5.764,59.41,-0.0295,15,Middle,137.96,-1,-1,UNKNOWN,None
453.991,136.731,2262.201,-1.765,5.785,59.5,-0.0295,15,Middle,137.8,-1,-1,UNKNOWN,None
454.012,136.747,2262.512,-1.726,5.824,59.67,-0.0295,15,Middle,137.49,-1,-1,UNKNOWN,None
454.029,136.763,2262.787,-1.693,5.857,59.83,-0.0295,15,Middle,137.21,-1,-1,UNKNOWN,None
454.054,136.779,2263.062,-1.66,5.89,60.0,-0.0295,15,Middle,136.94,-1,-1,UNKNOWN,None
454.062,136.795,2263.344,-1.627,5.923,60.17,-0.0292,15,Middle,136.66,-1,-1,UNKNOWN,None
454.07,136.81,2263.482,-1.611,5.939,60.26,-0.0292,15,Middle,136.52,-1,-1,UNKNOWN,None
454.104,136.827,2263.904,-1.563,5.987,60.52,-0.0292,15,Middle,136.1,-1,-1,UNKNOWN,None
454.112,136.842,2264.183,-1.533,6.017,60.67,-0.0292,15,Middle,135.82,-1,-1,UNKNOWN,None
454.137,136.858,2264.463,-1.503,6.047,60.8,-0.0292,15,Middle,135.54,-1,-1,UNKNOWN,None
454.146,136.875,2264.603,-1.488,6.062,60.85,-0.0292,15,Middle,135.4,-1,-1,UNKNOWN,None
454.162,136.891,2265.024,-1.445,6.105,60.95,-0.0292,15,Middle,134.98,-1,-1,UNKNOWN,None
454.171,136.906,2265.164,-1.431,6.119,60.96,-0.0292,15,Middle,134.84,-1,-1,UNKNOWN,None
454.187,136.922,2265.445,-1.404,6.146,60.94,-0.0292,15,Middle,134.55,-1,-1,UNKNOWN,None
454.213,136.938,2265.728,-1.377,6.173,60.89,-0.0292,15,Middle,134.27,-1,-1,UNKNOWN,None
454.221,136.954,2266.008,-1.351,6.199,60.81,-0.0292,15,Middle,133.99,-1,-1,UNKNOWN,None
454.229,136.97,2266.149,-1.338,6.212,60.76,-0.0292,15,Middle,133.85,-1,-1,UNKNOWN,None
454.254,136.986,2266.569,-1.301,6.249,60.58,-0.0292,15,Middle,133.43,-1,-1,UNKNOWN,None
454.28,137.002,2266.858,-1.277,6.273,60.42,-0.0292,15,Middle,133.14,-1,-1,UNKNOWN,None
454.297,137.022,2267.136,-1.254,6.296,60.26,-0.0209,15,Middle,132.86,-1,-1,UNKNOWN,None
454.305,137.033,2267.275,-1.243,6.307,60.17,-0.02,15,Middle,132.72,-1,-1,UNKNOWN,None
454.322,137.051,2267.69,-1.211,6.339,59.91,-0.02,15,Middle,132.31,-1,-1,UNKNOWN,None
454.339,137.067,2267.973,-1.19,6.36,59.72,-0.0186,15,Middle,132.03,-1,-1,UNKNOWN,None
454.347,137.082,2268.111,-1.18,6.37,59.62,-0.0181,15,Middle,131.89,-1,-1,UNKNOWN,None
454.372,137.098,2268.385,-1.16,6.39,59.44,-0.0177,15,Middle,131.61,-1,-1,UNKNOWN,None
454.389,137.115,2268.659,-1.141,6.409,59.25,-0.0174,15,Middle,131.34,-1,-1,UNKNOWN,None
454.405,137.131,2268.932,-1.123,6.427,59.08,-0.0172,15,Middle,131.07,-1,-1,UNKNOWN,None
454.414,137.147,2269.205,-1.106,6.444,58.93,-0.017,15,Middle,130.8,-1,-1,UNKNOWN,None
454.439,137.162,2269.478,-1.089,6.461,58.79,-0.0168,15,Middle,130.52,-1,-1,UNKNOWN,None
454.447,137.178,2269.749,-1.073,6.477,58.67,-0.0168,15,Middle,130.25,-1,-1,UNKNOWN,None
454.464,137.194,2270.02,-1.057,6.493,58.58,-0.0168,15,Middle,129.98,-1,-1,UNKNOWN,None
454.48,137.209,2270.291,-1.042,6.508,58.52,-0.0168,15,Middle,129.71,-1,-1,UNKNOWN,None
454.489,137.225,2270.448,-1.034,6.516,58.5,-0.0168,15,Middle,129.55,-1,-1,UNKNOWN,None
454.507,137.241,2270.719,-1.02,6.53,58.49,-0.0168,15,Middle,129.28,-1,-1,UNKNOWN,None
454.532,137.257,2270.996,-1.006,6.544,58.51,-0.0168,15,Middle,129.0,-1,-1,UNKNOWN,None
454.541,137.273,2271.267,-0.993,6.557,58.55,-0.0168,15,Middle,128.73,-1,-1,UNKNOWN,None
454.549,137.29,2271.414,-0.986,6.564,58.58,-0.0168,15,Middle,128.59,-1,-1,UNKNOWN,None
454.584,137.307,2271.834,-0.968,6.582,58.7,-0.0168,15,Middle,128.17,-1,-1,UNKNOWN,None
454.592,137.322,2272.106,-0.957,6.593,58.8,-0.0168,15,Middle,127.89,-1,-1,UNKNOWN,None
454.617,137.338,2272.379,-0.946,6.604,58.91,-0.0168,15,Middle,127.62,-1,-1,UNKNOWN,None
454.625,137.355,2272.652,-0.936,6.614,59.03,-0.0168,15,Middle,127.35,-1,-1,UNKNOWN,None
454.634,137.37,2272.788,-0.931,6.619,59.09,-0.0168,15,Middle,127.21,-1,-1,UNKNOWN,None
454.65,137.386,2273.062,-0.922,6.628,59.23,-0.0168,15,Middle,126.94,-1,-1,UNKNOWN,None
454.667,137.403,2273.337,-0.913,6.637,59.38,-0.0168,15,Middle,126.66,-1,-1,UNKNOWN,None
454.684,137.419,2273.612,-0.905,6.645,59.54,-0.0168,15,Middle,126.39,-1,-1,UNKNOWN,None
454.692,137.435,2273.75,-0.901,6.649,59.62,-0.0168,15,Middle,126.25,-1,-1,UNKNOWN,None
454.717,137.45,2274.166,-0.89,6.66,59.87,-0.0168,15,Middle,125.83,-1,-1,UNKNOWN,None
454.734,137.466,2274.443,-0.883,6.667,60.04,-0.0168,15,Middle,125.56,-1,-1,UNKNOWN,None
454.759,137.482,2274.722,-0.876,6.674,60.22,-0.0168,15,Middle,125.28,-1,-1,UNKNOWN,None
454.759,137.499,2274.862,-0.873,6.677,60.3,-0.0168,15,Middle,125.14,-1,-1,UNKNOWN,None
454.784,137.514,2275.282,-0.865,6.685,60.54,-0.0168,15,Middle,124.72,-1,-1,UNKNOWN,None
454.8,137.531,2275.563,-0.86,6.69,60.67,-0.0168,15,Middle,124.44,-1,-1,UNKNOWN,None
454.817,137.546,2275.844,-0.855,6.695,60.77,-0.0168,15,Middle,124.16,-1,-1,UNKNOWN,None
454.834,137.563,2276.125,-0.851,6.699,60.83,-0.0168,15,Middle,123.87,-1,-1,UNKNOWN,None
454.851,137.579,2276.412,-0.848,6.702,60.85,-0.0168,15,Middle,123.59,-1,-1,UNKNOWN,None
454.859,137.594,2276.552,-0.846,6.704,60.85,-0.0168,15,Middle,123.45,-1,-1,UNKNOWN,None
454.884,137.611,2276.834,-0.843,6.707,60.82,-0.0168,15,Middle,123.17,-1,-1,UNKNOWN,None
454.901,137.627,2277.115,-0.841,6.709,60.76,-0.0168,15,Middle,122.89,-1,-1,UNKNOWN,None
454.917,137.643,2277.396,-0.839,6.711,60.67,-0.0168,15,Middle,122.6,-1,-1,UNKNOWN,None
454.926,137.659,2277.677,-0.837,6.713,60.56,-0.0168,15,Middle,122.32,-1,-1,UNKNOWN,None
454.942,137.675,2277.956,-0.836,6.714,60.44,-0.0168,15,Middle,122.04,-1,-1,UNKNOWN,None
454.951,137.691,2278.096,-0.836,6.714,60.38,-0.0168,15,Middle,121.9,-1,-1,UNKNOWN,None
454.967,137.707,2278.375,-0.836,6.714,60.25,-0.0168,15,Middle,121.62,-1,-1,UNKNOWN,None
455.001,137.723,2278.793,-0.836,6.714,60.02,-0.0168,15,Middle,121.21,-1,-1,UNKNOWN,None
455.011,137.739,2279.101,-0.837,6.713,59.83,-0.0168,15,Middle,120.9,-1,-1,UNKNOWN,None
455.028,137.755,2279.239,-0.838,6.712,59.74,-0.0168,15,Middle,120.76,-1,-1,UNKNOWN,None
455.044,137.77,2279.515,-0.84,6.71,59.56,-0.0168,15,Middle,120.48,-1,-1,UNKNOWN,None
455.061,137.787,2279.79,-0.842,6.708,59.37,-0.0168,15,Middle,120.21,-1,-1,UNKNOWN,None
455.061,137.803,2279.927,-0.843,6.707,59.28,-0.0168,15,Middle,120.07,-1,-1,UNKNOWN,None
455.094,137.817,2280.338,-0.847,6.703,59.01,-0.0168,15,Middle,119.66,-1,-1,UNKNOWN,None
455.094,137.834,2280.477,-0.849,6.701,58.92,-0.0168,15,Middle,119.52,-1,-1,UNKNOWN,None
455.12,137.85,2280.888,-0.854,6.696,58.7,-0.0168,15,Middle,119.11,-1,-1,UNKNOWN,None
455.137,137.867,2281.166,-0.859,6.691,58.57,-0.0168,15,Middle,118.83,-1,-1,UNKNOWN,None
455.154,137.883,2281.451,-0.864,6.686,58.47,-0.0168,15,Middle,118.55,-1,-1,UNKNOWN,None
455.163,137.899,2281.594,-0.867,6.683,58.43,-0.0168,15,Middle,118.41,-1,-1,UNKNOWN,None
455.189,137.915,2281.875,-0.872,6.678,58.38,-0.0168,15,Middle,118.12,-1,-1,UNKNOWN,None
455.206,137.93,2282.16,-0.879,6.671,58.36,-0.0168,15,Middle,117.84,-1,-1,UNKNOWN,None
455.215,137.946,2282.438,-0.885,6.665,58.38,-0.0168,15,Middle,117.56,-1,-1,UNKNOWN,None
455.233,137.963,2282.598,-0.889,6.661,58.39,-0.0168,15,Middle,117.4,-1,-1,UNKNOWN,None
455.249,137.979,2282.982,-0.9,6.65,58.47,-0.0168,15,Middle,117.02,-1,-1,UNKNOWN,None
455.266,137.995,2283.262,-0.908,6.642,58.55,-0.0168,15,Middle,116.74,-1,-1,UNKNOWN,None
455.283,138.011,2283.535,-0.917,6.633,58.64,-0.0168,15,Middle,116.47,-1,-1,UNKNOWN,None
455.291,138.026,2283.67,-0.921,6.629,58.7,-0.0168,15,Middle,116.33,-1,-1,UNKNOWN,None
455.316,138.043,2283.943,-0.93,6.62,58.81,-0.0168,15,Middle,116.06,-1,-1,UNKNOWN,None
455.333,138.059,2284.216,-0.94,6.61,58.94,-0.0168,15,Middle,115.78,-1,-1,UNKNOWN,None
455.349,138.075,2284.489,-0.95,6.6,59.07,-0.0168,15,Middle,115.51,-1,-1,UNKNOWN,None
455.366,138.091,2284.763,-0.96,6.59,59.22,-0.0168,15,Middle,115.24,-1,-1,UNKNOWN,None
455.366,138.107,2284.9,-0.966,6.584,59.29,-0.0168,15,Middle,115.1,-1,-1,UNKNOWN,None
455.391,138.122,2285.313,-0.983,6.567,59.53,-0.0165,15,Middle,114.69,-1,-1,UNKNOWN,None
455.409,138.139,2285.603,-0.995,6.555,59.71,-0.0162,15,Middle,114.4,-1,-1,UNKNOWN,None
455.428,138.155,2285.796,-1.004,6.546,59.83,-0.0161,15,Middle,114.2,-1,-1,UNKNOWN,None
455.439,138.171,2286.117,-1.019,6.531,60.03,-0.0158,15,Middle,113.88,-1,-1,UNKNOWN,None
455.456,138.187,2286.396,-1.032,6.518,60.21,-0.0158,15,Middle,113.6,-1,-1,UNKNOWN,None
455.473,138.202,2286.678,-1.046,6.504,60.39,-0.0158,15,Middle,113.32,-1,-1,UNKNOWN,None
455.481,138.218,2286.819,-1.053,6.497,60.47,-0.0158,15,Middle,113.18,-1,-1,UNKNOWN,None
455.508,138.233,2287.129,-1.069,6.481,60.63,-0.0158,15,Middle,112.87,-1,-1,UNKNOWN,None
455.525,138.249,2287.418,-1.085,6.465,60.75,-0.0158,15,Middle,112.58,-1,-1,UNKNOWN,None
455.543,138.265,2287.719,-1.102,6.448,60.82,-0.0158,15,Middle,112.28,-1,-1,UNKNOWN,None
455.553,138.281,2288.019,-1.119,6.431,60.85,-0.0158,15,Middle,111.98,-1,-1,UNKNOWN,None
455.569,138.299,2288.319,-1.137,6.413,60.83,-0.0158,15,Middle,111.68,-1,-1,UNKNOWN,None
455.579,138.315,2288.459,-1.145,6.405,60.8,-0.0158,15,Middle,111.54,-1,-1,UNKNOWN,None
455.604,138.331,2288.74,-1.162,6.388,60.73,-0.0158,15,Middle,111.26,-1,-1,UNKNOWN,None
455.621,138.346,2289.036,-1.181,6.369,60.62,-0.0158,15,Middle,110.96,-1,-1,UNKNOWN,None
455.63,138.363,2289.315,-1.199,6.351,60.5,-0.0158,15,Middle,110.68,-1,-1,UNKNOWN,None
455.646,138.378,2289.594,-1.217,6.333,60.35,-0.0158,15,Middle,110.41,-1,-1,UNKNOWN,None
455.663,138.395,2289.919,-1.239,6.311,60.16,-0.0158,15,Middle,110.08,-1,-1,UNKNOWN,None
455.674,138.41,2290.084,-1.25,6.3,60.06,-0.0024,15,Middle,109.92,-1,-1,UNKNOWN,None
455.684,138.426,2290.245,-1.262,6.288,59.96,-0.0024,15,Middle,109.76,-1,-1,UNKNOWN,None
455.719,138.443,2290.659,-1.291,6.259,59.67,-0.0005,15,Middle,109.34,-1,-1,UNKNOWN,None
455.719,138.458,2290.796,-1.3,6.25,59.57,0.0007,15,Middle,109.2,-1,-1,UNKNOWN,None
455.752,138.475,2291.208,-1.33,6.22,59.28,0.0017,15,Middle,108.79,-1,-1,UNKNOWN,None
455.762,138.49,2291.508,-1.352,6.198,59.07,0.0025,15,Middle,108.49,-1,-1,UNKNOWN,None
455.77,138.505,2291.508,-1.352,6.198,59.07,0.0025,15,Middle,108.49,-1,-1,UNKNOWN,None
455.795,138.523,2291.914,-1.381,6.169,58.82,0.004,15,Middle,108.09,-1,-1,UNKNOWN,None
455.804,138.539,2292.188,-1.402,6.148,58.67,0.0044,15,Middle,107.81,-1,-1,UNKNOWN,None
455.829,138.555,2292.463,-1.422,6.128,58.54,0.0049,15,Middle,107.54,-1,-1,UNKNOWN,None
455.846,138.571,2292.737,-1.443,6.107,58.45,0.0053,15,Middle,107.26,-1,-1,UNKNOWN,None
455.854,138.586,2293.006,-1.463,6.087,58.38,0.0056,15,Middle,106.99,-1,-1,UNKNOWN,None
455.863,138.603,2293.141,-1.474,6.076,58.36,0.0058,15,Middle,106.86,-1,-1,UNKNOWN,None
455.896,138.619,2293.545,-1.505,6.045,58.34,0.006,15,Middle,106.45,-1,-1,UNKNOWN,None
455.913,138.635,2293.815,-1.525,6.025,58.36,0.006,15,Middle,106.19,-1,-1,UNKNOWN,None
455.921,138.651,2294.084,-1.546,6.004,58.4,0.006,15,Middle,105.92,-1,-1,UNKNOWN,None
455.938,138.666,2294.354,-1.567,5.983,58.47,0.006,15,Middle,105.65,-1,-1,UNKNOWN,None
455.954,138.682,2294.624,-1.588,5.962,58.55,0.006,15,Middle,105.38,-1,-1,UNKNOWN,None
455.971,138.698,2294.76,-1.599,5.951,58.6,0.006,15,Middle,105.24,-1,-1,UNKNOWN,None
455.979,138.714,2295.034,-1.62,5.93,58.7,0.006,15,Middle,104.97,-1,-1,UNKNOWN,None
456.005,138.73,2295.306,-1.641,5.909,58.82,0.006,15,Middle,104.69,-1,-1,UNKNOWN,None
456.013,138.747,2295.578,-1.662,5.888,58.95,0.006,15,Middle,104.42,-1,-1,UNKNOWN,None
456.038,138.763,2295.851,-1.683,5.867,59.09,0.006,15,Middle,104.15,-1,-1,UNKNOWN,None
456.046,138.779,2296.124,-1.704,5.846,59.24,0.006,15,Middle,103.88,-1,-1,UNKNOWN,None
456.063,138.795,2296.398,-1.725,5.825,59.4,0.006,15,Middle,103.6,-1,-1,UNKNOWN,None
456.08,138.811,2296.673,-1.747,5.803,59.56,0.006,15,Middle,103.33,-1,-1,UNKNOWN,None
456.096,138.827,2296.948,-1.768,5.782,59.73,0.006,15,Middle,103.05,-1,-1,UNKNOWN,None
456.114,138.842,2297.235,-1.79,5.76,59.91,0.006,15,Middle,102.76,-1,-1,UNKNOWN,None
456.13,138.859,2297.512,-1.811,5.739,60.09,0.006,15,Middle,102.49,-1,-1,UNKNOWN,None
456.147,138.875,2297.651,-1.821,5.729,60.19,0.006,15,Middle,102.35,-1,-1,UNKNOWN,None
456.155,138.891,2297.93,-1.842,5.708,60.37,0.006,15,Middle,102.07,-1,-1,UNKNOWN,None
456.172,138.907,2298.209,-1.864,5.686,60.54,0.006,15,Middle,101.79,-1,-1,UNKNOWN,None
456.197,138.923,2298.489,-1.885,5.665,60.69,0.006,15,Middle,101.51,-1,-1,UNKNOWN,None
456.214,138.938,2298.77,-1.905,5.645,60.82,0.006,15,Middle,101.23,-1,-1,UNKNOWN,None
456.23,138.953,2299.051,-1.926,5.624,60.93,0.006,15,Middle,100.95,-1,-1,UNKNOWN,None
456.239,138.97,2299.333,-1.947,5.603,61.02,0.006,15,Middle,100.67,-1,-1,UNKNOWN,None
456.255,138.987,2299.615,-1.968,5.582,61.06,0.006,15,Middle,100.39,-1,-1,UNKNOWN,None
456.264,139.002,2299.776,-1.979,5.571,61.07,0.005,15,Middle,100.22,-1,-1,UNKNOWN,None
456.291,139.018,2300.086,-2.002,5.548,61.05,0.0049,15,Middle,99.91,-1,-1,UNKNOWN,None
456.309,139.034,2300.378,-2.023,5.527,61.0,0.0049,15,Middle,99.62,-1,-1,UNKNOWN,None
456.317,139.05,2300.659,-2.043,5.507,60.94,0.0049,15,Middle,99.34,-1,-1,UNKNOWN,None
456.334,139.066,2300.94,-2.063,5.487,60.84,0.0049,15,Middle,99.06,-1,-1,UNKNOWN,None
456.342,139.082,2301.08,-2.073,5.477,60.79,0.0049,15,Middle,98.92,-1,-1,UNKNOWN,None
456.375,139.098,2301.5,-2.103,5.447,60.58,0.0049,15,Middle,98.5,-1,-1,UNKNOWN,None
456.384,139.114,2301.797,-2.123,5.427,60.42,0.0018,15,Middle,98.2,-1,-1,UNKNOWN,None
456.393,139.13,2301.958,-2.135,5.415,60.32,0.0018,15,Middle,98.04,-1,-1,UNKNOWN,None
456.422,139.146,2302.273,-2.156,5.394,60.12,0.0018,15,Middle,97.73,-1,-1,UNKNOWN,None
456.441,139.162,2302.593,-2.178,5.372,59.91,0.0018,15,Middle,97.41,-1,-1,UNKNOWN,None
456.45,139.178,2302.751,-2.189,5.361,59.79,0.0007,15,Middle,97.25,-1,-1,UNKNOWN,None
456.468,139.193,2303.048,-2.21,5.34,59.57,0.0005,15,Middle,96.95,-1,-1,UNKNOWN,None
456.486,139.21,2303.343,-2.23,5.32,59.36,0.0005,15,Middle,96.66,-1,-1,UNKNOWN,None
456.495,139.226,2303.647,-2.25,5.3,59.14,0.0005,15,Middle,96.35,-1,-1,UNKNOWN,None
456.514,139.242,2303.933,-2.27,5.28,58.95,0.0005,15,Middle,96.07,-1,-1,UNKNOWN,None
456.531,139.257,2304.069,-2.279,5.271,58.87,0.0005,15,Middle,95.93,-1,-1,UNKNOWN,None
456.547,139.274,2304.34,-2.297,5.253,58.72,0.0005,15,Middle,95.66,-1,-1,UNKNOWN,None
456.564,139.291,2304.611,-2.315,5.235,58.59,0.0005,15,Middle,95.39,-1,-1,UNKNOWN,None
456.581,139.307,2304.882,-2.333,5.217,58.48,0.0005,15,Middle,95.12,-1,-1,UNKNOWN,None
456.597,139.323,2305.151,-2.351,5.199,58.4,0.0005,15,Middle,94.85,-1,-1,UNKNOWN,None
456.614,139.339,2305.421,-2.369,5.181,58.36,0.0005,15,Middle,94.58,-1,-1,UNKNOWN,None
456.631,139.355,2305.691,-2.387,5.163,58.34,0.0005,15,Middle,94.31,-1,-1,UNKNOWN,None
456.639,139.37,2305.96,-2.404,5.146,58.36,0.0005,15,Middle,94.04,-1,-1,UNKNOWN,None
456.657,139.387,2306.252,-2.423,5.127,58.4,0.0005,15,Middle,93.75,-1,-1,UNKNOWN,None
456.677,139.402,2306.442,-2.436,5.114,58.44,0.0005,15,Middle,93.56,-1,-1,UNKNOWN,None
456.686,139.419,2306.716,-2.454,5.096,58.51,0.0005,15,Middle,93.28,-1,-1,UNKNOWN,None
456.694,139.435,2306.851,-2.463,5.087,58.56,0.0005,15,Middle,93.15,-1,-1,UNKNOWN,None
456.694,139.451,2306.851,-2.463,5.087,58.56,0.0005,15,Middle,93.15,-1,-1,UNKNOWN,None
456.738,139.466,2307.56,-2.508,5.042,58.84,0.0005,15,Middle,92.44,-1,-1,UNKNOWN,None
456.763,139.483,2307.839,-2.526,5.024,58.98,0.0005,15,Middle,92.16,-1,-1,UNKNOWN,None
456.772,139.499,2307.981,-2.536,5.014,59.05,0.0005,15,Middle,92.02,-1,-1,UNKNOWN,None
456.789,139.515,2308.259,-2.553,4.997,59.2,0.0005,15,Middle,91.74,-1,-1,UNKNOWN,None
456.805,139.53,2308.534,-2.571,4.979,59.35,0.0005,15,Middle,91.47,-1,-1,UNKNOWN,None
456.822,139.545,2308.813,-2.589,4.961,59.52,0.0005,15,Middle,91.19,-1,-1,UNKNOWN,None
456.822,139.563,2308.951,-2.598,4.952,59.6,0.0005,15,Middle,91.05,-1,-1,UNKNOWN,None
456.847,139.578,2309.365,-2.624,4.926,59.86,0.0005,15,Middle,90.64,-1,-1,UNKNOWN,Left_Broken
456.864,139.594,2309.642,-2.642,4.908,60.04,0.0005,15,Middle,90.36,-1,-1,UNKNOWN,None
456.889,139.61,2309.92,-2.66,4.89,60.22,0.0005,15,Middle,90.08,-1,-1,UNKNOWN,None
456.897,139.626,2310.199,-2.677,4.873,60.39,0.0005,15,Middle,89.8,-1,-1,UNKNOWN,None
456.906,139.642,2310.378,-2.689,4.861,60.5,0.0005,15,Middle,89.62,-1,-1,UNKNOWN,None
456.933,139.657,2310.658,-2.706,4.844,60.64,0.0005,15,Middle,89.34,-1,-1,UNKNOWN,None
456.95,139.674,2310.939,-2.724,4.826,60.77,0.0005,15,Middle,89.06,-1,-1,UNKNOWN,None
456.95,139.69,2311.08,-2.733,4.817,60.83,0.0005,15,Middle,88.92,-1,-1,UNKNOWN,None
456.986,139.706,2311.561,-2.764,4.786,60.97,0.0005,15,Middle,88.44,-1,-1,UNKNOWN,None
456.986,139.723,2311.702,-2.772,4.778,60.99,0.0005,15,Middle,88.3,-1,-1,UNKNOWN,None
457.003,139.739,2312.028,-2.793,4.757,60.99,0.0005,15,Middle,87.97,-1,-1,UNKNOWN,None
457.003,139.755,2312.028,-2.793,4.757,60.99,0.0005,15,Middle,87.97,-1,-1,UNKNOWN,None
457.039,139.771,2312.6,-2.829,4.721,60.88,0.0005,15,Middle,87.4,-1,-1,UNKNOWN,None
457.065,139.787,2312.885,-2.847,4.703,60.78,0.0005,15,Middle,87.11,-1,-1,UNKNOWN,None
457.081,139.803,2313.166,-2.865,4.685,60.66,0.0005,15,Middle,86.83,-1,-1,UNKNOWN,None
457.098,139.818,2313.446,-2.882,4.668,60.51,0.0005,15,Middle,86.55,-1,-1,UNKNOWN,Left_Broken
457.098,139.834,2313.613,-2.893,4.657,60.42,0.0005,15,Middle,86.39,-1,-1,UNKNOWN,None
457.126,139.851,2313.909,-2.911,4.639,60.24,0.0005,15,Middle,86.09,-1,-1,UNKNOWN,None
457.134,139.866,2314.187,-2.929,4.621,60.06,0.0005,15,Middle,85.81,-1,-1,UNKNOWN,None
457.159,139.882,2314.464,-2.946,4.604,59.86,0.0005,15,Middle,85.54,-1,-1,UNKNOWN,None
457.167,139.897,2314.74,-2.963,4.587,59.66,0.0009,15,Middle,85.26,-1,-1,UNKNOWN,None
457.185,139.914,2315.021,-2.981,4.569,59.45,0.0009,15,Middle,84.98,-1,-1,UNKNOWN,None
457.201,139.931,2315.297,-2.998,4.552,59.25,0.0011,15,Middle,84.7,-1,-1,UNKNOWN,None
457.218,139.946,2315.57,-3.015,4.535,59.06,0.0014,15,Middle,84.43,-1,-1,UNKNOWN,None
457.243,139.962,2315.842,-3.032,4.518,58.88,0.0014,15,Middle,84.16,-1,-1,UNKNOWN,None
457.243,139.978,2315.978,-3.04,4.51,58.79,0.0014,15,Middle,84.02,-1,-1,UNKNOWN,None
457.26,139.994,2316.249,-3.057,4.493,58.64,0.0014,15,Middle,83.75,-1,-1,UNKNOWN,None
457.285,140.01,2316.519,-3.074,4.476,58.51,0.0017,15,Middle,83.48,-1,-1,UNKNOWN,None
457.301,140.03,2316.924,-3.099,4.451,58.37,0.0018,15,Middle,83.08,-1,-1,UNKNOWN,None
457.31,140.043,2317.059,-3.107,4.443,58.34,0.0021,15,Middle,82.94,-1,-1,UNKNOWN,None
457.326,140.058,2317.328,-3.124,4.426,58.29,0.0023,15,Middle,82.67,-1,-1,UNKNOWN,None
457.343,140.075,2317.605,-3.141,4.409,58.28,0.0023,15,Middle,82.39,-1,-1,UNKNOWN,None
457.368,140.09,2317.875,-3.157,4.393,58.3,0.0028,15,Middle,82.13,-1,-1,UNKNOWN,None
457.377,140.106,2318.147,-3.174,4.376,58.34,0.0028,15,Middle,81.85,-1,-1,UNKNOWN,None
457.394,140.122,2318.417,-3.19,4.36,58.4,0.0028,15,Middle,81.58,-1,-1,UNKNOWN,None
457.41,140.139,2318.688,-3.207,4.343,58.48,0.003,15,Middle,81.31,-1,-1,UNKNOWN,None
457.427,140.155,2318.958,-3.223,4.327,58.58,0.003,15,Middle,81.04,-1,-1,UNKNOWN,None
457.444,140.17,2319.094,-3.231,4.319,58.63,0.003,15,Middle,80.91,-1,-1,UNKNOWN,None
457.46,140.186,2319.365,-3.248,4.302,58.75,0.003,15,Middle,80.64,-1,-1,UNKNOWN,None
457.477,140.201,2319.637,-3.264,4.286,58.88,0.003,15,Middle,80.36,-1,-1,UNKNOWN,None
457.494,140.218,2319.91,-3.28,4.27,59.02,0.003,15,Middle,80.09,-1,-1,UNKNOWN,None
457.502,140.233,2320.183,-3.297,4.253,59.17,0.0033,15,Middle,79.82,-1,-1,UNKNOWN,None
457.527,140.25,2320.457,-3.313,4.237,59.32,0.0034,15,Middle,79.54,-1,-1,UNKNOWN,None
457.544,140.265,2320.737,-3.329,4.221,59.49,0.004,15,Middle,79.26,-1,-1,UNKNOWN,None
457.553,140.281,2321.02,-3.346,4.204,59.66,0.0042,15,Middle,78.98,-1,-1,UNKNOWN,None
457.569,140.298,2321.298,-3.362,4.188,59.84,0.0046,15,Middle,78.7,-1,-1,UNKNOWN,None
457.586,140.314,2321.575,-3.378,4.172,60.02,0.005,15,Middle,78.43,-1,-1,UNKNOWN,None
457.594,140.33,2321.714,-3.386,4.164,60.11,0.005,15,Middle,78.29,-1,-1,UNKNOWN,None
457.619,140.346,2321.992,-3.403,4.147,60.29,0.005,15,Middle,78.01,-1,-1,UNKNOWN,None
457.637,140.362,2322.283,-3.419,4.131,60.46,0.005,15,Middle,77.72,-1,-1,UNKNOWN,None
457.645,140.378,2322.563,-3.435,4.115,60.61,0.005,15,Middle,77.44,-1,-1,UNKNOWN,None
457.67,140.394,2322.845,-3.451,4.099,60.73,0.005,15,Middle,77.16,-1,-1,UNKNOWN,None
457.67,140.41,2322.985,-3.459,4.091,60.77,0.005,15,Middle,77.01,-1,-1,UNKNOWN,None
457.695,140.426,2323.407,-3.483,4.067,60.84,0.005,15,Middle,76.59,-1,-1,UNKNOWN,None
457.713,140.442,2323.564,-3.491,4.059,60.84,0.005,15,Middle,76.44,-1,-1,UNKNOWN,None
457.723,140.458,2323.879,-3.509,4.041,60.8,0.005,15,Middle,76.12,-1,-1,UNKNOWN,None
457.748,140.474,2324.159,-3.524,4.026,60.74,0.0111,15,Middle,75.84,-1,-1,UNKNOWN,None
457.757,140.49,2324.444,-3.539,4.011,60.64,0.0111,15,Middle,75.56,-1,-1,UNKNOWN,None
457.773,140.506,2324.584,-3.547,4.003,60.59,0.0111,15,Middle,75.42,-1,-1,UNKNOWN,None
457.782,140.522,2324.863,-3.562,3.988,60.46,0.0111,15,Middle,75.14,-1,-1,UNKNOWN,None
457.81,140.538,2325.193,-3.579,3.971,60.28,0.0111,15,Middle,74.81,-1,-1,UNKNOWN,None
457.828,140.554,2325.503,-3.595,3.955,60.1,0.0111,15,Middle,74.5,-1,-1,UNKNOWN,None
457.828,140.57,2325.65,-3.602,3.948,60.01,0.0111,15,Middle,74.35,-1,-1,UNKNOWN,None
457.862,140.586,2326.065,-3.623,3.927,59.72,0.0111,15,Middle,73.93,-1,-1,UNKNOWN,None
457.862,140.602,2326.203,-3.63,3.92,59.62,0.0092,15,Middle,73.8,-1,-1,UNKNOWN,None
457.896,140.618,2326.615,-3.65,3.9,59.32,0.0081,15,Middle,73.39,-1,-1,UNKNOWN,None
457.906,140.634,2326.78,-3.658,3.892,59.2,0.0069,15,Middle,73.22,-1,-1,UNKNOWN,None
457.925,140.65,2327.094,-3.673,3.877,58.97,0.006,15,Middle,72.91,-1,-1,UNKNOWN,None
457.933,140.666,2327.366,-3.685,3.865,58.79,0.005,15,Middle,72.63,-1,-1,UNKNOWN,None
457.941,140.682,2327.501,-3.692,3.858,58.7,0.0042,15,Middle,72.5,-1,-1,UNKNOWN,None
457.958,140.698,2327.772,-3.704,3.846,58.54,0.0034,15,Middle,72.23,-1,-1,UNKNOWN,None
457.99,140.715,2328.158,-3.722,3.828,58.36,0.0028,15,Middle,71.84,-1,-1,UNKNOWN,None
457.99,140.731,2328.293,-3.728,3.822,58.31,0.0023,15,Middle,71.71,-1,-1,UNKNOWN,None
458.025,140.747,2328.722,-3.747,3.803,58.19,0.0021,15,Middle,71.28,-1,-1,UNKNOWN,None
458.034,140.763,2329.0,-3.759,3.791,58.15,0.0021,15,Middle,71.0,-1,-1,UNKNOWN,None
458.051,140.779,2329.269,-3.771,3.779,58.15,0.0021,15,Middle,70.73,-1,-1,UNKNOWN,None
458.067,140.795,2329.404,-3.777,3.773,58.16,0.0021,15,Middle,70.6,-1,-1,UNKNOWN,None
458.084,140.811,2329.673,-3.788,3.762,58.19,0.0021,15,Middle,70.33,-1,-1,UNKNOWN,None
458.101,140.827,2329.942,-3.8,3.75,58.25,0.0023,15,Middle,70.06,-1,-1,UNKNOWN,None
458.101,140.843,2330.077,-3.805,3.745,58.29,0.0028,15,Middle,69.92,-1,-1,UNKNOWN,None
458.134,140.859,2330.482,-3.822,3.728,58.42,0.0033,15,Middle,69.52,-1,-1,UNKNOWN,None
458.142,140.874,2330.753,-3.833,3.717,58.53,0.004,15,Middle,69.25,-1,-1,UNKNOWN,None
458.167,140.89,2331.024,-3.844,3.706,58.65,0.0042,15,Middle,68.98,-1,-1,UNKNOWN,None
458.176,140.906,2331.296,-3.855,3.695,58.78,0.0046,15,Middle,68.7,-1,-1,UNKNOWN,None
458.184,140.922,2331.452,-3.861,3.689,58.86,0.0049,15,Middle,68.55,-1,-1,UNKNOWN,None
458.216,140.941,2331.827,-3.875,3.675,59.06,0.005,15,Middle,68.17,-1,-1,UNKNOWN,None
458.226,140.956,2332.119,-3.886,3.664,59.23,0.0053,15,Middle,67.88,-1,-1,UNKNOWN,None
458.243,140.972,2332.399,-3.897,3.653,59.39,0.0056,15,Middle,67.6,-1,-1,UNKNOWN,None
458.26,140.998,2332.682,-3.907,3.643,59.57,0.0056,15,Middle,67.32,-1,-1,UNKNOWN,None
458.277,141.002,2332.82,-3.912,3.638,59.66,0.0056,15,Middle,67.18,-1,-1,UNKNOWN,None
458.293,141.019,2333.097,-3.923,3.627,59.84,0.0056,15,Middle,66.9,-1,-1,UNKNOWN,None
458.311,141.035,2333.39,-3.933,3.617,60.03,0.0058,15,Middle,66.61,-1,-1,UNKNOWN,None
458.323,141.052,2333.728,-3.945,3.605,60.25,0.0058,15,Middle,66.27,-1,-1,UNKNOWN,None
458.331,141.068,2333.886,-3.95,3.6,60.36,0.0058,15,Middle,66.11,-1,-1,UNKNOWN,None
458.357,141.082,2334.166,-3.96,3.59,60.52,0.0058,15,Middle,65.83,-1,-1,UNKNOWN,None
458.374,141.099,2334.446,-3.97,3.58,60.67,0.0058,15,Middle,65.55,-1,-1,UNKNOWN,None
458.382,141.115,2334.727,-3.979,3.571,60.78,0.006,15,Middle,65.27,-1,-1,UNKNOWN,None
458.399,141.131,2335.009,-3.988,3.562,60.86,0.006,15,Middle,64.99,-1,-1,UNKNOWN,None
458.407,141.147,2335.15,-3.993,3.557,60.9,0.006,15,Middle,64.85,-1,-1,UNKNOWN,None
458.441,141.164,2335.583,-4.007,3.543,60.94,0.006,15,Middle,64.42,-1,-1,UNKNOWN,None
458.45,141.179,2335.865,-4.015,3.535,60.92,0.006,15,Middle,64.14,-1,-1,UNKNOWN,None
458.466,141.194,2336.147,-4.024,3.526,60.86,0.006,15,Middle,63.85,-1,-1,UNKNOWN,None
458.483,141.21,2336.288,-4.028,3.522,60.82,0.006,15,Middle,63.71,-1,-1,UNKNOWN,None
458.491,141.227,2336.569,-4.037,3.513,60.72,0.006,15,Middle,63.43,-1,-1,UNKNOWN,None
458.516,141.243,2336.849,-4.045,3.505,60.6,0.006,15,Middle,63.15,-1,-1,UNKNOWN,None
458.533,141.26,2337.129,-4.053,3.497,60.45,0.006,15,Middle,62.87,-1,-1,UNKNOWN,None
458.55,141.276,2337.412,-4.061,3.489,60.29,0.006,15,Middle,62.59,-1,-1,UNKNOWN,None
458.567,141.292,2337.69,-4.069,3.481,60.12,0.0085,15,Middle,62.31,-1,-1,UNKNOWN,None
458.583,141.307,2337.968,-4.076,3.474,59.94,0.0088,15,Middle,62.03,-1,-1,UNKNOWN,None
458.593,141.324,2338.292,-4.085,3.465,59.72,0.0088,15,Middle,61.71,-1,-1,UNKNOWN,None
458.611,141.34,2338.574,-4.092,3.458,59.55,0.0088,15,Middle,61.43,-1,-1,UNKNOWN,None
458.62,141.355,2338.712,-4.095,3.455,59.46,0.0088,15,Middle,61.29,-1,-1,UNKNOWN,None
458.646,141.372,2339.013,-4.103,3.447,59.3,0.0088,15,Middle,60.99,-1,-1,UNKNOWN,None
458.658,141.388,2339.344,-4.111,3.439,59.14,0.0088,15,Middle,60.66,-1,-1,UNKNOWN,None
458.676,141.404,2339.506,-4.114,3.436,59.07,0.0088,15,Middle,60.49,-1,-1,UNKNOWN,None
458.693,141.419,2339.779,-4.12,3.43,58.98,0.0088,15,Middle,60.22,-1,-1,UNKNOWN,None
458.71,141.435,2340.053,-4.126,3.424,58.91,0.0088,15,Middle,59.95,-1,-1,UNKNOWN,None
458.719,141.452,2340.338,-4.132,3.418,58.88,0.0088,15,Middle,59.66,-1,-1,UNKNOWN,None
458.745,141.467,2340.621,-4.138,3.412,58.88,0.0088,15,Middle,59.38,-1,-1,UNKNOWN,None
458.762,141.483,2340.904,-4.144,3.406,58.9,0.0088,15,Middle,59.1,-1,-1,UNKNOWN,None
458.772,141.5,2341.204,-4.149,3.401,58.96,0.0088,15,Middle,58.8,-1,-1,UNKNOWN,None
458.78,141.516,2341.344,-4.152,3.398,58.99,0.0088,15,Middle,58.66,-1,-1,UNKNOWN,None
458.805,141.532,2341.617,-4.156,3.394,59.07,0.0088,15,Middle,58.38,-1,-1,UNKNOWN,None
458.817,141.548,2341.814,-4.16,3.39,59.14,0.0088,15,Middle,58.19,-1,-1,UNKNOWN,None
458.841,141.564,2342.209,-4.166,3.384,59.29,0.0088,15,Middle,57.79,-1,-1,UNKNOWN,None
458.853,141.58,2342.396,-4.169,3.381,59.38,0.0088,15,Middle,57.6,-1,-1,UNKNOWN,None
458.866,141.595,2342.755,-4.174,3.376,59.55,0.0091,15,Middle,57.25,-1,-1,UNKNOWN,None
458.885,141.611,2342.933,-4.176,3.374,59.64,0.0092,15,Middle,57.07,-1,-1,UNKNOWN,None
458.885,141.628,2343.19,-4.179,3.371,59.78,0.0095,15,Middle,56.81,-1,-1,UNKNOWN,None
458.92,141.643,2343.504,-4.183,3.367,59.96,0.0097,15,Middle,56.5,-1,-1,UNKNOWN,None
458.92,141.66,2343.711,-4.185,3.365,60.08,0.0101,15,Middle,56.29,-1,-1,UNKNOWN,None
458.948,141.674,2343.972,-4.188,3.362,60.24,0.0104,15,Middle,56.03,-1,-1,UNKNOWN,None
458.956,141.692,2344.254,-4.19,3.36,60.41,0.0104,15,Middle,55.75,-1,-1,UNKNOWN,None
458.981,141.707,2344.539,-4.193,3.357,60.58,0.0104,15,Middle,55.46,-1,-1,UNKNOWN,None
458.981,141.723,2344.687,-4.194,3.356,60.66,0.0104,15,Middle,55.31,-1,-1,UNKNOWN,None
459.012,141.74,2345.06,-4.196,3.354,60.84,0.0104,15,Middle,54.94,-1,-1,UNKNOWN,None
459.012,141.755,2345.238,-4.198,3.352,60.91,0.0104,15,Middle,54.76,-1,-1,UNKNOWN,None
459.05,141.771,2345.704,-4.2,3.35,61.01,0.0104,15,Middle,54.3,-1,-1,UNKNOWN,None
459.059,141.788,2345.986,-4.201,3.349,61.01,0.0148,15,Middle,54.01,-1,-1,UNKNOWN,None
459.075,141.804,2346.268,-4.202,3.348,60.98,0.0148,15,Middle,53.73,-1,-1,UNKNOWN,None
459.092,141.82,2346.412,-4.202,3.348,60.95,0.0148,15,Middle,53.59,-1,-1,UNKNOWN,None
459.1,141.836,2346.694,-4.202,3.348,60.87,0.0148,15,Middle,53.31,-1,-1,UNKNOWN,None
459.125,141.852,2346.975,-4.202,3.348,60.77,0.0148,15,Middle,53.02,-1,-1,UNKNOWN,None
459.142,141.867,2347.256,-4.201,3.349,60.64,0.0148,15,Middle,52.74,-1,-1,UNKNOWN,None
459.142,141.884,2347.396,-4.201,3.349,60.57,0.0148,15,Middle,52.6,-1,-1,UNKNOWN,None
459.175,141.9,2347.816,-4.199,3.351,60.33,0.0148,15,Middle,52.18,-1,-1,UNKNOWN,None
459.175,141.915,2347.955,-4.199,3.351,60.24,0.0148,15,Middle,52.05,-1,-1,UNKNOWN,None
459.209,141.931,2348.372,-4.196,3.354,59.96,0.0148,15,Middle,51.63,-1,-1,UNKNOWN,None
459.225,141.947,2348.649,-4.194,3.356,59.76,0.0162,15,Middle,51.35,-1,-1,UNKNOWN,None
459.242,141.97,2349.062,-4.19,3.36,59.46,0.0162,15,Middle,50.94,-1,-1,UNKNOWN,None
459.25,141.978,2349.062,-4.19,3.36,59.46,0.0162,15,Middle,50.94,-1,-1,UNKNOWN,None
459.267,141.995,2349.474,-4.186,3.364,59.16,0.0162,15,Middle,50.53,-1,-1,UNKNOWN,None
459.267,142.011,2349.474,-4.186,3.364,59.16,0.0162,15,Middle,50.53,-1,-1,UNKNOWN,None
459.293,142.027,2349.893,-4.18,3.37,58.9,0.0162,15,Middle,50.11,-1,-1,UNKNOWN,None
459.318,142.043,2350.165,-4.176,3.374,58.75,0.0162,15,Middle,49.84,-1,-1,UNKNOWN,None
459.326,142.059,2350.436,-4.172,3.378,58.62,0.0162,15,Middle,49.56,-1,-1,UNKNOWN,None
459.351,142.076,2350.707,-4.167,3.383,58.51,0.0162,15,Middle,49.29,-1,-1,UNKNOWN,None
459.368,142.091,2350.978,-4.162,3.388,58.44,0.0162,15,Middle,49.02,-1,-1,UNKNOWN,None
459.384,142.107,2351.248,-4.156,3.394,58.4,0.0162,15,Middle,48.75,-1,-1,UNKNOWN,None
459.401,142.124,2351.518,-4.15,3.4,58.39,0.0162,15,Middle,48.48,-1,-1,UNKNOWN,None
459.418,142.14,2351.789,-4.144,3.406,58.4,0.0162,15,Middle,48.21,-1,-1,UNKNOWN,None
459.426,142.156,2352.062,-4.137,3.413,58.44,0.0162,15,Middle,47.94,-1,-1,UNKNOWN,None
459.434,142.172,2352.197,-4.134,3.416,58.47,0.0162,15,Middle,47.8,-1,-1,UNKNOWN,None
459.46,142.188,2352.605,-4.122,3.428,58.58,0.0162,15,Middle,47.4,-1,-1,UNKNOWN,None
459.476,142.203,2352.74,-4.118,3.432,58.63,0.0162,15,Middle,47.26,-1,-1,UNKNOWN,None
459.485,142.217,2353.012,-4.11,3.44,58.73,0.0162,15,Middle,46.99,-1,-1,UNKNOWN,None
459.501,142.235,2353.284,-4.101,3.449,58.85,0.0162,15,Middle,46.72,-1,-1,UNKNOWN,None
459.526,142.251,2353.557,-4.092,3.458,58.97,0.0162,15,Middle,46.44,-1,-1,UNKNOWN,None
459.543,142.267,2353.83,-4.083,3.467,59.11,0.0162,15,Middle,46.17,-1,-1,UNKNOWN,None
459.56,142.282,2354.104,-4.073,3.477,59.26,0.0162,15,Middle,45.9,-1,-1,UNKNOWN,None
459.577,142.299,2354.397,-4.061,3.489,59.42,0.0162,15,Middle,45.6,-1,-1,UNKNOWN,None
459.586,142.315,2354.672,-4.05,3.5,59.59,0.0162,15,Middle,45.33,-1,-1,UNKNOWN,None
459.602,142.332,2354.948,-4.039,3.511,59.75,0.0162,15,Middle,45.05,-1,-1,UNKNOWN,None
459.619,142.348,2355.231,-4.027,3.523,59.93,0.0162,15,Middle,44.77,-1,-1,UNKNOWN,None
459.628,142.363,2355.369,-4.021,3.529,60.02,0.0162,15,Middle,44.63,-1,-1,UNKNOWN,None
459.644,142.379,2355.716,-4.005,3.545,60.24,0.0162,15,Middle,44.28,-1,-1,UNKNOWN,None
459.673,142.398,2355.995,-3.992,3.558,60.42,0.0162,15,Middle,44.0,-1,-1,UNKNOWN,None
459.682,142.411,2356.275,-3.979,3.571,60.59,0.0162,15,Middle,43.72,-1,-1,UNKNOWN,None
459.699,142.428,2356.562,-3.964,3.586,60.73,0.0162,15,Middle,43.44,-1,-1,UNKNOWN,None
459.715,142.444,2356.844,-3.95,3.6,60.84,0.0162,15,Middle,43.16,-1,-1,UNKNOWN,None
459.724,142.46,2356.984,-3.942,3.608,60.88,0.0162,15,Middle,43.02,-1,-1,UNKNOWN,None
459.749,142.475,2357.266,-3.927,3.623,60.92,0.0162,15,Middle,42.73,-1,-1,UNKNOWN,None
459.766,142.491,2357.551,-3.911,3.639,60.93,0.0162,15,Middle,42.45,-1,-1,UNKNOWN,None
459.774,142.508,2357.832,-3.895,3.655,60.89,0.0162,15,Middle,42.17,-1,-1,UNKNOWN,None
459.782,142.524,2357.979,-3.887,3.663,60.86,0.0162,15,Middle,42.02,-1,-1,UNKNOWN,None
459.808,142.54,2358.404,-3.861,3.689,60.72,0.0162,15,Middle,41.6,-1,-1,UNKNOWN,None
459.833,142.556,2358.695,-3.843,3.707,60.59,0.0162,15,Middle,41.31,-1,-1,UNKNOWN,None
459.85,142.572,2358.974,-3.825,3.725,60.45,0.0162,15,Middle,41.03,-1,-1,UNKNOWN,None
459.858,142.588,2359.253,-3.807,3.743,60.29,0.0162,15,Middle,40.75,-1,-1,UNKNOWN,None
459.883,142.604,2359.531,-3.789,3.761,60.11,0.0162,15,Middle,40.47,-1,-1,UNKNOWN,None
459.892,142.62,2359.808,-3.77,3.78,59.92,0.0162,15,Middle,40.19,-1,-1,UNKNOWN,None
459.9,142.636,2359.946,-3.76,3.79,59.83,0.0005,15,Middle,40.05,-1,-1,UNKNOWN,None
459.925,142.652,2360.221,-3.741,3.809,59.63,-0.0012,15,Middle,39.78,-1,-1,UNKNOWN,None
459.942,142.667,2360.497,-3.722,3.828,59.43,-0.0028,15,Middle,39.5,-1,-1,UNKNOWN,None
459.959,142.684,2360.771,-3.703,3.847,59.23,-0.0044,15,Middle,39.23,-1,-1,UNKNOWN,None
459.959,142.7,2360.907,-3.693,3.857,59.14,-0.0059,15,Middle,39.09,-1,-1,UNKNOWN,None
459.992,142.716,2361.316,-3.664,3.886,58.88,-0.0069,15,Middle,38.68,-1,-1,UNKNOWN,None
459.992,142.731,2361.451,-3.654,3.896,58.8,-0.0078,15,Middle,38.55,-1,-1,UNKNOWN,None
460.017,142.748,2361.858,-3.624,3.926,58.6,-0.0084,15,Middle,38.14,-1,-1,UNKNOWN,None
460.042,142.764,2362.128,-3.605,3.945,58.5,-0.0088,15,Middle,37.87,-1,-1,UNKNOWN,None
460.051,142.78,2362.278,-3.594,3.956,58.46,-0.0088,15,Middle,37.72,-1,-1,UNKNOWN,None
460.07,142.796,2362.579,-3.571,3.979,58.4,-0.0088,15,Middle,37.42,-1,-1,UNKNOWN,None
460.084,142.812,2362.938,-3.545,4.005,58.38,-0.0088,15,Middle,37.06,-1,-1,UNKNOWN,None
460.1,142.827,2363.074,-3.535,4.015,58.38,-0.0086,15,Middle,36.93,-1,-1,UNKNOWN,None
460.109,142.844,2363.346,-3.514,4.036,58.41,-0.0082,15,Middle,36.65,-1,-1,UNKNOWN,None
460.134,142.859,2363.616,-3.494,4.056,58.47,-0.0079,15,Middle,36.38,-1,-1,UNKNOWN,None
460.15,142.876,2363.886,-3.474,4.076,58.54,-0.0075,15,Middle,36.11,-1,-1,UNKNOWN,None
460.167,142.891,2364.157,-3.454,4.096,58.63,-0.0069,15,Middle,35.84,-1,-1,UNKNOWN,None
460.176,142.908,2364.452,-3.432,4.118,58.74,-0.0068,15,Middle,35.55,-1,-1,UNKNOWN,None
460.195,142.923,2364.606,-3.42,4.13,58.8,-0.0065,15,Middle,35.39,-1,-1,UNKNOWN,None
460.214,142.94,2364.913,-3.397,4.153,58.95,-0.006,15,Middle,35.09,-1,-1,UNKNOWN,None
460.231,142.956,2365.191,-3.376,4.174,59.09,-0.006,15,Middle,34.81,-1,-1,UNKNOWN,None
460.239,142.972,2365.471,-3.355,4.195,59.24,-0.0059,15,Middle,34.53,-1,-1,UNKNOWN,None
460.265,142.988,2365.763,-3.334,4.216,59.4,-0.0056,15,Middle,34.24,-1,-1,UNKNOWN,None
460.282,143.004,2366.039,-3.313,4.237,59.56,-0.0056,15,Middle,33.96,-1,-1,UNKNOWN,None
460.292,143.02,2366.335,-3.291,4.259,59.74,-0.0053,15,Middle,33.67,-1,-1,UNKNOWN,None
460.3,143.036,2366.473,-3.281,4.269,59.83,-0.0053,15,Middle,33.53,-1,-1,UNKNOWN,None
460.317,143.052,2366.75,-3.261,4.289,60.01,-0.0053,15,Middle,33.25,-1,-1,UNKNOWN,None
460.342,143.068,2367.029,-3.241,4.309,60.19,-0.0053,15,Middle,32.97,-1,-1,UNKNOWN,None
460.358,143.084,2367.307,-3.22,4.33,60.36,-0.0053,15,Middle,32.69,-1,-1,UNKNOWN,None
460.358,143.1,2367.447,-3.21,4.34,60.44,-0.0053,15,Middle,32.55,-1,-1,UNKNOWN,None
460.392,143.116,2367.866,-3.18,4.37,60.65,-0.0053,15,Middle,32.13,-1,-1,UNKNOWN,None
460.392,143.131,2368.007,-3.17,4.38,60.7,-0.0053,15,Middle,31.99,-1,-1,UNKNOWN,None
460.425,143.146,2368.429,-3.14,4.41,60.81,-0.0053,15,Middle,31.57,-1,-1,UNKNOWN,None
460.434,143.164,2368.716,-3.12,4.43,60.82,-0.0053,15,Middle,31.28,-1,-1,UNKNOWN,None
460.45,143.18,2368.997,-3.1,4.45,60.79,-0.0052,15,Middle,31.0,-1,-1,UNKNOWN,None
460.467,143.194,2369.137,-3.09,4.46,60.76,-0.0052,15,Middle,30.86,-1,-1,UNKNOWN,None
460.485,143.21,2369.438,-3.069,4.481,60.69,-0.0049,15,Middle,30.56,-1,-1,UNKNOWN,None
460.493,143.226,2369.72,-3.05,4.5,60.59,-0.0049,15,Middle,30.28,-1,-1,UNKNOWN,None
460.51,143.243,2370.0,-3.03,4.52,60.47,-0.0049,15,Middle,30.0,-1,-1,UNKNOWN,None
460.535,143.259,2370.278,-3.011,4.539,60.33,-0.0049,15,Middle,29.72,-1,-1,UNKNOWN,None
460.552,143.274,2370.556,-2.993,4.557,60.17,-0.0049,15,Middle,29.44,-1,-1,UNKNOWN,None
460.569,143.291,2370.834,-2.974,4.576,60.0,-0.0049,15,Middle,29.17,-1,-1,UNKNOWN,None
460.585,143.308,2371.11,-2.955,4.595,59.82,-0.0049,15,Middle,28.89,-1,-1,UNKNOWN,None
460.596,143.323,2371.291,-2.943,4.607,59.69,-0.0033,15,Middle,28.71,-1,-1,UNKNOWN,None
460.596,143.339,2371.434,-2.934,4.616,59.59,-0.0033,15,Middle,28.57,-1,-1,UNKNOWN,None
460.63,143.356,2371.848,-2.907,4.643,59.29,-0.0033,15,Middle,28.15,-1,-1,UNKNOWN,None
460.647,143.372,2372.121,-2.889,4.661,59.1,-0.0033,15,Middle,27.88,-1,-1,UNKNOWN,None
460.663,143.388,2372.394,-2.871,4.679,58.92,-0.0033,15,Middle,27.61,-1,-1,UNKNOWN,Left_Broken
460.672,143.404,2372.665,-2.854,4.696,58.76,-0.0033,15,Middle,27.33,-1,-1,UNKNOWN,None
460.697,143.42,2372.936,-2.836,4.714,58.61,-0.0033,15,Middle,27.06,-1,-1,UNKNOWN,None
460.714,143.436,2373.224,-2.818,4.732,58.48,-0.0033,15,Middle,26.78,-1,-1,UNKNOWN,None
460.723,143.452,2373.494,-2.801,4.749,58.39,-0.0033,15,Middle,26.51,-1,-1,UNKNOWN,None
460.739,143.468,2373.764,-2.784,4.766,58.32,-0.0033,15,Middle,26.24,-1,-1,UNKNOWN,None
460.756,143.484,2374.033,-2.767,4.783,58.29,-0.0033,15,Middle,25.97,-1,-1,UNKNOWN,None
460.773,143.499,2374.168,-2.759,4.791,58.29,-0.0033,15,Middle,25.83,-1,-1,UNKNOWN,None
460.789,143.516,2374.437,-2.742,4.808,58.3,-0.0033,15,Middle,25.56,-1,-1,UNKNOWN,None
460.798,143.532,2374.707,-2.726,4.824,58.33,-0.0033,15,Middle,25.29,-1,-1,UNKNOWN,None
460.823,143.547,2374.985,-2.709,4.841,58.39,-0.0033,15,Middle,25.01,-1,-1,UNKNOWN,None
460.834,143.563,2375.166,-2.698,4.852,58.44,-0.0033,15,Middle,24.83,-1,-1,UNKNOWN,None
460.855,143.58,2375.501,-2.678,4.872,58.55,-0.0033,15,Middle,24.5,-1,-1,UNKNOWN,None
460.863,143.602,2375.772,-2.662,4.888,58.66,-0.0033,15,Middle,24.23,-1,-1,UNKNOWN,None
460.888,143.611,2376.043,-2.646,4.904,58.78,-0.0033,15,Middle,23.96,-1,-1,UNKNOWN,None
460.905,143.627,2376.322,-2.629,4.921,58.91,-0.0033,15,Middle,23.68,-1,-1,UNKNOWN,None
460.922,143.644,2376.601,-2.613,4.937,59.05,-0.0033,15,Middle,23.4,-1,-1,UNKNOWN,Left_Broken
460.943,143.666,2376.942,-2.593,4.957,59.24,-0.0033,15,Middle,23.06,-1,-1,UNKNOWN,None
460.952,143.675,2377.082,-2.585,4.965,59.32,-0.0033,15,Middle,22.92,-1,-1,UNKNOWN,None
460.963,143.692,2377.405,-2.566,4.984,59.51,-0.0033,15,Middle,22.59,-1,-1,UNKNOWN,None
460.988,143.707,2377.681,-2.55,5.0,59.68,-0.0033,15,Middle,22.32,-1,-1,UNKNOWN,None
460.988,143.724,2377.825,-2.542,5.008,59.77,-0.0035,15,Middle,22.17,-1,-1,UNKNOWN,None
461.005,143.739,2378.11,-2.526,5.024,59.96,-0.0037,15,Middle,21.89,-1,-1,UNKNOWN,None
461.03,143.756,2378.388,-2.511,5.039,60.14,-0.0043,15,Middle,21.61,-1,-1,UNKNOWN,None
461.03,143.772,2378.527,-2.503,5.047,60.23,-0.0043,15,Middle,21.47,-1,-1,UNKNOWN,None
461.047,143.788,2378.807,-2.487,5.063,60.42,-0.0043,15,Middle,21.19,-1,-1,UNKNOWN,None
461.081,143.804,2379.227,-2.464,5.086,60.67,-0.0043,15,Middle,20.77,-1,-1,UNKNOWN,None
461.097,143.822,2379.508,-2.449,5.101,60.8,-0.0043,15,Middle,20.49,-1,-1,UNKNOWN,None
461.097,143.835,2379.649,-2.441,5.109,60.86,-0.0043,15,Middle,20.35,-1,-1,UNKNOWN,None
461.123,143.851,2380.088,-2.417,5.133,60.96,-0.0043,15,Middle,19.91,-1,-1,UNKNOWN,None
461.132,143.867,2380.237,-2.409,5.141,60.98,-0.0043,15,Middle,19.76,-1,-1,UNKNOWN,None
461.157,143.884,2380.523,-2.394,5.156,60.97,-0.0043,15,Middle,19.48,-1,-1,UNKNOWN,None
461.174,143.899,2380.804,-2.379,5.171,60.92,-0.0075,15,Middle,19.2,-1,-1,UNKNOWN,None
461.191,143.916,2381.086,-2.365,5.185,60.84,-0.0075,15,Middle,18.91,-1,-1,UNKNOWN,None
461.199,143.932,2381.367,-2.35,5.2,60.74,-0.0075,15,Middle,18.63,-1,-1,UNKNOWN,None
461.225,143.948,2381.658,-2.335,5.215,60.62,-0.0075,15,Middle,18.34,-1,-1,UNKNOWN,None
461.242,143.963,2381.958,-2.32,5.23,60.47,-0.0075,15,Middle,18.04,-1,-1,UNKNOWN,None
461.251,143.98,2382.237,-2.306,5.244,60.31,-0.0075,15,Middle,17.76,-1,-1,UNKNOWN,None
461.267,143.996,2382.515,-2.292,5.258,60.14,-0.0075,15,Middle,17.48,-1,-1,UNKNOWN,None
461.292,144.02,2382.931,-2.272,5.278,59.85,-0.0075,15,Middle,17.07,-1,-1,UNKNOWN,None
461.301,144.026,2382.931,-2.272,5.278,59.85,-0.0075,15,Middle,17.07,-1,-1,UNKNOWN,None
461.309,144.043,2383.207,-2.259,5.291,59.65,-0.0075,15,Middle,16.79,-1,-1,UNKNOWN,None
461.326,144.06,2383.482,-2.246,5.304,59.45,-0.0075,15,Middle,16.52,-1,-1,UNKNOWN,None
461.351,144.076,2383.756,-2.233,5.317,59.25,-0.0075,15,Middle,16.24,-1,-1,UNKNOWN,None
461.351,144.091,2383.893,-2.226,5.324,59.15,-0.0075,15,Middle,16.11,-1,-1,UNKNOWN,None
461.367,144.107,2384.166,-2.214,5.336,58.97,-0.0075,15,Middle,15.83,-1,-1,UNKNOWN,None
461.394,144.123,2384.622,-2.193,5.357,58.69,-0.0075,15,Middle,15.38,-1,-1,UNKNOWN,None
461.413,144.139,2384.777,-2.186,5.364,58.61,-0.0075,15,Middle,15.22,-1,-1,UNKNOWN,None
461.432,144.155,2385.078,-2.173,5.377,58.47,-0.0075,15,Middle,14.92,-1,-1,UNKNOWN,None
461.441,144.171,2385.369,-2.16,5.39,58.37,-0.0078,15,Middle,14.63,-1,-1,UNKNOWN,None
461.461,144.188,2385.545,-2.153,5.397,58.33,-0.0079,15,Middle,14.45,-1,-1,UNKNOWN,None
461.477,144.203,2385.815,-2.142,5.408,58.29,-0.0082,15,Middle,14.19,-1,-1,UNKNOWN,None
461.494,144.219,2386.084,-2.13,5.42,58.28,-0.0084,15,Middle,13.92,-1,-1,UNKNOWN,None
461.511,144.235,2386.355,-2.119,5.431,58.3,-0.0088,15,Middle,13.65,-1,-1,UNKNOWN,None
461.511,144.251,2386.49,-2.114,5.436,58.32,-0.0091,15,Middle,13.51,-1,-1,UNKNOWN,None
461.544,144.266,2386.895,-2.098,5.452,58.4,-0.0098,15,Middle,13.11,-1,-1,UNKNOWN,None
461.561,144.281,2387.165,-2.088,5.462,58.48,-0.01,15,Middle,12.83,-1,-1,UNKNOWN,None
461.569,144.3,2387.301,-2.083,5.467,58.53,-0.0104,15,Middle,12.7,-1,-1,UNKNOWN,None
461.594,144.319,2387.701,-2.068,5.482,58.69,-0.011,15,Middle,12.3,-1,-1,UNKNOWN,None
461.603,144.332,2387.993,-2.058,5.492,58.82,-0.0116,15,Middle,12.01,-1,-1,UNKNOWN,None
461.628,144.348,2388.266,-2.048,5.502,58.95,-0.0121,15,Middle,11.73,-1,-1,UNKNOWN,None
461.628,144.364,2388.404,-2.044,5.506,59.03,-0.0126,15,Middle,11.6,-1,-1,UNKNOWN,None
461.655,144.38,2388.7,-2.034,5.516,59.19,-0.0127,15,Middle,11.3,-1,-1,UNKNOWN,None
461.655,144.396,2388.837,-2.03,5.52,59.26,-0.013,15,Middle,11.16,-1,-1,UNKNOWN,None
461.671,144.412,2389.112,-2.021,5.529,59.42,-0.013,15,Middle,10.89,-1,-1,UNKNOWN,None
461.705,144.428,2389.526,-2.008,5.542,59.68,-0.0133,15,Middle,10.47,-1,-1,UNKNOWN,None
461.713,144.442,2389.803,-2.0,5.55,59.85,-0.0133,15,Middle,10.2,-1,-1,UNKNOWN,None
461.738,144.458,2390.081,-1.993,5.557,60.03,-0.0133,15,Middle,9.92,-1,-1,UNKNOWN,None
461.746,144.476,2390.359,-1.985,5.565,60.21,-0.0133,15,Middle,9.64,-1,-1,UNKNOWN,None
461.763,144.491,2390.639,-1.978,5.572,60.39,-0.013,15,Middle,9.36,-1,-1,UNKNOWN,None
461.78,144.507,2390.779,-1.974,5.576,60.48,-0.013,15,Middle,9.22,-1,-1,UNKNOWN,None
461.788,144.523,2391.067,-1.967,5.583,60.66,-0.013,15,Middle,8.93,-1,-1,UNKNOWN,None
461.813,144.539,2391.349,-1.961,5.589,60.81,-0.013,15,Middle,8.65,-1,-1,UNKNOWN,None
461.83,144.555,2391.631,-1.955,5.595,60.95,-0.011,15,Middle,8.37,-1,-1,UNKNOWN,None
461.83,144.571,2391.772,-1.952,5.598,61.01,-0.011,15,Middle,8.23,-1,-1,UNKNOWN,None
461.855,144.587,2392.196,-1.943,5.607,61.15,-0.011,15,Middle,7.8,-1,-1,UNKNOWN,None
461.863,144.603,2392.338,-1.94,5.61,61.19,-0.011,15,Middle,7.66,-1,-1,UNKNOWN,None
461.872,144.62,2392.479,-1.938,5.612,61.21,-0.011,15,Middle,7.52,-1,-1,UNKNOWN,None
461.913,144.635,2393.046,-1.928,5.622,61.21,-0.011,15,Middle,6.95,-1,-1,UNKNOWN,None
461.922,144.651,2393.34,-1.923,5.627,61.15,-0.011,15,Middle,6.66,-1,-1,UNKNOWN,None
461.94,144.667,2393.491,-1.921,5.629,61.1,-0.011,15,Middle,6.51,-1,-1,UNKNOWN,None
461.957,144.683,2393.792,-1.917,5.633,61.0,-0.011,15,Middle,6.21,-1,-1,UNKNOWN,None
461.971,144.699,2394.029,-1.913,5.637,60.89,-0.011,15,Middle,5.97,-1,-1,UNKNOWN,None
461.99,144.715,2394.348,-1.91,5.64,60.73,-0.011,15,Middle,5.65,-1,-1,UNKNOWN,None
461.999,144.731,2394.629,-1.906,5.644,60.56,-0.011,15,Middle,5.37,-1,-1,UNKNOWN,None
462.024,144.748,2394.908,-1.904,5.646,60.39,-0.011,15,Middle,5.09,-1,-1,UNKNOWN,None
462.024,144.763,2395.048,-1.902,5.648,60.29,-0.011,15,Middle,4.95,-1,-1,UNKNOWN,None
462.057,144.779,2395.465,-1.899,5.651,60.0,-0.011,15,Middle,4.53,-1,-1,UNKNOWN,None
462.074,144.796,2395.742,-1.897,5.653,59.79,-0.0059,15,Middle,4.26,-1,-1,UNKNOWN,None
462.091,144.812,2396.028,-1.896,5.654,59.57,-0.0056,15,Middle,3.97,-1,-1,UNKNOWN,None
462.099,144.826,2396.166,-1.895,5.655,59.47,-0.0053,15,Middle,3.83,-1,-1,UNKNOWN,None
462.108,144.844,2396.44,-1.894,5.656,59.27,-0.0052,15,Middle,3.56,-1,-1,UNKNOWN,None
462.124,144.86,2396.715,-1.893,5.657,59.08,-0.0049,15,Middle,3.28,-1,-1,UNKNOWN,None
462.156,144.876,2397.094,-1.891,5.659,58.84,-0.0047,15,Middle,2.91,-1,-1,UNKNOWN,None
462.156,144.891,2397.23,-1.891,5.659,58.77,-0.0043,15,Middle,2.77,-1,-1,UNKNOWN,None
462.182,144.907,2397.515,-1.891,5.659,58.63,-0.004,15,Middle,2.48,-1,-1,UNKNOWN,None
462.192,144.923,2397.824,-1.891,5.659,58.51,-0.0037,15,Middle,2.18,-1,-1,UNKNOWN,None
462.21,144.939,2398.106,-1.891,5.659,58.43,-0.0035,15,Middle,1.89,-1,-1,UNKNOWN,None
462.227,144.956,2398.386,-1.891,5.659,58.39,-0.0035,15,Middle,1.61,-1,-1,UNKNOWN,None
462.235,144.971,2398.521,-1.891,5.659,58.38,-0.0033,15,Middle,1.48,-1,-1,UNKNOWN,None
462.252,144.988,2398.791,-1.892,5.658,58.39,-0.0033,15,Middle,1.21,-1,-1,UNKNOWN,None
462.269,145.004,2399.063,-1.893,5.657,58.42,-0.0033,15,Middle,0.94,-1,-1,UNKNOWN,None
462.294,145.02,2399.341,-1.894,5.656,58.48,-0.0033,15,Middle,0.66,-1,-1,UNKNOWN,None
462.311,145.035,2399.612,-1.895,5.655,58.55,-0.0033,15,Middle,0.39,-1,-1,UNKNOWN,None
462.311,145.052,2399.747,-1.895,5.655,58.59,-0.0033,15,Middle,0.25,-1,-1,UNKNOWN,None
462.344,145.067,2400.159,-1.898,5.652,58.75,-0.0033,16,Right,149.84,-1,-1,UNKNOWN,None
462.362,145.084,2400.448,-1.899,5.651,58.87,-0.0033,16,Right,149.55,-1,-1,UNKNOWN,None
462.371,145.099,2400.723,-1.901,5.649,59.0,-0.0033,16,Right,149.28,-1,-1,UNKNOWN,None
462.379,145.115,2400.867,-1.902,5.648,59.07,-0.0033,16,Right,149.13,-1,-1,UNKNOWN,None
462.404,145.131,2401.144,-1.904,5.646,59.22,-0.0033,16,Right,148.86,-1,-1,UNKNOWN,None
462.421,145.148,2401.424,-1.906,5.644,59.38,-0.0033,16,Right,148.58,-1,-1,UNKNOWN,None
462.438,145.164,2401.699,-1.909,5.641,59.54,-0.0033,16,Right,148.3,-1,-1,UNKNOWN,None
462.455,145.18,2401.978,-1.911,5.639,59.71,-0.0033,16,Right,148.02,-1,-1,UNKNOWN,None
462.455,145.194,2402.117,-1.913,5.637,59.79,-0.0033,16,Right,147.88,-1,-1,UNKNOWN,None
462.48,145.21,2402.533,-1.917,5.633,60.06,-0.0033,16,Right,147.47,-1,-1,UNKNOWN,None
462.505,145.228,2402.812,-1.919,5.631,60.24,-0.0033,16,Right,147.19,-1,-1,UNKNOWN,None
462.513,145.242,2403.091,-1.922,5.628,60.42,-0.0033,16,Right,146.91,-1,-1,UNKNOWN,None
462.538,145.259,2403.372,-1.926,5.624,60.57,-0.0033,16,Right,146.63,-1,-1,UNKNOWN,None
462.538,145.274,2403.523,-1.927,5.623,60.65,-0.0033,16,Right,146.48,-1,-1,UNKNOWN,None
462.556,145.292,2403.804,-1.931,5.619,60.76,-0.0033,16,Right,146.2,-1,-1,UNKNOWN,None
462.581,145.308,2404.097,-1.934,5.616,60.85,-0.0033,16,Right,145.9,-1,-1,UNKNOWN,None
462.591,145.323,2404.397,-1.938,5.612,60.92,-0.0033,16,Right,145.6,-1,-1,UNKNOWN,None
462.599,145.339,2404.538,-1.94,5.61,60.94,-0.0033,16,Right,145.46,-1,-1,UNKNOWN,None
462.616,145.355,2404.82,-1.943,5.607,60.96,-0.0033,16,Right,145.18,-1,-1,UNKNOWN,None
462.649,145.371,2405.243,-1.949,5.601,60.94,-0.0033,16,Right,144.76,-1,-1,UNKNOWN,None
462.657,145.387,2405.525,-1.953,5.597,60.89,-0.0033,16,Right,144.47,-1,-1,UNKNOWN,None
462.674,145.404,2405.666,-1.955,5.595,60.85,-0.0033,16,Right,144.33,-1,-1,UNKNOWN,None
462.685,145.418,2406.069,-1.961,5.589,60.7,-0.0031,16,Right,143.93,-1,-1,UNKNOWN,None
462.707,145.435,2406.357,-1.965,5.585,60.57,-0.0031,16,Right,143.64,-1,-1,UNKNOWN,None
462.723,145.451,2406.636,-1.97,5.58,60.42,-0.0031,16,Right,143.36,-1,-1,UNKNOWN,None
462.74,145.468,2406.776,-1.972,5.578,60.34,-0.0031,16,Right,143.22,-1,-1,UNKNOWN,None
462.757,145.484,2407.055,-1.976,5.574,60.17,-0.0031,16,Right,142.95,-1,-1,UNKNOWN,None
462.774,145.5,2407.34,-1.981,5.569,59.98,-0.0031,16,Right,142.66,-1,-1,UNKNOWN,None
462.79,145.516,2407.617,-1.986,5.564,59.78,-0.0021,16,Right,142.38,-1,-1,UNKNOWN,None
462.799,145.532,2407.913,-1.991,5.559,59.57,-0.0018,16,Right,142.09,-1,-1,UNKNOWN,None
462.818,145.548,2408.214,-1.996,5.554,59.36,-0.0017,16,Right,141.79,-1,-1,UNKNOWN,None
462.835,145.564,2408.489,-2.001,5.549,59.17,-0.0014,16,Right,141.51,-1,-1,UNKNOWN,None
462.843,145.579,2408.625,-2.003,5.547,59.08,-0.0009,16,Right,141.37,-1,-1,UNKNOWN,None
462.868,145.599,2409.034,-2.01,5.54,58.84,-0.0008,16,Right,140.97,-1,-1,UNKNOWN,None
462.877,145.611,2409.171,-2.013,5.537,58.77,-0.0001,16,Right,140.83,-1,-1,UNKNOWN,None
462.902,145.627,2409.442,-2.018,5.532,58.65,0.0002,16,Right,140.56,-1,-1,UNKNOWN,None
462.92,145.643,2409.734,-2.023,5.527,58.54,0.0005,16,Right,140.27,-1,-1,UNKNOWN,None
462.929,145.66,2410.021,-2.028,5.522,58.48,0.0009,16,Right,139.98,-1,-1,UNKNOWN,None
462.954,145.676,2410.292,-2.033,5.517,58.45,0.0014,16,Right,139.71,-1,-1,UNKNOWN,None
462.962,145.691,2410.562,-2.038,5.512,58.45,0.0014,16,Right,139.44,-1,-1,UNKNOWN,None
462.987,145.707,2410.833,-2.043,5.507,58.47,0.0018,16,Right,139.17,-1,-1,UNKNOWN,None
462.996,145.724,2411.104,-2.048,5.502,58.52,0.0021,16,Right,138.9,-1,-1,UNKNOWN,None
463.012,145.739,2411.24,-2.051,5.499,58.55,0.0021,16,Right,138.76,-1,-1,UNKNOWN,None
463.021,145.756,2411.511,-2.056,5.494,58.63,0.0023,16,Right,138.49,-1,-1,UNKNOWN,None
463.046,145.772,2411.783,-2.061,5.489,58.72,0.0023,16,Right,138.22,-1,-1,UNKNOWN,None
463.063,145.788,2412.064,-2.067,5.483,58.83,0.0023,16,Right,137.94,-1,-1,UNKNOWN,None
463.072,145.804,2412.363,-2.072,5.478,58.96,0.0023,16,Right,137.64,-1,-1,UNKNOWN,None
463.09,145.82,2412.651,-2.078,5.472,59.1,0.0023,16,Right,137.35,-1,-1,UNKNOWN,None
463.107,145.836,2412.933,-2.083,5.467,59.25,0.0023,16,Right,137.07,-1,-1,UNKNOWN,None
463.116,145.851,2413.079,-2.086,5.464,59.33,0.0023,16,Right,136.92,-1,-1,UNKNOWN,None
463.141,145.867,2413.354,-2.091,5.459,59.49,0.0023,16,Right,136.65,-1,-1,UNKNOWN,None
463.159,145.884,2413.647,-2.096,5.454,59.66,0.0023,16,Right,136.35,-1,-1,UNKNOWN,None
463.176,145.9,2413.924,-2.101,5.449,59.83,0.0023,16,Right,136.08,-1,-1,UNKNOWN,None
463.187,145.914,2414.118,-2.105,5.445,59.95,0.0023,16,Right,135.88,-1,-1,UNKNOWN,None
463.2,145.932,2414.473,-2.112,5.438,60.18,0.0023,16,Right,135.53,-1,-1,UNKNOWN,None
463.225,145.947,2414.752,-2.117,5.433,60.36,0.0023,16,Right,135.25,-1,-1,UNKNOWN,None
463.235,145.964,2415.049,-2.122,5.428,60.55,0.0023,16,Right,134.95,-1,-1,UNKNOWN,None
463.252,145.98,2415.336,-2.127,5.423,60.71,0.0023,16,Right,134.66,-1,-1,UNKNOWN,None
463.26,145.996,2415.477,-2.13,5.42,60.78,0.0023,16,Right,134.52,-1,-1,UNKNOWN,None
463.286,146.011,2415.784,-2.135,5.415,60.9,0.0023,16,Right,134.22,-1,-1,UNKNOWN,None
463.303,146.028,2416.068,-2.14,5.41,60.98,0.0023,16,Right,133.93,-1,-1,UNKNOWN,None
463.312,146.044,2416.351,-2.145,5.405,61.01,0.0023,16,Right,133.65,-1,-1,UNKNOWN,None
463.328,146.06,2416.646,-2.15,5.4,61.0,0.0023,16,Right,133.35,-1,-1,UNKNOWN,None
463.337,146.076,2416.824,-2.153,5.397,60.97,0.0023,16,Right,133.18,-1,-1,UNKNOWN,None
463.366,146.092,2417.133,-2.158,5.392,60.91,0.0023,16,Right,132.87,-1,-1,UNKNOWN,None
463.375,146.108,2417.439,-2.163,5.387,60.81,0.0023,16,Right,132.56,-1,-1,UNKNOWN,None
463.393,146.124,2417.742,-2.168,5.382,60.7,0.0023,16,Right,132.26,-1,-1,UNKNOWN,None
463.412,146.139,2417.909,-2.171,5.379,60.63,0.0023,16,Right,132.09,-1,-1,UNKNOWN,None
463.421,146.156,2418.195,-2.176,5.374,60.49,0.0023,16,Right,131.8,-1,-1,UNKNOWN,None
463.446,146.171,2418.481,-2.18,5.37,60.34,0.0023,16,Right,131.52,-1,-1,UNKNOWN,None
463.455,146.187,2418.767,-2.185,5.365,60.18,0.0023,16,Right,131.23,-1,-1,UNKNOWN,None
463.48,146.202,2419.045,-2.189,5.361,60.0,0.0023,16,Right,130.95,-1,-1,UNKNOWN,None
463.497,146.217,2419.322,-2.194,5.356,59.81,0.0023,16,Right,130.68,-1,-1,UNKNOWN,None
463.497,146.234,2419.46,-2.196,5.354,59.72,0.0023,16,Right,130.54,-1,-1,UNKNOWN,None
463.522,146.25,2419.874,-2.202,5.348,59.43,0.0023,16,Right,130.13,-1,-1,UNKNOWN,None
463.538,146.266,2420.011,-2.204,5.346,59.33,0.0023,16,Right,129.99,-1,-1,UNKNOWN,None
463.557,146.282,2420.311,-2.208,5.342,59.14,0.0023,16,Right,129.69,-1,-1,UNKNOWN,None
463.573,146.3,2420.584,-2.212,5.338,58.98,0.0023,16,Right,129.42,-1,-1,UNKNOWN,None
463.59,146.316,2420.857,-2.216,5.334,58.83,0.0023,16,Right,129.14,-1,-1,UNKNOWN,None
463.607,146.332,2421.129,-2.22,5.33,58.71,0.0023,16,Right,128.87,-1,-1,UNKNOWN,None
463.623,146.347,2421.401,-2.224,5.326,58.61,0.0023,16,Right,128.6,-1,-1,UNKNOWN,None
463.64,146.363,2421.674,-2.227,5.323,58.55,0.0023,16,Right,128.33,-1,-1,UNKNOWN,None
463.657,146.379,2421.951,-2.231,5.319,58.51,0.0023,16,Right,128.05,-1,-1,UNKNOWN,None
463.674,146.396,2422.222,-2.234,5.316,58.5,0.0023,16,Right,127.78,-1,-1,UNKNOWN,None
463.682,146.411,2422.493,-2.238,5.312,58.53,0.0023,16,Right,127.51,-1,-1,UNKNOWN,None
463.699,146.428,2422.764,-2.241,5.309,58.57,0.0023,16,Right,127.24,-1,-1,UNKNOWN,None
463.707,146.444,2422.906,-2.243,5.307,58.6,0.0023,16,Right,127.09,-1,-1,UNKNOWN,None
463.724,146.46,2423.178,-2.246,5.304,58.68,0.0023,16,Right,126.82,-1,-1,UNKNOWN,None
463.741,146.476,2423.45,-2.25,5.3,58.77,0.0023,16,Right,126.55,-1,-1,UNKNOWN,None
463.766,146.491,2423.722,-2.253,5.297,58.88,0.0023,16,Right,126.28,-1,-1,UNKNOWN,None
463.774,146.508,2424.022,-2.256,5.294,59.01,0.0023,16,Right,125.98,-1,-1,UNKNOWN,None
463.792,146.524,2424.295,-2.259,5.291,59.14,0.0023,16,Right,125.7,-1,-1,UNKNOWN,None
463.817,146.54,2424.57,-2.262,5.288,59.28,0.0023,16,Right,125.43,-1,-1,UNKNOWN,None
463.834,146.556,2424.845,-2.265,5.285,59.43,0.0023,16,Right,125.16,-1,-1,UNKNOWN,None
463.842,146.572,2425.12,-2.268,5.282,59.59,0.0023,16,Right,124.88,-1,-1,UNKNOWN,None
463.851,146.587,2425.281,-2.27,5.28,59.68,0.0023,16,Right,124.72,-1,-1,UNKNOWN,None
463.871,146.604,2425.588,-2.273,5.277,59.87,0.0023,16,Right,124.41,-1,-1,UNKNOWN,None
463.887,146.619,2425.866,-2.276,5.274,60.04,0.0023,16,Right,124.13,-1,-1,UNKNOWN,None
463.913,146.635,2426.156,-2.279,5.271,60.23,0.0023,16,Right,123.84,-1,-1,UNKNOWN,None
463.913,146.651,2426.349,-2.28,5.27,60.35,0.0023,16,Right,123.65,-1,-1,UNKNOWN,None
463.942,146.668,2426.646,-2.283,5.267,60.52,0.0023,16,Right,123.35,-1,-1,UNKNOWN,None
463.959,146.684,2426.926,-2.286,5.264,60.65,0.0023,16,Right,123.07,-1,-1,UNKNOWN,None
463.975,146.698,2427.208,-2.288,5.262,60.76,0.0023,16,Right,122.79,-1,-1,UNKNOWN,None
463.975,146.715,2427.348,-2.289,5.261,60.8,0.0023,16,Right,122.65,-1,-1,UNKNOWN,None
464.0,146.732,2427.771,-2.293,5.257,60.85,0.0023,16,Right,122.23,-1,-1,UNKNOWN,None
464.026,146.747,2428.055,-2.295,5.255,60.82,0.0023,16,Right,121.94,-1,-1,UNKNOWN,None
464.035,146.763,2428.361,-2.298,5.252,60.76,0.0023,16,Right,121.64,-1,-1,UNKNOWN,None
464.054,146.779,2428.536,-2.299,5.251,60.71,0.0023,16,Right,121.46,-1,-1,UNKNOWN,None
464.076,146.795,2428.898,-2.302,5.248,60.57,0.0023,16,Right,121.1,-1,-1,UNKNOWN,None
464.076,146.812,2429.072,-2.303,5.247,60.49,0.0023,16,Right,120.93,-1,-1,UNKNOWN,None
464.106,146.828,2429.405,-2.306,5.244,60.32,0.0023,16,Right,120.6,-1,-1,UNKNOWN,None
464.114,146.844,2429.688,-2.307,5.243,60.16,0.0023,16,Right,120.31,-1,-1,UNKNOWN,None
464.132,146.86,2429.846,-2.308,5.242,60.06,0.0023,16,Right,120.15,-1,-1,UNKNOWN,None
464.15,146.875,2430.138,-2.31,5.24,59.87,0.0023,16,Right,119.86,-1,-1,UNKNOWN,None
464.168,146.891,2430.447,-2.312,5.238,59.66,0.0023,16,Right,119.55,-1,-1,UNKNOWN,None
464.185,146.908,2430.722,-2.314,5.236,59.46,0.0023,16,Right,119.28,-1,-1,UNKNOWN,None
464.194,146.924,2431.004,-2.316,5.234,59.27,0.0023,16,Right,119.0,-1,-1,UNKNOWN,None
464.211,146.94,2431.291,-2.317,5.233,59.07,0.0023,16,Right,118.71,-1,-1,UNKNOWN,None
464.22,146.956,2431.427,-2.318,5.232,58.98,0.0023,16,Right,118.57,-1,-1,UNKNOWN,None
464.236,146.972,2431.699,-2.319,5.231,58.82,0.0023,16,Right,118.3,-1,-1,UNKNOWN,None
464.261,146.987,2431.971,-2.321,5.229,58.68,0.0023,16,Right,118.03,-1,-1,UNKNOWN,None
464.278,147.004,2432.242,-2.322,5.228,58.56,0.0023,16,Right,117.76,-1,-1,UNKNOWN,None
464.295,147.02,2432.517,-2.323,5.227,58.46,0.0023,16,Right,117.48,-1,-1,UNKNOWN,None
464.313,147.036,2432.814,-2.324,5.226,58.39,0.0023,16,Right,117.19,-1,-1,UNKNOWN,None
464.33,147.052,2433.089,-2.325,5.225,58.36,0.0023,16,Right,116.91,-1,-1,UNKNOWN,None
464.339,147.068,2433.373,-2.326,5.224,58.36,0.0023,16,Right,116.63,-1,-1,UNKNOWN,None
464.356,147.084,2433.644,-2.327,5.223,58.39,0.0023,16,Right,116.36,-1,-1,UNKNOWN,None
464.364,147.1,2433.78,-2.328,5.222,58.41,0.0023,16,Right,116.22,-1,-1,UNKNOWN,None
464.389,147.116,2434.051,-2.329,5.221,58.47,0.0023,16,Right,115.95,-1,-1,UNKNOWN,None
464.407,147.132,2434.33,-2.329,5.221,58.55,0.0023,16,Right,115.67,-1,-1,UNKNOWN,None
464.416,147.148,2434.634,-2.33,5.22,58.66,0.0023,16,Right,115.37,-1,-1,UNKNOWN,None
464.435,147.164,2434.792,-2.331,5.219,58.72,0.0023,16,Right,115.21,-1,-1,UNKNOWN,None
464.454,147.18,2435.104,-2.331,5.219,58.86,0.0023,16,Right,114.9,-1,-1,UNKNOWN,None
464.463,147.195,2435.385,-2.332,5.218,58.99,0.0023,16,Right,114.62,-1,-1,UNKNOWN,None
464.479,147.211,2435.658,-2.332,5.218,59.14,0.0023,16,Right,114.34,-1,-1,UNKNOWN,None
464.496,147.226,2435.932,-2.333,5.217,59.29,0.0023,16,Right,114.07,-1,-1,UNKNOWN,None
464.513,147.243,2436.208,-2.333,5.217,59.44,0.0023,16,Right,113.79,-1,-1,UNKNOWN,None
464.529,147.258,2436.483,-2.333,5.217,59.61,0.0023,16,Right,113.52,-1,-1,UNKNOWN,None
464.546,147.275,2436.76,-2.333,5.217,59.78,0.0023,16,Right,113.24,-1,-1,UNKNOWN,None
464.563,147.291,2437.037,-2.334,5.216,59.95,0.0023,16,Right,112.96,-1,-1,UNKNOWN,None
464.579,147.307,2437.316,-2.334,5.216,60.13,0.0023,16,Right,112.68,-1,-1,UNKNOWN,None
464.588,147.324,2437.455,-2.334,5.216,60.23,0.0023,16,Right,112.55,-1,-1,UNKNOWN,None
464.604,147.339,2437.734,-2.334,5.216,60.41,0.0023,16,Right,112.27,-1,-1,UNKNOWN,None
464.629,147.355,2438.015,-2.334,5.216,60.59,0.0023,16,Right,111.99,-1,-1,UNKNOWN,None
464.638,147.372,2438.296,-2.333,5.217,60.76,0.0023,16,Right,111.7,-1,-1,UNKNOWN,None
464.646,147.387,2438.477,-2.333,5.217,60.86,0.0023,16,Right,111.52,-1,-1,UNKNOWN,None
464.682,147.404,2438.901,-2.333,5.217,61.07,0.0023,16,Right,111.1,-1,-1,UNKNOWN,None
464.69,147.419,2439.205,-2.333,5.217,61.17,0.0023,16,Right,110.8,-1,-1,UNKNOWN,None
464.7,147.434,2439.205,-2.333,5.217,61.17,0.0023,16,Right,110.8,-1,-1,UNKNOWN,None
464.731,147.456,2439.74,-2.332,5.218,61.23,0.0023,16,Right,110.26,-1,-1,UNKNOWN,None
464.74,147.468,2440.023,-2.331,5.219,61.2,0.0023,16,Right,109.98,-1,-1,UNKNOWN,None
464.756,147.483,2440.165,-2.331,5.219,61.17,0.0023,16,Right,109.84,-1,-1,UNKNOWN,None
464.773,147.5,2440.447,-2.33,5.22,61.09,0.0023,16,Right,109.55,-1,-1,UNKNOWN,None
464.781,147.514,2440.738,-2.33,5.22,60.99,0.0023,16,Right,109.26,-1,-1,UNKNOWN,None
464.79,147.532,2440.879,-2.329,5.221,60.92,0.0023,16,Right,109.12,-1,-1,UNKNOWN,None
464.815,147.547,2441.301,-2.328,5.222,60.71,0.0023,16,Right,108.7,-1,-1,UNKNOWN,None
464.841,147.563,2441.604,-2.327,5.223,60.53,0.0023,16,Right,108.4,-1,-1,UNKNOWN,None
464.85,147.579,2441.883,-2.326,5.224,60.35,0.0023,16,Right,108.12,-1,-1,UNKNOWN,None
464.866,147.595,2442.162,-2.325,5.225,60.16,0.0023,16,Right,107.84,-1,-1,UNKNOWN,None
464.883,147.612,2442.439,-2.324,5.226,59.96,0.0023,16,Right,107.56,-1,-1,UNKNOWN,None
464.9,147.628,2442.716,-2.323,5.227,59.75,0.0023,16,Right,107.28,-1,-1,UNKNOWN,None
464.916,147.644,2442.854,-2.322,5.228,59.65,0.0023,16,Right,107.15,-1,-1,UNKNOWN,None
464.925,147.659,2443.13,-2.321,5.229,59.44,0.0023,16,Right,106.87,-1,-1,UNKNOWN,None
464.951,147.676,2443.428,-2.32,5.23,59.22,0.0023,16,Right,106.57,-1,-1,UNKNOWN,None
464.968,147.691,2443.701,-2.318,5.232,59.03,0.0023,16,Right,106.3,-1,-1,UNKNOWN,None
464.968,147.708,2443.838,-2.318,5.232,58.94,0.0023,16,Right,106.16,-1,-1,UNKNOWN,None
464.993,147.724,2444.252,-2.315,5.235,58.7,0.0023,16,Right,105.75,-1,-1,UNKNOWN,None
465.018,147.74,2444.525,-2.314,5.236,58.57,0.0023,16,Right,105.48,-1,-1,UNKNOWN,None
465.027,147.756,2444.804,-2.312,5.238,58.46,0.0023,16,Right,105.2,-1,-1,UNKNOWN,None
465.044,147.771,2444.951,-2.311,5.239,58.42,0.0023,16,Right,105.05,-1,-1,UNKNOWN,None
465.061,147.788,2445.223,-2.31,5.24,58.37,0.0023,16,Right,104.78,-1,-1,UNKNOWN,None
465.061,147.804,2445.365,-2.309,5.241,58.35,0.0023,16,Right,104.64,-1,-1,UNKNOWN,None
465.095,147.818,2445.774,-2.306,5.244,58.35,0.0023,16,Right,104.23,-1,-1,UNKNOWN,None
465.095,147.836,2445.91,-2.305,5.245,58.36,0.0023,16,Right,104.09,-1,-1,UNKNOWN,None
465.121,147.851,2446.331,-2.302,5.248,58.44,0.0023,16,Right,103.67,-1,-1,UNKNOWN,None
465.138,147.868,2446.602,-2.3,5.25,58.52,0.0023,16,Right,103.4,-1,-1,UNKNOWN,None
465.156,147.884,2446.765,-2.299,5.251,58.57,0.0023,16,Right,103.24,-1,-1,UNKNOWN,None
465.165,147.9,2447.036,-2.296,5.254,58.67,0.0023,16,Right,102.96,-1,-1,UNKNOWN,None
465.19,147.916,2447.308,-2.294,5.256,58.78,0.0021,16,Right,102.69,-1,-1,UNKNOWN,None
465.207,147.931,2447.594,-2.292,5.258,58.92,0.0021,16,Right,102.41,-1,-1,UNKNOWN,None
465.223,147.947,2447.859,-2.29,5.26,59.05,0.0018,16,Right,102.14,-1,-1,UNKNOWN,None
465.232,147.964,2448.133,-2.287,5.263,59.19,0.0017,16,Right,101.87,-1,-1,UNKNOWN,None
465.24,147.98,2448.278,-2.286,5.264,59.27,0.0014,16,Right,101.72,-1,-1,UNKNOWN,None
465.265,147.996,2448.691,-2.282,5.268,59.51,0.0014,16,Right,101.31,-1,-1,UNKNOWN,None
465.283,148.012,2448.853,-2.281,5.269,59.61,0.0014,16,Right,101.15,-1,-1,UNKNOWN,None
465.302,148.028,2449.158,-2.278,5.272,59.8,0.0014,16,Right,100.84,-1,-1,UNKNOWN,None
465.311,148.044,2449.462,-2.275,5.275,59.99,0.0014,16,Right,100.54,-1,-1,UNKNOWN,None
465.329,148.06,2449.783,-2.272,5.278,60.2,0.0014,16,Right,100.22,-1,-1,UNKNOWN,None
465.348,148.076,2450.062,-2.269,5.281,60.39,0.0014,16,Right,99.94,-1,-1,UNKNOWN,None
465.364,148.092,2450.202,-2.267,5.283,60.48,0.0014,16,Right,99.8,-1,-1,UNKNOWN,None
465.374,148.107,2450.531,-2.264,5.286,60.68,0.0014,16,Right,99.47,-1,-1,UNKNOWN,None
465.392,148.123,2450.812,-2.261,5.289,60.83,0.0014,16,Right,99.19,-1,-1,UNKNOWN,None
465.417,148.138,2451.095,-2.258,5.292,60.94,0.0014,16,Right,98.91,-1,-1,UNKNOWN,None
465.426,148.155,2451.379,-2.255,5.295,61.01,0.0014,16,Right,98.62,-1,-1,UNKNOWN,None
465.443,148.171,2451.671,-2.252,5.298,61.04,0.0014,16,Right,98.33,-1,-1,UNKNOWN,None
465.468,148.19,2451.956,-2.248,5.302,61.03,0.0014,16,Right,98.04,-1,-1,UNKNOWN,None
465.468,148.203,2452.119,-2.247,5.303,61.0,0.0014,16,Right,97.88,-1,-1,UNKNOWN,None
465.489,148.218,2452.446,-2.243,5.307,60.92,0.0014,16,Right,97.55,-1,-1,UNKNOWN,None
465.497,148.235,2452.587,-2.241,5.309,60.87,0.0014,16,Right,97.41,-1,-1,UNKNOWN,None
465.522,148.251,2453.009,-2.236,5.314,60.7,0.0014,16,Right,96.99,-1,-1,UNKNOWN,None
465.53,148.267,2453.157,-2.234,5.316,60.62,0.0014,16,Right,96.84,-1,-1,UNKNOWN,None
465.564,148.289,2453.583,-2.229,5.321,60.38,0.0014,16,Right,96.42,-1,-1,UNKNOWN,None
465.573,148.299,2453.722,-2.228,5.322,60.3,0.0014,16,Right,96.28,-1,-1,UNKNOWN,None
465.589,148.316,2454.001,-2.224,5.326,60.11,0.0014,16,Right,96.0,-1,-1,UNKNOWN,None
465.606,148.332,2454.279,-2.221,5.329,59.92,0.0014,16,Right,95.72,-1,-1,UNKNOWN,None
465.623,148.348,2454.556,-2.217,5.333,59.72,0.0014,16,Right,95.44,-1,-1,UNKNOWN,None
465.64,148.362,2454.834,-2.214,5.336,59.51,0.0014,16,Right,95.17,-1,-1,UNKNOWN,None
465.656,148.378,2455.108,-2.21,5.34,59.31,0.0014,16,Right,94.89,-1,-1,UNKNOWN,None
465.673,148.396,2455.382,-2.207,5.343,59.12,0.0014,16,Right,94.62,-1,-1,UNKNOWN,None
465.69,148.413,2455.658,-2.203,5.347,58.94,0.0014,16,Right,94.34,-1,-1,UNKNOWN,None
465.698,148.427,2455.93,-2.199,5.351,58.77,0.0014,16,Right,94.07,-1,-1,UNKNOWN,None
465.715,148.444,2456.208,-2.195,5.355,58.63,0.0014,16,Right,93.79,-1,-1,UNKNOWN,None
465.723,148.459,2456.348,-2.194,5.356,58.57,0.0014,16,Right,93.65,-1,-1,UNKNOWN,None
465.749,148.475,2456.619,-2.19,5.36,58.46,0.0014,16,Right,93.38,-1,-1,UNKNOWN,None
465.766,148.491,2456.895,-2.186,5.364,58.39,0.0014,16,Right,93.1,-1,-1,UNKNOWN,None
465.766,148.508,2457.031,-2.184,5.366,58.36,0.0014,16,Right,92.97,-1,-1,UNKNOWN,None
465.799,148.524,2457.435,-2.178,5.372,58.34,0.0014,16,Right,92.56,-1,-1,UNKNOWN,None
465.807,148.539,2457.705,-2.174,5.376,58.36,0.0014,16,Right,92.29,-1,-1,UNKNOWN,None
465.824,148.556,2457.976,-2.17,5.38,58.4,0.0014,16,Right,92.02,-1,-1,UNKNOWN,None
465.832,148.572,2458.129,-2.168,5.382,58.43,0.0014,16,Right,91.87,-1,-1,UNKNOWN,None
465.859,148.587,2458.535,-2.162,5.388,58.55,0.0014,16,Right,91.46,-1,-1,UNKNOWN,None
465.876,148.603,2458.814,-2.158,5.392,58.65,0.0014,16,Right,91.19,-1,-1,UNKNOWN,None
465.892,148.619,2458.95,-2.156,5.394,58.7,0.0011,16,Right,91.05,-1,-1,UNKNOWN,None
465.901,148.635,2459.222,-2.152,5.398,58.82,0.0009,16,Right,90.78,-1,-1,UNKNOWN,None
465.926,148.651,2459.495,-2.148,5.402,58.95,0.0007,16,Right,90.51,-1,-1,UNKNOWN,None
465.942,148.667,2459.768,-2.143,5.407,59.09,0.0005,16,Right,90.23,-1,-1,UNKNOWN,None
465.942,148.683,2459.905,-2.141,5.409,59.16,-0.0001,16,Right,90.1,-1,-1,UNKNOWN,None
465.959,148.699,2460.179,-2.137,5.413,59.31,-0.0002,16,Right,89.82,-1,-1,UNKNOWN,None
465.976,148.715,2460.455,-2.133,5.417,59.47,-0.0008,16,Right,89.55,-1,-1,UNKNOWN,None
466.009,148.732,2460.869,-2.126,5.424,59.73,-0.0009,16,Right,89.13,-1,-1,UNKNOWN,None
466.026,148.747,2461.146,-2.122,5.428,59.9,-0.0014,16,Right,88.85,-1,-1,UNKNOWN,None
466.037,148.763,2461.342,-2.119,5.431,60.03,-0.0017,16,Right,88.66,-1,-1,UNKNOWN,None
466.054,148.779,2461.62,-2.115,5.435,60.21,-0.0018,16,Right,88.38,-1,-1,UNKNOWN,None
466.071,148.795,2461.9,-2.11,5.44,60.4,-0.0018,16,Right,88.1,-1,-1,UNKNOWN,None
466.079,148.811,2462.18,-2.106,5.444,60.59,-0.0018,16,Right,87.82,-1,-1,UNKNOWN,None
466.096,148.827,2462.461,-2.101,5.449,60.77,-0.0018,16,Right,87.54,-1,-1,UNKNOWN,None
466.121,148.843,2462.75,-2.097,5.453,60.94,-0.0021,16,Right,87.25,-1,-1,UNKNOWN,None
466.129,148.86,2462.891,-2.095,5.455,61.02,-0.0021,16,Right,87.11,-1,-1,UNKNOWN,None
466.149,148.875,2463.22,-2.09,5.46,61.19,-0.0021,16,Right,86.78,-1,-1,UNKNOWN,None
466.157,148.891,2463.52,-2.085,5.465,61.31,-0.0021,16,Right,86.48,-1,-1,UNKNOWN,None
466.166,148.907,2463.68,-2.083,5.467,61.36,-0.0021,16,Right,86.32,-1,-1,UNKNOWN,None
466.194,148.923,2463.995,-2.078,5.472,61.43,-0.0021,16,Right,86.0,-1,-1,UNKNOWN,None
466.213,148.939,2464.321,-2.073,5.477,61.44,-0.0021,16,Right,85.68,-1,-1,UNKNOWN,None
466.222,148.955,2464.612,-2.069,5.481,61.41,-0.0021,16,Right,85.39,-1,-1,UNKNOWN,None
466.239,148.971,2464.896,-2.064,5.486,61.35,-0.0021,16,Right,85.1,-1,-1,UNKNOWN,None
466.256,148.988,2465.185,-2.06,5.49,61.25,-0.0021,16,Right,84.81,-1,-1,UNKNOWN,None
466.281,149.003,2465.469,-2.056,5.494,61.14,-0.0021,16,Right,84.53,-1,-1,UNKNOWN,None
466.298,149.019,2465.751,-2.052,5.498,61.0,-0.0021,16,Right,84.25,-1,-1,UNKNOWN,None
466.307,149.035,2466.045,-2.048,5.502,60.84,-0.0021,16,Right,83.96,-1,-1,UNKNOWN,None
466.324,149.051,2466.194,-2.046,5.504,60.75,-0.0021,16,Right,83.81,-1,-1,UNKNOWN,None
466.341,149.067,2466.49,-2.041,5.509,60.56,-0.0021,16,Right,83.51,-1,-1,UNKNOWN,None
466.358,149.083,2466.77,-2.038,5.512,60.37,-0.0021,16,Right,83.23,-1,-1,UNKNOWN,None
466.366,149.099,2467.049,-2.034,5.516,60.17,-0.0021,16,Right,82.95,-1,-1,UNKNOWN,None
466.383,149.115,2467.326,-2.03,5.52,59.96,-0.0021,16,Right,82.67,-1,-1,UNKNOWN,None
466.408,149.131,2467.603,-2.026,5.524,59.74,-0.0021,16,Right,82.4,-1,-1,UNKNOWN,None
466.416,149.148,2467.879,-2.022,5.528,59.53,-0.0021,16,Right,82.12,-1,-1,UNKNOWN,None
466.433,149.162,2468.154,-2.019,5.531,59.31,-0.0021,16,Right,81.85,-1,-1,UNKNOWN,None
466.458,149.18,2468.428,-2.015,5.535,59.11,-0.0021,16,Right,81.57,-1,-1,UNKNOWN,None
466.466,149.194,2468.701,-2.012,5.538,58.93,-0.0021,16,Right,81.3,-1,-1,UNKNOWN,None
466.475,149.21,2468.856,-2.01,5.54,58.83,-0.0021,16,Right,81.14,-1,-1,UNKNOWN,None
466.501,149.226,2469.128,-2.006,5.544,58.67,-0.0021,16,Right,80.87,-1,-1,UNKNOWN,None
466.501,149.242,2469.264,-2.005,5.545,58.6,-0.0021,16,Right,80.74,-1,-1,UNKNOWN,None
466.526,149.258,2469.67,-2.0,5.55,58.43,-0.0021,16,Right,80.33,-1,-1,UNKNOWN,None
466.543,149.274,2469.94,-1.997,5.553,58.35,-0.0021,16,Right,80.06,-1,-1,UNKNOWN,None
466.559,149.291,2470.075,-1.995,5.555,58.32,-0.0021,16,Right,79.92,-1,-1,UNKNOWN,None
466.584,149.307,2470.48,-1.99,5.56,58.29,-0.0021,16,Right,79.52,-1,-1,UNKNOWN,None
466.601,149.323,2470.75,-1.987,5.563,58.31,-0.0021,16,Right,79.25,-1,-1,UNKNOWN,None
466.609,149.338,2471.02,-1.984,5.566,58.35,-0.0021,16,Right,78.98,-1,-1,UNKNOWN,None
466.626,149.355,2471.291,-1.981,5.569,58.41,-0.0021,16,Right,78.71,-1,-1,UNKNOWN,None
466.643,149.371,2471.567,-1.978,5.572,58.49,-0.0021,16,Right,78.43,-1,-1,UNKNOWN,None
466.651,149.387,2471.703,-1.977,5.573,58.53,-0.0021,16,Right,78.3,-1,-1,UNKNOWN,None
466.668,149.403,2471.974,-1.974,5.576,58.63,-0.0021,16,Right,78.03,-1,-1,UNKNOWN,None
466.685,149.419,2472.246,-1.971,5.579,58.75,-0.0021,16,Right,77.75,-1,-1,UNKNOWN,None
466.71,149.435,2472.518,-1.969,5.581,58.88,-0.0021,16,Right,77.48,-1,-1,UNKNOWN,None
466.718,149.451,2472.791,-1.966,5.584,59.02,-0.0021,16,Right,77.21,-1,-1,UNKNOWN,None
466.743,149.467,2473.065,-1.963,5.587,59.16,-0.0021,16,Right,76.94,-1,-1,UNKNOWN,None
466.743,149.483,2473.202,-1.962,5.588,59.24,-0.0021,16,Right,76.8,-1,-1,UNKNOWN,None
466.768,149.5,2473.615,-1.958,5.592,59.48,-0.0021,16,Right,76.39,-1,-1,UNKNOWN,None
466.793,149.516,2473.891,-1.956,5.594,59.65,-0.0021,16,Right,76.11,-1,-1,UNKNOWN,None
466.81,149.532,2474.167,-1.953,5.597,59.82,-0.0021,16,Right,75.83,-1,-1,UNKNOWN,None
466.826,149.547,2474.445,-1.951,5.599,60.0,-0.0021,16,Right,75.55,-1,-1,UNKNOWN,None
466.835,149.563,2474.724,-1.948,5.602,60.18,-0.0021,16,Right,75.28,-1,-1,UNKNOWN,None
466.851,149.579,2475.003,-1.946,5.604,60.36,-0.0021,16,Right,75.0,-1,-1,UNKNOWN,None
466.868,149.595,2475.143,-1.945,5.605,60.44,-0.0021,16,Right,74.86,-1,-1,UNKNOWN,None
466.885,149.611,2475.423,-1.943,5.607,60.59,-0.0021,16,Right,74.58,-1,-1,UNKNOWN,None
466.893,149.627,2475.704,-1.941,5.609,60.7,-0.0021,16,Right,74.3,-1,-1,UNKNOWN,None
466.918,149.643,2475.986,-1.939,5.611,60.78,-0.0021,16,Right,74.01,-1,-1,UNKNOWN,None
466.918,149.659,2476.126,-1.938,5.612,60.81,-0.0021,16,Right,73.87,-1,-1,UNKNOWN,None
466.943,149.675,2476.549,-1.935,5.615,60.81,-0.0021,16,Right,73.45,-1,-1,UNKNOWN,None
466.968,149.691,2476.838,-1.933,5.617,60.77,-0.0021,16,Right,73.16,-1,-1,UNKNOWN,None
466.977,149.708,2477.119,-1.931,5.619,60.69,-0.0021,16,Right,72.88,-1,-1,UNKNOWN,None
466.977,149.724,2477.119,-1.931,5.619,60.69,-0.0021,16,Right,72.88,-1,-1,UNKNOWN,None
467.011,149.739,2477.695,-1.927,5.623,60.46,-0.0021,16,Right,72.3,-1,-1,UNKNOWN,None
467.019,149.755,2477.835,-1.926,5.624,60.39,-0.0021,16,Right,72.16,-1,-1,UNKNOWN,None
467.036,149.771,2478.114,-1.925,5.625,60.24,-0.0021,16,Right,71.89,-1,-1,UNKNOWN,None
467.053,149.786,2478.397,-1.923,5.627,60.07,-0.0021,16,Right,71.6,-1,-1,UNKNOWN,None
467.071,149.803,2478.692,-1.921,5.629,59.88,-0.0021,16,Right,71.31,-1,-1,UNKNOWN,None
467.09,149.819,2479.033,-1.92,5.63,59.64,-0.0021,16,Right,70.97,-1,-1,UNKNOWN,None
467.108,149.836,2479.171,-1.919,5.631,59.54,-0.0021,16,Right,70.83,-1,-1,UNKNOWN,None
467.125,149.852,2479.446,-1.918,5.632,59.35,-0.0021,16,Right,70.55,-1,-1,UNKNOWN,None
467.141,149.867,2479.72,-1.916,5.634,59.16,-0.0021,16,Right,70.28,-1,-1,UNKNOWN,None
467.158,149.883,2479.993,-1.915,5.635,58.98,-0.0018,16,Right,70.01,-1,-1,UNKNOWN,None
467.166,149.899,2480.266,-1.914,5.636,58.82,-0.0018,16,Right,69.73,-1,-1,UNKNOWN,None
467.175,149.915,2480.402,-1.913,5.637,58.74,-0.0018,16,Right,69.6,-1,-1,UNKNOWN,None
467.208,149.931,2480.818,-1.912,5.638,58.55,-0.0018,16,Right,69.18,-1,-1,UNKNOWN,None
467.225,149.948,2481.089,-1.911,5.639,58.46,-0.0017,16,Right,68.91,-1,-1,UNKNOWN,None
467.242,149.963,2481.361,-1.91,5.64,58.4,-0.0017,16,Right,68.64,-1,-1,UNKNOWN,None
467.251,149.979,2481.637,-1.909,5.641,58.36,-0.0017,16,Right,68.36,-1,-1,UNKNOWN,None
467.267,149.995,2481.907,-1.908,5.642,58.36,-0.0017,16,Right,68.09,-1,-1,UNKNOWN,None
467.292,150.012,2482.177,-1.907,5.643,58.39,-0.0017,16,Right,67.82,-1,-1,UNKNOWN,None
467.309,150.031,2482.448,-1.906,5.644,58.44,-0.0017,16,Right,67.55,-1,-1,UNKNOWN,None
467.317,150.043,2482.583,-1.906,5.644,58.47,-0.0017,16,Right,67.42,-1,-1,UNKNOWN,None
467.334,150.059,2482.854,-1.905,5.645,58.54,-0.0017,16,Right,67.15,-1,-1,UNKNOWN,None
467.334,150.076,2482.99,-1.905,5.645,58.59,-0.0017,16,Right,67.01,-1,-1,UNKNOWN,None
467.367,150.091,2483.398,-1.904,5.646,58.75,-0.0017,16,Right,66.6,-1,-1,UNKNOWN,None
467.367,150.107,2483.534,-1.904,5.646,58.8,-0.0017,16,Right,66.47,-1,-1,UNKNOWN,None
467.392,150.123,2483.943,-1.903,5.647,59.0,-0.0017,16,Right,66.06,-1,-1,UNKNOWN,None
467.417,150.14,2484.217,-1.903,5.647,59.14,-0.0017,16,Right,65.78,-1,-1,UNKNOWN,None
467.426,150.156,2484.491,-1.902,5.648,59.29,-0.0017,16,Right,65.51,-1,-1,UNKNOWN,None
467.443,150.172,2484.784,-1.902,5.648,59.46,-0.0017,16,Right,65.22,-1,-1,UNKNOWN,None
467.46,150.187,2484.922,-1.902,5.648,59.54,-0.0014,16,Right,65.08,-1,-1,UNKNOWN,None
467.477,150.202,2485.198,-1.902,5.648,59.71,-0.0014,16,Right,64.8,-1,-1,UNKNOWN,None
467.493,150.219,2485.476,-1.902,5.648,59.88,-0.0014,16,Right,64.52,-1,-1,UNKNOWN,None
467.51,150.234,2485.753,-1.901,5.649,60.06,-0.0014,16,Right,64.25,-1,-1,UNKNOWN,None
467.527,150.25,2486.032,-1.901,5.649,60.24,-0.0014,16,Right,63.97,-1,-1,UNKNOWN,None
467.543,150.267,2486.312,-1.901,5.649,60.42,-0.0014,16,Right,63.69,-1,-1,UNKNOWN,None
467.552,150.282,2486.623,-1.901,5.649,60.59,-0.0014,16,Right,63.38,-1,-1,UNKNOWN,None
467.575,150.299,2486.849,-1.901,5.649,60.7,-0.0014,16,Right,63.15,-1,-1,UNKNOWN,None
467.592,150.315,2487.131,-1.901,5.649,60.81,-0.0014,16,Right,62.87,-1,-1,UNKNOWN,None
467.6,150.331,2487.412,-1.901,5.649,60.87,-0.0014,16,Right,62.59,-1,-1,UNKNOWN,None
467.625,150.347,2487.694,-1.901,5.649,60.89,-0.0005,16,Right,62.31,-1,-1,UNKNOWN,None
467.642,150.363,2487.976,-1.902,5.648,60.87,-0.0005,16,Right,62.02,-1,-1,UNKNOWN,None
467.65,150.38,2488.258,-1.902,5.648,60.82,-0.0005,16,Right,61.74,-1,-1,UNKNOWN,None
467.675,150.4,2488.539,-1.902,5.648,60.74,-0.0005,16,Right,61.46,-1,-1,UNKNOWN,None
467.684,150.411,2488.679,-1.902,5.648,60.68,-0.0005,16,Right,61.32,-1,-1,UNKNOWN,None
467.692,150.427,2488.96,-1.902,5.648,60.56,-0.0005,16,Right,61.04,-1,-1,UNKNOWN,None
467.717,150.443,2489.244,-1.903,5.647,60.42,-0.0005,16,Right,60.76,-1,-1,UNKNOWN,None
467.735,150.459,2489.54,-1.903,5.647,60.25,-0.0005,16,Right,60.46,-1,-1,UNKNOWN,None
467.753,150.475,2489.833,-1.904,5.646,60.07,-0.0005,16,Right,60.17,-1,-1,UNKNOWN,None
467.762,150.492,2489.984,-1.904,5.646,59.97,-0.0005,16,Right,60.02,-1,-1,UNKNOWN,None
467.775,150.508,2490.382,-1.904,5.646,59.69,0.0018,16,Right,59.62,-1,-1,UNKNOWN,None
467.802,150.523,2490.658,-1.905,5.645,59.5,0.0021,16,Right,59.34,-1,-1,UNKNOWN,None
467.811,150.539,2490.932,-1.905,5.645,59.31,0.0021,16,Right,59.07,-1,-1,UNKNOWN,None
467.831,150.555,2491.132,-1.905,5.645,59.17,0.0021,16,Right,58.87,-1,-1,UNKNOWN,None
467.85,150.571,2491.438,-1.906,5.644,58.98,0.0021,16,Right,58.56,-1,-1,UNKNOWN,None
467.861,150.587,2491.618,-1.906,5.644,58.88,0.0021,16,Right,58.38,-1,-1,UNKNOWN,None
467.877,150.602,2491.89,-1.906,5.644,58.74,0.0021,16,Right,58.11,-1,-1,UNKNOWN,None
467.877,150.619,2492.026,-1.906,5.644,58.68,0.0021,16,Right,57.97,-1,-1,UNKNOWN,None
467.902,150.635,2492.432,-1.907,5.643,58.53,0.0021,16,Right,57.57,-1,-1,UNKNOWN,None
467.919,150.652,2492.703,-1.907,5.643,58.48,0.0021,16,Right,57.3,-1,-1,UNKNOWN,None
467.927,150.667,2492.838,-1.907,5.643,58.46,0.0021,16,Right,57.16,-1,-1,UNKNOWN,None
467.953,150.684,2493.25,-1.908,5.642,58.45,0.0021,16,Right,56.75,-1,-1,UNKNOWN,None
467.978,150.7,2493.52,-1.908,5.642,58.48,0.0021,16,Right,56.48,-1,-1,UNKNOWN,None
467.978,150.715,2493.656,-1.908,5.642,58.5,0.0021,16,Right,56.34,-1,-1,UNKNOWN,None
468.003,150.732,2494.076,-1.908,5.642,58.61,0.0021,16,Right,55.92,-1,-1,UNKNOWN,None
468.012,150.747,2494.211,-1.908,5.642,58.65,0.0021,16,Right,55.79,-1,-1,UNKNOWN,None
468.028,150.763,2494.483,-1.908,5.642,58.75,0.0021,16,Right,55.52,-1,-1,UNKNOWN,None
468.054,150.779,2494.765,-1.908,5.642,58.86,0.0021,16,Right,55.23,-1,-1,UNKNOWN,None
468.062,150.796,2495.042,-1.908,5.642,58.99,0.0021,16,Right,54.96,-1,-1,UNKNOWN,None
468.088,150.811,2495.316,-1.908,5.642,59.12,0.0021,16,Right,54.68,-1,-1,UNKNOWN,None
468.096,150.827,2495.59,-1.908,5.642,59.26,0.0021,16,Right,54.41,-1,-1,UNKNOWN,None
468.121,150.844,2495.866,-1.908,5.642,59.42,0.0021,16,Right,54.13,-1,-1,UNKNOWN,None
468.14,150.86,2496.185,-1.908,5.642,59.6,0.0021,16,Right,53.81,-1,-1,UNKNOWN,None
468.14,150.875,2496.323,-1.908,5.642,59.69,0.0021,16,Right,53.68,-1,-1,UNKNOWN,None
468.165,150.891,2496.6,-1.908,5.642,59.86,0.0021,16,Right,53.4,-1,-1,UNKNOWN,None
468.182,150.907,2496.878,-1.908,5.642,60.03,0.0021,16,Right,53.12,-1,-1,UNKNOWN,None
468.19,150.924,2497.157,-1.907,5.643,60.21,0.0021,16,Right,52.84,-1,-1,UNKNOWN,None
468.215,150.94,2497.436,-1.907,5.643,60.38,0.0021,16,Right,52.56,-1,-1,UNKNOWN,None
468.215,150.955,2497.576,-1.907,5.643,60.47,0.0021,16,Right,52.42,-1,-1,UNKNOWN,None
468.232,150.971,2497.906,-1.906,5.644,60.67,0.0021,16,Right,52.09,-1,-1,UNKNOWN,None
468.26,150.987,2498.188,-1.906,5.644,60.82,0.0021,16,Right,51.81,-1,-1,UNKNOWN,None
468.268,151.003,2498.47,-1.905,5.645,60.95,0.0021,16,Right,51.53,-1,-1,UNKNOWN,None
468.293,151.019,2498.752,-1.905,5.645,61.04,0.0021,16,Right,51.25,-1,-1,UNKNOWN,None
468.311,151.035,2499.051,-1.904,5.646,61.1,0.0018,16,Right,50.95,-1,-1,UNKNOWN,None
468.321,151.051,2499.373,-1.903,5.647,61.12,0.0018,16,Right,50.63,-1,-1,UNKNOWN,None
468.338,151.067,2499.662,-1.903,5.647,61.1,0.0018,16,Right,50.34,-1,-1,UNKNOWN,None
468.356,151.084,2499.952,-1.902,5.648,61.04,0.0018,16,Right,50.05,-1,-1,UNKNOWN,None
468.372,151.099,2500.096,-1.902,5.648,61.0,0.0018,16,Right,49.9,-1,-1,UNKNOWN,None
468.389,151.115,2500.382,-1.901,5.649,60.9,0.0018,16,Right,49.62,-1,-1,UNKNOWN,None
468.389,151.132,2500.522,-1.9,5.65,60.84,0.0017,16,Right,49.48,-1,-1,UNKNOWN,None
468.415,151.148,2500.947,-1.899,5.651,60.63,0.0017,16,Right,49.05,-1,-1,UNKNOWN,None
468.431,151.162,2501.228,-1.898,5.652,60.48,0.0017,16,Right,48.77,-1,-1,UNKNOWN,None
468.44,151.179,2501.367,-1.897,5.653,60.39,0.0017,16,Right,48.63,-1,-1,UNKNOWN,None
468.473,151.195,2501.788,-1.896,5.654,60.12,0.0017,16,Right,48.21,-1,-1,UNKNOWN,None
468.481,151.21,2502.066,-1.895,5.655,59.92,0.0002,16,Right,47.93,-1,-1,UNKNOWN,None
468.49,151.226,2502.211,-1.894,5.656,59.82,-0.0002,16,Right,47.79,-1,-1,UNKNOWN,None
468.507,151.243,2502.489,-1.893,5.657,59.62,-0.0009,16,Right,47.51,-1,-1,UNKNOWN,None
468.524,151.258,2502.764,-1.892,5.658,59.43,-0.0017,16,Right,47.24,-1,-1,UNKNOWN,None
468.549,151.274,2503.039,-1.891,5.659,59.25,-0.0024,16,Right,46.96,-1,-1,UNKNOWN,None
468.549,151.291,2503.176,-1.89,5.66,59.16,-0.0028,16,Right,46.82,-1,-1,UNKNOWN,None
468.582,151.307,2503.592,-1.888,5.662,58.93,-0.0035,16,Right,46.41,-1,-1,UNKNOWN,None
468.582,151.323,2503.728,-1.888,5.662,58.86,-0.0037,16,Right,46.27,-1,-1,UNKNOWN,None
468.616,151.339,2504.136,-1.886,5.664,58.7,-0.004,16,Right,45.86,-1,-1,UNKNOWN,None
468.632,151.355,2504.409,-1.885,5.665,58.63,-0.004,16,Right,45.59,-1,-1,UNKNOWN,None
468.641,151.37,2504.686,-1.884,5.666,58.59,-0.004,16,Right,45.31,-1,-1,UNKNOWN,None
468.658,151.388,2504.964,-1.883,5.667,58.58,-0.004,16,Right,45.04,-1,-1,UNKNOWN,None
468.675,151.403,2505.101,-1.883,5.667,58.59,-0.004,16,Right,44.9,-1,-1,UNKNOWN,None
468.675,151.419,2505.296,-1.882,5.668,58.61,-0.004,16,Right,44.7,-1,-1,UNKNOWN,None
468.713,151.434,2505.722,-1.881,5.669,58.69,-0.004,16,Right,44.28,-1,-1,UNKNOWN,None
468.73,151.45,2505.995,-1.88,5.67,58.77,-0.004,16,Right,44.0,-1,-1,UNKNOWN,None
468.73,151.467,2506.132,-1.879,5.671,58.82,-0.0037,16,Right,43.87,-1,-1,UNKNOWN,None
468.746,151.484,2506.433,-1.879,5.671,58.93,-0.0037,16,Right,43.57,-1,-1,UNKNOWN,None
468.777,151.499,2506.774,-1.878,5.672,59.08,-0.0037,16,Right,43.23,-1,-1,UNKNOWN,None
468.789,151.515,2506.96,-1.877,5.673,59.16,-0.0035,16,Right,43.04,-1,-1,UNKNOWN,None
468.797,151.532,2507.236,-1.877,5.673,59.3,-0.0035,16,Right,42.76,-1,-1,UNKNOWN,None
468.822,151.548,2507.514,-1.876,5.674,59.45,-0.0035,16,Right,42.49,-1,-1,UNKNOWN,None
468.839,151.564,2507.79,-1.876,5.674,59.61,-0.0035,16,Right,42.21,-1,-1,UNKNOWN,None
468.856,151.58,2508.067,-1.875,5.675,59.77,-0.0035,16,Right,41.93,-1,-1,UNKNOWN,None
468.864,151.596,2508.344,-1.875,5.675,59.94,-0.0035,16,Right,41.66,-1,-1,UNKNOWN,None
468.889,151.611,2508.622,-1.875,5.675,60.11,-0.0035,16,Right,41.38,-1,-1,UNKNOWN,None
468.897,151.627,2508.904,-1.875,5.675,60.29,-0.0035,16,Right,41.1,-1,-1,UNKNOWN,None
468.916,151.643,2509.076,-1.874,5.676,60.4,-0.0035,16,Right,40.92,-1,-1,UNKNOWN,None
468.924,151.659,2509.357,-1.874,5.676,60.56,-0.0035,16,Right,40.64,-1,-1,UNKNOWN,None
468.941,151.675,2509.638,-1.874,5.676,60.7,-0.0035,16,Right,40.36,-1,-1,UNKNOWN,None
468.967,151.692,2509.935,-1.874,5.676,60.82,-0.0035,16,Right,40.06,-1,-1,UNKNOWN,None
468.967,151.707,2510.087,-1.875,5.675,60.86,-0.0035,16,Right,39.91,-1,-1,UNKNOWN,None
468.995,151.723,2510.543,-1.875,5.675,60.91,-0.0035,16,Right,39.46,-1,-1,UNKNOWN,None
469.011,151.739,2510.825,-1.875,5.675,60.89,-0.0035,16,Right,39.17,-1,-1,UNKNOWN,None
469.02,151.755,2510.978,-1.876,5.674,60.86,-0.0035,16,Right,39.02,-1,-1,UNKNOWN,None
469.046,151.771,2511.276,-1.876,5.674,60.78,-0.0035,16,Right,38.72,-1,-1,UNKNOWN,None
469.067,151.787,2511.628,-1.877,5.673,60.65,-0.0035,16,Right,38.37,-1,-1,UNKNOWN,None
469.076,151.803,2511.77,-1.877,5.673,60.59,-0.0035,16,Right,38.23,-1,-1,UNKNOWN,None
469.095,151.819,2512.103,-1.878,5.672,60.42,-0.0035,16,Right,37.9,-1,-1,UNKNOWN,None
469.095,151.835,2512.242,-1.879,5.671,60.34,-0.0035,16,Right,37.76,-1,-1,UNKNOWN,None
469.121,151.851,2512.682,-1.88,5.67,60.07,-0.0035,16,Right,37.32,-1,-1,UNKNOWN,None
469.13,151.867,2512.845,-1.881,5.669,59.96,-0.0024,16,Right,37.16,-1,-1,UNKNOWN,None
469.149,151.883,2513.132,-1.882,5.668,59.76,-0.0024,16,Right,36.87,-1,-1,UNKNOWN,None
469.165,151.9,2513.408,-1.883,5.667,59.57,-0.0024,16,Right,36.59,-1,-1,UNKNOWN,None
469.182,151.916,2513.683,-1.884,5.666,59.38,-0.0021,16,Right,36.32,-1,-1,UNKNOWN,None
469.21,151.931,2513.999,-1.886,5.664,59.18,-0.0021,16,Right,36.0,-1,-1,UNKNOWN,None
469.218,151.947,2514.279,-1.887,5.663,59.02,-0.0018,16,Right,35.72,-1,-1,UNKNOWN,None
469.235,151.963,2514.553,-1.888,5.662,58.88,-0.0017,16,Right,35.45,-1,-1,UNKNOWN,None
469.26,151.98,2514.827,-1.89,5.66,58.76,-0.0014,16,Right,35.17,-1,-1,UNKNOWN,None
469.269,151.996,2514.976,-1.891,5.659,58.7,-0.0009,16,Right,35.02,-1,-1,UNKNOWN,None
469.287,152.012,2515.256,-1.892,5.658,58.63,-0.0005,16,Right,34.74,-1,-1,UNKNOWN,None
469.303,152.027,2515.529,-1.894,5.656,58.58,-0.0001,16,Right,34.47,-1,-1,UNKNOWN,None
469.322,152.044,2515.828,-1.896,5.654,58.57,0.0005,16,Right,34.17,-1,-1,UNKNOWN,None
469.33,152.06,2516.103,-1.897,5.653,58.59,0.0011,16,Right,33.9,-1,-1,UNKNOWN,None
469.347,152.075,2516.381,-1.899,5.651,58.64,0.0017,16,Right,33.62,-1,-1,UNKNOWN,None
469.356,152.091,2516.523,-1.9,5.65,58.67,0.0021,16,Right,33.48,-1,-1,UNKNOWN,None
469.364,152.107,2516.659,-1.901,5.649,58.7,0.0025,16,Right,33.34,-1,-1,UNKNOWN,None
469.398,152.124,2517.079,-1.904,5.646,58.83,0.0028,16,Right,32.92,-1,-1,UNKNOWN,None
469.407,152.139,2517.352,-1.905,5.645,58.94,0.003,16,Right,32.65,-1,-1,UNKNOWN,None
469.415,152.156,2517.489,-1.906,5.644,59.0,0.003,16,Right,32.51,-1,-1,UNKNOWN,None
469.44,152.172,2517.899,-1.909,5.641,59.19,0.003,16,Right,32.1,-1,-1,UNKNOWN,None
469.458,152.187,2518.185,-1.911,5.639,59.33,0.003,16,Right,31.81,-1,-1,UNKNOWN,None
469.475,152.202,2518.334,-1.912,5.638,59.41,0.003,16,Right,31.67,-1,-1,UNKNOWN,None
469.494,152.218,2518.645,-1.914,5.636,59.59,0.003,16,Right,31.36,-1,-1,UNKNOWN,None
469.51,152.233,2518.921,-1.915,5.635,59.75,0.003,16,Right,31.08,-1,-1,UNKNOWN,None
469.519,152.251,2519.205,-1.917,5.633,59.92,0.003,16,Right,30.79,-1,-1,UNKNOWN,None
469.539,152.266,2519.393,-1.918,5.632,60.04,0.003,16,Right,30.61,-1,-1,UNKNOWN,None
469.547,152.282,2519.676,-1.92,5.63,60.22,0.003,16,Right,30.32,-1,-1,UNKNOWN,None
469.564,152.3,2519.958,-1.922,5.628,60.4,0.003,16,Right,30.04,-1,-1,UNKNOWN,None
469.589,152.315,2520.238,-1.923,5.627,60.56,0.003,16,Right,29.76,-1,-1,UNKNOWN,None
469.589,152.331,2520.378,-1.924,5.626,60.64,0.003,16,Right,29.62,-1,-1,UNKNOWN,None
469.623,152.347,2520.808,-1.926,5.624,60.82,0.003,16,Right,29.19,-1,-1,UNKNOWN,None
469.631,152.363,2521.09,-1.928,5.622,60.9,0.003,16,Right,28.91,-1,-1,UNKNOWN,None
469.648,152.38,2521.372,-1.929,5.621,60.93,0.003,16,Right,28.63,-1,-1,UNKNOWN,None
469.673,152.396,2521.654,-1.93,5.62,60.92,0.003,16,Right,28.35,-1,-1,UNKNOWN,None
469.69,152.411,2521.936,-1.932,5.618,60.87,0.003,16,Right,28.06,-1,-1,UNKNOWN,None
469.698,152.427,2522.217,-1.933,5.617,60.79,0.003,16,Right,27.78,-1,-1,UNKNOWN,None
469.715,152.443,2522.498,-1.934,5.616,60.68,0.003,16,Right,27.5,-1,-1,UNKNOWN,None
469.74,152.459,2522.779,-1.935,5.615,60.56,0.003,16,Right,27.22,-1,-1,UNKNOWN,None
469.74,152.475,2522.919,-1.936,5.614,60.48,0.003,16,Right,27.08,-1,-1,UNKNOWN,None
469.765,152.491,2523.198,-1.937,5.613,60.33,0.003,16,Right,26.8,-1,-1,UNKNOWN,None
469.773,152.507,2523.477,-1.938,5.612,60.16,0.003,16,Right,26.52,-1,-1,UNKNOWN,None
469.798,152.523,2523.755,-1.939,5.611,59.97,0.003,16,Right,26.25,-1,-1,UNKNOWN,None
469.798,152.539,2523.893,-1.939,5.611,59.88,0.003,16,Right,26.11,-1,-1,UNKNOWN,None
469.823,152.555,2524.308,-1.94,5.61,59.58,0.003,16,Right,25.69,-1,-1,UNKNOWN,None
469.84,152.572,2524.598,-1.941,5.609,59.38,0.003,16,Right,25.4,-1,-1,UNKNOWN,None
469.865,152.587,2524.872,-1.941,5.609,59.19,0.003,16,Right,25.13,-1,-1,UNKNOWN,None
469.874,152.603,2525.145,-1.942,5.608,59.02,0.0028,16,Right,24.85,-1,-1,UNKNOWN,None
469.891,152.619,2525.419,-1.942,5.608,58.86,0.0028,16,Right,24.58,-1,-1,UNKNOWN,None
469.899,152.635,2525.555,-1.942,5.608,58.79,0.0028,16,Right,24.44,-1,-1,UNKNOWN,None
469.916,152.651,2525.831,-1.943,5.607,58.66,0.0028,16,Right,24.17,-1,-1,UNKNOWN,None
469.932,152.668,2526.109,-1.943,5.607,58.56,0.0028,16,Right,23.89,-1,-1,UNKNOWN,None
469.958,152.684,2526.38,-1.943,5.607,58.49,0.0028,16,Right,23.62,-1,-1,UNKNOWN,None
469.975,152.7,2526.651,-1.943,5.607,58.45,0.0028,16,Right,23.35,-1,-1,UNKNOWN,None
469.983,152.715,2526.921,-1.943,5.607,58.45,0.0028,16,Right,23.08,-1,-1,UNKNOWN,None
470.0,152.731,2527.2,-1.943,5.607,58.47,0.0028,16,Right,22.8,-1,-1,UNKNOWN,None
470.017,152.747,2527.498,-1.943,5.607,58.52,0.0028,16,Right,22.5,-1,-1,UNKNOWN,None
470.036,152.763,2527.655,-1.943,5.607,58.55,0.0028,16,Right,22.35,-1,-1,UNKNOWN,None
470.053,152.779,2527.934,-1.943,5.607,58.63,0.0025,16,Right,22.07,-1,-1,UNKNOWN,None
470.053,152.796,2528.07,-1.942,5.608,58.68,0.0023,16,Right,21.93,-1,-1,UNKNOWN,None
470.087,152.812,2528.478,-1.942,5.608,58.83,0.0021,16,Right,21.52,-1,-1,UNKNOWN,None
470.095,152.827,2528.75,-1.941,5.609,58.95,0.0017,16,Right,21.25,-1,-1,UNKNOWN,None
470.112,152.844,2529.024,-1.941,5.609,59.09,0.0014,16,Right,20.98,-1,-1,UNKNOWN,None
470.128,152.859,2529.298,-1.94,5.61,59.23,0.0009,16,Right,20.7,-1,-1,UNKNOWN,None
470.154,152.875,2529.578,-1.94,5.61,59.38,0.0005,16,Right,20.42,-1,-1,UNKNOWN,None
470.163,152.891,2529.861,-1.939,5.611,59.54,-0.0002,16,Right,20.14,-1,-1,UNKNOWN,None
470.179,152.908,2530.138,-1.938,5.612,59.71,-0.0008,16,Right,19.86,-1,-1,UNKNOWN,None
470.197,152.923,2530.299,-1.938,5.612,59.81,-0.0014,16,Right,19.7,-1,-1,UNKNOWN,None
470.207,152.94,2530.618,-1.937,5.613,60.01,-0.0017,16,Right,19.38,-1,-1,UNKNOWN,None
470.226,152.956,2530.931,-1.936,5.614,60.21,-0.0017,16,Right,19.07,-1,-1,UNKNOWN,None
470.245,152.971,2531.096,-1.936,5.614,60.31,-0.0017,16,Right,18.9,-1,-1,UNKNOWN,None
470.263,152.987,2531.399,-1.935,5.615,60.48,-0.0017,16,Right,18.6,-1,-1,UNKNOWN,None
470.28,153.003,2531.68,-1.934,5.616,60.62,-0.0017,16,Right,18.32,-1,-1,UNKNOWN,None
470.296,153.019,2531.961,-1.933,5.617,60.72,-0.0017,16,Right,18.04,-1,-1,UNKNOWN,None
470.305,153.035,2532.245,-1.932,5.618,60.79,-0.0017,16,Right,17.75,-1,-1,UNKNOWN,None
470.33,153.051,2532.533,-1.932,5.618,60.81,-0.0017,16,Right,17.47,-1,-1,UNKNOWN,None
470.339,153.067,2532.82,-1.931,5.619,60.79,-0.0027,16,Right,17.18,-1,-1,UNKNOWN,None
470.347,153.083,2532.961,-1.93,5.62,60.76,-0.0027,16,Right,17.04,-1,-1,UNKNOWN,None
470.364,153.099,2533.242,-1.93,5.62,60.7,-0.0027,16,Right,16.76,-1,-1,UNKNOWN,None
470.389,153.115,2533.523,-1.929,5.621,60.6,-0.0027,16,Right,16.48,-1,-1,UNKNOWN,None
470.406,153.131,2533.803,-1.928,5.622,60.48,-0.0027,16,Right,16.2,-1,-1,UNKNOWN,None
470.422,153.146,2534.082,-1.927,5.623,60.34,-0.0027,16,Right,15.92,-1,-1,UNKNOWN,None
470.439,153.164,2534.361,-1.927,5.623,60.18,-0.0027,16,Right,15.64,-1,-1,UNKNOWN,None
470.447,153.179,2534.64,-1.926,5.624,60.01,-0.0027,16,Right,15.36,-1,-1,UNKNOWN,None
470.456,153.195,2534.807,-1.926,5.624,59.9,-0.0027,16,Right,15.19,-1,-1,UNKNOWN,None
470.483,153.21,2535.093,-1.925,5.625,59.7,-0.0027,16,Right,14.91,-1,-1,UNKNOWN,None
470.5,153.226,2535.369,-1.925,5.625,59.5,-0.0027,16,Right,14.63,-1,-1,UNKNOWN,None
470.516,153.242,2535.643,-1.924,5.626,59.31,-0.0027,16,Right,14.36,-1,-1,UNKNOWN,None
470.535,153.258,2535.951,-1.923,5.627,59.09,-0.0027,16,Right,14.05,-1,-1,UNKNOWN,None
470.543,153.274,2536.224,-1.923,5.627,58.91,-0.0027,16,Right,13.78,-1,-1,UNKNOWN,None
470.568,153.291,2536.496,-1.923,5.627,58.74,-0.0027,16,Right,13.5,-1,-1,UNKNOWN,None
470.577,153.307,2536.768,-1.922,5.628,58.6,-0.0027,16,Right,13.23,-1,-1,UNKNOWN,None
470.593,153.324,2537.039,-1.922,5.628,58.47,-0.0027,16,Right,12.96,-1,-1,UNKNOWN,None
470.61,153.339,2537.309,-1.922,5.628,58.38,-0.0027,16,Right,12.69,-1,-1,UNKNOWN,None
470.627,153.355,2537.579,-1.922,5.628,58.31,-0.0027,16,Right,12.42,-1,-1,UNKNOWN,None
470.652,153.371,2537.851,-1.922,5.628,58.27,-0.0027,16,Right,12.15,-1,-1,UNKNOWN,None
470.652,153.387,2537.988,-1.922,5.628,58.26,-0.0027,16,Right,12.01,-1,-1,UNKNOWN,None
470.669,153.403,2538.315,-1.922,5.628,58.28,-0.0027,16,Right,11.68,-1,-1,UNKNOWN,None
470.692,153.419,2538.496,-1.922,5.628,58.3,-0.0027,16,Right,11.5,-1,-1,UNKNOWN,None
470.709,153.435,2538.769,-1.922,5.628,58.35,-0.0027,16,Right,11.23,-1,-1,UNKNOWN,None
470.726,153.451,2539.046,-1.922,5.628,58.43,-0.0027,16,Right,10.95,-1,-1,UNKNOWN,None
470.742,153.467,2539.317,-1.922,5.628,58.52,-0.0027,16,Right,10.68,-1,-1,UNKNOWN,None
470.759,153.483,2539.588,-1.923,5.627,58.62,-0.0027,16,Right,10.41,-1,-1,UNKNOWN,None
470.776,153.5,2539.86,-1.923,5.627,58.74,-0.0027,16,Right,10.14,-1,-1,UNKNOWN,None
470.776,153.516,2539.996,-1.923,5.627,58.81,-0.0027,16,Right,10.0,-1,-1,UNKNOWN,None
470.801,153.532,2540.405,-1.924,5.626,59.01,-0.0024,16,Right,9.59,-1,-1,UNKNOWN,None
470.818,153.548,2540.694,-1.924,5.626,59.17,-0.0024,16,Right,9.31,-1,-1,UNKNOWN,None
470.835,153.563,2540.972,-1.925,5.625,59.33,-0.0024,16,Right,9.03,-1,-1,UNKNOWN,None
470.843,153.579,2541.11,-1.925,5.625,59.41,-0.0024,16,Right,8.89,-1,-1,UNKNOWN,None
470.871,153.595,2541.431,-1.926,5.624,59.6,-0.0024,16,Right,8.57,-1,-1,UNKNOWN,None
470.886,153.611,2541.676,-1.927,5.623,59.76,-0.0024,16,Right,8.32,-1,-1,UNKNOWN,None
470.894,153.628,2541.976,-1.928,5.622,59.95,-0.0021,16,Right,8.02,-1,-1,UNKNOWN,None
470.921,153.644,2542.254,-1.929,5.621,60.13,-0.0021,16,Right,7.75,-1,-1,UNKNOWN,None
470.929,153.659,2542.533,-1.93,5.62,60.32,-0.0021,16,Right,7.47,-1,-1,UNKNOWN,None
470.946,153.676,2542.812,-1.931,5.619,60.49,-0.0021,16,Right,7.19,-1,-1,UNKNOWN,None
470.962,153.691,2543.093,-1.932,5.618,60.66,-0.0021,16,Right,6.91,-1,-1,UNKNOWN,None
470.979,153.707,2543.375,-1.933,5.617,60.79,-0.0021,16,Right,6.63,-1,-1,UNKNOWN,None
470.987,153.723,2543.516,-1.934,5.616,60.85,-0.0021,16,Right,6.48,-1,-1,UNKNOWN,None
471.004,153.739,2543.802,-1.935,5.615,60.93,-0.0021,16,Right,6.2,-1,-1,UNKNOWN,None
471.021,153.756,2544.084,-1.937,5.613,60.97,-0.0021,16,Right,5.92,-1,-1,UNKNOWN,None
471.038,153.771,2544.366,-1.938,5.612,60.96,-0.0021,16,Right,5.63,-1,-1,UNKNOWN,None
471.063,153.79,2544.657,-1.939,5.611,60.92,-0.0021,16,Right,5.34,-1,-1,UNKNOWN,None
471.071,153.804,2544.938,-1.941,5.609,60.84,-0.0009,16,Right,5.06,-1,-1,UNKNOWN,None
471.096,153.818,2545.222,-1.943,5.607,60.74,-0.0009,16,Right,4.78,-1,-1,UNKNOWN,None
471.113,153.835,2545.502,-1.944,5.606,60.61,-0.0009,16,Right,4.5,-1,-1,UNKNOWN,None
471.121,153.851,2545.783,-1.946,5.604,60.47,-0.0009,16,Right,4.22,-1,-1,UNKNOWN,None
471.138,153.868,2546.062,-1.947,5.603,60.31,-0.0009,16,Right,3.94,-1,-1,UNKNOWN,None
471.146,153.884,2546.201,-1.948,5.602,60.22,-0.0009,16,Right,3.8,-1,-1,UNKNOWN,None
471.174,153.9,2546.516,-1.95,5.6,60.02,-0.0009,16,Right,3.48,-1,-1,UNKNOWN,None
471.182,153.915,2546.793,-1.952,5.598,59.83,-0.0009,16,Right,3.21,-1,-1,UNKNOWN,None
471.19,153.931,2546.793,-1.952,5.598,59.83,-0.0009,16,Right,3.21,-1,-1,UNKNOWN,None
471.224,153.948,2547.352,-1.956,5.594,59.43,-0.0009,16,Right,2.65,-1,-1,UNKNOWN,None
471.232,153.963,2547.626,-1.958,5.592,59.24,-0.0009,16,Right,2.37,-1,-1,UNKNOWN,None
471.249,153.979,2547.901,-1.96,5.59,59.07,-0.0009,16,Right,2.1,-1,-1,UNKNOWN,None
471.266,153.996,2548.175,-1.962,5.588,58.91,-0.0009,16,Right,1.82,-1,-1,UNKNOWN,None
471.283,154.011,2548.448,-1.964,5.586,58.77,-0.0009,16,Right,1.55,-1,-1,UNKNOWN,None
471.291,154.027,2548.583,-1.965,5.585,58.71,-0.0009,16,Right,1.42,-1,-1,UNKNOWN,None
471.308,154.043,2548.855,-1.967,5.583,58.61,-0.0009,16,Right,1.15,-1,-1,UNKNOWN,None
471.324,154.059,2549.126,-1.969,5.581,58.54,-0.0009,16,Right,0.87,-1,-1,UNKNOWN,None
471.341,154.076,2549.397,-1.971,5.579,58.5,-0.0009,16,Right,0.6,-1,-1,UNKNOWN,None
471.366,154.092,2549.667,-1.973,5.577,58.49,-0.0009,16,Right,0.33,-1,-1,UNKNOWN,None
471.383,154.107,2549.939,-1.975,5.575,58.51,-0.0009,16,Right,0.06,-1,-1,UNKNOWN,None
471.399,154.123,2550.21,-1.978,5.572,58.55,-0.0009,17,Middle,149.79,-1,-1,UNKNOWN,None
471.418,154.14,2550.517,-1.98,5.57,58.62,-0.0009,17,Middle,149.48,-1,-1,UNKNOWN,None
471.427,154.156,2550.799,-1.982,5.568,58.71,-0.0009,17,Middle,149.2,-1,-1,UNKNOWN,None
471.444,154.172,2550.943,-1.984,5.566,58.76,-0.0009,17,Middle,149.06,-1,-1,UNKNOWN,None
471.462,154.187,2551.238,-1.986,5.564,58.88,-0.0009,17,Middle,148.76,-1,-1,UNKNOWN,None
471.471,154.202,2551.516,-1.989,5.561,59.0,-0.0009,17,Middle,148.48,-1,-1,UNKNOWN,None
471.496,154.218,2551.795,-1.991,5.559,59.13,-0.0009,17,Middle,148.21,-1,-1,UNKNOWN,None
471.505,154.234,2552.07,-1.994,5.556,59.28,-0.0009,17,Middle,147.93,-1,-1,UNKNOWN,None
471.521,154.251,2552.345,-1.996,5.554,59.43,-0.0009,17,Middle,147.65,-1,-1,UNKNOWN,None
471.541,154.266,2552.526,-1.998,5.552,59.53,-0.0009,17,Middle,147.47,-1,-1,UNKNOWN,None
471.557,154.282,2552.802,-2.0,5.55,59.69,-0.0009,17,Middle,147.2,-1,-1,UNKNOWN,None
471.566,154.299,2553.079,-2.003,5.547,59.86,-0.0009,17,Middle,146.92,-1,-1,UNKNOWN,None
471.582,154.315,2553.357,-2.006,5.544,60.04,-0.0009,17,Middle,146.64,-1,-1,UNKNOWN,None
471.599,154.331,2553.636,-2.008,5.542,60.21,-0.0009,17,Middle,146.36,-1,-1,UNKNOWN,None
471.616,154.347,2553.915,-2.011,5.539,60.39,-0.0009,17,Middle,146.08,-1,-1,UNKNOWN,None
471.633,154.364,2554.06,-2.012,5.538,60.47,-0.0009,17,Middle,145.94,-1,-1,UNKNOWN,None
471.633,154.38,2554.317,-2.015,5.535,60.6,-0.0009,17,Middle,145.68,-1,-1,UNKNOWN,None
471.671,154.396,2554.7,-2.019,5.531,60.76,-0.0009,17,Middle,145.3,-1,-1,UNKNOWN,None
471.687,154.412,2554.982,-2.022,5.528,60.85,-0.0009,17,Middle,145.02,-1,-1,UNKNOWN,None
471.704,154.428,2555.263,-2.024,5.526,60.92,-0.0009,17,Middle,144.74,-1,-1,UNKNOWN,None
471.721,154.443,2555.546,-2.027,5.523,60.95,-0.0009,17,Middle,144.45,-1,-1,UNKNOWN,None
471.737,154.458,2555.828,-2.03,5.52,60.97,-0.0009,17,Middle,144.17,-1,-1,UNKNOWN,None
471.737,154.475,2555.975,-2.032,5.518,60.96,-0.0009,17,Middle,144.02,-1,-1,UNKNOWN,None
471.771,154.492,2556.406,-2.036,5.514,60.89,-0.0009,17,Middle,143.59,-1,-1,UNKNOWN,None
471.78,154.508,2556.688,-2.039,5.511,60.81,-0.0009,17,Middle,143.31,-1,-1,UNKNOWN,None
471.788,154.523,2556.833,-2.041,5.509,60.76,-0.0009,17,Middle,143.17,-1,-1,UNKNOWN,None
471.813,154.539,2557.114,-2.044,5.506,60.64,-0.0009,17,Middle,142.89,-1,-1,UNKNOWN,None
471.83,154.556,2557.394,-2.047,5.503,60.49,-0.0009,17,Middle,142.61,-1,-1,UNKNOWN,None
471.839,154.572,2557.68,-2.05,5.5,60.33,-0.0009,17,Middle,142.32,-1,-1,UNKNOWN,None
471.864,154.586,2557.958,-2.053,5.497,60.16,-0.0009,17,Middle,142.04,-1,-1,UNKNOWN,None
471.88,154.603,2558.236,-2.056,5.494,59.97,-0.0009,17,Middle,141.76,-1,-1,UNKNOWN,None
471.897,154.619,2558.513,-2.059,5.491,59.78,-0.0009,17,Middle,141.49,-1,-1,UNKNOWN,None
471.914,154.635,2558.789,-2.062,5.488,59.58,-0.0009,17,Middle,141.21,-1,-1,UNKNOWN,None
471.93,154.651,2559.064,-2.065,5.485,59.38,-0.0009,17,Middle,140.94,-1,-1,UNKNOWN,None
471.939,154.667,2559.338,-2.069,5.481,59.19,-0.0009,17,Middle,140.66,-1,-1,UNKNOWN,None
471.955,154.684,2559.612,-2.072,5.478,59.02,-0.0009,17,Middle,140.39,-1,-1,UNKNOWN,None
471.972,154.7,2559.755,-2.073,5.477,58.93,-0.0009,17,Middle,140.25,-1,-1,UNKNOWN,None
471.989,154.716,2560.027,-2.076,5.474,58.78,-0.0009,17,Middle,139.97,-1,-1,UNKNOWN,None
472.006,154.731,2560.299,-2.08,5.47,58.65,-0.0009,17,Middle,139.7,-1,-1,UNKNOWN,None
472.025,154.748,2560.61,-2.083,5.467,58.54,-0.0009,17,Middle,139.39,-1,-1,UNKNOWN,None
472.042,154.764,2560.881,-2.087,5.463,58.47,-0.0009,17,Middle,139.12,-1,-1,UNKNOWN,None
472.05,154.779,2561.169,-2.09,5.46,58.43,-0.0009,17,Middle,138.83,-1,-1,UNKNOWN,None
472.059,154.795,2561.305,-2.092,5.458,58.43,-0.0009,17,Middle,138.7,-1,-1,UNKNOWN,None
472.086,154.811,2561.605,-2.095,5.455,58.44,-0.0009,17,Middle,138.39,-1,-1,UNKNOWN,None
472.103,154.827,2561.881,-2.099,5.451,58.48,-0.0009,17,Middle,138.12,-1,-1,UNKNOWN,None
472.12,154.843,2562.156,-2.102,5.448,58.54,-0.0009,17,Middle,137.84,-1,-1,UNKNOWN,None
472.137,154.859,2562.429,-2.106,5.444,58.62,-0.0009,17,Middle,137.57,-1,-1,UNKNOWN,None
472.145,154.874,2562.703,-2.109,5.441,58.71,-0.0009,17,Middle,137.3,-1,-1,UNKNOWN,None
472.162,154.891,2562.975,-2.113,5.437,58.82,-0.0009,17,Middle,137.02,-1,-1,UNKNOWN,None
472.179,154.907,2563.251,-2.116,5.434,58.94,-0.0009,17,Middle,136.75,-1,-1,UNKNOWN,None
472.187,154.923,2563.388,-2.118,5.432,59.01,-0.0009,17,Middle,136.61,-1,-1,UNKNOWN,None
472.212,154.939,2563.664,-2.121,5.429,59.15,-0.0009,17,Middle,136.34,-1,-1,UNKNOWN,None
472.231,154.956,2563.974,-2.125,5.425,59.31,-0.0009,17,Middle,136.03,-1,-1,UNKNOWN,None
472.25,154.972,2564.285,-2.13,5.42,59.49,-0.0009,17,Middle,135.72,-1,-1,UNKNOWN,None
472.25,154.987,2564.454,-2.132,5.418,59.59,-0.0009,17,Middle,135.55,-1,-1,UNKNOWN,None
472.277,155.003,2564.74,-2.136,5.414,59.76,-0.0009,17,Middle,135.26,-1,-1,UNKNOWN,None
472.294,155.02,2565.017,-2.139,5.411,59.94,-0.0009,17,Middle,134.98,-1,-1,UNKNOWN,None
472.311,155.035,2565.295,-2.143,5.407,60.11,-0.0009,17,Middle,134.7,-1,-1,UNKNOWN,None
472.319,155.052,2565.574,-2.147,5.403,60.3,-0.0009,17,Middle,134.43,-1,-1,UNKNOWN,None
472.327,155.067,2565.714,-2.149,5.401,60.38,-0.0009,17,Middle,134.29,-1,-1,UNKNOWN,None
472.361,155.083,2566.134,-2.154,5.396,60.63,-0.0009,17,Middle,133.87,-1,-1,UNKNOWN,None
472.377,155.099,2566.416,-2.158,5.392,60.76,-0.0009,17,Middle,133.58,-1,-1,UNKNOWN,None
472.386,155.115,2566.704,-2.162,5.388,60.86,-0.0009,17,Middle,133.3,-1,-1,UNKNOWN,None
472.412,155.131,2566.998,-2.166,5.384,60.92,-0.0009,17,Middle,133.0,-1,-1,UNKNOWN,None
472.42,155.147,2567.139,-2.168,5.382,60.93,-0.0009,17,Middle,132.86,-1,-1,UNKNOWN,None
472.44,155.162,2567.466,-2.173,5.377,60.92,-0.0009,17,Middle,132.53,-1,-1,UNKNOWN,None
472.448,155.18,2567.75,-2.177,5.373,60.86,-0.0009,17,Middle,132.25,-1,-1,UNKNOWN,None
472.465,155.195,2568.041,-2.181,5.369,60.78,-0.0009,17,Middle,131.96,-1,-1,UNKNOWN,None
472.484,155.21,2568.222,-2.184,5.366,60.71,-0.0009,17,Middle,131.78,-1,-1,UNKNOWN,None
472.493,155.227,2568.502,-2.188,5.362,60.59,-0.0009,17,Middle,131.5,-1,-1,UNKNOWN,None
472.51,155.243,2568.788,-2.192,5.358,60.44,-0.0009,17,Middle,131.21,-1,-1,UNKNOWN,None
472.526,155.258,2569.067,-2.196,5.354,60.28,-0.0009,17,Middle,130.93,-1,-1,UNKNOWN,None
472.551,155.274,2569.346,-2.2,5.35,60.1,-0.0009,17,Middle,130.65,-1,-1,UNKNOWN,None
472.56,155.292,2569.623,-2.204,5.346,59.92,-0.0009,17,Middle,130.38,-1,-1,UNKNOWN,None
472.585,155.307,2569.905,-2.209,5.341,59.72,-0.0009,17,Middle,130.1,-1,-1,UNKNOWN,None
472.602,155.324,2570.181,-2.213,5.337,59.53,-0.0009,17,Middle,129.82,-1,-1,UNKNOWN,None
472.61,155.339,2570.318,-2.215,5.335,59.43,-0.0009,17,Middle,129.68,-1,-1,UNKNOWN,None
472.633,155.355,2570.703,-2.221,5.329,59.16,-0.0009,17,Middle,129.3,-1,-1,UNKNOWN,None
472.642,155.371,2570.976,-2.225,5.325,58.99,-0.0009,17,Middle,129.02,-1,-1,UNKNOWN,None
472.658,155.387,2571.249,-2.229,5.321,58.83,-0.0009,17,Middle,128.75,-1,-1,UNKNOWN,None
472.677,155.403,2571.418,-2.231,5.319,58.74,-0.0009,17,Middle,128.58,-1,-1,UNKNOWN,None
472.695,155.418,2571.712,-2.236,5.314,58.6,-0.0009,17,Middle,128.29,-1,-1,UNKNOWN,None
472.705,155.435,2572.024,-2.241,5.309,58.49,-0.0009,17,Middle,127.98,-1,-1,UNKNOWN,None
472.723,155.451,2572.303,-2.245,5.305,58.42,-0.0009,17,Middle,127.7,-1,-1,UNKNOWN,None
472.732,155.468,2572.441,-2.247,5.303,58.4,-0.0009,17,Middle,127.56,-1,-1,UNKNOWN,None
472.748,155.484,2572.717,-2.252,5.298,58.39,-0.0009,17,Middle,127.28,-1,-1,UNKNOWN,None
472.757,155.5,2572.853,-2.254,5.296,58.39,-0.0009,17,Middle,127.15,-1,-1,UNKNOWN,None
472.775,155.516,2573.147,-2.259,5.291,58.42,-0.0009,17,Middle,126.85,-1,-1,UNKNOWN,None
472.809,155.532,2573.556,-2.265,5.285,58.51,-0.0009,17,Middle,126.44,-1,-1,UNKNOWN,None
472.817,155.548,2573.827,-2.27,5.28,58.58,-0.0009,17,Middle,126.17,-1,-1,UNKNOWN,None
472.842,155.563,2574.099,-2.274,5.276,58.68,-0.0009,17,Middle,125.9,-1,-1,UNKNOWN,None
472.85,155.579,2574.371,-2.279,5.271,58.79,-0.0009,17,Middle,125.63,-1,-1,UNKNOWN,None
472.875,155.596,2574.644,-2.283,5.267,58.91,-0.0009,17,Middle,125.36,-1,-1,UNKNOWN,None
472.884,155.612,2574.78,-2.285,5.265,58.98,-0.0009,17,Middle,125.22,-1,-1,UNKNOWN,None
472.901,155.628,2575.058,-2.29,5.26,59.12,-0.0009,17,Middle,124.94,-1,-1,UNKNOWN,None
472.909,155.644,2575.336,-2.295,5.255,59.27,-0.0009,17,Middle,124.66,-1,-1,UNKNOWN,None
472.934,155.66,2575.613,-2.299,5.251,59.42,-0.0009,17,Middle,124.39,-1,-1,UNKNOWN,None
472.951,155.676,2575.894,-2.304,5.246,59.59,-0.0009,17,Middle,124.11,-1,-1,UNKNOWN,None
472.968,155.691,2576.171,-2.309,5.241,59.76,-0.0009,17,Middle,123.83,-1,-1,UNKNOWN,None
472.985,155.707,2576.448,-2.313,5.237,59.93,-0.0009,17,Middle,123.55,-1,-1,UNKNOWN,None
473.001,155.724,2576.726,-2.318,5.232,60.11,-0.0009,17,Middle,123.27,-1,-1,UNKNOWN,None
473.01,155.739,2577.005,-2.323,5.227,60.29,-0.0009,17,Middle,123.0,-1,-1,UNKNOWN,None
473.027,155.755,2577.293,-2.328,5.222,60.47,-0.0009,17,Middle,122.71,-1,-1,UNKNOWN,None
473.035,155.771,2577.437,-2.331,5.219,60.56,-0.0009,17,Middle,122.56,-1,-1,UNKNOWN,None
473.052,155.787,2577.724,-2.336,5.214,60.71,-0.0009,17,Middle,122.28,-1,-1,UNKNOWN,None
473.061,155.803,2577.895,-2.339,5.211,60.78,-0.0009,17,Middle,122.11,-1,-1,UNKNOWN,None
473.088,155.819,2578.317,-2.346,5.204,60.91,-0.0009,17,Middle,121.68,-1,-1,UNKNOWN,None
473.113,155.835,2578.606,-2.351,5.199,60.94,-0.0009,17,Middle,121.39,-1,-1,UNKNOWN,None
473.121,155.851,2578.888,-2.356,5.194,60.92,-0.0009,17,Middle,121.11,-1,-1,UNKNOWN,None
473.146,155.866,2579.17,-2.361,5.189,60.88,-0.0009,17,Middle,120.83,-1,-1,UNKNOWN,None
473.163,155.884,2579.451,-2.366,5.184,60.8,-0.0009,17,Middle,120.55,-1,-1,UNKNOWN,None
473.171,155.9,2579.735,-2.371,5.179,60.69,-0.0009,17,Middle,120.27,-1,-1,UNKNOWN,None
473.18,155.915,2579.875,-2.374,5.176,60.63,-0.0009,17,Middle,120.12,-1,-1,UNKNOWN,None
473.188,155.932,2580.017,-2.377,5.173,60.57,-0.0009,17,Middle,119.98,-1,-1,UNKNOWN,None
473.205,155.948,2580.303,-2.382,5.168,60.42,-0.0009,17,Middle,119.7,-1,-1,UNKNOWN,None
473.239,155.963,2580.727,-2.39,5.16,60.17,-0.0009,17,Middle,119.27,-1,-1,UNKNOWN,None
473.247,155.979,2581.005,-2.395,5.155,59.99,-0.0009,17,Middle,118.99,-1,-1,UNKNOWN,None
473.264,155.995,2581.307,-2.4,5.15,59.78,-0.0009,17,Middle,118.69,-1,-1,UNKNOWN,None
473.29,156.011,2581.583,-2.406,5.144,59.59,-0.0009,17,Middle,118.42,-1,-1,UNKNOWN,None
473.299,156.027,2581.858,-2.411,5.139,59.4,-0.0009,17,Middle,118.14,-1,-1,UNKNOWN,None
473.315,156.043,2581.995,-2.413,5.137,59.3,-0.0009,17,Middle,118.0,-1,-1,UNKNOWN,None
473.324,156.059,2582.269,-2.418,5.132,59.12,-0.0009,17,Middle,117.73,-1,-1,UNKNOWN,None
473.34,156.075,2582.542,-2.424,5.126,58.96,-0.0009,17,Middle,117.46,-1,-1,UNKNOWN,None
473.365,156.091,2582.815,-2.429,5.121,58.82,-0.0009,17,Middle,117.19,-1,-1,UNKNOWN,None
473.374,156.107,2583.086,-2.434,5.116,58.69,-0.0009,17,Middle,116.91,-1,-1,UNKNOWN,None
473.39,156.124,2583.358,-2.439,5.111,58.59,-0.0009,17,Middle,116.64,-1,-1,UNKNOWN,None
473.399,156.14,2583.493,-2.442,5.108,58.56,-0.0009,17,Middle,116.51,-1,-1,UNKNOWN,None
473.432,156.155,2583.899,-2.45,5.1,58.49,-0.0009,17,Middle,116.1,-1,-1,UNKNOWN,None
473.44,156.171,2584.17,-2.455,5.095,58.48,-0.0009,17,Middle,115.83,-1,-1,UNKNOWN,None
473.466,156.187,2584.445,-2.461,5.089,58.5,-0.0009,17,Middle,115.55,-1,-1,UNKNOWN,None
473.474,156.202,2584.716,-2.466,5.084,58.55,-0.0009,17,Middle,115.28,-1,-1,UNKNOWN,None
473.482,156.218,2584.852,-2.469,5.081,58.58,-0.0009,17,Middle,115.15,-1,-1,UNKNOWN,None
473.499,156.234,2585.123,-2.474,5.076,58.65,-0.0009,17,Middle,114.88,-1,-1,UNKNOWN,None
473.507,156.25,2585.259,-2.477,5.073,58.69,-0.0009,17,Middle,114.74,-1,-1,UNKNOWN,None
473.541,156.266,2585.667,-2.485,5.065,58.85,-0.0009,17,Middle,114.33,-1,-1,UNKNOWN,None
473.55,156.282,2585.964,-2.491,5.059,58.98,-0.0009,17,Middle,114.04,-1,-1,UNKNOWN,None
473.567,156.3,2586.237,-2.496,5.054,59.11,-0.0009,17,Middle,113.76,-1,-1,UNKNOWN,None
473.592,156.316,2586.511,-2.502,5.048,59.25,-0.0009,17,Middle,113.49,-1,-1,UNKNOWN,None
473.609,156.332,2586.786,-2.508,5.042,59.4,-0.0009,17,Middle,113.21,-1,-1,UNKNOWN,None
473.626,156.348,2587.067,-2.513,5.037,59.56,-0.0009,17,Middle,112.93,-1,-1,UNKNOWN,None
473.634,156.364,2587.343,-2.519,5.031,59.72,-0.0009,17,Middle,112.66,-1,-1,UNKNOWN,None
473.651,156.379,2587.622,-2.525,5.025,59.89,-0.0009,17,Middle,112.38,-1,-1,UNKNOWN,None
473.659,156.398,2587.763,-2.528,5.022,59.98,-0.0009,17,Middle,112.24,-1,-1,UNKNOWN,None
473.676,156.412,2588.042,-2.534,5.016,60.16,-0.0009,17,Middle,111.96,-1,-1,UNKNOWN,None
473.701,156.427,2588.322,-2.539,5.011,60.34,-0.0009,17,Middle,111.68,-1,-1,UNKNOWN,None
473.718,156.443,2588.601,-2.545,5.005,60.52,-0.0009,17,Middle,111.4,-1,-1,UNKNOWN,None
473.726,156.46,2588.882,-2.551,4.999,60.69,-0.0009,17,Middle,111.12,-1,-1,UNKNOWN,None
473.751,156.476,2589.164,-2.557,4.993,60.84,-0.0009,17,Middle,110.84,-1,-1,UNKNOWN,None
473.761,156.491,2589.478,-2.564,4.986,60.97,-0.0009,17,Middle,110.52,-1,-1,UNKNOWN,None
473.779,156.507,2589.639,-2.567,4.983,61.02,-0.0009,17,Middle,110.36,-1,-1,UNKNOWN,None
473.79,156.524,2589.961,-2.574,4.976,61.08,-0.0009,17,Middle,110.04,-1,-1,UNKNOWN,None
473.815,156.539,2590.254,-2.581,4.969,61.08,-0.0009,17,Middle,109.75,-1,-1,UNKNOWN,None
473.825,156.554,2590.565,-2.587,4.963,61.03,-0.0009,17,Middle,109.43,-1,-1,UNKNOWN,None
473.843,156.571,2590.721,-2.591,4.959,60.99,-0.0009,17,Middle,109.28,-1,-1,UNKNOWN,None
473.862,156.587,2591.04,-2.598,4.952,60.89,-0.0009,17,Middle,108.96,-1,-1,UNKNOWN,None
473.862,156.603,2591.201,-2.601,4.949,60.83,-0.0009,17,Middle,108.8,-1,-1,UNKNOWN,None
473.88,156.619,2591.483,-2.607,4.943,60.71,-0.0009,17,Middle,108.52,-1,-1,UNKNOWN,None
473.914,156.637,2591.917,-2.617,4.933,60.48,-0.0009,17,Middle,108.08,-1,-1,UNKNOWN,None
473.922,156.652,2592.196,-2.623,4.927,60.32,-0.0009,17,Middle,107.8,-1,-1,UNKNOWN,None
473.942,156.667,2592.394,-2.628,4.922,60.19,-0.0009,17,Middle,107.61,-1,-1,UNKNOWN,None
473.96,156.683,2592.69,-2.634,4.916,59.99,-0.0009,17,Middle,107.31,-1,-1,UNKNOWN,None
473.977,156.7,2592.967,-2.64,4.91,59.79,-0.0009,17,Middle,107.03,-1,-1,UNKNOWN,None
473.985,156.716,2593.243,-2.647,4.903,59.59,-0.0009,17,Middle,106.76,-1,-1,UNKNOWN,None
474.01,156.732,2593.518,-2.653,4.897,59.39,-0.0009,17,Middle,106.48,-1,-1,UNKNOWN,None
474.019,156.748,2593.796,-2.659,4.891,59.2,-0.0009,17,Middle,106.2,-1,-1,UNKNOWN,None
474.036,156.764,2593.939,-2.662,4.888,59.11,-0.0009,17,Middle,106.06,-1,-1,UNKNOWN,None
474.056,156.78,2594.267,-2.67,4.88,58.91,-0.0009,17,Middle,105.73,-1,-1,UNKNOWN,None
474.064,156.794,2594.539,-2.676,4.874,58.76,-0.0009,17,Middle,105.46,-1,-1,UNKNOWN,None
474.089,156.811,2594.811,-2.682,4.868,58.64,-0.0009,17,Middle,105.19,-1,-1,UNKNOWN,None
474.097,156.828,2595.082,-2.689,4.861,58.54,-0.0008,17,Middle,104.92,-1,-1,UNKNOWN,None
474.106,156.843,2595.218,-2.692,4.858,58.5,-0.0008,17,Middle,104.78,-1,-1,UNKNOWN,Left_Broken
474.131,156.86,2595.624,-2.701,4.849,58.44,-0.0008,17,Middle,104.38,-1,-1,UNKNOWN,None
474.139,156.875,2595.764,-2.704,4.846,58.43,-0.0005,17,Middle,104.24,-1,-1,UNKNOWN,None
474.164,156.892,2596.034,-2.711,4.839,58.44,-0.0005,17,Middle,103.97,-1,-1,UNKNOWN,None
474.181,156.907,2596.305,-2.717,4.833,58.48,-0.0005,17,Middle,103.7,-1,-1,UNKNOWN,None
474.198,156.923,2596.576,-2.723,4.827,58.53,-0.0002,17,Middle,103.42,-1,-1,UNKNOWN,None
474.206,156.94,2596.847,-2.73,4.82,58.61,-0.0002,17,Middle,103.15,-1,-1,UNKNOWN,None
474.231,156.955,2597.118,-2.736,4.814,58.7,-0.0001,17,Middle,102.88,-1,-1,UNKNOWN,None
474.231,156.972,2597.254,-2.739,4.811,58.75,-0.0001,17,Middle,102.75,-1,-1,UNKNOWN,None
474.265,156.987,2597.668,-2.749,4.801,58.93,-0.0001,17,Middle,102.33,-1,-1,UNKNOWN,None
474.282,157.002,2597.951,-2.756,4.794,59.06,-0.0001,17,Middle,102.05,-1,-1,UNKNOWN,None
474.291,157.019,2598.231,-2.763,4.787,59.21,0.0002,17,Middle,101.77,-1,-1,UNKNOWN,None
474.299,157.036,2598.368,-2.766,4.784,59.28,0.0002,17,Middle,101.63,-1,-1,UNKNOWN,None
474.316,157.052,2598.643,-2.773,4.777,59.44,0.0002,17,Middle,101.36,-1,-1,UNKNOWN,None
474.332,157.068,2598.919,-2.779,4.771,59.6,0.0005,17,Middle,101.08,-1,-1,UNKNOWN,None
474.341,157.084,2599.057,-2.782,4.768,59.68,0.0005,17,Middle,100.94,-1,-1,UNKNOWN,None
474.374,157.1,2599.474,-2.792,4.758,59.94,0.0005,17,Middle,100.53,-1,-1,UNKNOWN,Left_Broken
474.382,157.116,2599.752,-2.799,4.751,60.12,0.0005,17,Middle,100.25,-1,-1,UNKNOWN,None
474.399,157.131,2600.031,-2.806,4.744,60.3,0.0005,17,Middle,99.97,-1,-1,UNKNOWN,None
474.424,157.148,2600.31,-2.812,4.738,60.47,0.0005,17,Middle,99.69,-1,-1,UNKNOWN,None
474.432,157.163,2600.63,-2.82,4.73,60.65,0.0005,17,Middle,99.37,-1,-1,UNKNOWN,None
474.451,157.179,2600.912,-2.827,4.723,60.78,0.0005,17,Middle,99.09,-1,-1,UNKNOWN,None
474.468,157.193,2601.052,-2.83,4.72,60.84,0.0005,17,Middle,98.95,-1,-1,UNKNOWN,None
474.476,157.211,2601.334,-2.837,4.713,60.91,0.0005,17,Middle,98.67,-1,-1,UNKNOWN,None
474.501,157.226,2601.616,-2.844,4.706,60.94,0.0005,17,Middle,98.38,-1,-1,UNKNOWN,None
474.518,157.243,2601.898,-2.85,4.7,60.93,0.0005,17,Middle,98.1,-1,-1,UNKNOWN,None
474.526,157.258,2602.18,-2.857,4.693,60.88,0.0005,17,Middle,97.82,-1,-1,UNKNOWN,None
474.551,157.275,2602.461,-2.864,4.686,60.8,0.0005,17,Middle,97.54,-1,-1,UNKNOWN,None
474.562,157.291,2602.808,-2.872,4.678,60.66,0.0009,17,Middle,97.19,-1,-1,UNKNOWN,None
474.582,157.307,2602.97,-2.876,4.674,60.59,0.0009,17,Middle,97.03,-1,-1,UNKNOWN,None
474.598,157.323,2603.25,-2.883,4.667,60.45,0.0009,17,Middle,96.75,-1,-1,UNKNOWN,None
474.607,157.34,2603.529,-2.889,4.661,60.3,0.0009,17,Middle,96.47,-1,-1,UNKNOWN,None
474.632,157.356,2603.807,-2.896,4.654,60.13,0.0009,17,Middle,96.19,-1,-1,UNKNOWN,None
474.648,157.372,2604.088,-2.903,4.647,59.94,0.0009,17,Middle,95.91,-1,-1,UNKNOWN,None
474.665,157.387,2604.365,-2.909,4.641,59.75,0.0009,17,Middle,95.64,-1,-1,UNKNOWN,None
474.673,157.404,2604.64,-2.916,4.634,59.55,0.0009,17,Middle,95.36,-1,-1,UNKNOWN,None
474.69,157.42,2604.919,-2.922,4.628,59.35,0.0009,17,Middle,95.08,-1,-1,UNKNOWN,None
474.716,157.436,2605.201,-2.929,4.621,59.16,0.0009,17,Middle,94.8,-1,-1,UNKNOWN,None
474.716,157.451,2605.349,-2.932,4.618,59.06,0.0009,17,Middle,94.65,-1,-1,UNKNOWN,None
474.742,157.467,2605.622,-2.939,4.611,58.9,0.0009,17,Middle,94.38,-1,-1,UNKNOWN,None
474.75,157.483,2605.894,-2.945,4.605,58.75,0.0009,17,Middle,94.11,-1,-1,UNKNOWN,None
474.767,157.5,2606.167,-2.951,4.599,58.62,0.0009,17,Middle,93.83,-1,-1,UNKNOWN,None
474.775,157.515,2606.302,-2.954,4.596,58.57,0.0009,17,Middle,93.7,-1,-1,UNKNOWN,None
474.8,157.532,2606.732,-2.964,4.586,58.45,0.0009,17,Middle,93.27,-1,-1,UNKNOWN,None
474.81,157.548,2606.914,-2.968,4.582,58.42,0.0011,17,Middle,93.09,-1,-1,UNKNOWN,None
474.838,157.564,2607.184,-2.975,4.575,58.41,0.0011,17,Middle,92.82,-1,-1,UNKNOWN,None
474.854,157.58,2607.455,-2.981,4.569,58.42,0.0011,17,Middle,92.55,-1,-1,UNKNOWN,None
474.863,157.596,2607.734,-2.987,4.563,58.46,0.0011,17,Middle,92.27,-1,-1,UNKNOWN,None
474.889,157.612,2608.025,-2.994,4.556,58.53,0.0011,17,Middle,91.97,-1,-1,UNKNOWN,None
474.906,157.628,2608.296,-3.0,4.55,58.61,0.0011,17,Middle,91.7,-1,-1,UNKNOWN,None
474.914,157.648,2608.568,-3.006,4.544,58.7,0.0011,17,Middle,91.43,-1,-1,UNKNOWN,None
474.931,157.658,2608.704,-3.009,4.541,58.75,0.0011,17,Middle,91.3,-1,-1,UNKNOWN,None
474.939,157.675,2608.977,-3.015,4.535,58.87,0.0011,17,Middle,91.02,-1,-1,UNKNOWN,None
474.964,157.691,2609.25,-3.021,4.529,59.0,0.0011,17,Middle,90.75,-1,-1,UNKNOWN,None
474.981,157.707,2609.523,-3.027,4.523,59.14,0.0011,17,Middle,90.48,-1,-1,UNKNOWN,None
474.998,157.723,2609.797,-3.033,4.517,59.28,0.0011,17,Middle,90.2,-1,-1,UNKNOWN,None
475.014,157.739,2610.072,-3.039,4.511,59.44,0.0011,17,Middle,89.93,-1,-1,UNKNOWN,None
475.023,157.755,2610.364,-3.046,4.504,59.61,0.0011,17,Middle,89.64,-1,-1,UNKNOWN,None
475.041,157.771,2610.667,-3.052,4.498,59.8,0.0011,17,Middle,89.33,-1,-1,UNKNOWN,None
475.059,157.787,2610.949,-3.059,4.491,59.98,0.0011,17,Middle,89.05,-1,-1,UNKNOWN,None
475.067,157.804,2611.095,-3.062,4.488,60.07,0.0011,17,Middle,88.9,-1,-1,UNKNOWN,None
475.093,157.82,2611.378,-3.068,4.482,60.25,0.0011,17,Middle,88.62,-1,-1,UNKNOWN,None
475.11,157.836,2611.663,-3.074,4.476,60.44,0.0011,17,Middle,88.34,-1,-1,UNKNOWN,None
475.127,157.852,2611.944,-3.08,4.47,60.61,0.0011,17,Middle,88.06,-1,-1,UNKNOWN,None
475.143,157.867,2612.225,-3.086,4.464,60.76,0.0011,17,Middle,87.78,-1,-1,UNKNOWN,None
475.161,157.884,2612.525,-3.092,4.458,60.9,0.0011,17,Middle,87.47,-1,-1,UNKNOWN,None
475.171,157.9,2612.842,-3.099,4.451,61.02,0.0011,17,Middle,87.16,-1,-1,UNKNOWN,None
475.188,157.916,2612.984,-3.102,4.448,61.06,0.0011,17,Middle,87.02,-1,-1,UNKNOWN,None
475.206,157.931,2613.279,-3.108,4.442,61.12,0.0011,17,Middle,86.72,-1,-1,UNKNOWN,None
475.214,157.947,2613.572,-3.114,4.436,61.13,0.0011,17,Middle,86.43,-1,-1,UNKNOWN,None
475.231,157.963,2613.855,-3.12,4.43,61.1,0.0011,17,Middle,86.15,-1,-1,UNKNOWN,None
475.256,157.979,2614.139,-3.126,4.424,61.03,0.0011,17,Middle,85.86,-1,-1,UNKNOWN,None
475.273,157.996,2614.421,-3.131,4.419,60.94,0.0011,17,Middle,85.58,-1,-1,UNKNOWN,None
475.29,158.011,2614.703,-3.137,4.413,60.82,0.0011,17,Middle,85.3,-1,-1,UNKNOWN,None
475.298,158.027,2614.984,-3.143,4.407,60.69,0.0011,17,Middle,85.02,-1,-1,UNKNOWN,None
475.315,158.043,2615.266,-3.149,4.401,60.53,0.0011,17,Middle,84.73,-1,-1,UNKNOWN,None
475.331,158.059,2615.406,-3.151,4.399,60.45,0.0011,17,Middle,84.59,-1,-1,UNKNOWN,None
475.351,158.076,2615.733,-3.158,4.392,60.24,0.0011,17,Middle,84.27,-1,-1,UNKNOWN,None
475.351,158.091,2615.872,-3.161,4.389,60.14,0.0011,17,Middle,84.13,-1,-1,UNKNOWN,None
475.376,158.108,2616.288,-3.169,4.381,59.84,0.0011,17,Middle,83.71,-1,-1,UNKNOWN,None
475.401,158.122,2616.564,-3.174,4.376,59.63,0.0011,17,Middle,83.44,-1,-1,UNKNOWN,None
475.409,158.139,2616.839,-3.18,4.37,59.42,0.0011,17,Middle,83.16,-1,-1,UNKNOWN,None
475.434,158.155,2617.117,-3.185,4.365,59.22,0.0011,17,Middle,82.88,-1,-1,UNKNOWN,None
475.443,158.171,2617.4,-3.19,4.36,59.01,0.0011,17,Middle,82.6,-1,-1,UNKNOWN,None
475.452,158.187,2617.536,-3.193,4.357,58.92,0.0011,17,Middle,82.46,-1,-1,UNKNOWN,None
475.477,158.203,2617.808,-3.198,4.352,58.74,0.0011,17,Middle,82.19,-1,-1,UNKNOWN,None
475.485,158.219,2618.08,-3.203,4.347,58.59,0.0011,17,Middle,81.92,-1,-1,UNKNOWN,None
475.51,158.234,2618.353,-3.208,4.342,58.46,0.0011,17,Middle,81.65,-1,-1,UNKNOWN,None
475.528,158.251,2618.64,-3.214,4.336,58.35,0.0011,17,Middle,81.36,-1,-1,UNKNOWN,None
475.536,158.268,2618.91,-3.219,4.331,58.27,0.0011,17,Middle,81.09,-1,-1,UNKNOWN,None
475.553,158.282,2619.179,-3.224,4.326,58.23,0.0011,17,Middle,80.82,-1,-1,UNKNOWN,None
475.561,158.299,2619.324,-3.226,4.324,58.22,0.0011,17,Middle,80.68,-1,-1,UNKNOWN,None
475.588,158.316,2619.616,-3.232,4.318,58.23,0.0011,17,Middle,80.38,-1,-1,UNKNOWN,None
475.597,158.331,2619.886,-3.237,4.313,58.26,0.0011,17,Middle,80.11,-1,-1,UNKNOWN,None
475.622,158.347,2620.156,-3.242,4.308,58.32,0.0011,17,Middle,79.84,-1,-1,UNKNOWN,None
475.63,158.364,2620.426,-3.246,4.304,58.39,0.0011,17,Middle,79.57,-1,-1,UNKNOWN,None
475.655,158.38,2620.698,-3.251,4.299,58.48,0.0011,17,Middle,79.3,-1,-1,UNKNOWN,None
475.663,158.396,2620.97,-3.256,4.294,58.59,0.0011,17,Middle,79.03,-1,-1,UNKNOWN,None
475.68,158.411,2621.276,-3.261,4.289,58.72,0.0011,17,Middle,78.72,-1,-1,UNKNOWN,None
475.699,158.427,2621.552,-3.266,4.284,58.86,0.0011,17,Middle,78.45,-1,-1,UNKNOWN,None
475.716,158.443,2621.688,-3.269,4.281,58.92,0.0011,17,Middle,78.31,-1,-1,UNKNOWN,None
475.732,158.459,2621.961,-3.273,4.277,59.07,0.0011,17,Middle,78.04,-1,-1,UNKNOWN,None
475.749,158.476,2622.239,-3.278,4.272,59.23,0.0011,17,Middle,77.76,-1,-1,UNKNOWN,None
475.766,158.49,2622.514,-3.283,4.267,59.39,0.0011,17,Middle,77.49,-1,-1,UNKNOWN,None
475.783,158.507,2622.79,-3.287,4.263,59.56,0.0011,17,Middle,77.21,-1,-1,UNKNOWN,None
475.783,158.523,2622.928,-3.29,4.26,59.64,0.0011,17,Middle,77.07,-1,-1,UNKNOWN,None
475.81,158.539,2623.388,-3.297,4.253,59.94,0.0011,17,Middle,76.61,-1,-1,UNKNOWN,None
475.827,158.556,2623.666,-3.302,4.248,60.12,0.0011,17,Middle,76.33,-1,-1,UNKNOWN,None
475.844,158.572,2623.809,-3.304,4.246,60.22,0.0011,17,Middle,76.19,-1,-1,UNKNOWN,None
475.861,158.587,2624.095,-3.309,4.241,60.4,0.0011,17,Middle,75.9,-1,-1,UNKNOWN,None
475.878,158.603,2624.375,-3.314,4.236,60.58,0.0011,17,Middle,75.62,-1,-1,UNKNOWN,None
475.894,158.619,2624.656,-3.318,4.232,60.72,0.0011,17,Middle,75.34,-1,-1,UNKNOWN,None
475.903,158.636,2624.938,-3.323,4.227,60.84,0.0011,17,Middle,75.06,-1,-1,UNKNOWN,None
475.928,158.652,2625.22,-3.327,4.223,60.92,0.0011,17,Middle,74.78,-1,-1,UNKNOWN,None
475.945,158.667,2625.514,-3.332,4.218,60.96,0.0011,17,Middle,74.49,-1,-1,UNKNOWN,None
475.954,158.684,2625.811,-3.337,4.213,60.95,0.0011,17,Middle,74.19,-1,-1,UNKNOWN,None
475.972,158.699,2625.981,-3.339,4.211,60.93,0.0011,17,Middle,74.02,-1,-1,UNKNOWN,None
475.99,158.715,2626.27,-3.344,4.206,60.87,0.0011,17,Middle,73.73,-1,-1,UNKNOWN,None
475.998,158.732,2626.551,-3.348,4.202,60.79,0.0011,17,Middle,73.45,-1,-1,UNKNOWN,None
476.023,158.749,2626.832,-3.352,4.198,60.68,0.0011,17,Middle,73.17,-1,-1,UNKNOWN,None
476.031,158.763,2627.113,-3.357,4.193,60.54,0.0011,17,Middle,72.89,-1,-1,UNKNOWN,None
476.048,158.779,2627.399,-3.361,4.189,60.39,0.0011,17,Middle,72.6,-1,-1,UNKNOWN,None
476.073,158.795,2627.678,-3.365,4.185,60.22,0.0011,17,Middle,72.32,-1,-1,UNKNOWN,None
476.09,158.812,2627.956,-3.369,4.181,60.04,0.0011,17,Middle,72.04,-1,-1,UNKNOWN,None
476.09,158.827,2628.131,-3.372,4.178,59.92,0.0011,17,Middle,71.87,-1,-1,UNKNOWN,None
476.118,158.844,2628.42,-3.376,4.174,59.72,0.0011,17,Middle,71.58,-1,-1,UNKNOWN,None
476.135,158.86,2628.696,-3.38,4.17,59.52,0.0011,17,Middle,71.3,-1,-1,UNKNOWN,None
476.146,158.876,2628.88,-3.383,4.167,59.38,0.0011,17,Middle,71.12,-1,-1,UNKNOWN,None
476.163,158.892,2629.161,-3.387,4.163,59.18,0.0011,17,Middle,70.84,-1,-1,UNKNOWN,None
476.183,158.907,2629.487,-3.392,4.158,58.97,0.0011,17,Middle,70.51,-1,-1,UNKNOWN,None
476.183,158.923,2629.623,-3.394,4.156,58.89,0.0011,17,Middle,70.38,-1,-1,UNKNOWN,None
476.199,158.939,2629.895,-3.397,4.153,58.73,0.0011,17,Middle,70.1,-1,-1,UNKNOWN,None
476.216,158.956,2630.167,-3.401,4.149,58.6,0.0011,17,Middle,69.83,-1,-1,UNKNOWN,None
476.242,158.971,2630.583,-3.407,4.143,58.46,0.0011,17,Middle,69.42,-1,-1,UNKNOWN,None
476.258,158.987,2630.853,-3.411,4.139,58.4,0.0011,17,Middle,69.15,-1,-1,UNKNOWN,None
476.275,159.003,2631.13,-3.414,4.136,58.37,0.0011,17,Middle,68.87,-1,-1,UNKNOWN,None
476.284,159.019,2631.265,-3.416,4.134,58.37,0.0011,17,Middle,68.74,-1,-1,UNKNOWN,None
476.309,159.035,2631.535,-3.42,4.13,58.38,0.0011,17,Middle,68.47,-1,-1,UNKNOWN,None
476.317,159.051,2631.89,-3.424,4.126,58.44,0.0011,17,Middle,68.11,-1,-1,UNKNOWN,None
476.339,159.068,2632.166,-3.428,4.122,58.51,0.0011,17,Middle,67.83,-1,-1,UNKNOWN,None
476.348,159.084,2632.302,-3.43,4.12,58.55,0.0011,17,Middle,67.7,-1,-1,UNKNOWN,None
476.356,159.104,2632.438,-3.432,4.118,58.59,0.0011,17,Middle,67.56,-1,-1,UNKNOWN,None
476.389,159.116,2632.845,-3.437,4.113,58.75,0.0011,17,Middle,67.16,-1,-1,UNKNOWN,None
476.406,159.131,2633.117,-3.44,4.11,58.87,0.0011,17,Middle,66.88,-1,-1,UNKNOWN,None
476.414,159.155,2633.391,-3.444,4.106,59.0,0.0011,17,Middle,66.61,-1,-1,UNKNOWN,None
476.439,159.168,2633.802,-3.449,4.101,59.22,0.0011,17,Middle,66.2,-1,-1,UNKNOWN,None
476.456,159.18,2633.94,-3.451,4.099,59.29,0.0011,17,Middle,66.06,-1,-1,UNKNOWN,None
476.473,159.195,2634.215,-3.454,4.096,59.45,0.0011,17,Middle,65.78,-1,-1,UNKNOWN,None
476.489,159.211,2634.491,-3.457,4.093,59.62,0.0011,17,Middle,65.51,-1,-1,UNKNOWN,None
476.498,159.226,2634.768,-3.461,4.089,59.79,0.0011,17,Middle,65.23,-1,-1,UNKNOWN,None
476.506,159.242,2634.913,-3.462,4.088,59.88,0.0011,17,Middle,65.09,-1,-1,UNKNOWN,None
476.523,159.258,2635.191,-3.466,4.084,60.06,0.0011,17,Middle,64.81,-1,-1,UNKNOWN,None
476.54,159.274,2635.47,-3.469,4.081,60.24,0.0011,17,Middle,64.53,-1,-1,UNKNOWN,None
476.565,159.291,2635.749,-3.472,4.078,60.41,0.0011,17,Middle,64.25,-1,-1,UNKNOWN,None
476.581,159.307,2636.029,-3.475,4.075,60.57,0.0011,17,Middle,63.97,-1,-1,UNKNOWN,None
476.59,159.323,2636.31,-3.479,4.071,60.71,0.0011,17,Middle,63.69,-1,-1,UNKNOWN,None
476.606,159.34,2636.592,-3.482,4.068,60.83,0.0011,17,Middle,63.41,-1,-1,UNKNOWN,None
476.631,159.356,2636.874,-3.485,4.065,60.93,0.0011,17,Middle,63.13,-1,-1,UNKNOWN,None
476.64,159.372,2637.156,-3.488,4.062,61.02,0.0011,17,Middle,62.84,-1,-1,UNKNOWN,None
476.666,159.388,2637.459,-3.491,4.059,61.11,0.0011,17,Middle,62.54,-1,-1,UNKNOWN,None
476.683,159.405,2637.748,-3.495,4.055,61.17,0.0011,17,Middle,62.25,-1,-1,UNKNOWN,None
476.691,159.42,2638.031,-3.498,4.052,61.2,0.0011,17,Middle,61.97,-1,-1,UNKNOWN,None
476.709,159.435,2638.192,-3.499,4.051,61.2,0.0011,17,Middle,61.81,-1,-1,UNKNOWN,None
476.717,159.451,2638.476,-3.502,4.048,61.18,0.0011,17,Middle,61.52,-1,-1,UNKNOWN,None
476.734,159.467,2638.759,-3.505,4.045,61.12,0.0011,17,Middle,61.24,-1,-1,UNKNOWN,None
476.751,159.483,2639.043,-3.508,4.042,61.04,0.0011,17,Middle,60.96,-1,-1,UNKNOWN,None
476.767,159.499,2639.325,-3.511,4.039,60.94,0.0011,17,Middle,60.68,-1,-1,UNKNOWN,None
476.785,159.515,2639.618,-3.514,4.036,60.8,0.0011,17,Middle,60.38,-1,-1,UNKNOWN,None
476.81,159.532,2639.907,-3.517,4.033,60.65,0.0011,17,Middle,60.09,-1,-1,UNKNOWN,None
476.81,159.547,2640.07,-3.519,4.031,60.56,0.0011,17,Middle,59.93,-1,-1,UNKNOWN,None
476.84,159.563,2640.413,-3.522,4.028,60.34,0.0011,17,Middle,59.59,-1,-1,UNKNOWN,None
476.85,159.579,2640.573,-3.523,4.027,60.24,0.0011,17,Middle,59.43,-1,-1,UNKNOWN,None
476.87,159.595,2640.907,-3.527,4.023,60.0,0.0011,17,Middle,59.09,-1,-1,UNKNOWN,None
476.87,159.611,2641.06,-3.528,4.022,59.89,0.0011,17,Middle,58.94,-1,-1,UNKNOWN,None
476.905,159.627,2641.488,-3.532,4.018,59.56,0.0014,17,Middle,58.51,-1,-1,UNKNOWN,None
476.922,159.643,2641.763,-3.535,4.015,59.35,0.0017,17,Middle,58.24,-1,-1,UNKNOWN,None
476.938,159.659,2642.037,-3.537,4.013,59.14,0.0017,17,Middle,57.96,-1,-1,UNKNOWN,None
476.955,159.676,2642.31,-3.54,4.01,58.94,0.0018,17,Middle,57.69,-1,-1,UNKNOWN,None
476.955,159.692,2642.446,-3.541,4.009,58.84,0.0018,17,Middle,57.55,-1,-1,UNKNOWN,None
476.972,159.708,2642.718,-3.543,4.007,58.67,0.0018,17,Middle,57.28,-1,-1,UNKNOWN,None
476.997,159.724,2642.989,-3.545,4.005,58.51,0.0018,17,Middle,57.01,-1,-1,UNKNOWN,None
477.013,159.739,2643.259,-3.548,4.002,58.38,0.0018,17,Middle,56.74,-1,-1,UNKNOWN,None
477.022,159.756,2643.529,-3.55,4.0,58.27,0.0018,17,Middle,56.47,-1,-1,UNKNOWN,None
477.038,159.771,2643.799,-3.552,3.998,58.19,0.0018,17,Middle,56.2,-1,-1,UNKNOWN,None
477.063,159.786,2644.068,-3.554,3.996,58.14,0.0021,17,Middle,55.93,-1,-1,UNKNOWN,None
477.063,159.804,2644.203,-3.555,3.995,58.13,0.0021,17,Middle,55.8,-1,-1,UNKNOWN,None
477.089,159.819,2644.624,-3.559,3.991,58.15,0.0021,17,Middle,55.38,-1,-1,UNKNOWN,None
477.114,159.835,2644.893,-3.561,3.989,58.18,0.0021,17,Middle,55.11,-1,-1,UNKNOWN,None
477.123,159.851,2645.163,-3.563,3.987,58.25,0.0023,17,Middle,54.84,-1,-1,UNKNOWN,None
477.131,159.867,2645.298,-3.563,3.987,58.28,0.0023,17,Middle,54.7,-1,-1,UNKNOWN,None
477.157,159.883,2645.588,-3.566,3.984,58.38,0.0025,17,Middle,54.41,-1,-1,UNKNOWN,None
477.157,159.899,2645.736,-3.567,3.983,58.43,0.0025,17,Middle,54.26,-1,-1,UNKNOWN,None
477.193,159.915,2646.162,-3.569,3.981,58.61,0.0028,17,Middle,53.84,-1,-1,UNKNOWN,None
477.201,159.932,2646.434,-3.571,3.979,58.74,0.0028,17,Middle,53.57,-1,-1,UNKNOWN,None
477.226,159.947,2646.707,-3.573,3.977,58.88,0.0028,17,Middle,53.29,-1,-1,UNKNOWN,None
477.234,159.963,2646.998,-3.574,3.976,59.04,0.003,17,Middle,53.0,-1,-1,UNKNOWN,None
477.244,159.979,2647.135,-3.575,3.975,59.12,0.003,17,Middle,52.86,-1,-1,UNKNOWN,None
477.26,159.995,2647.421,-3.577,3.973,59.29,0.0033,17,Middle,52.58,-1,-1,UNKNOWN,None
477.278,160.011,2647.696,-3.578,3.972,59.45,0.0033,17,Middle,52.3,-1,-1,UNKNOWN,None
477.304,160.028,2647.989,-3.58,3.97,59.64,0.0033,17,Middle,52.01,-1,-1,UNKNOWN,None
477.313,160.043,2648.139,-3.58,3.97,59.73,0.0034,17,Middle,51.86,-1,-1,UNKNOWN,None
477.331,160.059,2648.574,-3.582,3.968,60.02,0.0034,17,Middle,51.43,-1,-1,UNKNOWN,None
477.347,160.075,2648.852,-3.583,3.967,60.2,0.0034,17,Middle,51.15,-1,-1,UNKNOWN,None
477.364,160.091,2648.992,-3.584,3.966,60.29,0.0034,17,Middle,51.01,-1,-1,UNKNOWN,None
477.372,160.107,2649.275,-3.585,3.965,60.47,0.0034,17,Middle,50.73,-1,-1,UNKNOWN,None
477.389,160.124,2649.56,-3.586,3.964,60.62,0.0034,17,Middle,50.44,-1,-1,UNKNOWN,None
477.406,160.138,2649.842,-3.587,3.963,60.74,0.0034,17,Middle,50.16,-1,-1,UNKNOWN,None
477.423,160.156,2650.13,-3.588,3.962,60.84,0.0034,17,Middle,49.87,-1,-1,UNKNOWN,None
477.449,160.171,2650.428,-3.589,3.961,60.91,0.0034,17,Middle,49.57,-1,-1,UNKNOWN,None
477.458,160.188,2650.717,-3.589,3.961,60.94,0.0034,17,Middle,49.28,-1,-1,UNKNOWN,None
477.466,160.201,2650.876,-3.59,3.96,60.94,0.0034,17,Middle,49.12,-1,-1,UNKNOWN,None
477.476,160.219,2651.027,-3.59,3.96,60.92,0.0034,17,Middle,48.97,-1,-1,UNKNOWN,None
477.511,160.235,2651.48,-3.591,3.959,60.82,0.0034,17,Middle,48.52,-1,-1,UNKNOWN,None
477.529,160.25,2651.777,-3.591,3.959,60.72,0.0034,17,Middle,48.22,-1,-1,UNKNOWN,None
477.529,160.266,2651.944,-3.591,3.959,60.65,0.0034,17,Middle,48.06,-1,-1,UNKNOWN,None
477.557,160.282,2652.253,-3.592,3.958,60.5,0.0034,17,Middle,47.75,-1,-1,UNKNOWN,None
477.566,160.3,2652.532,-3.592,3.958,60.34,0.0037,17,Middle,47.47,-1,-1,UNKNOWN,None
477.591,160.316,2652.811,-3.592,3.958,60.17,0.0037,17,Middle,47.19,-1,-1,UNKNOWN,None
477.599,160.331,2652.95,-3.592,3.958,60.09,0.0037,17,Middle,47.05,-1,-1,UNKNOWN,None
477.622,160.348,2653.334,-3.591,3.959,59.83,0.0037,17,Middle,46.67,-1,-1,UNKNOWN,None
477.63,160.363,2653.644,-3.591,3.959,59.6,0.0037,17,Middle,46.36,-1,-1,UNKNOWN,None
477.651,160.379,2653.952,-3.591,3.959,59.38,0.0037,17,Middle,46.05,-1,-1,UNKNOWN,None
477.668,160.395,2654.089,-3.591,3.959,59.28,0.0037,17,Middle,45.91,-1,-1,UNKNOWN,None
477.684,160.411,2654.363,-3.59,3.96,59.08,0.0037,17,Middle,45.64,-1,-1,UNKNOWN,None
477.703,160.428,2654.676,-3.59,3.96,58.88,0.0037,17,Middle,45.32,-1,-1,UNKNOWN,None
477.72,160.443,2654.948,-3.589,3.961,58.71,0.0037,17,Middle,45.05,-1,-1,UNKNOWN,None
477.737,160.459,2655.22,-3.588,3.962,58.57,0.0037,17,Middle,44.78,-1,-1,UNKNOWN,None
477.754,160.476,2655.491,-3.587,3.963,58.45,0.0037,17,Middle,44.51,-1,-1,UNKNOWN,None
477.762,160.492,2655.762,-3.586,3.964,58.35,0.0037,17,Middle,44.24,-1,-1,UNKNOWN,None
477.779,160.508,2656.032,-3.585,3.965,58.29,0.0037,17,Middle,43.97,-1,-1,UNKNOWN,None
477.795,160.524,2656.306,-3.584,3.966,58.26,0.0037,17,Middle,43.69,-1,-1,UNKNOWN,None
477.812,160.539,2656.441,-3.583,3.967,58.26,0.0037,17,Middle,43.56,-1,-1,UNKNOWN,None
477.82,160.555,2656.71,-3.582,3.968,58.27,0.0037,17,Middle,43.29,-1,-1,UNKNOWN,None
477.845,160.571,2656.98,-3.581,3.969,58.31,0.0037,17,Middle,43.02,-1,-1,UNKNOWN,None
477.854,160.588,2657.25,-3.579,3.971,58.37,0.0037,17,Middle,42.75,-1,-1,UNKNOWN,None
477.879,160.604,2657.522,-3.578,3.972,58.45,0.0037,17,Middle,42.48,-1,-1,UNKNOWN,None
477.887,160.62,2657.793,-3.576,3.974,58.54,0.0037,17,Middle,42.21,-1,-1,UNKNOWN,None
477.904,160.636,2658.065,-3.574,3.976,58.65,0.0037,17,Middle,41.94,-1,-1,UNKNOWN,None
477.929,160.652,2658.336,-3.572,3.978,58.77,0.004,17,Middle,41.66,-1,-1,UNKNOWN,None
477.946,160.666,2658.617,-3.57,3.98,58.91,0.004,17,Middle,41.38,-1,-1,UNKNOWN,None
477.964,160.684,2658.911,-3.568,3.982,59.06,0.004,17,Middle,41.09,-1,-1,UNKNOWN,None
477.973,160.699,2659.063,-3.567,3.983,59.15,0.004,17,Middle,40.94,-1,-1,UNKNOWN,None
477.982,160.716,2659.337,-3.564,3.986,59.3,0.004,17,Middle,40.66,-1,-1,UNKNOWN,None
478.007,160.732,2659.613,-3.562,3.988,59.46,0.004,17,Middle,40.39,-1,-1,UNKNOWN,None
478.015,160.746,2659.888,-3.559,3.991,59.63,0.004,17,Middle,40.11,-1,-1,UNKNOWN,None
478.023,160.763,2660.027,-3.558,3.992,59.72,0.004,17,Middle,39.97,-1,-1,UNKNOWN,None
478.057,160.78,2660.445,-3.554,3.996,59.99,0.004,17,Middle,39.55,-1,-1,UNKNOWN,None
478.065,160.795,2660.724,-3.551,3.999,60.17,0.004,17,Middle,39.28,-1,-1,UNKNOWN,None
478.09,160.811,2661.003,-3.548,4.002,60.36,0.004,17,Middle,39.0,-1,-1,UNKNOWN,None
478.098,160.828,2661.283,-3.545,4.005,60.54,0.004,17,Middle,38.72,-1,-1,UNKNOWN,None
478.115,160.843,2661.564,-3.542,4.008,60.7,0.004,17,Middle,38.44,-1,-1,UNKNOWN,None
478.123,160.86,2661.704,-3.54,4.01,60.77,0.004,17,Middle,38.3,-1,-1,UNKNOWN,None
478.148,160.875,2661.986,-3.537,4.013,60.9,0.004,17,Middle,38.01,-1,-1,UNKNOWN,None
478.165,160.891,2662.269,-3.533,4.017,61.01,0.004,17,Middle,37.73,-1,-1,UNKNOWN,None
478.165,160.909,2662.41,-3.532,4.018,61.05,0.004,17,Middle,37.59,-1,-1,UNKNOWN,None
478.198,160.923,2662.834,-3.526,4.024,61.13,0.004,17,Middle,37.17,-1,-1,UNKNOWN,None
478.198,160.94,2662.976,-3.524,4.026,61.13,0.004,17,Middle,37.02,-1,-1,UNKNOWN,None
478.223,160.955,2663.406,-3.518,4.032,61.09,0.004,17,Middle,36.59,-1,-1,UNKNOWN,None
478.24,160.972,2663.69,-3.514,4.036,61.02,0.004,17,Middle,36.31,-1,-1,UNKNOWN,None
478.265,160.988,2663.972,-3.51,4.04,60.93,0.004,17,Middle,36.03,-1,-1,UNKNOWN,None
478.274,161.003,2664.253,-3.506,4.044,60.81,0.004,17,Middle,35.75,-1,-1,UNKNOWN,None
478.29,161.019,2664.534,-3.502,4.048,60.67,0.004,17,Middle,35.47,-1,-1,UNKNOWN,None
478.307,161.036,2664.815,-3.497,4.053,60.51,0.004,17,Middle,35.19,-1,-1,UNKNOWN,None
478.315,161.051,2664.962,-3.495,4.055,60.42,0.004,17,Middle,35.04,-1,-1,UNKNOWN,None
478.341,161.067,2665.248,-3.49,4.06,60.24,0.004,17,Middle,34.75,-1,-1,UNKNOWN,None
478.358,161.083,2665.526,-3.486,4.064,60.04,0.004,17,Middle,34.47,-1,-1,UNKNOWN,None
478.366,161.099,2665.809,-3.481,4.069,59.84,0.004,17,Middle,34.19,-1,-1,UNKNOWN,None
478.383,161.115,2666.085,-3.476,4.074,59.63,0.004,17,Middle,33.92,-1,-1,UNKNOWN,None
478.408,161.132,2666.36,-3.471,4.079,59.42,0.004,17,Middle,33.64,-1,-1,UNKNOWN,None
478.425,161.148,2666.635,-3.466,4.084,59.21,0.004,17,Middle,33.37,-1,-1,UNKNOWN,None
478.442,161.164,2666.908,-3.461,4.089,59.02,0.004,17,Middle,33.09,-1,-1,UNKNOWN,None
478.45,161.18,2667.18,-3.456,4.094,58.83,0.004,17,Middle,32.82,-1,-1,UNKNOWN,None
478.458,161.194,2667.316,-3.453,4.097,58.75,0.004,17,Middle,32.68,-1,-1,UNKNOWN,None
478.475,161.21,2667.59,-3.448,4.102,58.59,0.004,17,Middle,32.41,-1,-1,UNKNOWN,None
478.501,161.226,2667.869,-3.442,4.108,58.45,0.004,17,Middle,32.13,-1,-1,UNKNOWN,None
478.509,161.242,2668.141,-3.437,4.113,58.35,0.004,17,Middle,31.86,-1,-1,UNKNOWN,None
478.534,161.259,2668.411,-3.431,4.119,58.27,0.004,17,Middle,31.59,-1,-1,UNKNOWN,None
478.542,161.275,2668.68,-3.426,4.124,58.23,0.004,17,Middle,31.32,-1,-1,UNKNOWN,None
478.576,161.296,2669.088,-3.417,4.133,58.22,0.004,17,Middle,30.91,-1,-1,UNKNOWN,None
478.584,161.308,2669.223,-3.414,4.136,58.23,0.004,17,Middle,30.78,-1,-1,UNKNOWN,None
478.601,161.326,2669.492,-3.408,4.142,58.27,0.004,17,Middle,30.51,-1,-1,UNKNOWN,None
478.61,161.339,2669.775,-3.401,4.149,58.34,0.004,17,Middle,30.23,-1,-1,UNKNOWN,None
478.627,161.356,2670.045,-3.395,4.155,58.42,0.004,17,Middle,29.96,-1,-1,UNKNOWN,None
478.652,161.372,2670.316,-3.388,4.162,58.51,0.004,17,Middle,29.68,-1,-1,UNKNOWN,None
478.66,161.39,2670.587,-3.382,4.168,58.62,0.004,17,Middle,29.41,-1,-1,UNKNOWN,None
478.678,161.404,2670.743,-3.378,4.172,58.69,0.004,17,Middle,29.26,-1,-1,UNKNOWN,None
478.691,161.418,2670.962,-3.373,4.177,58.8,0.004,17,Middle,29.04,-1,-1,UNKNOWN,None
478.7,161.435,2671.235,-3.366,4.184,58.93,0.004,17,Middle,28.77,-1,-1,UNKNOWN,None
478.716,161.451,2671.508,-3.359,4.191,59.08,0.004,17,Middle,28.49,-1,-1,UNKNOWN,None
478.733,161.468,2671.782,-3.352,4.198,59.24,0.004,17,Middle,28.22,-1,-1,UNKNOWN,None
478.75,161.483,2672.057,-3.345,4.205,59.4,0.004,17,Middle,27.94,-1,-1,UNKNOWN,None
478.766,161.5,2672.333,-3.337,4.213,59.57,0.004,17,Middle,27.67,-1,-1,UNKNOWN,None
478.783,161.516,2672.609,-3.33,4.22,59.74,0.004,17,Middle,27.39,-1,-1,UNKNOWN,None
478.8,161.531,2672.886,-3.322,4.228,59.92,0.004,17,Middle,27.11,-1,-1,UNKNOWN,None
478.826,161.548,2673.187,-3.314,4.236,60.12,0.004,17,Middle,26.81,-1,-1,UNKNOWN,None
478.826,161.563,2673.34,-3.31,4.24,60.22,0.004,17,Middle,26.66,-1,-1,UNKNOWN,None
478.854,161.579,2673.646,-3.301,4.249,60.42,0.004,17,Middle,26.35,-1,-1,UNKNOWN,None
478.87,161.595,2673.928,-3.293,4.257,60.59,0.004,17,Middle,26.07,-1,-1,UNKNOWN,None
478.888,161.611,2674.221,-3.284,4.266,60.74,0.004,17,Middle,25.78,-1,-1,UNKNOWN,None
478.906,161.628,2674.524,-3.275,4.275,60.86,0.004,17,Middle,25.48,-1,-1,UNKNOWN,None
478.914,161.644,2674.806,-3.267,4.283,60.93,0.004,17,Middle,25.19,-1,-1,UNKNOWN,None
478.931,161.66,2675.087,-3.258,4.292,60.96,0.0033,17,Middle,24.91,-1,-1,UNKNOWN,None
478.947,161.675,2675.369,-3.249,4.301,60.95,0.0033,17,Middle,24.63,-1,-1,UNKNOWN,None
478.956,161.691,2675.51,-3.245,4.305,60.93,0.0033,17,Middle,24.49,-1,-1,UNKNOWN,None
478.972,161.708,2675.795,-3.236,4.314,60.87,0.0033,17,Middle,24.2,-1,-1,UNKNOWN,None
478.998,161.724,2676.077,-3.227,4.323,60.78,0.0033,17,Middle,23.92,-1,-1,UNKNOWN,None
479.014,161.738,2676.358,-3.218,4.332,60.66,0.0033,17,Middle,23.64,-1,-1,UNKNOWN,None
479.023,161.756,2676.641,-3.209,4.341,60.52,0.0033,17,Middle,23.36,-1,-1,UNKNOWN,None
479.039,161.772,2676.921,-3.2,4.35,60.37,0.0033,17,Middle,23.08,-1,-1,UNKNOWN,None
479.064,161.786,2677.2,-3.191,4.359,60.2,0.0033,17,Middle,22.8,-1,-1,UNKNOWN,None
479.081,161.804,2677.483,-3.181,4.369,60.01,0.0033,17,Middle,22.52,-1,-1,UNKNOWN,None
479.098,161.819,2677.76,-3.172,4.378,59.82,0.0033,17,Middle,22.24,-1,-1,UNKNOWN,None
479.109,161.835,2677.947,-3.166,4.384,59.68,0.0009,17,Middle,22.05,-1,-1,UNKNOWN,None
479.126,161.851,2678.222,-3.156,4.394,59.47,0.0007,17,Middle,21.78,-1,-1,UNKNOWN,None
479.143,161.868,2678.497,-3.147,4.403,59.27,0.0005,17,Middle,21.5,-1,-1,UNKNOWN,None
479.159,161.884,2678.77,-3.137,4.413,59.07,0.0002,17,Middle,21.23,-1,-1,UNKNOWN,None
479.176,161.9,2679.043,-3.128,4.422,58.89,-0.0002,17,Middle,20.96,-1,-1,UNKNOWN,None
479.184,161.914,2679.315,-3.118,4.432,58.72,-0.0005,17,Middle,20.69,-1,-1,UNKNOWN,None
479.201,161.931,2679.586,-3.109,4.441,58.57,-0.0008,17,Middle,20.41,-1,-1,UNKNOWN,None
479.226,161.948,2679.856,-3.099,4.451,58.45,-0.0014,17,Middle,20.14,-1,-1,UNKNOWN,None
479.234,161.964,2680.126,-3.09,4.46,58.35,-0.0017,17,Middle,19.87,-1,-1,UNKNOWN,None
479.251,161.98,2680.396,-3.08,4.47,58.28,-0.0021,17,Middle,19.6,-1,-1,UNKNOWN,None
479.259,161.995,2680.531,-3.076,4.474,58.25,-0.0027,17,Middle,19.47,-1,-1,UNKNOWN,None
479.276,162.012,2680.8,-3.066,4.484,58.23,-0.0031,17,Middle,19.2,-1,-1,UNKNOWN,None
479.301,162.028,2681.072,-3.056,4.494,58.24,-0.0035,17,Middle,18.93,-1,-1,UNKNOWN,None
479.318,162.044,2681.341,-3.047,4.503,58.27,-0.004,17,Middle,18.66,-1,-1,UNKNOWN,None
479.318,162.06,2681.476,-3.042,4.508,58.3,-0.0043,17,Middle,18.52,-1,-1,UNKNOWN,None
479.343,162.076,2681.882,-3.028,4.522,58.4,-0.0047,17,Middle,18.12,-1,-1,UNKNOWN,None
479.368,162.092,2682.155,-3.018,4.532,58.49,-0.0047,17,Middle,17.84,-1,-1,UNKNOWN,None
479.385,162.108,2682.426,-3.009,4.541,58.6,-0.0049,17,Middle,17.57,-1,-1,UNKNOWN,None
479.401,162.123,2682.7,-2.999,4.551,58.72,-0.0052,17,Middle,17.3,-1,-1,UNKNOWN,None
479.41,162.14,2682.972,-2.99,4.56,58.85,-0.0052,17,Middle,17.03,-1,-1,UNKNOWN,None
479.427,162.155,2683.253,-2.98,4.57,58.99,-0.0052,17,Middle,16.75,-1,-1,UNKNOWN,None
479.444,162.172,2683.527,-2.971,4.579,59.14,-0.0052,17,Middle,16.47,-1,-1,UNKNOWN,None
479.452,162.187,2683.664,-2.966,4.584,59.22,-0.0052,17,Middle,16.34,-1,-1,UNKNOWN,None
479.477,162.203,2683.939,-2.957,4.593,59.38,-0.0052,17,Middle,16.06,-1,-1,UNKNOWN,None
479.494,162.219,2684.214,-2.947,4.603,59.54,-0.0052,17,Middle,15.79,-1,-1,UNKNOWN,None
479.513,162.234,2684.538,-2.937,4.613,59.75,-0.0052,17,Middle,15.46,-1,-1,UNKNOWN,None
479.522,162.25,2684.816,-2.928,4.622,59.93,-0.0052,17,Middle,15.18,-1,-1,UNKNOWN,None
479.538,162.267,2685.093,-2.919,4.631,60.11,-0.0052,17,Middle,14.91,-1,-1,UNKNOWN,None
479.547,162.282,2685.233,-2.914,4.636,60.2,-0.0052,17,Middle,14.77,-1,-1,UNKNOWN,None
479.563,162.3,2685.515,-2.905,4.645,60.39,-0.0052,17,Middle,14.49,-1,-1,UNKNOWN,None
479.589,162.318,2685.938,-2.892,4.658,60.64,-0.0052,17,Middle,14.06,-1,-1,UNKNOWN,None
479.597,162.332,2686.121,-2.886,4.664,60.73,-0.0052,17,Middle,13.88,-1,-1,UNKNOWN,None
479.626,162.348,2686.429,-2.876,4.674,60.85,-0.0052,17,Middle,13.57,-1,-1,UNKNOWN,None
479.634,162.363,2686.71,-2.868,4.682,60.93,-0.0052,17,Middle,13.29,-1,-1,UNKNOWN,None
479.651,162.38,2686.992,-2.859,4.691,60.97,-0.0052,17,Middle,13.01,-1,-1,UNKNOWN,None
479.676,162.396,2687.274,-2.851,4.699,60.97,-0.0052,17,Middle,12.73,-1,-1,UNKNOWN,None
479.684,162.411,2687.415,-2.847,4.703,60.96,-0.0052,17,Middle,12.58,-1,-1,UNKNOWN,None
479.701,162.427,2687.697,-2.839,4.711,60.91,-0.0052,17,Middle,12.3,-1,-1,UNKNOWN,None
479.701,162.443,2687.838,-2.835,4.715,60.88,-0.0052,17,Middle,12.16,-1,-1,UNKNOWN,None
479.734,162.46,2688.26,-2.823,4.727,60.73,-0.0052,17,Middle,11.74,-1,-1,UNKNOWN,None
479.751,162.474,2688.54,-2.815,4.735,60.6,-0.0052,17,Middle,11.46,-1,-1,UNKNOWN,None
479.759,162.491,2688.82,-2.807,4.743,60.45,-0.0052,17,Middle,11.18,-1,-1,UNKNOWN,None
479.776,162.507,2689.102,-2.8,4.75,60.29,-0.0052,17,Middle,10.9,-1,-1,UNKNOWN,None
479.802,162.523,2689.396,-2.792,4.758,60.1,-0.0052,17,Middle,10.6,-1,-1,UNKNOWN,None
479.811,162.54,2689.684,-2.785,4.765,59.9,-0.0052,17,Middle,10.32,-1,-1,UNKNOWN,Left_Broken
479.829,162.555,2689.835,-2.781,4.769,59.79,-0.0052,17,Middle,10.16,-1,-1,UNKNOWN,None
479.845,162.571,2690.112,-2.774,4.776,59.59,-0.0052,17,Middle,9.89,-1,-1,UNKNOWN,None
479.862,162.588,2690.387,-2.767,4.783,59.39,-0.0052,17,Middle,9.61,-1,-1,UNKNOWN,None
479.879,162.603,2690.661,-2.76,4.79,59.19,-0.0052,17,Middle,9.34,-1,-1,UNKNOWN,None
479.895,162.62,2690.934,-2.754,4.796,59.01,-0.0052,17,Middle,9.07,-1,-1,UNKNOWN,None
479.904,162.636,2691.207,-2.748,4.802,58.84,-0.0052,17,Middle,8.79,-1,-1,UNKNOWN,None
479.92,162.652,2691.478,-2.741,4.809,58.69,-0.0052,17,Middle,8.52,-1,-1,UNKNOWN,None
479.937,162.667,2691.75,-2.735,4.815,58.56,-0.0052,17,Middle,8.25,-1,-1,UNKNOWN,None
479.962,162.683,2692.02,-2.73,4.82,58.46,-0.0052,17,Middle,7.98,-1,-1,UNKNOWN,None
479.97,162.699,2692.291,-2.724,4.826,58.38,-0.0052,17,Middle,7.71,-1,-1,UNKNOWN,None
479.987,162.715,2692.561,-2.718,4.832,58.34,-0.0052,17,Middle,7.44,-1,-1,UNKNOWN,None
480.006,162.731,2692.732,-2.715,4.835,58.33,-0.0052,17,Middle,7.27,-1,-1,UNKNOWN,None
480.022,162.748,2693.002,-2.71,4.84,58.34,-0.0052,17,Middle,7.0,-1,-1,UNKNOWN,None
480.039,162.764,2693.272,-2.704,4.846,58.37,-0.0049,17,Middle,6.73,-1,-1,UNKNOWN,Left_Broken
480.058,162.779,2693.576,-2.699,4.851,58.43,-0.0049,17,Middle,6.42,-1,-1,UNKNOWN,None
480.067,162.795,2693.863,-2.694,4.856,58.52,-0.0049,17,Middle,6.14,-1,-1,UNKNOWN,None
480.075,162.811,2693.998,-2.691,4.859,58.56,-0.0049,17,Middle,6.0,-1,-1,UNKNOWN,None
480.1,162.827,2694.27,-2.686,4.864,58.66,-0.0047,17,Middle,5.73,-1,-1,UNKNOWN,None
480.117,162.844,2694.544,-2.682,4.868,58.78,-0.0047,17,Middle,5.46,-1,-1,UNKNOWN,None
480.134,162.86,2694.817,-2.677,4.873,58.9,-0.0047,17,Middle,5.18,-1,-1,UNKNOWN,None
480.151,162.876,2695.09,-2.673,4.877,59.04,-0.0044,17,Middle,4.91,-1,-1,UNKNOWN,None
480.159,162.891,2695.364,-2.669,4.881,59.19,-0.0044,17,Middle,4.64,-1,-1,UNKNOWN,None
480.167,162.907,2695.501,-2.667,4.883,59.26,-0.0044,17,Middle,4.5,-1,-1,UNKNOWN,None
480.201,162.923,2695.921,-2.661,4.889,59.51,-0.0043,17,Middle,4.08,-1,-1,UNKNOWN,None
480.218,162.94,2696.197,-2.657,4.893,59.67,-0.0043,17,Middle,3.8,-1,-1,UNKNOWN,None
480.226,162.955,2696.48,-2.653,4.897,59.85,-0.0043,17,Middle,3.52,-1,-1,UNKNOWN,None
480.252,162.972,2696.763,-2.649,4.901,60.03,-0.0043,17,Middle,3.24,-1,-1,UNKNOWN,None
480.252,162.987,2696.902,-2.647,4.903,60.13,-0.0043,17,Middle,3.1,-1,-1,UNKNOWN,None
480.277,163.006,2697.181,-2.644,4.906,60.31,-0.0043,17,Middle,2.82,-1,-1,UNKNOWN,None
480.293,163.019,2697.46,-2.641,4.909,60.47,-0.0043,17,Middle,2.54,-1,-1,UNKNOWN,None
480.31,163.035,2697.741,-2.637,4.913,60.62,-0.0043,17,Middle,2.26,-1,-1,UNKNOWN,None
480.327,163.052,2698.022,-2.634,4.916,60.76,-0.0043,17,Middle,1.98,-1,-1,UNKNOWN,None
480.343,163.067,2698.305,-2.631,4.919,60.87,-0.0043,17,Middle,1.7,-1,-1,UNKNOWN,None
480.353,163.083,2698.614,-2.628,4.922,60.96,-0.0043,17,Middle,1.39,-1,-1,UNKNOWN,None
480.371,163.1,2698.915,-2.625,4.925,61.0,-0.0043,17,Middle,1.09,-1,-1,UNKNOWN,None
480.379,163.116,2699.072,-2.624,4.926,61.0,-0.0043,17,Middle,0.93,-1,-1,UNKNOWN,None
480.405,163.131,2699.355,-2.621,4.929,60.97,-0.0043,17,Middle,0.65,-1,-1,UNKNOWN,None
480.422,163.147,2699.636,-2.619,4.931,60.91,-0.0043,17,Middle,0.36,-1,-1,UNKNOWN,None
480.43,163.163,2699.918,-2.617,4.933,60.82,-0.0043,17,Middle,0.08,-1,-1,UNKNOWN,None
480.455,163.18,2700.2,-2.614,4.936,60.7,-0.0043,-1,None,999.0,-1,-1,UNKNOWN,None
480.472,163.195,2700.481,-2.612,4.938,60.57,-0.0043,-1,None,999.0,-1,-1,UNKNOWN,None
480.472,163.211,2700.676,-2.611,4.939,60.46,-0.0037,-1,None,999.0,-1,-1,UNKNOWN,None
480.496,163.227,2700.881,-2.61,4.94,60.34,-0.0037,-1,None,999.0,-1,-1,UNKNOWN,None
480.513,163.242,2701.167,-2.608,4.942,60.17,-0.0035,-1,None,999.0,-1,-1,UNKNOWN,None
480.526,163.259,2701.527,-2.606,4.944,59.93,-0.0035,-1,None,999.0,-1,-1,UNKNOWN,None
480.552,163.275,2701.808,-2.604,4.946,59.73,-0.0035,-1,None,999.0,-1,-1,UNKNOWN,None
480.57,163.292,2702.104,-2.603,4.947,59.52,-0.0033,-1,None,999.0,-1,-1,UNKNOWN,None
480.578,163.308,2702.378,-2.601,4.949,59.32,-0.0033,-1,None,999.0,-1,-1,UNKNOWN,None
480.595,163.324,2702.659,-2.6,4.95,59.13,-0.0033,-1,None,999.0,-1,-1,UNKNOWN,None
480.612,163.34,2702.795,-2.6,4.95,59.04,-0.0033,-1,None,999.0,-1,-1,UNKNOWN,None
480.631,163.356,2703.12,-2.599,4.951,58.85,-0.0033,-1,None,999.0,-1,-1,UNKNOWN,None
480.648,163.371,2703.394,-2.598,4.952,58.7,-0.0033,-1,None,999.0,-1,-1,UNKNOWN,None
480.665,163.388,2703.665,-2.597,4.953,58.58,-0.0033,-1,None,999.0,-1,-1,UNKNOWN,None
480.682,163.404,2703.936,-2.596,4.954,58.49,-0.0033,-1,None,999.0,-1,-1,UNKNOWN,None
480.682,163.425,2704.072,-2.596,4.954,58.46,-0.0033,-1,None,999.0,-1,-1,UNKNOWN,None
480.707,163.435,2704.489,-2.595,4.955,58.4,-0.0033,-1,None,999.0,-1,-1,UNKNOWN,None
480.724,163.451,2704.633,-2.595,4.955,58.39,-0.0033,-1,None,999.0,-1,-1,UNKNOWN,None
480.743,163.467,2704.938,-2.595,4.955,58.41,-0.0033,-1,None,999.0,-1,-1,UNKNOWN,None
480.743,163.483,2705.128,-2.595,4.955,58.44,-0.0033,-1,None,999.0,-1,-1,UNKNOWN,None
480.773,163.499,2705.416,-2.595,4.955,58.5,-0.0033,-1,None,999.0,-1,-1,UNKNOWN,None
480.781,163.514,2705.687,-2.595,4.955,58.57,-0.0033,-1,None,999.0,-1,-1,UNKNOWN,None
480.806,163.532,2705.959,-2.595,4.955,58.67,-0.0031,-1,None,999.0,-1,-1,UNKNOWN,None
480.823,163.548,2706.233,-2.595,4.955,58.77,-0.0031,-1,None,999.0,-1,-1,UNKNOWN,None
480.823,163.563,2706.369,-2.595,4.955,58.83,-0.0028,-1,None,999.0,-1,-1,UNKNOWN,None
480.839,163.579,2706.642,-2.596,4.954,58.96,-0.0028,-1,None,999.0,-1,-1,UNKNOWN,None
480.874,163.595,2707.066,-2.596,4.954,59.17,-0.0027,-1,None,999.0,-1,-1,UNKNOWN,None
480.882,163.611,2707.344,-2.597,4.953,59.33,-0.0027,-1,None,999.0,-1,-1,UNKNOWN,None
480.899,163.628,2707.619,-2.598,4.952,59.48,-0.0027,-1,None,999.0,-1,-1,UNKNOWN,None
480.916,163.644,2707.896,-2.598,4.952,59.65,-0.0024,-1,None,999.0,-1,-1,UNKNOWN,None
480.935,163.659,2708.078,-2.599,4.951,59.76,-0.0024,-1,None,999.0,-1,-1,UNKNOWN,None
480.946,163.676,2708.409,-2.6,4.95,59.97,-0.0024,-1,None,999.0,-1,-1,UNKNOWN,None
480.964,163.691,2708.557,-2.6,4.95,60.07,-0.0024,-1,None,999.0,-1,-1,UNKNOWN,None
480.972,163.708,2708.839,-2.601,4.949,60.25,-0.0024,-1,None,999.0,-1,-1,UNKNOWN,None
480.997,163.724,2709.123,-2.603,4.947,60.43,-0.0024,-1,None,999.0,-1,-1,UNKNOWN,None
481.014,163.74,2709.404,-2.604,4.946,60.6,-0.0024,-1,None,999.0,-1,-1,UNKNOWN,None
481.022,163.755,2709.685,-2.605,4.945,60.75,-0.0024,-1,None,999.0,-1,-1,UNKNOWN,None
481.039,163.772,2709.966,-2.606,4.944,60.87,-0.0024,-1,None,999.0,-1,-1,UNKNOWN,None
481.056,163.787,2710.288,-2.608,4.942,60.95,-0.0024,-1,None,999.0,-1,-1,UNKNOWN,None
481.075,163.803,2710.575,-2.61,4.94,60.99,-0.0024,-1,None,999.0,-1,-1,UNKNOWN,None
481.092,163.819,2710.716,-2.61,4.94,60.98,-0.0024,-1,None,999.0,-1,-1,UNKNOWN,None
481.108,163.835,2710.998,-2.612,4.938,60.95,-0.0024,-1,None,999.0,-1,-1,UNKNOWN,None
481.117,163.852,2711.28,-2.614,4.936,60.88,-0.0024,-1,None,999.0,-1,-1,UNKNOWN,None
481.142,163.867,2711.562,-2.615,4.935,60.79,-0.0024,-1,None,999.0,-1,-1,UNKNOWN,None
481.15,163.884,2711.843,-2.617,4.933,60.67,-0.0024,-1,None,999.0,-1,-1,UNKNOWN,None
481.175,163.9,2712.123,-2.619,4.931,60.53,-0.0024,-1,None,999.0,-1,-1,UNKNOWN,None
481.192,163.916,2712.402,-2.621,4.929,60.38,-0.0024,-1,None,999.0,-1,-1,UNKNOWN,None
481.208,163.931,2712.681,-2.623,4.927,60.2,-0.0024,-1,None,999.0,-1,-1,UNKNOWN,None
481.225,163.948,2712.959,-2.625,4.925,60.02,-0.0024,-1,None,999.0,-1,-1,UNKNOWN,None
481.242,163.963,2713.237,-2.627,4.923,59.83,-0.0024,-1,None,999.0,-1,-1,UNKNOWN,None
481.251,163.979,2713.531,-2.63,4.92,59.62,-0.0024,-1,None,999.0,-1,-1,UNKNOWN,None
481.268,163.995,2713.68,-2.631,4.919,59.51,-0.0024,-1,None,999.0,-1,-1,UNKNOWN,None
481.285,164.012,2713.954,-2.633,4.917,59.31,-0.0024,-1,None,999.0,-1,-1,UNKNOWN,None
481.307,164.028,2714.316,-2.636,4.914,59.05,-0.0024,-1,None,999.0,-1,-1,UNKNOWN,None
481.315,164.044,2714.588,-2.639,4.911,58.87,-0.0024,-1,None,999.0,-1,-1,UNKNOWN,None
481.324,164.059,2714.724,-2.64,4.91,58.79,-0.0024,-1,None,999.0,-1,-1,UNKNOWN,None
481.34,164.075,2714.996,-2.643,4.907,58.63,-0.0024,-1,None,999.0,-1,-1,UNKNOWN,None
481.365,164.091,2715.267,-2.645,4.905,58.5,-0.0024,-1,None,999.0,-1,-1,UNKNOWN,None
481.365,164.107,2715.417,-2.647,4.903,58.44,-0.0021,-1,None,999.0,-1,-1,UNKNOWN,None
481.401,164.122,2715.843,-2.651,4.899,58.31,-0.0021,-1,None,999.0,-1,-1,UNKNOWN,None
481.401,164.14,2716.001,-2.653,4.897,58.28,-0.0021,-1,None,999.0,-1,-1,UNKNOWN,None
481.43,164.156,2716.316,-2.656,4.894,58.26,-0.0018,-1,None,999.0,-1,-1,UNKNOWN,None
481.449,164.172,2716.625,-2.659,4.891,58.28,-0.0018,-1,None,999.0,-1,-1,UNKNOWN,None
481.458,164.187,2716.911,-2.663,4.887,58.32,-0.0017,-1,None,999.0,-1,-1,UNKNOWN,None
481.476,164.202,2717.056,-2.664,4.886,58.35,-0.0017,-1,None,999.0,-1,-1,UNKNOWN,None
481.485,164.218,2717.373,-2.668,4.882,58.44,-0.0014,-1,None,999.0,-1,-1,UNKNOWN,None
481.507,164.234,2717.564,-2.67,4.88,58.5,-0.0014,-1,None,999.0,-1,-1,UNKNOWN,None
481.525,164.251,2717.846,-2.673,4.877,58.6,-0.0012,-1,None,999.0,-1,-1,UNKNOWN,None
481.525,164.267,2717.997,-2.675,4.875,58.67,-0.0012,-1,None,999.0,-1,-1,UNKNOWN,None
481.56,164.283,2718.417,-2.68,4.87,58.86,-0.0009,-1,None,999.0,-1,-1,UNKNOWN,None
481.568,164.299,2718.69,-2.684,4.866,59.0,-0.0008,-1,None,999.0,-1,-1,UNKNOWN,None
481.593,164.314,2718.963,-2.687,4.863,59.15,-0.0008,-1,None,999.0,-1,-1,UNKNOWN,None
481.601,164.331,2719.24,-2.69,4.86,59.31,-0.0005,-1,None,999.0,-1,-1,UNKNOWN,None
481.618,164.348,2719.519,-2.694,4.856,59.47,-0.0002,-1,None,999.0,-1,-1,UNKNOWN,None
481.635,164.364,2719.803,-2.698,4.852,59.64,-0.0001,-1,None,999.0,-1,-1,UNKNOWN,None
481.652,164.38,2719.941,-2.699,4.851,59.73,0.0002,-1,None,999.0,-1,-1,UNKNOWN,None
481.66,164.396,2720.219,-2.703,4.847,59.91,0.0005,-1,None,999.0,-1,-1,UNKNOWN,None
481.686,164.411,2720.505,-2.707,4.843,60.1,0.0007,-1,None,999.0,-1,-1,UNKNOWN,None
481.694,164.428,2720.783,-2.71,4.84,60.28,0.0007,-1,None,999.0,-1,-1,UNKNOWN,None
481.703,164.443,2720.928,-2.712,4.838,60.37,0.0007,-1,None,999.0,-1,-1,UNKNOWN,None
481.738,164.459,2721.382,-2.718,4.832,60.64,0.0007,-1,None,999.0,-1,-1,UNKNOWN,Left_Broken
481.746,164.476,2721.663,-2.722,4.828,60.77,0.0018,-1,None,999.0,-1,-1,UNKNOWN,None
481.763,164.492,2721.949,-2.726,4.824,60.89,0.0018,-1,None,999.0,-1,-1,UNKNOWN,None
481.78,164.508,2722.09,-2.728,4.822,60.94,0.0018,-1,None,999.0,-1,-1,UNKNOWN,None
481.797,164.524,2722.373,-2.731,4.819,61.01,0.0018,-1,None,999.0,-1,-1,UNKNOWN,None
481.813,164.54,2722.655,-2.735,4.815,61.04,0.0018,-1,None,999.0,-1,-1,UNKNOWN,None
481.83,164.555,2722.941,-2.739,4.811,61.03,0.0018,-1,None,999.0,-1,-1,UNKNOWN,None
481.84,164.571,2723.243,-2.743,4.807,60.98,0.0018,-1,None,999.0,-1,-1,UNKNOWN,None
481.865,164.587,2723.525,-2.746,4.804,60.9,0.0018,-1,None,999.0,-1,-1,UNKNOWN,None
481.873,164.604,2723.807,-2.75,4.8,60.79,0.0044,-1,None,999.0,-1,-1,UNKNOWN,None
481.891,164.62,2724.101,-2.754,4.796,60.66,0.0044,-1,None,999.0,-1,-1,UNKNOWN,None
481.91,164.636,2724.296,-2.756,4.794,60.56,0.0044,-1,None,999.0,-1,-1,UNKNOWN,None
481.929,164.652,2724.599,-2.76,4.79,60.39,0.0056,-1,None,999.0,-1,-1,UNKNOWN,None
481.938,164.668,2724.912,-2.764,4.786,60.2,0.0056,-1,None,999.0,-1,-1,UNKNOWN,None
481.947,164.684,2725.071,-2.765,4.785,60.1,0.0056,-1,None,999.0,-1,-1,UNKNOWN,None
481.975,164.7,2725.382,-2.769,4.781,59.89,0.0056,-1,None,999.0,-1,-1,UNKNOWN,Left_Broken
481.975,164.715,2725.52,-2.771,4.779,59.79,0.0072,-1,None,999.0,-1,-1,UNKNOWN,None
482.0,164.73,2725.934,-2.775,4.775,59.48,0.0075,-1,None,999.0,-1,-1,UNKNOWN,None
482.009,164.747,2726.087,-2.777,4.773,59.37,0.0076,-1,None,999.0,-1,-1,UNKNOWN,None
482.038,164.763,2726.412,-2.78,4.77,59.14,0.0079,-1,None,999.0,-1,-1,UNKNOWN,None
482.046,164.78,2726.685,-2.783,4.767,58.96,0.0079,-1,None,999.0,-1,-1,UNKNOWN,None
482.054,164.795,2726.821,-2.784,4.766,58.87,0.0079,-1,None,999.0,-1,-1,UNKNOWN,None
482.08,164.811,2727.23,-2.787,4.763,58.65,0.0079,-1,None,999.0,-1,-1,UNKNOWN,None
482.088,164.827,2727.365,-2.789,4.761,58.58,0.0079,-1,None,999.0,-1,-1,UNKNOWN,None
482.121,164.844,2727.771,-2.792,4.758,58.43,0.0079,-1,None,999.0,-1,-1,UNKNOWN,None
482.138,164.86,2728.042,-2.794,4.756,58.36,0.0079,-1,None,999.0,-1,-1,UNKNOWN,None
482.146,164.876,2728.312,-2.796,4.754,58.33,0.0079,-1,None,999.0,-1,-1,UNKNOWN,None
482.163,164.892,2728.59,-2.797,4.753,58.32,0.0079,-1,None,999.0,-1,-1,UNKNOWN,None
482.18,164.908,2728.725,-2.798,4.752,58.33,0.0079,-1,None,999.0,-1,-1,UNKNOWN,None
482.188,164.923,2728.995,-2.799,4.751,58.36,0.0081,-1,None,999.0,-1,-1,UNKNOWN,None
482.213,164.939,2729.265,-2.801,4.749,58.42,0.0081,-1,None,999.0,-1,-1,UNKNOWN,None
482.23,164.955,2729.536,-2.802,4.748,58.5,0.0081,-1,None,999.0,-1,-1,UNKNOWN,None
482.247,164.972,2729.807,-2.803,4.747,58.59,0.0081,-1,None,999.0,-1,-1,UNKNOWN,None
482.263,164.988,2730.079,-2.803,4.747,58.69,0.0084,-1,None,999.0,-1,-1,UNKNOWN,None
482.28,165.003,2730.351,-2.804,4.746,58.81,0.0084,-1,None,999.0,-1,-1,UNKNOWN,None
482.297,165.02,2730.624,-2.804,4.746,58.94,0.0084,-1,None,999.0,-1,-1,UNKNOWN,None
482.305,165.035,2730.905,-2.804,4.746,59.09,0.0084,-1,None,999.0,-1,-1,UNKNOWN,None
482.323,165.052,2731.193,-2.804,4.746,59.25,0.0084,-1,None,999.0,-1,-1,UNKNOWN,None
482.34,165.067,2731.344,-2.804,4.746,59.33,0.0084,-1,None,999.0,-1,-1,UNKNOWN,None
482.359,165.083,2731.645,-2.804,4.746,59.51,0.0084,-1,None,999.0,-1,-1,UNKNOWN,None
482.377,165.1,2731.944,-2.803,4.747,59.69,0.0084,-1,None,999.0,-1,-1,UNKNOWN,None
482.385,165.116,2732.223,-2.802,4.748,59.87,0.0084,-1,None,999.0,-1,-1,UNKNOWN,None
482.403,165.132,2732.526,-2.801,4.749,60.06,0.0084,-1,None,999.0,-1,-1,UNKNOWN,None
482.42,165.147,2732.667,-2.801,4.749,60.16,0.0084,-1,None,999.0,-1,-1,UNKNOWN,None
482.429,165.164,2732.947,-2.799,4.751,60.34,0.0084,-1,None,999.0,-1,-1,UNKNOWN,None
482.445,165.179,2733.227,-2.798,4.752,60.5,0.0084,-1,None,999.0,-1,-1,UNKNOWN,None
482.471,165.204,2733.659,-2.795,4.755,60.72,0.0084,-1,None,999.0,-1,-1,UNKNOWN,None
482.479,165.209,2733.8,-2.794,4.756,60.77,0.0084,-1,None,999.0,-1,-1,UNKNOWN,None
482.504,165.227,2734.082,-2.792,4.758,60.85,0.0084,-1,None,999.0,-1,-1,UNKNOWN,None
482.513,165.242,2734.363,-2.79,4.76,60.89,0.0084,-1,None,999.0,-1,-1,UNKNOWN,None
482.529,165.258,2734.648,-2.787,4.763,60.88,0.0084,-1,None,999.0,-1,-1,UNKNOWN,None
482.546,165.274,2734.93,-2.784,4.766,60.83,0.0084,-1,None,999.0,-1,-1,UNKNOWN,None
482.563,165.291,2735.211,-2.781,4.769,60.75,0.0084,-1,None,999.0,-1,-1,UNKNOWN,None
482.571,165.307,2735.352,-2.779,4.771,60.7,0.0084,-1,None,999.0,-1,-1,UNKNOWN,None
482.588,165.323,2735.635,-2.776,4.774,60.58,0.0084,-1,None,999.0,-1,-1,UNKNOWN,None
482.613,165.34,2735.915,-2.772,4.778,60.45,0.0084,-1,None,999.0,-1,-1,UNKNOWN,Left_Broken
482.63,165.355,2736.196,-2.768,4.782,60.29,0.0084,-1,None,999.0,-1,-1,UNKNOWN,None
482.646,165.371,2736.474,-2.764,4.786,60.12,0.0084,-1,None,999.0,-1,-1,UNKNOWN,None
482.663,165.387,2736.752,-2.76,4.79,59.94,0.0084,-1,None,999.0,-1,-1,UNKNOWN,None
482.671,165.403,2737.029,-2.756,4.794,59.74,0.0084,-1,None,999.0,-1,-1,UNKNOWN,None
482.691,165.42,2737.35,-2.75,4.8,59.51,0.0084,-1,None,999.0,-1,-1,UNKNOWN,None
482.707,165.435,2737.624,-2.746,4.804,59.32,0.0084,-1,None,999.0,-1,-1,UNKNOWN,None
482.716,165.452,2737.761,-2.743,4.807,59.23,0.0084,-1,None,999.0,-1,-1,UNKNOWN,None
482.749,165.472,2738.171,-2.735,4.815,58.96,0.0084,-1,None,999.0,-1,-1,UNKNOWN,None
482.758,165.484,2738.311,-2.732,4.818,58.88,0.0084,-1,None,999.0,-1,-1,UNKNOWN,None
482.766,165.499,2738.592,-2.727,4.823,58.73,0.0084,-1,None,999.0,-1,-1,UNKNOWN,None
482.785,165.515,2738.889,-2.72,4.83,58.6,0.0084,-1,None,999.0,-1,-1,UNKNOWN,None
482.801,165.532,2739.16,-2.714,4.836,58.5,0.0084,-1,None,999.0,-1,-1,UNKNOWN,None
482.818,165.548,2739.431,-2.708,4.842,58.44,0.0081,-1,None,999.0,-1,-1,UNKNOWN,None
482.835,165.563,2739.566,-2.705,4.845,58.42,0.0079,-1,None,999.0,-1,-1,UNKNOWN,None
482.844,165.58,2739.856,-2.697,4.853,58.41,0.0076,-1,None,999.0,-1,-1,UNKNOWN,None
482.869,165.595,2740.126,-2.691,4.859,58.42,0.0075,-1,None,999.0,-1,-1,UNKNOWN,None
482.886,165.612,2740.397,-2.683,4.867,58.46,0.0069,-1,None,999.0,-1,-1,UNKNOWN,None
482.895,165.626,2740.687,-2.676,4.874,58.52,0.0069,-1,None,999.0,-1,-1,UNKNOWN,None
482.913,165.644,2740.977,-2.668,4.882,58.61,0.0068,-1,None,999.0,-1,-1,UNKNOWN,Left_Broken
482.931,165.66,2741.263,-2.659,4.891,58.71,0.0062,-1,None,999.0,-1,-1,UNKNOWN,None
482.956,165.676,2741.535,-2.651,4.899,58.82,0.006,-1,None,999.0,-1,-1,UNKNOWN,None
482.956,165.692,2741.671,-2.647,4.903,58.88,0.006,-1,None,999.0,-1,-1,UNKNOWN,None
482.972,165.708,2741.944,-2.639,4.911,59.01,0.0058,-1,None,999.0,-1,-1,UNKNOWN,None
483.0,165.723,2742.262,-2.629,4.921,59.17,0.0056,-1,None,999.0,-1,-1,UNKNOWN,None
483.009,165.742,2742.541,-2.62,4.93,59.32,0.005,-1,None,999.0,-1,-1,UNKNOWN,None
483.017,165.755,2742.679,-2.616,4.934,59.4,0.0049,-1,None,999.0,-1,-1,UNKNOWN,None
483.042,165.772,2743.094,-2.602,4.948,59.65,0.0044,-1,None,999.0,-1,-1,UNKNOWN,None
483.05,165.788,2743.232,-2.597,4.953,59.73,0.004,-1,None,999.0,-1,-1,UNKNOWN,None
483.084,165.804,2743.648,-2.583,4.967,59.99,0.0033,-1,None,999.0,-1,-1,UNKNOWN,None
483.092,165.82,2743.787,-2.578,4.972,60.08,0.0028,-1,None,999.0,-1,-1,UNKNOWN,None
483.11,165.836,2744.093,-2.568,4.982,60.28,0.0028,-1,None,999.0,-1,-1,UNKNOWN,None
483.123,165.851,2744.301,-2.56,4.99,60.42,0.0028,-1,None,999.0,-1,-1,UNKNOWN,None
483.141,165.867,2744.599,-2.549,5.001,60.6,0.0028,-1,None,999.0,-1,-1,UNKNOWN,None
483.158,165.883,2744.889,-2.539,5.011,60.76,-0.0005,-1,None,999.0,-1,-1,UNKNOWN,None
483.158,165.899,2745.03,-2.534,5.016,60.83,-0.0014,-1,None,999.0,-1,-1,UNKNOWN,None
483.191,165.915,2745.453,-2.518,5.032,61.03,-0.0021,-1,None,999.0,-1,-1,UNKNOWN,None
483.2,165.931,2745.75,-2.507,5.043,61.17,-0.0021,-1,None,999.0,-1,-1,UNKNOWN,None
483.225,165.948,2746.033,-2.497,5.053,61.3,-0.0021,-1,None,999.0,-1,-1,UNKNOWN,None
483.242,165.963,2746.317,-2.486,5.064,61.41,-0.0021,-1,None,999.0,-1,-1,UNKNOWN,None
483.25,165.98,2746.603,-2.475,5.075,61.49,-0.0021,-1,None,999.0,-1,-1,UNKNOWN,None
483.271,165.995,2746.806,-2.467,5.083,61.53,-0.0021,-1,None,999.0,-1,-1,UNKNOWN,None
483.271,166.011,2747.118,-2.455,5.095,61.55,-0.0021,-1,None,999.0,-1,-1,UNKNOWN,None
483.298,166.027,2747.423,-2.444,5.106,61.52,-0.0021,-1,None,999.0,-1,-1,UNKNOWN,None
483.315,166.044,2747.708,-2.433,5.117,61.46,-0.0021,-1,None,999.0,-1,-1,UNKNOWN,None
483.332,166.059,2747.85,-2.427,5.123,61.41,-0.0021,-1,None,999.0,-1,-1,UNKNOWN,None
483.34,166.075,2748.133,-2.416,5.134,61.31,-0.0063,-1,None,999.0,-1,-1,UNKNOWN,None
483.365,166.091,2748.417,-2.406,5.144,61.18,-0.0063,-1,None,999.0,-1,-1,UNKNOWN,None
483.382,166.108,2748.699,-2.395,5.155,61.04,-0.0063,-1,None,999.0,-1,-1,UNKNOWN,None
483.398,166.123,2748.981,-2.384,5.166,60.87,-0.0063,-1,None,999.0,-1,-1,UNKNOWN,None
483.415,166.14,2749.262,-2.374,5.176,60.69,-0.0063,-1,None,999.0,-1,-1,UNKNOWN,None
483.432,166.156,2749.542,-2.363,5.187,60.51,-0.0063,-1,None,999.0,-1,-1,UNKNOWN,None
483.44,166.172,2749.821,-2.353,5.197,60.31,-0.0063,-1,None,999.0,-1,-1,UNKNOWN,None
483.457,166.187,2750.124,-2.341,5.209,60.08,-0.0063,-1,None,999.0,-1,-1,UNKNOWN,None
483.477,166.202,2750.302,-2.335,5.215,59.94,-0.0063,-1,None,999.0,-1,-1,UNKNOWN,None
483.494,166.218,2750.578,-2.325,5.225,59.72,-0.0063,-1,None,999.0,-1,-1,UNKNOWN,None
483.511,166.234,2750.861,-2.314,5.236,59.49,-0.0063,-1,None,999.0,-1,-1,UNKNOWN,None
483.528,166.251,2751.135,-2.304,5.246,59.28,-0.0063,-1,None,999.0,-1,-1,UNKNOWN,None
483.544,166.267,2751.409,-2.295,5.255,59.08,-0.0063,-1,None,999.0,-1,-1,UNKNOWN,None
483.561,166.282,2751.682,-2.285,5.265,58.89,-0.0063,-1,None,999.0,-1,-1,UNKNOWN,None
483.578,166.3,2751.954,-2.275,5.275,58.71,-0.0063,-1,None,999.0,-1,-1,UNKNOWN,None
483.586,166.316,2752.225,-2.266,5.284,58.57,-0.0063,-1,None,999.0,-1,-1,UNKNOWN,None
483.611,166.332,2752.496,-2.257,5.293,58.44,-0.0063,-1,None,999.0,-1,-1,UNKNOWN,None
483.619,166.348,2752.766,-2.248,5.302,58.35,-0.0063,-1,None,999.0,-1,-1,UNKNOWN,None
483.628,166.364,2752.901,-2.243,5.307,58.31,-0.0063,-1,None,999.0,-1,-1,UNKNOWN,None
483.653,166.379,2753.17,-2.234,5.316,58.26,-0.0063,-1,None,999.0,-1,-1,UNKNOWN,None
483.661,166.395,2753.453,-2.225,5.325,58.25,-0.0063,-1,None,999.0,-1,-1,UNKNOWN,None
483.687,166.412,2753.73,-2.216,5.334,58.26,-0.0063,-1,None,999.0,-1,-1,UNKNOWN,None
483.687,166.427,2753.864,-2.212,5.338,58.28,-0.0063,-1,None,999.0,-1,-1,UNKNOWN,None
483.713,166.444,2754.273,-2.199,5.351,58.36,-0.0063,-1,None,999.0,-1,-1,UNKNOWN,None
483.729,166.459,2754.544,-2.191,5.359,58.44,-0.0063,-1,None,999.0,-1,-1,UNKNOWN,None
483.754,166.476,2754.815,-2.183,5.367,58.54,-0.0063,-1,None,999.0,-1,-1,UNKNOWN,None
483.763,166.492,2754.95,-2.179,5.371,58.59,-0.0063,-1,None,999.0,-1,-1,UNKNOWN,None
483.782,166.508,2755.274,-2.169,5.381,58.73,-0.0063,-1,None,999.0,-1,-1,UNKNOWN,None
483.799,166.524,2755.546,-2.162,5.388,58.86,-0.0063,-1,None,999.0,-1,-1,UNKNOWN,None
483.808,166.539,2755.824,-2.154,5.396,59.0,-0.0063,-1,None,999.0,-1,-1,UNKNOWN,None
483.824,166.556,2756.098,-2.146,5.404,59.15,-0.0063,-1,None,999.0,-1,-1,UNKNOWN,None
483.849,166.57,2756.372,-2.139,5.411,59.3,-0.0063,-1,None,999.0,-1,-1,UNKNOWN,None
483.849,166.587,2756.511,-2.135,5.415,59.39,-0.0063,-1,None,999.0,-1,-1,UNKNOWN,None
483.875,166.604,2756.932,-2.125,5.425,59.64,-0.0063,-1,None,999.0,-1,-1,UNKNOWN,None
483.894,166.62,2757.109,-2.12,5.43,59.75,-0.0063,-1,None,999.0,-1,-1,UNKNOWN,None
483.912,166.635,2757.407,-2.113,5.437,59.95,-0.006,-1,None,999.0,-1,-1,UNKNOWN,None
483.92,166.652,2757.685,-2.106,5.444,60.13,-0.006,-1,None,999.0,-1,-1,UNKNOWN,None
483.937,166.668,2757.964,-2.1,5.45,60.31,-0.006,-1,None,999.0,-1,-1,UNKNOWN,None
483.954,166.684,2758.244,-2.093,5.457,60.49,-0.006,-1,None,999.0,-1,-1,UNKNOWN,None
483.97,166.7,2758.524,-2.087,5.463,60.65,-0.006,-1,None,999.0,-1,-1,UNKNOWN,None
483.991,166.716,2758.742,-2.082,5.468,60.76,-0.006,-1,None,999.0,-1,-1,UNKNOWN,None
483.991,166.731,2759.054,-2.075,5.475,60.88,-0.006,-1,None,999.0,-1,-1,UNKNOWN,None
484.01,166.747,2759.24,-2.072,5.478,60.93,-0.006,-1,None,999.0,-1,-1,UNKNOWN,None
484.038,166.762,2759.523,-2.066,5.484,60.97,-0.006,-1,None,999.0,-1,-1,UNKNOWN,None
484.047,166.779,2759.824,-2.06,5.49,60.96,-0.006,-1,None,999.0,-1,-1,UNKNOWN,None
484.064,166.796,2760.106,-2.055,5.495,60.91,-0.006,-1,None,999.0,-1,-1,UNKNOWN,None
484.089,166.812,2760.399,-2.049,5.501,60.83,-0.006,-1,None,999.0,-1,-1,UNKNOWN,None
484.098,166.828,2760.693,-2.044,5.506,60.72,-0.006,-1,None,999.0,-1,-1,UNKNOWN,None
484.116,166.844,2760.851,-2.041,5.509,60.65,-0.006,-1,None,999.0,-1,-1,UNKNOWN,None
484.125,166.859,2761.132,-2.036,5.514,60.51,-0.006,-1,None,999.0,-1,-1,UNKNOWN,None
484.15,166.875,2761.411,-2.032,5.518,60.35,-0.006,-1,None,999.0,-1,-1,UNKNOWN,None
484.158,166.891,2761.691,-2.027,5.523,60.18,-0.006,-1,None,999.0,-1,-1,UNKNOWN,None
484.183,166.908,2761.968,-2.023,5.527,59.99,-0.006,-1,None,999.0,-1,-1,UNKNOWN,None
484.183,166.924,2762.107,-2.021,5.529,59.9,-0.004,-1,None,999.0,-1,-1,UNKNOWN,None
484.216,166.94,2762.521,-2.015,5.535,59.6,-0.004,-1,None,999.0,-1,-1,UNKNOWN,None
484.216,166.955,2762.72,-2.012,5.538,59.46,-0.004,-1,None,999.0,-1,-1,UNKNOWN,None
484.245,166.971,2762.994,-2.009,5.541,59.27,-0.004,-1,None,999.0,-1,-1,UNKNOWN,None
484.253,166.988,2763.268,-2.005,5.545,59.08,-0.004,-1,None,999.0,-1,-1,UNKNOWN,None
484.27,167.004,2763.541,-2.002,5.548,58.92,-0.0037,-1,None,999.0,-1,-1,UNKNOWN,None
484.295,167.02,2763.813,-1.999,5.551,58.78,-0.0037,-1,None,999.0,-1,-1,UNKNOWN,None
484.32,167.045,2764.22,-1.994,5.556,58.6,-0.0037,-1,None,999.0,-1,-1,UNKNOWN,None
484.32,167.05,2764.356,-1.993,5.557,58.56,-0.0035,-1,None,999.0,-1,-1,UNKNOWN,None
484.345,167.068,2764.626,-1.99,5.56,58.49,-0.0033,-1,None,999.0,-1,-1,UNKNOWN,None
484.362,167.084,2764.897,-1.987,5.563,58.46,-0.0033,-1,None,999.0,-1,-1,UNKNOWN,None
484.37,167.1,2765.168,-1.984,5.566,58.45,-0.0031,-1,None,999.0,-1,-1,UNKNOWN,None
484.387,167.116,2765.441,-1.982,5.568,58.47,-0.0028,-1,None,999.0,-1,-1,UNKNOWN,None
484.403,167.132,2765.576,-1.981,5.569,58.49,-0.0027,-1,None,999.0,-1,-1,UNKNOWN,None
484.412,167.148,2765.847,-1.979,5.571,58.55,-0.0024,-1,None,999.0,-1,-1,UNKNOWN,None
484.437,167.164,2766.126,-1.976,5.574,58.63,-0.0021,-1,None,999.0,-1,-1,UNKNOWN,None
484.454,167.18,2766.398,-1.974,5.576,58.72,-0.0018,-1,None,999.0,-1,-1,UNKNOWN,None
484.471,167.195,2766.671,-1.972,5.578,58.83,-0.0017,-1,None,999.0,-1,-1,UNKNOWN,None
484.479,167.21,2766.943,-1.97,5.58,58.95,-0.0014,-1,None,999.0,-1,-1,UNKNOWN,None
484.498,167.228,2767.262,-1.968,5.582,59.1,-0.0012,-1,None,999.0,-1,-1,UNKNOWN,None
484.515,167.243,2767.399,-1.967,5.583,59.17,-0.0009,-1,None,999.0,-1,-1,UNKNOWN,None
484.532,167.259,2767.674,-1.966,5.584,59.32,-0.0009,-1,None,999.0,-1,-1,UNKNOWN,None
484.548,167.274,2767.949,-1.964,5.586,59.47,-0.0008,-1,None,999.0,-1,-1,UNKNOWN,None
484.566,167.292,2768.245,-1.962,5.588,59.65,-0.0008,-1,None,999.0,-1,-1,UNKNOWN,None
484.575,167.307,2768.535,-1.961,5.589,59.82,-0.0008,-1,None,999.0,-1,-1,UNKNOWN,None
484.595,167.324,2768.725,-1.96,5.59,59.94,-0.0008,-1,None,999.0,-1,-1,UNKNOWN,None
484.614,167.339,2769.038,-1.958,5.592,60.14,-0.0008,-1,None,999.0,-1,-1,UNKNOWN,None
484.622,167.355,2769.317,-1.957,5.593,60.32,-0.0008,-1,None,999.0,-1,-1,UNKNOWN,None
484.639,167.372,2769.597,-1.956,5.594,60.5,-0.0008,-1,None,999.0,-1,-1,UNKNOWN,None
484.657,167.388,2769.921,-1.954,5.596,60.68,-0.0008,-1,None,999.0,-1,-1,UNKNOWN,None
484.666,167.404,2770.083,-1.954,5.596,60.77,-0.0008,-1,None,999.0,-1,-1,UNKNOWN,None
484.693,167.42,2770.365,-1.952,5.598,60.91,-0.0008,-1,None,999.0,-1,-1,UNKNOWN,None
484.702,167.436,2770.661,-1.951,5.599,61.03,-0.0008,-1,None,999.0,-1,-1,UNKNOWN,None
484.727,167.452,2770.944,-1.95,5.6,61.14,-0.0008,-1,None,999.0,-1,-1,UNKNOWN,None
484.744,167.468,2771.228,-1.949,5.601,61.24,-0.0008,-1,None,999.0,-1,-1,UNKNOWN,None
484.76,167.484,2771.511,-1.948,5.602,61.34,-0.0008,-1,None,999.0,-1,-1,UNKNOWN,None
484.777,167.499,2771.801,-1.947,5.603,61.43,-0.0008,-1,None,999.0,-1,-1,UNKNOWN,None
484.794,167.516,2772.086,-1.946,5.604,61.5,-0.0008,-1,None,999.0,-1,-1,UNKNOWN,None
484.802,167.531,2772.371,-1.946,5.604,61.55,-0.0008,-1,None,999.0,-1,-1,UNKNOWN,None
484.819,167.548,2772.656,-1.945,5.605,61.56,-0.0008,-1,None,999.0,-1,-1,UNKNOWN,None
484.838,167.564,2772.834,-1.944,5.606,61.54,-0.0008,-1,None,999.0,-1,-1,UNKNOWN,None
484.857,167.58,2773.159,-1.943,5.607,61.48,-0.0008,-1,None,999.0,-1,-1,UNKNOWN,None
484.866,167.596,2773.456,-1.943,5.607,61.39,-0.0008,-1,None,999.0,-1,-1,UNKNOWN,None
484.882,167.612,2773.74,-1.942,5.608,61.28,-0.0008,-1,None,999.0,-1,-1,UNKNOWN,None
484.9,167.628,2774.031,-1.941,5.609,61.14,-0.0008,-1,None,999.0,-1,-1,UNKNOWN,None
484.908,167.643,2774.172,-1.941,5.609,61.07,-0.0008,-1,None,999.0,-1,-1,UNKNOWN,None
484.925,167.66,2774.455,-1.94,5.61,60.9,-0.0008,-1,None,999.0,-1,-1,UNKNOWN,None
484.95,167.676,2774.736,-1.94,5.61,60.73,-0.0008,-1,None,999.0,-1,-1,UNKNOWN,None
484.966,167.691,2775.016,-1.939,5.611,60.54,-0.0008,-1,None,999.0,-1,-1,UNKNOWN,None
484.983,167.708,2775.296,-1.939,5.611,60.34,-0.0008,-1,None,999.0,-1,-1,UNKNOWN,None
484.991,167.724,2775.582,-1.938,5.612,60.13,-0.0008,-1,None,999.0,-1,-1,UNKNOWN,None
485.011,167.74,2775.768,-1.938,5.612,59.98,-0.0008,-1,None,999.0,-1,-1,UNKNOWN,None
485.023,167.756,2776.108,-1.938,5.612,59.71,-0.0008,-1,None,999.0,-1,-1,UNKNOWN,None
485.032,167.772,2776.246,-1.937,5.613,59.6,-0.0008,-1,None,999.0,-1,-1,UNKNOWN,None
485.063,167.788,2776.62,-1.937,5.613,59.31,-0.0008,-1,None,999.0,-1,-1,UNKNOWN,None
485.082,167.803,2776.936,-1.936,5.614,59.08,-0.0008,-1,None,999.0,-1,-1,UNKNOWN,None
485.091,167.82,2777.216,-1.936,5.614,58.89,-0.0008,-1,None,999.0,-1,-1,UNKNOWN,None
485.099,167.836,2777.368,-1.936,5.614,58.79,-0.0008,-1,None,999.0,-1,-1,UNKNOWN,None
485.125,167.852,2777.646,-1.936,5.614,58.63,-0.0008,-1,None,999.0,-1,-1,UNKNOWN,None
485.134,167.868,2777.922,-1.935,5.615,58.5,-0.0008,-1,None,999.0,-1,-1,UNKNOWN,None
485.151,167.884,2778.202,-1.935,5.615,58.4,-0.0008,-1,None,999.0,-1,-1,UNKNOWN,None
485.168,167.899,2778.472,-1.935,5.615,58.33,-0.0008,-1,None,999.0,-1,-1,UNKNOWN,None
485.193,167.916,2778.742,-1.935,5.615,58.3,-0.0008,-1,None,999.0,-1,-1,UNKNOWN,None
485.201,167.932,2779.012,-1.935,5.615,58.29,-0.0008,-1,None,999.0,-1,-1,UNKNOWN,None
485.218,167.948,2779.282,-1.934,5.616,58.32,-0.0008,-1,None,999.0,-1,-1,UNKNOWN,None
485.235,167.964,2779.558,-1.934,5.616,58.36,-0.0008,-1,None,999.0,-1,-1,UNKNOWN,None
485.253,167.98,2779.71,-1.934,5.616,58.4,-0.0008,-1,None,999.0,-1,-1,UNKNOWN,None
485.271,167.996,2780.014,-1.934,5.616,58.48,-0.0008,-1,None,999.0,-1,-1,UNKNOWN,None
485.281,168.012,2780.31,-1.934,5.616,58.59,-0.0008,-1,None,999.0,-1,-1,UNKNOWN,None
485.298,168.027,2780.582,-1.934,5.616,58.7,-0.0008,-1,None,999.0,-1,-1,UNKNOWN,None
485.319,168.044,2780.785,-1.934,5.616,58.79,-0.0009,-1,None,999.0,-1,-1,UNKNOWN,None
485.337,168.06,2781.088,-1.934,5.616,58.93,-0.0014,-1,None,999.0,-1,-1,UNKNOWN,None
485.354,168.076,2781.362,-1.934,5.616,59.08,-0.0024,-1,None,999.0,-1,-1,UNKNOWN,None
485.362,168.092,2781.639,-1.934,5.616,59.23,-0.0033,-1,None,999.0,-1,-1,UNKNOWN,None
485.388,168.108,2781.919,-1.934,5.616,59.39,-0.0043,-1,None,999.0,-1,-1,UNKNOWN,None
485.388,168.124,2782.064,-1.935,5.615,59.48,-0.0053,-1,None,999.0,-1,-1,UNKNOWN,None
485.414,168.14,2782.346,-1.935,5.615,59.65,-0.0065,-1,None,999.0,-1,-1,UNKNOWN,None
485.431,168.156,2782.637,-1.935,5.615,59.83,-0.0078,-1,None,999.0,-1,-1,UNKNOWN,None
485.449,168.171,2782.938,-1.936,5.614,60.03,-0.0086,-1,None,999.0,-1,-1,UNKNOWN,None
485.458,168.188,2783.222,-1.937,5.613,60.21,-0.0086,-1,None,999.0,-1,-1,UNKNOWN,None
485.474,168.203,2783.502,-1.938,5.612,60.39,-0.0086,-1,None,999.0,-1,-1,UNKNOWN,None
485.483,168.219,2783.65,-1.938,5.612,60.48,-0.011,-1,None,999.0,-1,-1,UNKNOWN,None
485.509,168.234,2783.94,-1.939,5.611,60.63,-0.011,-1,None,999.0,-1,-1,UNKNOWN,None
485.526,168.25,2784.221,-1.94,5.61,60.76,-0.011,-1,None,999.0,-1,-1,UNKNOWN,None
485.542,168.266,2784.502,-1.942,5.608,60.86,-0.011,-1,None,999.0,-1,-1,UNKNOWN,None
485.559,168.282,2784.785,-1.943,5.607,60.92,-0.011,-1,None,999.0,-1,-1,UNKNOWN,None
485.567,168.3,2785.067,-1.945,5.605,60.94,-0.011,-1,None,999.0,-1,-1,UNKNOWN,None
485.584,168.316,2785.349,-1.947,5.603,60.92,-0.011,-1,None,999.0,-1,-1,UNKNOWN,None
485.609,168.332,2785.631,-1.949,5.601,60.86,-0.011,-1,None,999.0,-1,-1,UNKNOWN,None
485.617,168.348,2785.914,-1.952,5.598,60.77,-0.011,-1,None,999.0,-1,-1,UNKNOWN,None
485.642,168.364,2786.197,-1.954,5.596,60.66,-0.011,-1,None,999.0,-1,-1,UNKNOWN,None
485.651,168.38,2786.477,-1.957,5.593,60.52,-0.011,-1,None,999.0,-1,-1,UNKNOWN,None
485.659,168.396,2786.617,-1.958,5.592,60.45,-0.011,-1,None,999.0,-1,-1,UNKNOWN,None
485.677,168.412,2786.912,-1.962,5.588,60.28,-0.011,-1,None,999.0,-1,-1,UNKNOWN,None
485.702,168.428,2787.19,-1.965,5.585,60.11,-0.0056,-1,None,999.0,-1,-1,UNKNOWN,None
485.702,168.444,2787.329,-1.966,5.584,60.01,-0.0056,-1,None,999.0,-1,-1,UNKNOWN,None
485.735,168.46,2787.744,-1.972,5.578,59.73,-0.0056,-1,None,999.0,-1,-1,UNKNOWN,None
485.743,168.476,2788.02,-1.975,5.575,59.52,-0.0049,-1,None,999.0,-1,-1,UNKNOWN,None
485.769,168.492,2788.305,-1.979,5.571,59.31,-0.0049,-1,None,999.0,-1,-1,UNKNOWN,None
485.786,168.508,2788.59,-1.983,5.567,59.1,-0.0049,-1,None,999.0,-1,-1,UNKNOWN,None
485.796,168.524,2788.882,-1.988,5.562,58.9,-0.0049,-1,None,999.0,-1,-1,UNKNOWN,None
485.815,168.54,2789.058,-1.991,5.559,58.78,-0.0049,-1,None,999.0,-1,-1,UNKNOWN,None
485.823,168.554,2789.329,-1.995,5.555,58.61,-0.0049,-1,None,999.0,-1,-1,UNKNOWN,None
485.848,168.572,2789.6,-2.0,5.55,58.47,-0.0049,-1,None,999.0,-1,-1,UNKNOWN,None
485.865,168.588,2789.871,-2.005,5.545,58.34,-0.0049,-1,None,999.0,-1,-1,UNKNOWN,None
485.882,168.604,2790.14,-2.01,5.54,58.25,-0.0049,-1,None,999.0,-1,-1,UNKNOWN,None
485.89,168.619,2790.282,-2.012,5.538,58.21,-0.0047,-1,None,999.0,-1,-1,UNKNOWN,None
485.913,168.636,2790.641,-2.019,5.531,58.15,-0.0043,-1,None,999.0,-1,-1,UNKNOWN,None
485.929,168.652,2790.911,-2.025,5.525,58.14,-0.0035,-1,None,999.0,-1,-1,UNKNOWN,None
485.946,168.668,2791.18,-2.03,5.52,58.16,-0.0027,-1,None,999.0,-1,-1,UNKNOWN,None
485.954,168.683,2791.449,-2.036,5.514,58.21,-0.0018,-1,None,999.0,-1,-1,UNKNOWN,None
485.971,168.7,2791.719,-2.042,5.508,58.27,-0.0018,-1,None,999.0,-1,-1,UNKNOWN,None
485.996,168.717,2791.989,-2.048,5.502,58.35,-0.0018,-1,None,999.0,-1,-1,UNKNOWN,None
486.004,168.731,2792.124,-2.051,5.499,58.4,-0.0018,-1,None,999.0,-1,-1,UNKNOWN,None
486.021,168.748,2792.398,-2.057,5.493,58.5,-0.0018,-1,None,999.0,-1,-1,UNKNOWN,None
486.038,168.763,2792.67,-2.063,5.487,58.62,-0.0018,-1,None,999.0,-1,-1,UNKNOWN,None
486.038,168.78,2792.806,-2.066,5.484,58.69,-0.0018,-1,None,999.0,-1,-1,UNKNOWN,None
486.063,168.795,2793.214,-2.076,5.474,58.89,-0.0018,-1,None,999.0,-1,-1,UNKNOWN,None
486.079,168.812,2793.487,-2.083,5.467,59.04,-0.0018,-1,None,999.0,-1,-1,UNKNOWN,None
486.105,168.828,2793.765,-2.09,5.46,59.2,-0.0018,-1,None,999.0,-1,-1,UNKNOWN,None
486.113,168.844,2794.04,-2.096,5.454,59.36,-0.0018,-1,None,999.0,-1,-1,UNKNOWN,None
486.13,168.86,2794.315,-2.103,5.447,59.53,-0.0018,-1,None,999.0,-1,-1,UNKNOWN,None
486.146,168.875,2794.591,-2.111,5.439,59.71,-0.0018,-1,None,999.0,-1,-1,UNKNOWN,None
486.171,168.892,2794.868,-2.118,5.432,59.89,-0.0018,-1,None,999.0,-1,-1,UNKNOWN,None
486.18,168.907,2795.007,-2.121,5.429,59.98,-0.0018,-1,None,999.0,-1,-1,UNKNOWN,None
486.197,168.924,2795.289,-2.129,5.421,60.17,-0.0018,-1,None,999.0,-1,-1,UNKNOWN,None
486.214,168.94,2795.585,-2.137,5.413,60.37,-0.0018,-1,None,999.0,-1,-1,UNKNOWN,None
486.223,168.956,2795.865,-2.145,5.405,60.56,-0.0018,-1,None,999.0,-1,-1,UNKNOWN,None
486.248,168.972,2796.146,-2.152,5.398,60.73,-0.0018,-1,None,999.0,-1,-1,UNKNOWN,None
486.256,168.988,2796.434,-2.16,5.39,60.88,-0.0018,-1,None,999.0,-1,-1,UNKNOWN,None
486.281,169.004,2796.719,-2.168,5.382,61.0,-0.0018,-1,None,999.0,-1,-1,UNKNOWN,None
486.29,169.02,2797.002,-2.176,5.374,61.09,-0.0018,-1,None,999.0,-1,-1,UNKNOWN,None
486.307,169.036,2797.287,-2.184,5.366,61.14,-0.0018,-1,None,999.0,-1,-1,UNKNOWN,None
486.323,169.052,2797.57,-2.192,5.358,61.16,-0.0018,-1,None,999.0,-1,-1,UNKNOWN,None
486.34,169.067,2797.711,-2.196,5.354,61.15,-0.0018,-1,None,999.0,-1,-1,UNKNOWN,None
486.357,169.084,2797.994,-2.205,5.345,61.11,-0.0018,-1,None,999.0,-1,-1,UNKNOWN,None
486.365,169.1,2798.277,-2.213,5.337,61.04,-0.0018,-1,None,999.0,-1,-1,UNKNOWN,None
486.391,169.116,2798.579,-2.222,5.328,60.93,-0.0018,-1,None,999.0,-1,-1,UNKNOWN,None
486.399,169.131,2798.861,-2.23,5.32,60.8,-0.0018,-1,None,999.0,-1,-1,UNKNOWN,None
486.424,169.148,2799.142,-2.238,5.312,60.66,-0.0018,-1,None,999.0,-1,-1,UNKNOWN,None
486.441,169.164,2799.422,-2.247,5.303,60.49,-0.0018,-1,None,999.0,-1,-1,UNKNOWN,None
486.458,169.18,2799.701,-2.255,5.295,60.32,-0.0018,-1,None,999.0,-1,-1,UNKNOWN,None
486.466,169.194,2799.98,-2.264,5.286,60.14,-0.0018,-1,None,999.0,-1,-1,UNKNOWN,None
486.483,169.211,2800.119,-2.268,5.282,60.04,-0.0018,-1,None,999.0,-1,-1,UNKNOWN,None
486.491,169.226,2800.398,-2.277,5.273,59.84,-0.0018,-1,None,999.0,-1,-1,UNKNOWN,None
486.517,169.243,2800.691,-2.286,5.264,59.62,-0.0018,-1,None,999.0,-1,-1,UNKNOWN,None
486.537,169.259,2801.017,-2.296,5.254,59.37,-0.0018,-1,None,999.0,-1,-1,UNKNOWN,None
486.545,169.273,2801.154,-2.3,5.25,59.27,-0.0018,-1,None,999.0,-1,-1,UNKNOWN,None
486.564,169.292,2801.589,-2.314,5.236,58.96,-0.0018,-1,None,999.0,-1,-1,UNKNOWN,None
486.58,169.308,2801.725,-2.318,5.232,58.87,-0.0018,-1,None,999.0,-1,-1,UNKNOWN,None
486.597,169.324,2801.998,-2.327,5.223,58.7,-0.0018,-1,None,999.0,-1,-1,UNKNOWN,None
486.605,169.34,2802.269,-2.336,5.214,58.55,-0.0018,-1,None,999.0,-1,-1,UNKNOWN,None
486.622,169.356,2802.539,-2.345,5.205,58.43,-0.0018,-1,None,999.0,-1,-1,UNKNOWN,None
486.639,169.372,2802.809,-2.353,5.197,58.33,-0.0018,-1,None,999.0,-1,-1,UNKNOWN,None
486.655,169.386,2803.079,-2.362,5.188,58.27,-0.0018,-1,None,999.0,-1,-1,UNKNOWN,None
486.672,169.404,2803.348,-2.371,5.179,58.23,-0.0018,-1,None,999.0,-1,-1,UNKNOWN,None
486.697,169.42,2803.618,-2.38,5.17,58.23,-0.0018,-1,None,999.0,-1,-1,UNKNOWN,None
486.705,169.435,2803.887,-2.389,5.161,58.25,-0.0018,-1,None,999.0,-1,-1,UNKNOWN,None
486.722,169.452,2804.157,-2.398,5.152,58.3,-0.0018,-1,None,999.0,-1,-1,UNKNOWN,None
486.739,169.468,2804.427,-2.407,5.143,58.37,-0.0018,-1,None,999.0,-1,-1,UNKNOWN,None
486.755,169.484,2804.698,-2.416,5.134,58.45,-0.0018,-1,None,999.0,-1,-1,UNKNOWN,None
486.764,169.499,2804.833,-2.421,5.129,58.5,-0.0018,-1,None,999.0,-1,-1,UNKNOWN,None
486.772,169.516,2804.968,-2.426,5.124,58.55,-0.0018,-1,None,999.0,-1,-1,UNKNOWN,None
486.808,169.532,2805.422,-2.441,5.109,58.75,-0.0018,-1,None,999.0,-1,-1,UNKNOWN,None
486.826,169.548,2805.717,-2.451,5.099,58.89,-0.0018,-1,None,999.0,-1,-1,UNKNOWN,None
486.826,169.564,2805.878,-2.457,5.093,58.98,-0.0018,-1,None,999.0,-1,-1,UNKNOWN,None
486.845,169.58,2806.167,-2.467,5.083,59.13,-0.0018,-1,None,999.0,-1,-1,UNKNOWN,None
486.871,169.596,2806.449,-2.477,5.073,59.3,-0.0018,-1,None,999.0,-1,-1,UNKNOWN,None
486.879,169.611,2806.728,-2.487,5.063,59.46,-0.0018,-1,None,999.0,-1,-1,UNKNOWN,None
486.888,169.628,2806.865,-2.492,5.058,59.55,-0.0018,-1,None,999.0,-1,-1,UNKNOWN,None
486.921,169.643,2807.28,-2.506,5.044,59.81,-0.0018,-1,None,999.0,-1,-1,UNKNOWN,None
486.929,169.659,2807.557,-2.516,5.034,59.99,-0.0018,-1,None,999.0,-1,-1,UNKNOWN,None
486.946,169.675,2807.838,-2.527,5.023,60.17,-0.0018,-1,None,999.0,-1,-1,UNKNOWN,None
486.955,169.691,2807.977,-2.532,5.018,60.27,-0.0018,-1,None,999.0,-1,-1,UNKNOWN,None
486.98,169.708,2808.397,-2.547,5.003,60.54,-0.0018,-1,None,999.0,-1,-1,UNKNOWN,None
486.988,169.724,2808.537,-2.552,4.998,60.62,-0.0018,-1,None,999.0,-1,-1,UNKNOWN,None
487.005,169.739,2808.818,-2.562,4.988,60.78,-0.0018,-1,None,999.0,-1,-1,UNKNOWN,None
487.03,169.755,2809.1,-2.573,4.977,60.9,-0.0018,-1,None,999.0,-1,-1,UNKNOWN,None
487.046,169.772,2809.382,-2.583,4.967,61.0,-0.0018,-1,None,999.0,-1,-1,UNKNOWN,None
487.055,169.788,2809.667,-2.594,4.956,61.09,-0.0018,-1,None,999.0,-1,-1,UNKNOWN,None
487.071,169.804,2809.95,-2.604,4.946,61.15,-0.0018,-1,None,999.0,-1,-1,UNKNOWN,None
487.08,169.82,2810.092,-2.61,4.94,61.18,-0.0018,-1,None,999.0,-1,-1,UNKNOWN,None
487.105,169.836,2810.516,-2.626,4.924,61.19,-0.0018,-1,None,999.0,-1,-1,UNKNOWN,None
487.13,169.852,2810.799,-2.636,4.914,61.15,-0.0018,-1,None,999.0,-1,-1,UNKNOWN,None
487.146,169.868,2811.082,-2.647,4.903,61.08,-0.0018,-1,None,999.0,-1,-1,UNKNOWN,None
487.155,169.883,2811.364,-2.658,4.892,60.99,-0.0018,-1,None,999.0,-1,-1,UNKNOWN,None
487.171,169.9,2811.646,-2.669,4.881,60.86,-0.0018,-1,None,999.0,-1,-1,UNKNOWN,Left_Broken
487.188,169.915,2811.786,-2.674,4.876,60.8,-0.0018,-1,None,999.0,-1,-1,UNKNOWN,None
487.206,169.931,2812.083,-2.686,4.864,60.64,-0.0018,-1,None,999.0,-1,-1,UNKNOWN,None
487.214,169.948,2812.371,-2.697,4.853,60.47,-0.0018,-1,None,999.0,-1,-1,UNKNOWN,None
487.223,169.963,2812.51,-2.702,4.848,60.38,-0.0018,-1,None,999.0,-1,-1,UNKNOWN,None
487.248,169.98,2812.928,-2.719,4.831,60.13,-0.0018,-1,None,999.0,-1,-1,UNKNOWN,None
487.273,169.996,2813.206,-2.73,4.82,59.95,-0.0018,-1,None,999.0,-1,-1,UNKNOWN,None
487.29,170.012,2813.483,-2.741,4.809,59.76,-0.0018,-1,None,999.0,-1,-1,UNKNOWN,None
487.298,170.028,2813.766,-2.752,4.798,59.56,-0.0018,-1,None,999.0,-1,-1,UNKNOWN,None
487.315,170.044,2814.04,-2.763,4.787,59.37,-0.0018,-1,None,999.0,-1,-1,UNKNOWN,None
487.323,170.06,2814.177,-2.769,4.781,59.28,-0.0018,-1,None,999.0,-1,-1,UNKNOWN,None
487.348,170.075,2814.451,-2.78,4.77,59.1,-0.0018,-1,None,999.0,-1,-1,UNKNOWN,None
487.365,170.092,2814.723,-2.791,4.759,58.94,-0.0018,-1,None,999.0,-1,-1,UNKNOWN,None
487.373,170.108,2814.996,-2.802,4.748,58.79,-0.0018,-1,None,999.0,-1,-1,UNKNOWN,None
487.398,170.124,2815.267,-2.813,4.737,58.67,-0.0018,-1,None,999.0,-1,-1,UNKNOWN,None
487.398,170.139,2815.403,-2.818,4.732,58.61,-0.0018,-1,None,999.0,-1,-1,UNKNOWN,None
487.423,170.156,2815.809,-2.835,4.715,58.5,-0.0018,-1,None,999.0,-1,-1,UNKNOWN,Left_Broken
487.448,170.172,2816.079,-2.846,4.704,58.46,-0.0018,-1,None,999.0,-1,-1,UNKNOWN,None
487.465,170.188,2816.35,-2.858,4.692,58.45,-0.0018,-1,None,999.0,-1,-1,UNKNOWN,None
487.473,170.203,2816.624,-2.869,4.681,58.47,-0.0018,-1,None,999.0,-1,-1,UNKNOWN,None
487.49,170.219,2816.894,-2.88,4.67,58.51,-0.0018,-1,None,999.0,-1,-1,UNKNOWN,None
487.498,170.235,2817.04,-2.887,4.663,58.55,-0.0018,-1,None,999.0,-1,-1,UNKNOWN,None
487.524,170.251,2817.311,-2.898,4.652,58.62,-0.0018,-1,None,999.0,-1,-1,UNKNOWN,None
487.541,170.267,2817.583,-2.91,4.64,58.71,-0.0018,-1,None,999.0,-1,-1,UNKNOWN,None
487.549,170.282,2817.854,-2.921,4.629,58.82,-0.0018,-1,None,999.0,-1,-1,UNKNOWN,None
487.566,170.3,2818.127,-2.933,4.617,58.93,-0.0018,-1,None,999.0,-1,-1,UNKNOWN,None
487.591,170.315,2818.4,-2.945,4.605,59.06,-0.0018,-1,None,999.0,-1,-1,UNKNOWN,None
487.591,170.331,2818.537,-2.951,4.599,59.13,-0.0017,-1,None,999.0,-1,-1,UNKNOWN,None
487.616,170.348,2818.948,-2.968,4.582,59.35,-0.0012,-1,None,999.0,-1,-1,UNKNOWN,None
487.641,170.364,2819.223,-2.98,4.57,59.51,-0.0005,-1,None,999.0,-1,-1,UNKNOWN,None
487.649,170.38,2819.499,-2.992,4.558,59.67,0.0002,-1,None,999.0,-1,-1,UNKNOWN,None
487.666,170.396,2819.779,-3.005,4.545,59.84,0.0009,-1,None,999.0,-1,-1,UNKNOWN,None
487.691,170.412,2820.057,-3.017,4.533,60.02,0.0017,-1,None,999.0,-1,-1,UNKNOWN,None
487.708,170.432,2820.335,-3.029,4.521,60.2,0.0017,-1,None,999.0,-1,-1,UNKNOWN,None
487.717,170.444,2820.493,-3.036,4.514,60.3,0.0017,-1,None,999.0,-1,-1,UNKNOWN,None
487.734,170.46,2820.774,-3.048,4.502,60.46,0.0017,-1,None,999.0,-1,-1,UNKNOWN,None
487.742,170.476,2821.058,-3.06,4.49,60.61,0.0017,-1,None,999.0,-1,-1,UNKNOWN,None
487.759,170.492,2821.338,-3.073,4.477,60.72,0.0017,-1,None,999.0,-1,-1,UNKNOWN,None
487.767,170.507,2821.479,-3.079,4.471,60.76,0.0017,-1,None,999.0,-1,-1,UNKNOWN,None
487.792,170.524,2821.901,-3.097,4.453,60.82,0.0017,-1,None,999.0,-1,-1,UNKNOWN,None
487.809,170.54,2822.182,-3.11,4.44,60.81,0.0017,-1,None,999.0,-1,-1,UNKNOWN,None
487.826,170.556,2822.463,-3.122,4.428,60.76,0.0084,-1,None,999.0,-1,-1,UNKNOWN,None
487.842,170.572,2822.744,-3.134,4.416,60.69,0.0084,-1,None,999.0,-1,-1,UNKNOWN,None
487.859,170.588,2823.029,-3.146,4.404,60.58,0.0101,-1,None,999.0,-1,-1,UNKNOWN,None
487.877,170.604,2823.178,-3.152,4.398,60.52,0.0101,-1,None,999.0,-1,-1,UNKNOWN,None
487.877,170.62,2823.318,-3.158,4.392,60.46,0.012,-1,None,999.0,-1,-1,UNKNOWN,None
487.902,170.634,2823.744,-3.176,4.374,60.25,0.013,-1,None,999.0,-1,-1,UNKNOWN,None
487.919,170.652,2824.022,-3.187,4.363,60.1,0.013,-1,None,999.0,-1,-1,UNKNOWN,None
487.935,170.668,2824.299,-3.198,4.352,59.93,0.013,-1,None,999.0,-1,-1,UNKNOWN,None
487.944,170.684,2824.438,-3.204,4.346,59.85,0.0155,-1,None,999.0,-1,-1,UNKNOWN,None
487.969,170.7,2824.867,-3.22,4.33,59.57,0.0165,-1,None,999.0,-1,-1,UNKNOWN,None
487.986,170.715,2825.146,-3.231,4.319,59.38,0.0174,-1,None,999.0,-1,-1,UNKNOWN,None
488.003,170.731,2825.42,-3.241,4.309,59.21,0.0181,-1,None,999.0,-1,-1,UNKNOWN,None
488.02,170.748,2825.694,-3.251,4.299,59.04,0.019,-1,None,999.0,-1,-1,UNKNOWN,None
488.036,170.764,2825.83,-3.255,4.295,58.97,0.0199,-1,None,999.0,-1,-1,UNKNOWN,None
488.045,170.78,2826.103,-3.265,4.285,58.83,0.0203,-1,None,999.0,-1,-1,UNKNOWN,None
488.07,170.796,2826.379,-3.274,4.276,58.71,0.0209,-1,None,999.0,-1,-1,UNKNOWN,None
488.087,170.812,2826.65,-3.282,4.268,58.61,0.0213,-1,None,999.0,-1,-1,UNKNOWN,None
488.095,170.828,2826.921,-3.291,4.259,58.55,0.0218,-1,None,999.0,-1,-1,UNKNOWN,None
488.103,170.843,2827.056,-3.294,4.256,58.53,0.0222,-1,None,999.0,-1,-1,UNKNOWN,None
488.137,170.858,2827.462,-3.306,4.244,58.51,0.0228,-1,None,999.0,-1,-1,UNKNOWN,None
488.153,170.876,2827.733,-3.313,4.237,58.53,0.0232,-1,None,999.0,-1,-1,UNKNOWN,None
488.17,170.892,2828.004,-3.319,4.231,58.58,0.0234,-1,None,999.0,-1,-1,UNKNOWN,None
488.17,170.91,2828.141,-3.322,4.228,58.61,0.0234,-1,None,999.0,-1,-1,UNKNOWN,None
488.195,170.923,2828.548,-3.331,4.219,58.72,0.0234,-1,None,999.0,-1,-1,UNKNOWN,None
488.212,170.939,2828.684,-3.334,4.216,58.77,0.0234,-1,None,999.0,-1,-1,UNKNOWN,None
488.228,170.956,2828.957,-3.339,4.211,58.88,0.0234,-1,None,999.0,-1,-1,UNKNOWN,None
488.237,170.971,2829.229,-3.343,4.207,58.99,0.0234,-1,None,999.0,-1,-1,UNKNOWN,None
488.253,170.99,2829.503,-3.347,4.203,59.12,0.0234,-1,None,999.0,-1,-1,UNKNOWN,None
488.262,171.004,2829.64,-3.349,4.201,59.19,0.0234,-1,None,999.0,-1,-1,UNKNOWN,None
488.278,171.02,2829.914,-3.352,4.198,59.34,0.0234,-1,None,999.0,-1,-1,UNKNOWN,None
488.303,171.035,2830.376,-3.357,4.193,59.59,0.0234,-1,None,999.0,-1,-1,UNKNOWN,None
488.323,171.052,2830.656,-3.359,4.191,59.76,0.0234,-1,None,999.0,-1,-1,UNKNOWN,None
488.34,171.068,2830.933,-3.36,4.19,59.93,0.0234,-1,None,999.0,-1,-1,UNKNOWN,None
488.357,171.084,2831.072,-3.361,4.189,60.02,0.0234,-1,None,999.0,-1,-1,UNKNOWN,None
488.373,171.1,2831.35,-3.361,4.189,60.19,0.0234,-1,None,999.0,-1,-1,UNKNOWN,None
488.39,171.116,2831.63,-3.361,4.189,60.36,0.0234,-1,None,999.0,-1,-1,UNKNOWN,None
488.398,171.132,2831.91,-3.361,4.189,60.52,0.0234,-1,None,999.0,-1,-1,UNKNOWN,None
488.424,171.148,2832.2,-3.359,4.191,60.67,0.0234,-1,None,999.0,-1,-1,UNKNOWN,None
488.435,171.163,2832.522,-3.357,4.193,60.83,0.0234,-1,None,999.0,-1,-1,UNKNOWN,None
488.451,171.179,2832.804,-3.355,4.195,60.96,0.0234,-1,None,999.0,-1,-1,UNKNOWN,None
488.468,171.194,2832.945,-3.354,4.196,61.02,0.0234,-1,None,999.0,-1,-1,UNKNOWN,None
488.485,171.21,2833.228,-3.35,4.2,61.11,0.0234,-1,None,999.0,-1,-1,UNKNOWN,None
488.493,171.227,2833.511,-3.346,4.204,61.18,0.0234,-1,None,999.0,-1,-1,UNKNOWN,None
488.518,171.243,2833.794,-3.342,4.208,61.21,0.0234,-1,None,999.0,-1,-1,UNKNOWN,None
488.535,171.259,2834.077,-3.337,4.213,61.22,0.0234,-1,None,999.0,-1,-1,UNKNOWN,None
488.551,171.275,2834.361,-3.331,4.219,61.19,0.0234,-1,None,999.0,-1,-1,UNKNOWN,None
488.551,171.292,2834.51,-3.328,4.222,61.16,0.0234,-1,None,999.0,-1,-1,UNKNOWN,None
488.577,171.308,2834.935,-3.318,4.232,61.03,0.0234,-1,None,999.0,-1,-1,UNKNOWN,None
488.593,171.323,2835.217,-3.31,4.24,60.91,0.0234,-1,None,999.0,-1,-1,UNKNOWN,None
488.611,171.34,2835.51,-3.301,4.249,60.76,0.0234,-1,None,999.0,-1,-1,UNKNOWN,None
488.619,171.356,2835.652,-3.297,4.253,60.68,0.0234,-1,None,999.0,-1,-1,UNKNOWN,None
488.636,171.371,2835.932,-3.288,4.262,60.52,0.0234,-1,None,999.0,-1,-1,UNKNOWN,None
488.661,171.387,2836.211,-3.278,4.272,60.34,0.0234,-1,None,999.0,-1,-1,UNKNOWN,None
488.669,171.404,2836.49,-3.268,4.282,60.14,0.0234,-1,None,999.0,-1,-1,UNKNOWN,None
488.694,171.419,2836.769,-3.257,4.293,59.94,0.0234,-1,None,999.0,-1,-1,UNKNOWN,None
488.703,171.436,2837.046,-3.246,4.304,59.73,0.0234,-1,None,999.0,-1,-1,UNKNOWN,None
488.728,171.452,2837.322,-3.234,4.316,59.52,0.0234,-1,None,999.0,-1,-1,UNKNOWN,None
488.736,171.468,2837.596,-3.221,4.329,59.31,0.0234,-1,None,999.0,-1,-1,UNKNOWN,None
488.761,171.484,2837.869,-3.208,4.342,59.11,0.0234,-1,None,999.0,-1,-1,UNKNOWN,None
488.778,171.5,2838.146,-3.194,4.356,58.92,0.0234,-1,None,999.0,-1,-1,UNKNOWN,None
488.786,171.515,2838.418,-3.18,4.37,58.75,0.0234,-1,None,999.0,-1,-1,UNKNOWN,None
488.803,171.531,2838.69,-3.165,4.385,58.61,0.0234,-1,None,999.0,-1,-1,UNKNOWN,None
488.82,171.548,2838.827,-3.157,4.393,58.54,0.0234,-1,None,999.0,-1,-1,UNKNOWN,None
488.841,171.564,2839.172,-3.136,4.414,58.41,0.0234,-1,None,999.0,-1,-1,UNKNOWN,None
488.849,171.579,2839.454,-3.119,4.431,58.33,0.0234,-1,None,999.0,-1,-1,UNKNOWN,None
488.858,171.595,2839.599,-3.11,4.44,58.31,0.0234,-1,None,999.0,-1,-1,UNKNOWN,None
488.884,171.614,2840.003,-3.083,4.467,58.29,0.0234,-1,None,999.0,-1,-1,UNKNOWN,None
488.901,171.628,2840.139,-3.074,4.476,58.3,0.0234,-1,None,999.0,-1,-1,UNKNOWN,None
488.917,171.643,2840.408,-3.055,4.495,58.33,0.0234,-1,None,999.0,-1,-1,UNKNOWN,None
488.926,171.659,2840.678,-3.035,4.515,58.39,0.0234,-1,None,999.0,-1,-1,UNKNOWN,None
488.942,171.676,2840.948,-3.015,4.535,58.46,0.0234,-1,None,999.0,-1,-1,UNKNOWN,None
488.967,171.692,2841.218,-2.994,4.556,58.55,0.0234,-1,None,999.0,-1,-1,UNKNOWN,None
488.976,171.707,2841.509,-2.97,4.58,58.66,0.0234,-1,None,999.0,-1,-1,UNKNOWN,None
488.995,171.724,2841.801,-2.946,4.604,58.79,0.0234,-1,None,999.0,-1,-1,UNKNOWN,None
489.003,171.74,2841.937,-2.935,4.615,58.85,0.0234,-1,None,999.0,-1,-1,UNKNOWN,None
489.02,171.756,2842.222,-2.91,4.64,59.0,0.0234,-1,None,999.0,-1,-1,UNKNOWN,Left_Broken
489.046,171.772,2842.497,-2.886,4.664,59.14,0.0232,-1,None,999.0,-1,-1,UNKNOWN,None
489.063,171.788,2842.777,-2.86,4.69,59.3,0.0229,-1,None,999.0,-1,-1,UNKNOWN,None
489.063,171.803,2842.913,-2.848,4.702,59.38,0.0228,-1,None,999.0,-1,-1,UNKNOWN,None
489.097,171.82,2843.339,-2.807,4.743,59.63,0.0222,-1,None,999.0,-1,-1,UNKNOWN,None
489.114,171.836,2843.616,-2.78,4.77,59.81,0.0218,-1,None,999.0,-1,-1,UNKNOWN,None
489.123,171.852,2843.897,-2.752,4.798,59.99,0.0213,-1,None,999.0,-1,-1,UNKNOWN,None
489.148,171.868,2844.174,-2.724,4.826,60.17,0.0209,-1,None,999.0,-1,-1,UNKNOWN,None
489.148,171.883,2844.313,-2.709,4.841,60.26,0.0209,-1,None,999.0,-1,-1,UNKNOWN,None
489.164,171.906,2844.595,-2.68,4.87,60.45,0.0209,-1,None,999.0,-1,-1,UNKNOWN,None
489.19,171.916,2844.874,-2.65,4.9,60.62,0.0162,-1,None,999.0,-1,-1,UNKNOWN,None
489.198,171.931,2845.157,-2.619,4.931,60.77,0.0162,-1,None,999.0,-1,-1,UNKNOWN,None
489.215,171.948,2845.437,-2.587,4.963,60.91,0.0162,-1,None,999.0,-1,-1,UNKNOWN,None
489.24,171.964,2845.718,-2.555,4.995,61.01,0.0162,-1,None,999.0,-1,-1,UNKNOWN,None
489.256,171.98,2846.0,-2.523,5.027,61.07,0.0162,-1,None,999.0,-1,-1,UNKNOWN,None
489.265,171.996,2846.305,-2.487,5.063,61.09,0.0162,-1,None,999.0,-1,-1,UNKNOWN,None
489.283,172.012,2846.592,-2.453,5.097,61.06,0.0162,-1,None,999.0,-1,-1,UNKNOWN,Left_Broken
489.292,172.027,2846.732,-2.436,5.114,61.04,0.0162,-1,None,999.0,-1,-1,UNKNOWN,None
489.317,172.044,2847.012,-2.401,5.149,60.96,0.0162,-1,None,999.0,-1,-1,UNKNOWN,None
489.333,172.06,2847.292,-2.367,5.183,60.86,0.0021,-1,None,999.0,-1,-1,UNKNOWN,None
489.333,172.076,2847.431,-2.349,5.201,60.8,0.0005,-1,None,999.0,-1,-1,UNKNOWN,None
489.37,172.091,2847.904,-2.29,5.26,60.58,0.0005,-1,None,999.0,-1,-1,UNKNOWN,None
489.387,172.108,2848.182,-2.255,5.295,60.44,0.0005,-1,None,999.0,-1,-1,UNKNOWN,None
489.395,172.124,2848.459,-2.219,5.331,60.27,0.0005,-1,None,999.0,-1,-1,UNKNOWN,None
489.412,172.139,2848.597,-2.201,5.349,60.18,0.0005,-1,None,999.0,-1,-1,UNKNOWN,None
489.42,172.155,2848.872,-2.165,5.385,60.0,-0.0082,-1,None,999.0,-1,-1,UNKNOWN,None
489.428,172.174,2849.01,-2.147,5.403,59.9,-0.0102,-1,None,999.0,-1,-1,UNKNOWN,None
489.453,172.187,2849.455,-2.089,5.461,59.59,-0.0126,-1,None,999.0,-1,-1,UNKNOWN,None
489.48,172.203,2849.716,-2.055,5.495,59.41,-0.0146,-1,None,999.0,-1,-1,UNKNOWN,None
489.497,172.218,2849.994,-2.018,5.532,59.22,-0.0168,-1,None,999.0,-1,-1,UNKNOWN,None
489.508,172.234,2850.173,-1.995,5.555,59.11,-0.019,-1,None,999.0,-1,-1,UNKNOWN,None
489.526,172.251,2850.465,-1.957,5.593,58.95,-0.0213,-1,None,999.0,-1,-1,UNKNOWN,None
489.542,172.267,2850.735,-1.921,5.629,58.82,-0.0244,-1,None,999.0,-1,-1,UNKNOWN,None
489.551,172.283,2851.005,-1.886,5.664,58.71,-0.0272,-1,None,999.0,-1,-1,UNKNOWN,None
489.567,172.3,2851.274,-1.851,5.699,58.63,-0.0302,-1,None,999.0,-1,-1,UNKNOWN,None
489.576,172.315,2851.409,-1.834,5.716,58.61,-0.0331,-1,None,999.0,-1,-1,UNKNOWN,None
489.609,172.331,2851.812,-1.783,5.767,58.57,-0.0362,-1,None,999.0,-1,-1,UNKNOWN,None
489.617,172.348,2852.081,-1.749,5.801,58.58,-0.0395,-1,None,999.0,-1,-1,UNKNOWN,None
489.635,172.364,2852.226,-1.731,5.819,58.6,-0.043,-1,None,999.0,-1,-1,UNKNOWN,None
489.647,172.38,2852.571,-1.688,5.862,58.66,-0.0462,-1,None,999.0,-1,-1,UNKNOWN,None
489.674,172.396,2852.859,-1.654,5.896,58.74,-0.0497,-1,None,999.0,-1,-1,UNKNOWN,None
489.682,172.412,2853.13,-1.622,5.928,58.82,-0.0529,-1,None,999.0,-1,-1,UNKNOWN,None
489.69,172.428,2853.39,-1.592,5.958,58.92,-0.0562,-1,None,999.0,-1,-1,UNKNOWN,None
489.715,172.444,2853.662,-1.562,5.988,59.03,-0.0594,-1,None,999.0,-1,-1,UNKNOWN,None
489.723,172.46,2853.807,-1.546,6.004,59.1,-0.0625,-1,None,999.0,-1,-1,UNKNOWN,None
489.749,172.475,2854.092,-1.516,6.034,59.23,-0.0653,-1,None,999.0,-1,-1,UNKNOWN,None
489.758,172.492,2854.365,-1.488,6.062,59.37,-0.068,-1,None,999.0,-1,-1,UNKNOWN,None
489.774,172.507,2854.639,-1.461,6.089,59.51,-0.0706,-1,None,999.0,-1,-1,UNKNOWN,None
489.783,172.524,2854.776,-1.447,6.103,59.58,-0.0731,-1,None,999.0,-1,-1,UNKNOWN,None
489.816,172.54,2855.194,-1.409,6.141,59.82,-0.0753,-1,None,999.0,-1,-1,UNKNOWN,None
489.833,172.556,2855.476,-1.385,6.165,59.98,-0.0773,-1,None,999.0,-1,-1,UNKNOWN,None
489.85,172.572,2855.753,-1.363,6.187,60.14,-0.0788,-1,None,999.0,-1,-1,UNKNOWN,None
489.858,172.587,2856.031,-1.341,6.209,60.31,-0.0798,-1,None,999.0,-1,-1,UNKNOWN,None
489.876,172.604,2856.324,-1.321,6.229,60.49,-0.0798,-1,None,999.0,-1,-1,UNKNOWN,None
489.893,172.62,2856.471,-1.311,6.239,60.58,-0.0798,-1,None,999.0,-1,-1,UNKNOWN,None
489.909,172.636,2856.751,-1.293,6.257,60.73,-0.0804,-1,None,999.0,-1,-1,UNKNOWN,None
489.926,172.652,2857.033,-1.277,6.273,60.88,-0.0804,-1,None,999.0,-1,-1,UNKNOWN,None
489.934,172.668,2857.315,-1.262,6.288,61.01,-0.0804,-1,None,999.0,-1,-1,UNKNOWN,None
489.951,172.684,2857.597,-1.249,6.301,61.12,-0.0804,-1,None,999.0,-1,-1,UNKNOWN,None
489.959,172.7,2857.739,-1.243,6.307,61.16,-0.0804,-1,None,999.0,-1,-1,UNKNOWN,None
489.993,172.716,2858.163,-1.227,6.323,61.23,-0.0804,-1,None,999.0,-1,-1,UNKNOWN,None
490.001,172.732,2858.448,-1.219,6.331,61.22,-0.0804,-1,None,999.0,-1,-1,UNKNOWN,None
490.019,172.748,2858.745,-1.212,6.338,61.17,-0.0804,-1,None,999.0,-1,-1,UNKNOWN,None
490.035,172.763,2859.028,-1.208,6.342,61.08,-0.0804,-1,None,999.0,-1,-1,UNKNOWN,None
490.052,172.779,2859.169,-1.206,6.344,61.03,-0.0804,-1,None,999.0,-1,-1,UNKNOWN,None
490.069,172.796,2859.451,-1.204,6.346,60.9,-0.0804,-1,None,999.0,-1,-1,UNKNOWN,None
490.085,172.812,2859.733,-1.204,6.346,60.76,-0.0804,-1,None,999.0,-1,-1,UNKNOWN,None
490.094,172.828,2860.014,-1.206,6.344,60.59,-0.0804,-1,None,999.0,-1,-1,UNKNOWN,None
490.121,172.844,2860.33,-1.21,6.34,60.38,-0.0804,-1,None,999.0,-1,-1,UNKNOWN,None
490.13,172.86,2860.628,-1.216,6.334,60.16,-0.0804,-1,None,999.0,-1,-1,UNKNOWN,None
490.147,172.876,2860.767,-1.219,6.331,60.05,-0.0804,-1,None,999.0,-1,-1,UNKNOWN,None
490.165,172.892,2861.064,-1.229,6.321,59.82,-0.0804,-1,None,999.0,-1,-1,UNKNOWN,None
490.182,172.908,2861.343,-1.239,6.311,59.59,-0.0696,-1,None,999.0,-1,-1,UNKNOWN,None
490.198,172.924,2861.618,-1.251,6.299,59.36,-0.0669,-1,None,999.0,-1,-1,UNKNOWN,None
490.207,172.94,2861.891,-1.265,6.285,59.14,-0.0636,-1,None,999.0,-1,-1,UNKNOWN,None
490.223,172.956,2862.164,-1.281,6.269,58.93,-0.0603,-1,None,999.0,-1,-1,UNKNOWN,None
490.248,172.972,2862.436,-1.298,6.252,58.73,-0.0567,-1,None,999.0,-1,-1,UNKNOWN,None
490.257,172.988,2862.716,-1.318,6.232,58.54,-0.0527,-1,None,999.0,-1,-1,UNKNOWN,None
490.274,173.004,2862.989,-1.339,6.211,58.38,-0.0485,-1,None,999.0,-1,-1,UNKNOWN,None
490.291,173.02,2863.26,-1.361,6.189,58.24,-0.0442,-1,None,999.0,-1,-1,UNKNOWN,None
490.299,173.036,2863.394,-1.373,6.177,58.19,-0.0395,-1,None,999.0,-1,-1,UNKNOWN,None
490.316,173.052,2863.662,-1.397,6.153,58.1,-0.0348,-1,None,999.0,-1,-1,UNKNOWN,None
490.341,173.068,2863.93,-1.423,6.127,58.04,-0.0305,-1,None,999.0,-1,-1,UNKNOWN,None
490.349,173.084,2864.197,-1.451,6.099,58.02,-0.0255,-1,None,999.0,-1,-1,UNKNOWN,None
490.367,173.1,2864.485,-1.482,6.068,58.03,-0.0209,-1,None,999.0,-1,-1,UNKNOWN,None
490.384,173.116,2864.752,-1.512,6.038,58.06,-0.0161,-1,None,999.0,-1,-1,UNKNOWN,None
490.401,173.132,2865.03,-1.545,6.005,58.11,-0.0116,-1,None,999.0,-1,-1,UNKNOWN,None
490.418,173.148,2865.3,-1.578,5.972,58.19,-0.0069,-1,None,999.0,-1,-1,UNKNOWN,None
490.435,173.164,2865.574,-1.612,5.938,58.28,-0.0027,-1,None,999.0,-1,-1,UNKNOWN,None
490.452,173.179,2865.708,-1.63,5.92,58.33,0.0017,-1,None,999.0,-1,-1,UNKNOWN,None
490.469,173.195,2865.979,-1.665,5.885,58.45,0.0056,-1,None,999.0,-1,-1,UNKNOWN,None
490.486,173.211,2866.248,-1.702,5.848,58.57,0.0088,-1,None,999.0,-1,-1,UNKNOWN,None
490.494,173.227,2866.519,-1.739,5.811,58.71,0.012,-1,None,999.0,-1,-1,UNKNOWN,None
490.519,173.243,2866.789,-1.777,5.773,58.86,0.0152,-1,None,999.0,-1,-1,UNKNOWN,None
490.536,173.259,2867.06,-1.815,5.735,59.01,0.0181,-1,None,999.0,-1,-1,UNKNOWN,None
490.544,173.273,2867.336,-1.855,5.695,59.18,0.0206,-1,None,999.0,-1,-1,UNKNOWN,None
490.561,173.292,2867.607,-1.894,5.656,59.35,0.0222,-1,None,999.0,-1,-1,UNKNOWN,None
490.586,173.308,2867.883,-1.935,5.615,59.53,0.0244,-1,None,999.0,-1,-1,UNKNOWN,None
490.595,173.323,2868.159,-1.976,5.574,59.71,0.0255,-1,None,999.0,-1,-1,UNKNOWN,None
490.611,173.34,2868.433,-2.017,5.533,59.89,0.0264,-1,None,999.0,-1,-1,UNKNOWN,None
490.628,173.356,2868.57,-2.037,5.513,59.98,0.0271,-1,None,999.0,-1,-1,UNKNOWN,None
490.636,173.372,2868.845,-2.078,5.472,60.17,0.0273,-1,None,999.0,-1,-1,UNKNOWN,None
490.653,173.388,2869.122,-2.12,5.43,60.37,0.0273,-1,None,999.0,-1,-1,UNKNOWN,None
490.678,173.404,2869.402,-2.162,5.388,60.55,0.0273,-1,None,999.0,-1,-1,UNKNOWN,None
490.696,173.418,2869.692,-2.205,5.345,60.73,0.0273,-1,None,999.0,-1,-1,UNKNOWN,None
490.704,173.436,2869.971,-2.247,5.303,60.88,0.0273,-1,None,999.0,-1,-1,UNKNOWN,None
490.721,173.452,2870.25,-2.288,5.262,61.02,0.0273,-1,None,999.0,-1,-1,UNKNOWN,None
490.737,173.468,2870.53,-2.33,5.22,61.13,0.0273,-1,None,999.0,-1,-1,UNKNOWN,None
490.754,173.484,2870.817,-2.372,5.178,61.21,0.0273,-1,None,999.0,-1,-1,UNKNOWN,None
490.771,173.5,2871.104,-2.414,5.136,61.24,0.0273,-1,None,999.0,-1,-1,UNKNOWN,None
490.788,173.516,2871.245,-2.434,5.116,61.24,0.0273,-1,None,999.0,-1,-1,UNKNOWN,None
490.796,173.532,2871.526,-2.475,5.075,61.2,0.0273,-1,None,999.0,-1,-1,UNKNOWN,Left_Broken
490.815,173.548,2871.844,-2.521,5.029,61.13,0.0273,-1,None,999.0,-1,-1,UNKNOWN,None
490.84,173.564,2872.124,-2.56,4.99,61.04,0.0273,-1,None,999.0,-1,-1,UNKNOWN,None
490.849,173.578,2872.405,-2.599,4.951,60.92,0.0273,-1,None,999.0,-1,-1,UNKNOWN,None
490.874,173.596,2872.687,-2.638,4.912,60.78,0.0273,-1,None,999.0,-1,-1,UNKNOWN,None
490.883,173.612,2872.979,-2.678,4.872,60.61,0.0273,-1,None,999.0,-1,-1,UNKNOWN,None
490.892,173.628,2873.123,-2.698,4.852,60.53,0.0273,-1,None,999.0,-1,-1,UNKNOWN,None
490.908,173.644,2873.4,-2.735,4.815,60.35,0.0273,-1,None,999.0,-1,-1,UNKNOWN,None
490.934,173.66,2873.686,-2.772,4.778,60.15,0.0273,-1,None,999.0,-1,-1,UNKNOWN,None
490.945,173.676,2874.02,-2.815,4.735,59.9,0.0273,-1,None,999.0,-1,-1,UNKNOWN,None
490.968,173.692,2874.247,-2.844,4.706,59.73,0.0273,-1,None,999.0,-1,-1,UNKNOWN,None
490.976,173.708,2874.521,-2.879,4.671,59.51,0.0273,-1,None,999.0,-1,-1,UNKNOWN,None
491.001,173.724,2874.793,-2.912,4.638,59.3,0.0273,-1,None,999.0,-1,-1,UNKNOWN,None
491.01,173.74,2875.065,-2.945,4.605,59.1,0.0273,-1,None,999.0,-1,-1,UNKNOWN,None
491.031,173.756,2875.268,-2.969,4.581,58.96,0.0273,-1,None,999.0,-1,-1,UNKNOWN,None
491.039,173.772,2875.54,-3.001,4.549,58.78,0.0273,-1,None,999.0,-1,-1,UNKNOWN,Left_Broken
491.039,173.787,2875.54,-3.001,4.549,58.78,0.0273,-1,None,999.0,-1,-1,UNKNOWN,None
491.039,173.804,2875.54,-3.001,4.549,58.78,0.0273,-1,None,999.0,-1,-1,UNKNOWN,None
491.098,173.82,2876.352,-3.091,4.459,58.38,0.0273,-1,None,999.0,-1,-1,UNKNOWN,None
491.114,173.836,2876.62,-3.12,4.43,58.3,0.0273,-1,None,999.0,-1,-1,UNKNOWN,None
491.123,173.852,2876.888,-3.148,4.402,58.25,0.0273,-1,None,999.0,-1,-1,UNKNOWN,None
491.139,173.868,2877.156,-3.175,4.375,58.24,0.0273,-1,None,999.0,-1,-1,UNKNOWN,None
491.148,173.883,2877.29,-3.189,4.361,58.24,0.0273,-1,None,999.0,-1,-1,UNKNOWN,None
491.173,173.9,2877.566,-3.215,4.335,58.27,0.0273,-1,None,999.0,-1,-1,UNKNOWN,None
491.191,173.916,2877.855,-3.243,4.307,58.32,0.0273,-1,None,999.0,-1,-1,UNKNOWN,None
491.199,173.932,2878.124,-3.268,4.282,58.39,0.0273,-1,None,999.0,-1,-1,UNKNOWN,None
491.224,173.948,2878.394,-3.292,4.258,58.48,0.0273,-1,None,999.0,-1,-1,UNKNOWN,None
491.241,173.964,2878.664,-3.315,4.235,58.58,0.0273,-1,None,999.0,-1,-1,UNKNOWN,None
491.249,173.978,2878.799,-3.326,4.224,58.63,0.0273,-1,None,999.0,-1,-1,UNKNOWN,None
491.271,173.996,2879.154,-3.356,4.194,58.79,0.0273,-1,None,999.0,-1,-1,UNKNOWN,None
491.288,174.012,2879.426,-3.377,4.173,58.93,0.0273,-1,None,999.0,-1,-1,UNKNOWN,None
491.304,174.028,2879.698,-3.398,4.152,59.07,0.0273,-1,None,999.0,-1,-1,UNKNOWN,None
491.321,174.044,2879.971,-3.418,4.132,59.22,0.0273,-1,None,999.0,-1,-1,UNKNOWN,None
491.338,174.06,2880.246,-3.438,4.112,59.38,0.0273,-1,None,999.0,-1,-1,UNKNOWN,None
491.354,174.076,2880.52,-3.457,4.093,59.54,0.0273,-1,None,999.0,-1,-1,UNKNOWN,None
491.363,174.092,2880.796,-3.475,4.075,59.71,0.0273,-1,None,999.0,-1,-1,UNKNOWN,None
491.379,174.108,2881.073,-3.493,4.057,59.89,0.0273,-1,None,999.0,-1,-1,UNKNOWN,None
491.396,174.123,2881.211,-3.501,4.049,59.98,0.0273,-1,None,999.0,-1,-1,UNKNOWN,None
491.404,174.14,2881.489,-3.518,4.032,60.16,0.0273,-1,None,999.0,-1,-1,UNKNOWN,None
491.429,174.155,2881.769,-3.534,4.016,60.35,0.0273,-1,None,999.0,-1,-1,UNKNOWN,None
491.446,174.172,2882.049,-3.549,4.001,60.52,0.0273,-1,None,999.0,-1,-1,UNKNOWN,None
491.454,174.188,2882.329,-3.563,3.987,60.68,0.0273,-1,None,999.0,-1,-1,UNKNOWN,None
491.463,174.203,2882.469,-3.57,3.98,60.75,0.0273,-1,None,999.0,-1,-1,UNKNOWN,None
491.479,174.219,2882.75,-3.584,3.966,60.87,0.0273,-1,None,999.0,-1,-1,UNKNOWN,None
491.513,174.233,2883.173,-3.603,3.947,60.98,0.0273,-1,None,999.0,-1,-1,UNKNOWN,None
491.521,174.251,2883.455,-3.614,3.936,60.99,0.0273,-1,None,999.0,-1,-1,UNKNOWN,None
491.538,174.267,2883.737,-3.625,3.925,60.97,0.0273,-1,None,999.0,-1,-1,UNKNOWN,None
491.554,174.283,2884.019,-3.635,3.915,60.91,0.0273,-1,None,999.0,-1,-1,UNKNOWN,None
491.572,174.303,2884.308,-3.645,3.905,60.83,0.0273,-1,None,999.0,-1,-1,UNKNOWN,None
491.588,174.315,2884.448,-3.65,3.9,60.77,0.0273,-1,None,999.0,-1,-1,UNKNOWN,None
491.597,174.332,2884.736,-3.658,3.892,60.65,0.0273,-1,None,999.0,-1,-1,UNKNOWN,None
491.622,174.348,2885.016,-3.666,3.884,60.51,0.0273,-1,None,999.0,-1,-1,UNKNOWN,None
491.63,174.364,2885.295,-3.672,3.878,60.35,0.0273,-1,None,999.0,-1,-1,UNKNOWN,None
491.647,174.38,2885.574,-3.678,3.872,60.18,0.0273,-1,None,999.0,-1,-1,UNKNOWN,None
491.672,174.396,2885.852,-3.684,3.866,60.0,0.0273,-1,None,999.0,-1,-1,UNKNOWN,None
491.68,174.41,2886.129,-3.688,3.862,59.81,0.0273,-1,None,999.0,-1,-1,UNKNOWN,None
491.697,174.428,2886.267,-3.69,3.86,59.71,0.0273,-1,None,999.0,-1,-1,UNKNOWN,None
491.715,174.444,2886.566,-3.694,3.856,59.51,0.0273,-1,None,999.0,-1,-1,UNKNOWN,None
491.738,174.459,2886.951,-3.697,3.853,59.27,0.0273,-1,None,999.0,-1,-1,UNKNOWN,None
491.747,174.476,2887.224,-3.699,3.851,59.11,0.0273,-1,None,999.0,-1,-1,UNKNOWN,None
491.763,174.492,2887.497,-3.7,3.85,58.98,0.0273,-1,None,999.0,-1,-1,UNKNOWN,None
491.782,174.508,2887.662,-3.7,3.85,58.91,0.0273,-1,None,999.0,-1,-1,UNKNOWN,None
491.79,174.524,2887.935,-3.699,3.851,58.81,0.0273,-1,None,999.0,-1,-1,UNKNOWN,None
491.815,174.54,2888.207,-3.698,3.852,58.74,0.0273,-1,None,999.0,-1,-1,UNKNOWN,None
491.832,174.556,2888.479,-3.696,3.854,58.7,0.0273,-1,None,999.0,-1,-1,UNKNOWN,None
491.849,174.572,2888.75,-3.694,3.856,58.69,0.0273,-1,None,999.0,-1,-1,UNKNOWN,None
491.857,174.588,2889.022,-3.69,3.86,58.71,0.0273,-1,None,999.0,-1,-1,UNKNOWN,None
491.874,174.604,2889.294,-3.686,3.864,58.75,0.0273,-1,None,999.0,-1,-1,UNKNOWN,None
491.89,174.62,2889.566,-3.681,3.869,58.81,0.0273,-1,None,999.0,-1,-1,UNKNOWN,None
491.907,174.636,2889.839,-3.675,3.875,58.89,0.0273,-1,None,999.0,-1,-1,UNKNOWN,None
491.932,174.652,2890.112,-3.669,3.881,58.98,0.0273,-1,None,999.0,-1,-1,UNKNOWN,None
491.932,174.667,2890.252,-3.665,3.885,59.04,0.0273,-1,None,999.0,-1,-1,UNKNOWN,None
491.957,174.684,2890.526,-3.658,3.892,59.15,0.0273,-1,None,999.0,-1,-1,UNKNOWN,None
491.974,174.7,2890.801,-3.649,3.901,59.28,0.0273,-1,None,999.0,-1,-1,UNKNOWN,None
491.991,174.718,2891.08,-3.64,3.91,59.42,0.0273,-1,None,999.0,-1,-1,UNKNOWN,None
492.001,174.732,2891.382,-3.629,3.921,59.58,0.0273,-1,None,999.0,-1,-1,UNKNOWN,None
492.017,174.748,2891.659,-3.618,3.932,59.73,0.0273,-1,None,999.0,-1,-1,UNKNOWN,None
492.035,174.764,2891.951,-3.606,3.944,59.9,0.0273,-1,None,999.0,-1,-1,UNKNOWN,None
492.06,174.78,2892.229,-3.594,3.956,60.07,0.0273,-1,None,999.0,-1,-1,UNKNOWN,None
492.068,174.795,2892.368,-3.587,3.963,60.16,0.0273,-1,None,999.0,-1,-1,UNKNOWN,None
492.077,174.812,2892.647,-3.574,3.976,60.33,0.0273,-1,None,999.0,-1,-1,UNKNOWN,None
492.102,174.828,2892.926,-3.56,3.99,60.48,0.0273,-1,None,999.0,-1,-1,UNKNOWN,None
492.11,174.844,2893.206,-3.545,4.005,60.62,0.0273,-1,None,999.0,-1,-1,UNKNOWN,None
492.135,174.86,2893.487,-3.529,4.021,60.73,0.0273,-1,None,999.0,-1,-1,UNKNOWN,None
492.152,174.876,2893.768,-3.512,4.038,60.81,0.0273,-1,None,999.0,-1,-1,UNKNOWN,None
492.163,174.892,2894.097,-3.492,4.058,60.84,0.0273,-1,None,999.0,-1,-1,UNKNOWN,None
492.171,174.907,2894.238,-3.483,4.067,60.83,0.0273,-1,None,999.0,-1,-1,UNKNOWN,None
492.196,174.924,2894.519,-3.464,4.086,60.79,0.0273,-1,None,999.0,-1,-1,UNKNOWN,None
492.204,174.94,2894.799,-3.445,4.105,60.72,0.0273,-1,None,999.0,-1,-1,UNKNOWN,None
492.23,174.956,2895.094,-3.424,4.126,60.62,0.0273,-1,None,999.0,-1,-1,UNKNOWN,None
492.24,174.972,2895.414,-3.4,4.15,60.48,0.0273,-1,None,999.0,-1,-1,UNKNOWN,None
492.258,174.988,2895.702,-3.378,4.172,60.32,0.0273,-1,None,999.0,-1,-1,UNKNOWN,None
492.275,175.003,2895.98,-3.356,4.194,60.16,0.0273,-1,None,999.0,-1,-1,UNKNOWN,None
492.292,175.02,2896.257,-3.333,4.217,59.99,0.0273,-1,None,999.0,-1,-1,UNKNOWN,None
492.308,175.036,2896.396,-3.321,4.229,59.9,0.0273,-1,None,999.0,-1,-1,UNKNOWN,None
492.326,175.052,2896.679,-3.297,4.253,59.7,0.0273,-1,None,999.0,-1,-1,UNKNOWN,None
492.342,175.067,2896.953,-3.272,4.278,59.51,0.0273,-1,None,999.0,-1,-1,UNKNOWN,None
492.351,175.084,2897.227,-3.247,4.303,59.33,0.0273,-1,None,999.0,-1,-1,UNKNOWN,None
492.367,175.1,2897.5,-3.221,4.329,59.15,0.0273,-1,None,999.0,-1,-1,UNKNOWN,None
492.384,175.116,2897.793,-3.193,4.357,58.97,0.0273,-1,None,999.0,-1,-1,UNKNOWN,None
492.402,175.132,2898.072,-3.165,4.385,58.82,0.0273,-1,None,999.0,-1,-1,UNKNOWN,None
492.419,175.148,2898.342,-3.137,4.413,58.7,0.0273,-1,None,999.0,-1,-1,UNKNOWN,None
492.436,175.164,2898.477,-3.123,4.427,58.65,0.0273,-1,None,999.0,-1,-1,UNKNOWN,None
492.444,175.18,2898.747,-3.094,4.456,58.56,0.0273,-1,None,999.0,-1,-1,UNKNOWN,None
492.461,175.195,2899.016,-3.064,4.486,58.51,0.0273,-1,None,999.0,-1,-1,UNKNOWN,None
492.469,175.211,2899.151,-3.049,4.501,58.5,0.0271,-1,None,999.0,-1,-1,UNKNOWN,None
492.494,175.227,2899.554,-3.002,4.548,58.5,0.0269,-1,None,999.0,-1,-1,UNKNOWN,None
492.511,175.243,2899.823,-2.971,4.579,58.53,0.0264,-1,None,999.0,-1,-1,UNKNOWN,Left_Broken
492.536,175.259,2900.094,-2.938,4.612,58.58,0.026,-1,None,999.0,-1,-1,UNKNOWN,None
492.552,175.275,2900.363,-2.904,4.646,58.65,0.0253,-1,None,999.0,-1,-1,UNKNOWN,None
492.569,175.292,2900.633,-2.87,4.68,58.74,0.0245,-1,None,999.0,-1,-1,UNKNOWN,None
492.586,175.308,2900.903,-2.835,4.715,58.84,0.0238,-1,None,999.0,-1,-1,UNKNOWN,None
492.594,175.324,2901.173,-2.8,4.75,58.96,0.0232,-1,None,999.0,-1,-1,UNKNOWN,None
492.611,175.34,2901.445,-2.763,4.787,59.09,0.0222,-1,None,999.0,-1,-1,UNKNOWN,None
492.627,175.355,2901.58,-2.745,4.805,59.15,0.0216,-1,None,999.0,-1,-1,UNKNOWN,None
492.636,175.372,2901.856,-2.707,4.843,59.3,0.0212,-1,None,999.0,-1,-1,UNKNOWN,None
492.661,175.388,2902.129,-2.668,4.882,59.45,0.0202,-1,None,999.0,-1,-1,UNKNOWN,None
492.678,175.404,2902.402,-2.629,4.921,59.61,0.0193,-1,None,999.0,-1,-1,UNKNOWN,None
492.678,175.42,2902.539,-2.61,4.94,59.69,0.0183,-1,None,999.0,-1,-1,UNKNOWN,None
492.711,175.436,2902.956,-2.548,5.002,59.95,0.0174,-1,None,999.0,-1,-1,UNKNOWN,None
492.72,175.452,2903.231,-2.507,5.043,60.12,0.0167,-1,None,999.0,-1,-1,UNKNOWN,None
492.745,175.468,2903.507,-2.465,5.085,60.3,0.0167,-1,None,999.0,-1,-1,UNKNOWN,None
492.753,175.484,2903.784,-2.423,5.127,60.48,0.0167,-1,None,999.0,-1,-1,UNKNOWN,None
492.778,175.5,2904.061,-2.38,5.17,60.63,0.0167,-1,None,999.0,-1,-1,UNKNOWN,Left_Broken
492.786,175.515,2904.339,-2.336,5.214,60.77,0.0167,-1,None,999.0,-1,-1,UNKNOWN,None
492.795,175.532,2904.501,-2.31,5.24,60.83,0.0136,-1,None,999.0,-1,-1,UNKNOWN,None
492.821,175.548,2904.783,-2.264,5.286,60.91,0.0136,-1,None,999.0,-1,-1,UNKNOWN,None
492.838,175.564,2905.062,-2.219,5.331,60.96,0.0136,-1,None,999.0,-1,-1,UNKNOWN,None
492.855,175.58,2905.341,-2.173,5.377,60.96,0.0136,-1,None,999.0,-1,-1,UNKNOWN,None
492.871,175.596,2905.619,-2.126,5.424,60.93,0.0136,-1,None,999.0,-1,-1,UNKNOWN,None
492.883,175.612,2905.809,-2.095,5.455,60.89,0.0136,-1,None,999.0,-1,-1,UNKNOWN,None
492.883,175.627,2905.952,-2.07,5.48,60.85,0.0136,-1,None,999.0,-1,-1,UNKNOWN,None
492.919,175.644,2906.409,-1.992,5.558,60.67,0.0136,-1,None,999.0,-1,-1,UNKNOWN,None
492.927,175.66,2906.699,-1.941,5.609,60.53,0.0136,-1,None,999.0,-1,-1,UNKNOWN,None
492.945,175.676,2906.975,-1.893,5.657,60.37,0.012,-1,None,999.0,-1,-1,UNKNOWN,None
492.97,175.692,2907.249,-1.844,5.706,60.2,0.012,-1,None,999.0,-1,-1,UNKNOWN,None
492.978,175.708,2907.523,-1.795,5.755,60.02,0.012,-1,None,999.0,-1,-1,UNKNOWN,None
492.995,175.724,2907.803,-1.745,5.805,59.83,0.012,-1,None,999.0,-1,-1,UNKNOWN,None
493.02,175.74,2908.075,-1.695,5.855,59.63,0.012,-1,None,999.0,-1,-1,UNKNOWN,None
493.028,175.756,2908.211,-1.67,5.88,59.54,0.012,-1,None,999.0,-1,-1,UNKNOWN,None
493.045,175.772,2908.485,-1.62,5.93,59.34,0.012,-1,None,999.0,-1,-1,UNKNOWN,None
493.062,175.788,2908.755,-1.57,5.98,59.16,0.012,-1,None,999.0,-1,-1,UNKNOWN,None
493.062,175.804,2908.889,-1.545,6.005,59.08,0.0117,-1,None,999.0,-1,-1,UNKNOWN,None
493.095,175.82,2909.291,-1.469,6.081,58.85,0.0116,-1,None,999.0,-1,-1,UNKNOWN,None
493.105,175.836,2909.574,-1.415,6.135,58.72,0.0109,-1,None,999.0,-1,-1,UNKNOWN,None
493.13,175.852,2909.841,-1.364,6.186,58.62,0.0101,-1,None,999.0,-1,-1,UNKNOWN,None
493.138,175.866,2909.974,-1.338,6.212,58.58,0.0091,-1,None,999.0,-1,-1,UNKNOWN,None
493.155,175.884,2910.373,-1.26,6.29,58.52,0.0079,-1,None,999.0,-1,-1,UNKNOWN,None
493.171,175.9,2910.639,-1.208,6.342,58.51,0.0058,-1,None,999.0,-1,-1,UNKNOWN,None
493.18,175.916,2910.771,-1.182,6.368,58.52,0.004,-1,None,999.0,-1,-1,UNKNOWN,None
493.197,175.932,2911.041,-1.129,6.421,58.55,0.0017,-1,None,999.0,-1,-1,UNKNOWN,None
493.213,175.946,2911.307,-1.076,6.474,58.6,-0.0008,-1,None,999.0,-1,-1,UNKNOWN,Right_Broken
493.239,175.964,2911.584,-1.021,6.529,58.68,-0.0031,-1,None,999.0,-1,-1,UNKNOWN,None
493.247,175.98,2911.851,-0.968,6.582,58.77,-0.006,-1,None,999.0,-1,-1,UNKNOWN,None
493.264,175.996,2912.118,-0.915,6.635,58.88,-0.0088,-1,None,999.0,-1,-1,UNKNOWN,None
493.282,176.012,2912.417,-0.855,6.695,59.01,-0.0119,-1,None,999.0,-1,-1,UNKNOWN,None
493.299,176.028,2912.686,-0.801,6.749,59.14,-0.0145,-1,None,999.0,-1,-1,UNKNOWN,None
493.307,176.044,2912.82,-0.774,6.776,59.21,-0.0174,-1,None,999.0,-1,-1,UNKNOWN,None
493.332,176.06,2913.09,-0.721,6.829,59.36,-0.0202,-1,None,999.0,-1,-1,UNKNOWN,None
493.341,176.076,2913.36,-0.667,6.883,59.51,-0.0232,-1,None,999.0,-1,-1,UNKNOWN,None
493.367,176.092,2913.652,-0.609,6.941,59.68,-0.026,-1,None,999.0,-1,-1,UNKNOWN,None
493.384,176.108,2913.924,-0.555,6.995,59.85,-0.029,-1,None,999.0,-1,-1,UNKNOWN,None
493.392,176.122,2914.22,-0.497,7.053,60.04,-0.0321,-1,None,999.0,-1,-1,UNKNOWN,None
493.402,176.14,2914.477,-0.447,7.103,60.2,-0.0321,-1,None,999.0,-1,-1,UNKNOWN,None
493.434,176.156,2914.751,-0.394,7.156,60.37,-0.0321,-1,None,999.0,-1,-1,UNKNOWN,None
493.443,176.172,2915.026,-0.341,7.209,60.53,-0.0321,-1,None,999.0,-1,-1,UNKNOWN,None
493.459,176.188,2915.302,-0.288,7.262,60.66,-0.0439,-1,None,999.0,-1,-1,UNKNOWN,None
493.478,176.203,2915.472,-0.256,7.294,60.73,-0.0439,-1,None,999.0,-1,-1,UNKNOWN,Right_Broken
493.495,176.219,2915.749,-0.204,7.346,60.83,-0.0439,-1,None,999.0,-1,-1,UNKNOWN,None
493.503,176.235,2916.026,-0.153,7.397,60.9,-0.0522,-1,None,999.0,-1,-1,UNKNOWN,None
493.528,176.251,2916.304,-0.103,7.447,60.95,-0.0522,-1,None,999.0,-1,-1,UNKNOWN,None
493.545,176.267,2916.582,-0.053,7.497,60.97,-0.0522,-1,None,999.0,-1,-1,UNKNOWN,None
493.561,176.283,2916.86,-0.004,7.546,60.95,-0.0522,-1,None,999.0,-1,-1,UNKNOWN,None
493.578,176.301,2917.138,0.044,7.594,60.9,-0.0522,-1,None,999.0,-1,-1,UNKNOWN,None
493.595,176.316,2917.415,0.091,7.641,60.82,-0.0522,-1,None,999.0,-1,-1,UNKNOWN,None
493.604,176.332,2917.707,0.14,7.69,60.7,-0.0522,-1,None,999.0,-1,-1,UNKNOWN,None
493.612,176.348,2917.845,0.163,7.713,60.64,-0.0522,-1,None,999.0,-1,-1,UNKNOWN,None
493.637,176.362,2918.122,0.207,7.757,60.49,-0.0522,-1,None,999.0,-1,-1,UNKNOWN,None
493.645,176.38,2918.398,0.251,7.801,60.33,-0.0522,-1,None,999.0,-1,-1,UNKNOWN,None
493.662,176.396,2918.673,0.294,7.844,60.16,-0.0522,-1,None,999.0,-1,-1,UNKNOWN,None
493.687,176.412,2918.948,0.335,7.885,59.97,-0.0522,-1,None,999.0,-1,-1,UNKNOWN,None
493.695,176.428,2919.221,0.375,7.925,59.76,-0.0711,-1,None,999.0,-1,-1,UNKNOWN,None
493.712,176.444,2919.495,0.414,7.964,59.55,-0.0715,-1,None,999.0,-1,-1,UNKNOWN,None
493.738,176.46,2919.783,0.454,8.004,59.33,-0.0718,-1,None,999.0,-1,-1,UNKNOWN,None
493.747,176.476,2920.064,0.491,8.041,59.13,-0.0718,-1,None,999.0,-1,-1,UNKNOWN,None
493.764,176.492,2920.335,0.525,8.075,58.94,-0.0718,-1,None,999.0,-1,-1,UNKNOWN,None
493.78,176.508,2920.47,0.541,8.091,58.85,-0.0718,-1,None,999.0,-1,-1,UNKNOWN,None
493.797,176.524,2920.74,0.574,8.124,58.69,-0.0718,-1,None,999.0,-1,-1,UNKNOWN,None
493.814,176.54,2921.009,0.604,8.154,58.56,-0.0718,-1,None,999.0,-1,-1,UNKNOWN,None
493.83,176.556,2921.279,0.634,8.184,58.44,-0.0718,-1,None,999.0,-1,-1,UNKNOWN,None
493.847,176.572,2921.547,0.661,8.211,58.36,-0.0718,-1,None,999.0,-1,-1,UNKNOWN,None
493.864,176.588,2921.816,0.687,8.237,58.3,-0.0718,-1,None,999.0,-1,-1,UNKNOWN,None
493.88,176.604,2922.085,0.712,8.262,58.28,-0.0718,-1,None,999.0,-1,-1,UNKNOWN,None
493.897,176.62,2922.353,0.735,8.285,58.28,-0.0718,-1,None,999.0,-1,-1,UNKNOWN,None
493.914,176.636,2922.628,0.757,8.307,58.31,-0.0718,-1,None,999.0,-1,-1,UNKNOWN,None
493.922,176.652,2922.899,0.777,8.327,58.35,-0.0718,-1,None,999.0,-1,-1,UNKNOWN,None
493.939,176.668,2923.036,0.786,8.336,58.38,-0.0718,-1,None,999.0,-1,-1,UNKNOWN,None
493.956,176.684,2923.315,0.804,8.354,58.46,-0.0718,-1,None,999.0,-1,-1,UNKNOWN,None
493.974,176.7,2923.598,0.821,8.371,58.55,-0.0718,-1,None,999.0,-1,-1,UNKNOWN,None
493.991,176.716,2923.871,0.835,8.385,58.65,-0.0718,-1,None,999.0,-1,-1,UNKNOWN,None
493.999,176.732,2924.142,0.847,8.397,58.76,-0.0718,-1,None,999.0,-1,-1,UNKNOWN,None
494.016,176.748,2924.433,0.859,8.409,58.89,-0.0718,-1,None,999.0,-1,-1,UNKNOWN,None
494.034,176.764,2924.729,0.868,8.418,59.03,-0.0718,-1,None,999.0,-1,-1,UNKNOWN,None
494.057,176.778,2924.95,0.874,8.424,59.14,-0.0718,-1,None,999.0,-1,-1,UNKNOWN,None
494.057,176.796,2925.122,0.878,8.428,59.23,-0.0718,-1,None,999.0,-1,-1,UNKNOWN,None
494.085,176.812,2925.421,0.883,8.433,59.39,-0.0718,-1,None,999.0,-1,-1,UNKNOWN,None
494.094,176.828,2925.696,0.886,8.436,59.54,-0.0718,-1,None,999.0,-1,-1,UNKNOWN,None
494.11,176.844,2926.052,0.887,8.437,59.75,-0.0718,-1,None,999.0,-1,-1,UNKNOWN,None
494.123,176.86,2926.197,0.886,8.436,59.83,-0.0718,-1,None,999.0,-1,-1,UNKNOWN,None
494.149,176.876,2926.477,0.884,8.434,60.0,-0.0718,-1,None,999.0,-1,-1,UNKNOWN,None
494.165,176.892,2926.755,0.88,8.43,60.17,-0.0718,-1,None,999.0,-1,-1,UNKNOWN,None
494.182,176.908,2927.034,0.874,8.424,60.34,-0.0718,-1,None,999.0,-1,-1,UNKNOWN,None
494.201,176.924,2927.358,0.865,8.415,60.53,-0.0718,-1,None,999.0,-1,-1,UNKNOWN,None
494.21,176.94,2927.639,0.855,8.405,60.67,-0.0718,-1,None,999.0,-1,-1,UNKNOWN,None
494.226,176.956,2927.92,0.843,8.393,60.78,-0.0718,-1,None,999.0,-1,-1,UNKNOWN,None
494.251,176.972,2928.201,0.83,8.38,60.86,-0.0718,-1,None,999.0,-1,-1,UNKNOWN,None
494.26,176.988,2928.349,0.822,8.372,60.89,-0.0718,-1,None,999.0,-1,-1,UNKNOWN,None
494.279,177.004,2928.666,0.803,8.353,60.9,-0.0718,-1,None,999.0,-1,-1,UNKNOWN,None
494.287,177.02,2928.96,0.784,8.334,60.87,-0.0713,-1,None,999.0,-1,-1,UNKNOWN,None
494.305,177.036,2929.243,0.763,8.313,60.8,-0.0713,-1,None,999.0,-1,-1,UNKNOWN,None
494.321,177.052,2929.383,0.752,8.302,60.76,-0.0713,-1,None,999.0,-1,-1,UNKNOWN,None
494.332,177.068,2929.566,0.737,8.287,60.69,-0.0713,-1,None,999.0,-1,-1,UNKNOWN,None
494.348,177.084,2929.978,0.701,8.251,60.5,-0.0713,-1,None,999.0,-1,-1,UNKNOWN,None
494.374,177.1,2930.257,0.674,8.224,60.34,-0.0702,-1,None,999.0,-1,-1,UNKNOWN,None
494.382,177.116,2930.534,0.645,8.195,60.17,-0.0702,-1,None,999.0,-1,-1,UNKNOWN,None
494.407,177.132,2930.811,0.615,8.165,59.99,-0.0702,-1,None,999.0,-1,-1,UNKNOWN,None
494.426,177.148,2931.121,0.578,8.128,59.77,-0.0692,-1,None,999.0,-1,-1,UNKNOWN,None
494.434,177.164,2931.395,0.544,8.094,59.56,-0.0687,-1,None,999.0,-1,-1,UNKNOWN,None
494.451,177.18,2931.668,0.508,8.058,59.36,-0.0683,-1,None,999.0,-1,-1,UNKNOWN,None
494.467,177.195,2931.804,0.49,8.04,59.26,-0.0676,-1,None,999.0,-1,-1,UNKNOWN,None
494.476,177.211,2932.089,0.449,7.999,59.06,-0.0669,-1,None,999.0,-1,-1,UNKNOWN,None
494.502,177.227,2932.359,0.409,7.959,58.88,-0.0657,-1,None,999.0,-1,-1,UNKNOWN,None
494.51,177.243,2932.627,0.368,7.918,58.73,-0.0644,-1,None,999.0,-1,-1,UNKNOWN,None
494.536,177.259,2932.906,0.322,7.872,58.58,-0.0629,-1,None,999.0,-1,-1,UNKNOWN,None
494.553,177.275,2933.181,0.276,7.826,58.47,-0.0615,-1,None,999.0,-1,-1,UNKNOWN,None
494.567,177.292,2933.411,0.235,7.785,58.4,-0.0599,-1,None,999.0,-1,-1,UNKNOWN,None
494.584,177.308,2933.677,0.187,7.737,58.35,-0.058,-1,None,999.0,-1,-1,UNKNOWN,None
494.592,177.322,2933.944,0.136,7.686,58.32,-0.0562,-1,None,999.0,-1,-1,UNKNOWN,None
494.609,177.34,2934.209,0.084,7.634,58.33,-0.0545,-1,None,999.0,-1,-1,UNKNOWN,None
494.634,177.356,2934.474,0.031,7.581,58.35,-0.052,-1,None,999.0,-1,-1,UNKNOWN,None
494.642,177.372,2934.738,-0.024,7.526,58.4,-0.0497,-1,None,999.0,-1,-1,UNKNOWN,None
494.659,177.388,2935.007,-0.082,7.468,58.47,-0.0471,-1,None,999.0,-1,-1,UNKNOWN,None
494.668,177.404,2935.14,-0.111,7.439,58.51,-0.0446,-1,None,999.0,-1,-1,UNKNOWN,None
494.684,177.42,2935.404,-0.17,7.38,58.6,-0.0418,-1,None,999.0,-1,-1,UNKNOWN,None
494.709,177.436,2935.669,-0.231,7.319,58.71,-0.0392,-1,None,999.0,-1,-1,UNKNOWN,Right_Broken
494.726,177.452,2935.934,-0.294,7.256,58.83,-0.0365,-1,None,999.0,-1,-1,UNKNOWN,None
494.743,177.468,2936.199,-0.357,7.193,58.96,-0.034,-1,None,999.0,-1,-1,UNKNOWN,None
494.759,177.484,2936.465,-0.423,7.127,59.1,-0.0314,-1,None,999.0,-1,-1,UNKNOWN,None
494.776,177.5,2936.73,-0.49,7.06,59.24,-0.0286,-1,None,999.0,-1,-1,UNKNOWN,None
494.794,177.516,2937.018,-0.563,6.987,59.41,-0.026,-1,None,999.0,-1,-1,UNKNOWN,None
494.802,177.532,2937.287,-0.634,6.916,59.58,-0.0235,-1,None,999.0,-1,-1,UNKNOWN,None
494.819,177.548,2937.555,-0.705,6.845,59.75,-0.0209,-1,None,999.0,-1,-1,UNKNOWN,None
494.827,177.564,2937.688,-0.741,6.809,59.83,-0.0186,-1,None,999.0,-1,-1,UNKNOWN,None
494.853,177.58,2937.967,-0.817,6.733,60.02,-0.0162,-1,None,999.0,-1,-1,UNKNOWN,None
494.87,177.596,2938.236,-0.891,6.659,60.2,-0.0162,-1,None,999.0,-1,-1,UNKNOWN,None
494.878,177.612,2938.504,-0.966,6.584,60.37,-0.0162,-1,None,999.0,-1,-1,UNKNOWN,None
494.895,177.628,2938.774,-1.043,6.507,60.53,-0.0162,-1,None,999.0,-1,-1,UNKNOWN,None
494.92,177.644,2939.043,-1.121,6.429,60.66,-0.0069,-1,None,999.0,-1,-1,UNKNOWN,None
494.928,177.66,2939.314,-1.199,6.351,60.78,-0.0047,-1,None,999.0,-1,-1,UNKNOWN,None
494.936,177.674,2939.449,-1.239,6.311,60.84,-0.0027,-1,None,999.0,-1,-1,UNKNOWN,None
494.953,177.692,2939.751,-1.328,6.222,60.96,-0.0027,-1,None,999.0,-1,-1,UNKNOWN,Right_Broken
494.972,177.708,2940.033,-1.412,6.138,61.07,-0.0027,-1,None,999.0,-1,-1,UNKNOWN,None
494.997,177.724,2940.304,-1.494,6.056,61.15,-0.0027,-1,None,999.0,-1,-1,UNKNOWN,None
495.006,177.74,2940.575,-1.576,5.974,61.21,-0.0027,-1,None,999.0,-1,-1,UNKNOWN,None
495.031,177.756,2940.846,-1.659,5.891,61.23,-0.0027,-1,None,999.0,-1,-1,UNKNOWN,None
495.039,177.772,2941.117,-1.742,5.808,61.21,-0.0027,-1,None,999.0,-1,-1,UNKNOWN,None
495.064,177.788,2941.388,-1.826,5.724,61.16,0.0107,-1,None,999.0,-1,-1,UNKNOWN,None
495.081,177.804,2941.658,-1.91,5.64,61.09,0.0107,-1,None,999.0,-1,-1,UNKNOWN,None
495.097,177.82,2941.927,-1.994,5.556,60.98,0.0107,-1,None,999.0,-1,-1,UNKNOWN,None
495.106,177.836,2942.203,-2.081,5.469,60.85,0.0107,-1,None,999.0,-1,-1,UNKNOWN,None
495.115,177.852,2942.348,-2.126,5.424,60.78,0.0178,-1,None,999.0,-1,-1,UNKNOWN,None
495.132,177.868,2942.621,-2.212,5.338,60.62,0.0178,-1,None,999.0,-1,-1,UNKNOWN,Left_Broken
495.157,177.884,2942.888,-2.296,5.254,60.45,0.0178,-1,None,999.0,-1,-1,UNKNOWN,None
495.17,177.9,2943.232,-2.404,5.146,60.22,0.0228,-1,None,999.0,-1,-1,UNKNOWN,None
495.179,177.916,2943.392,-2.455,5.095,60.11,0.0245,-1,None,999.0,-1,-1,UNKNOWN,None
495.198,177.932,2943.685,-2.547,5.003,59.9,0.0264,-1,None,999.0,-1,-1,UNKNOWN,None
495.226,177.948,2943.977,-2.639,4.911,59.71,0.0283,-1,None,999.0,-1,-1,UNKNOWN,None
495.234,177.964,2944.24,-2.721,4.829,59.54,0.0304,-1,None,999.0,-1,-1,UNKNOWN,None
495.251,177.98,2944.511,-2.806,4.744,59.38,0.0324,-1,None,999.0,-1,-1,UNKNOWN,None
495.26,177.996,2944.642,-2.846,4.704,59.31,0.0346,-1,None,999.0,-1,-1,UNKNOWN,None
495.285,178.012,2944.904,-2.928,4.622,59.19,0.0369,-1,None,999.0,-1,-1,UNKNOWN,None
495.293,178.028,2945.166,-3.008,4.542,59.1,0.0389,-1,None,999.0,-1,-1,UNKNOWN,None
495.31,178.044,2945.427,-3.089,4.461,59.03,0.041,-1,None,999.0,-1,-1,UNKNOWN,None
495.318,178.06,2945.557,-3.128,4.422,59.01,0.0431,-1,None,999.0,-1,-1,UNKNOWN,None
495.351,178.076,2945.949,-3.247,4.303,58.99,0.0449,-1,None,999.0,-1,-1,UNKNOWN,None
495.368,178.092,2946.211,-3.326,4.224,59.01,0.0468,-1,None,999.0,-1,-1,UNKNOWN,None
495.377,178.108,2946.481,-3.406,4.144,59.05,0.0487,-1,None,999.0,-1,-1,UNKNOWN,None
495.393,178.122,2946.743,-3.483,4.067,59.11,0.0503,-1,None,999.0,-1,-1,UNKNOWN,Left_Broken
495.402,178.14,2946.875,-3.522,4.028,59.15,0.0515,-1,None,999.0,-1,-1,UNKNOWN,None
495.427,178.156,2947.27,-3.636,3.914,59.28,0.0532,-1,None,999.0,-1,-1,UNKNOWN,None
495.443,178.172,2947.535,-3.711,3.839,59.39,0.0542,-1,None,999.0,-1,-1,UNKNOWN,None
495.46,178.189,2947.802,-3.786,3.764,59.51,0.0557,-1,None,999.0,-1,-1,UNKNOWN,None
495.468,178.203,2947.954,-3.828,3.722,59.58,0.0571,-1,None,999.0,-1,-1,UNKNOWN,None
495.496,178.219,2948.247,-3.909,3.641,59.73,0.0583,-1,None,999.0,-1,-1,UNKNOWN,None
495.513,178.235,2948.514,-3.981,3.569,59.87,0.0596,-1,None,999.0,-1,-1,UNKNOWN,None
495.521,178.251,2948.783,-4.052,3.498,60.02,0.0606,-1,None,999.0,-1,-1,UNKNOWN,Left_Broken
495.538,178.267,2949.052,-4.123,3.427,60.17,0.0606,-1,None,999.0,-1,-1,UNKNOWN,None
495.546,178.283,2949.193,-4.159,3.391,60.25,0.0606,-1,None,999.0,-1,-1,UNKNOWN,None
495.572,178.3,2949.601,-4.263,3.287,60.46,0.0606,-1,None,999.0,-1,-1,UNKNOWN,None
495.588,178.316,2949.737,-4.297,3.253,60.52,0.0606,-1,None,999.0,-1,-1,UNKNOWN,None
495.605,178.332,2950.014,-4.365,3.185,60.62,0.0606,-1,None,999.0,-1,-1,UNKNOWN,None
495.624,178.348,2950.312,-4.437,3.113,60.68,0.0634,-1,None,999.0,-1,-1,UNKNOWN,None
495.633,178.364,2950.617,-4.509,3.041,60.71,0.0634,-1,None,999.0,-1,-1,UNKNOWN,None
495.651,178.38,2950.896,-4.573,2.977,60.72,0.0634,-1,None,999.0,-1,-1,UNKNOWN,None
495.668,178.396,2951.039,-4.605,2.945,60.72,0.0634,-1,None,999.0,-1,-1,UNKNOWN,None
495.685,178.412,2951.315,-4.666,2.884,60.71,0.0634,-1,None,999.0,-1,-1,UNKNOWN,None
495.702,178.428,2951.595,-4.727,2.823,60.67,0.0634,-1,None,999.0,-1,-1,UNKNOWN,None
495.718,178.444,2951.869,-4.785,2.765,60.61,0.0634,-1,None,999.0,-1,-1,UNKNOWN,None
495.727,178.46,2952.143,-4.842,2.708,60.52,0.0634,-1,None,999.0,-1,-1,UNKNOWN,None
495.743,178.476,2952.418,-4.897,2.653,60.4,0.0634,-1,None,999.0,-1,-1,UNKNOWN,None
495.76,178.492,2952.691,-4.95,2.6,60.26,0.0634,-1,None,999.0,-1,-1,UNKNOWN,Left_Broken
495.785,178.508,2952.969,-5.003,2.547,60.1,0.0634,-1,None,999.0,-1,-1,UNKNOWN,None
495.793,178.524,2953.242,-5.053,2.497,59.92,0.0634,-1,None,999.0,-1,-1,UNKNOWN,None
495.811,178.54,2953.521,-5.103,2.447,59.73,0.0631,-1,None,999.0,-1,-1,UNKNOWN,None
495.836,178.558,2953.801,-5.152,2.398,59.53,0.0631,-1,None,999.0,-1,-1,UNKNOWN,None
495.845,178.572,2953.941,-5.175,2.375,59.43,0.0631,-1,None,999.0,-1,-1,UNKNOWN,None
495.861,178.588,2954.213,-5.22,2.33,59.23,0.0631,-1,None,999.0,-1,-1,UNKNOWN,None
495.861,178.604,2954.349,-5.242,2.308,59.14,0.0629,-1,None,999.0,-1,-1,UNKNOWN,None
495.895,178.619,2954.753,-5.304,2.246,58.87,0.0626,-1,None,999.0,-1,-1,UNKNOWN,None
495.903,178.636,2955.022,-5.343,2.207,58.72,0.0622,-1,None,999.0,-1,-1,UNKNOWN,None
495.92,178.652,2955.291,-5.381,2.169,58.59,0.0619,-1,None,999.0,-1,-1,UNKNOWN,None
495.945,178.668,2955.56,-5.417,2.133,58.48,0.0615,-1,None,999.0,-1,-1,UNKNOWN,None
495.954,178.684,2955.853,-5.455,2.095,58.39,0.0608,-1,None,999.0,-1,-1,UNKNOWN,None
495.963,178.7,2956.005,-5.474,2.076,58.36,0.0602,-1,None,999.0,-1,-1,UNKNOWN,None
495.982,178.716,2956.307,-5.51,2.04,58.33,0.0594,-1,None,999.0,-1,-1,UNKNOWN,None
496.009,178.732,2956.595,-5.542,2.008,58.33,0.0583,-1,None,999.0,-1,-1,UNKNOWN,None
496.018,178.748,2956.87,-5.571,1.979,58.35,0.0568,-1,None,999.0,-1,-1,UNKNOWN,None
496.035,178.764,2957.139,-5.598,1.952,58.4,0.0554,-1,None,999.0,-1,-1,UNKNOWN,None
496.043,178.78,2957.274,-5.611,1.939,58.43,0.0538,-1,None,999.0,-1,-1,UNKNOWN,None
496.06,178.796,2957.544,-5.635,1.915,58.51,0.0519,-1,None,999.0,-1,-1,UNKNOWN,None
496.076,178.812,2957.814,-5.659,1.891,58.6,0.0501,-1,None,999.0,-1,-1,UNKNOWN,None
496.101,178.826,2958.085,-5.68,1.87,58.7,0.048,-1,None,999.0,-1,-1,UNKNOWN,None
496.11,178.844,2958.356,-5.701,1.849,58.82,0.0462,-1,None,999.0,-1,-1,UNKNOWN,None
496.135,178.86,2958.629,-5.72,1.83,58.94,0.0436,-1,None,999.0,-1,-1,UNKNOWN,None
496.143,178.876,2958.902,-5.737,1.813,59.08,0.0413,-1,None,999.0,-1,-1,UNKNOWN,None
496.168,178.892,2959.175,-5.754,1.796,59.23,0.0389,-1,None,999.0,-1,-1,UNKNOWN,None
496.185,178.908,2959.449,-5.769,1.781,59.38,0.0366,-1,None,999.0,-1,-1,UNKNOWN,None
496.201,178.924,2959.725,-5.782,1.768,59.54,0.0343,-1,None,999.0,-1,-1,UNKNOWN,None
496.21,178.94,2960.001,-5.795,1.755,59.71,0.0318,-1,None,999.0,-1,-1,UNKNOWN,None
496.226,178.954,2960.278,-5.806,1.744,59.88,0.0292,-1,None,999.0,-1,-1,UNKNOWN,None
496.235,178.972,2960.417,-5.812,1.738,59.97,0.0269,-1,None,999.0,-1,-1,UNKNOWN,None
496.26,178.988,2960.695,-5.821,1.729,60.15,0.0241,-1,None,999.0,-1,-1,UNKNOWN,None
496.268,179.004,2960.974,-5.83,1.72,60.33,0.0241,-1,None,999.0,-1,-1,UNKNOWN,None
496.285,179.02,2961.253,-5.838,1.712,60.51,0.0241,-1,None,999.0,-1,-1,UNKNOWN,None
496.31,179.036,2961.536,-5.844,1.706,60.68,0.0241,-1,None,999.0,-1,-1,UNKNOWN,None
496.318,179.052,2961.818,-5.849,1.701,60.83,0.0152,-1,None,999.0,-1,-1,UNKNOWN,None
496.343,179.068,2962.101,-5.854,1.696,60.97,0.0152,-1,None,999.0,-1,-1,UNKNOWN,None
496.351,179.084,2962.383,-5.858,1.692,61.08,0.0152,-1,None,999.0,-1,-1,UNKNOWN,None
496.368,179.1,2962.666,-5.86,1.69,61.16,0.0152,-1,None,999.0,-1,-1,UNKNOWN,None
496.385,179.116,2962.949,-5.862,1.688,61.21,0.0152,-1,None,999.0,-1,-1,UNKNOWN,None
496.41,179.13,2963.232,-5.863,1.687,61.21,0.0152,-1,None,999.0,-1,-1,UNKNOWN,None
496.418,179.148,2963.516,-5.863,1.687,61.17,0.0152,-1,None,999.0,-1,-1,UNKNOWN,None
496.435,179.164,2963.799,-5.862,1.688,61.1,0.0152,-1,None,999.0,-1,-1,UNKNOWN,None
496.451,179.18,2964.081,-5.861,1.689,61.0,0.0152,-1,None,999.0,-1,-1,UNKNOWN,None
496.468,179.195,2964.222,-5.86,1.69,60.95,0.0152,-1,None,999.0,-1,-1,UNKNOWN,None
496.476,179.211,2964.504,-5.857,1.693,60.81,0.0152,-1,None,999.0,-1,-1,UNKNOWN,None
496.493,179.227,2964.785,-5.854,1.696,60.66,0.0152,-1,None,999.0,-1,-1,UNKNOWN,None
496.501,179.243,2964.925,-5.852,1.698,60.58,0.0091,-1,None,999.0,-1,-1,UNKNOWN,None
496.526,179.259,2965.344,-5.845,1.705,60.32,0.0091,-1,None,999.0,-1,-1,UNKNOWN,None
496.543,179.275,2965.623,-5.84,1.71,60.12,0.0091,-1,None,999.0,-1,-1,UNKNOWN,None
496.56,179.292,2965.903,-5.834,1.716,59.92,0.0091,-1,None,999.0,-1,-1,UNKNOWN,None
496.577,179.308,2966.179,-5.828,1.722,59.71,0.0091,-1,None,999.0,-1,-1,UNKNOWN,None
496.593,179.324,2966.455,-5.821,1.729,59.5,0.0091,-1,None,999.0,-1,-1,UNKNOWN,None
496.61,179.341,2966.73,-5.814,1.736,59.29,0.0091,-1,None,999.0,-1,-1,UNKNOWN,None
496.627,179.356,2967.003,-5.806,1.744,59.1,0.0091,-1,None,999.0,-1,-1,UNKNOWN,None
496.643,179.372,2967.276,-5.798,1.752,58.91,0.0091,-1,None,999.0,-1,-1,UNKNOWN,None
496.652,179.388,2967.412,-5.794,1.756,58.83,0.0091,-1,None,999.0,-1,-1,UNKNOWN,None
496.668,179.404,2967.688,-5.785,1.765,58.67,0.0091,-1,None,999.0,-1,-1,UNKNOWN,None
496.685,179.42,2967.958,-5.775,1.775,58.53,0.0091,-1,None,999.0,-1,-1,UNKNOWN,None
496.71,179.436,2968.229,-5.765,1.785,58.43,0.0091,-1,None,999.0,-1,-1,UNKNOWN,None
496.727,179.452,2968.499,-5.755,1.795,58.35,0.0091,-1,None,999.0,-1,-1,UNKNOWN,None
496.727,179.468,2968.634,-5.75,1.8,58.32,0.0091,-1,None,999.0,-1,-1,UNKNOWN,None
496.752,179.483,2969.047,-5.733,1.817,58.29,0.0091,-1,None,999.0,-1,-1,UNKNOWN,None
496.77,179.5,2969.333,-5.721,1.829,58.31,0.0091,-1,None,999.0,-1,-1,UNKNOWN,None
496.787,179.516,2969.603,-5.709,1.841,58.35,0.0091,-1,None,999.0,-1,-1,UNKNOWN,None
496.804,179.532,2969.748,-5.703,1.847,58.38,0.0091,-1,None,999.0,-1,-1,UNKNOWN,None
496.821,179.547,2970.019,-5.691,1.859,58.45,0.0091,-1,None,999.0,-1,-1,UNKNOWN,None
496.838,179.564,2970.305,-5.677,1.873,58.54,0.0091,-1,None,999.0,-1,-1,UNKNOWN,None
496.847,179.58,2970.576,-5.664,1.886,58.65,0.0091,-1,None,999.0,-1,-1,UNKNOWN,None
496.863,179.596,2970.848,-5.65,1.9,58.76,0.0091,-1,None,999.0,-1,-1,UNKNOWN,None
496.888,179.612,2971.12,-5.637,1.913,58.89,0.0091,-1,None,999.0,-1,-1,UNKNOWN,None
496.905,179.628,2971.394,-5.622,1.928,59.03,0.0091,-1,None,999.0,-1,-1,UNKNOWN,None
496.913,179.644,2971.668,-5.608,1.942,59.18,0.0091,-1,None,999.0,-1,-1,UNKNOWN,None
496.93,179.66,2971.942,-5.593,1.957,59.34,0.0091,-1,None,999.0,-1,-1,UNKNOWN,None
496.947,179.676,2972.08,-5.585,1.965,59.42,0.0091,-1,None,999.0,-1,-1,UNKNOWN,None
496.965,179.691,2972.383,-5.568,1.982,59.6,0.0091,-1,None,999.0,-1,-1,UNKNOWN,None
496.982,179.708,2972.659,-5.553,1.997,59.77,0.0091,-1,None,999.0,-1,-1,UNKNOWN,None
496.998,179.724,2972.936,-5.537,2.013,59.95,0.0091,-1,None,999.0,-1,-1,UNKNOWN,None
496.998,179.74,2973.075,-5.528,2.022,60.04,0.0091,-1,None,999.0,-1,-1,UNKNOWN,None
497.015,179.756,2973.353,-5.512,2.038,60.22,0.0091,-1,None,999.0,-1,-1,UNKNOWN,None
497.04,179.772,2973.772,-5.487,2.063,60.49,0.0091,-1,None,999.0,-1,-1,UNKNOWN,None
497.057,179.788,2974.052,-5.469,2.081,60.65,0.0091,-1,None,999.0,-1,-1,UNKNOWN,None
497.074,179.804,2974.197,-5.46,2.09,60.73,0.0091,-1,None,999.0,-1,-1,UNKNOWN,None
497.092,179.82,2974.508,-5.44,2.11,60.86,0.0091,-1,None,999.0,-1,-1,UNKNOWN,None
497.11,179.836,2974.803,-5.421,2.129,60.94,0.0091,-1,None,999.0,-1,-1,UNKNOWN,None
497.126,179.852,2975.085,-5.403,2.147,60.97,0.0091,-1,None,999.0,-1,-1,UNKNOWN,None
497.126,179.871,2975.226,-5.394,2.156,60.97,0.0091,-1,None,999.0,-1,-1,UNKNOWN,None
497.151,179.882,2975.648,-5.365,2.185,60.9,0.0091,-1,None,999.0,-1,-1,UNKNOWN,None
497.168,179.898,2975.929,-5.346,2.204,60.82,0.0091,-1,None,999.0,-1,-1,UNKNOWN,None
497.193,179.916,2976.215,-5.326,2.224,60.72,0.0091,-1,None,999.0,-1,-1,UNKNOWN,None
497.21,179.932,2976.498,-5.307,2.243,60.58,0.0091,-1,None,999.0,-1,-1,UNKNOWN,None
497.219,179.948,2976.788,-5.286,2.264,60.43,0.0091,-1,None,999.0,-1,-1,UNKNOWN,None
497.227,179.964,2976.927,-5.276,2.274,60.35,0.0091,-1,None,999.0,-1,-1,UNKNOWN,None
497.244,179.98,2977.206,-5.256,2.294,60.18,0.0091,-1,None,999.0,-1,-1,UNKNOWN,None
497.269,179.996,2977.485,-5.235,2.315,59.99,0.0091,-1,None,999.0,-1,-1,UNKNOWN,None
497.286,180.012,2977.761,-5.215,2.335,59.79,0.0289,-1,None,999.0,-1,-1,UNKNOWN,None
497.303,180.028,2978.036,-5.193,2.357,59.59,0.0308,-1,None,999.0,-1,-1,UNKNOWN,None
497.311,180.044,2978.311,-5.172,2.378,59.39,0.0327,-1,None,999.0,-1,-1,UNKNOWN,None
497.336,180.06,2978.584,-5.15,2.4,59.2,0.0341,-1,None,999.0,-1,-1,UNKNOWN,None
497.353,180.076,2978.859,-5.127,2.423,59.02,0.0353,-1,None,999.0,-1,-1,UNKNOWN,None
497.37,180.09,2979.133,-5.103,2.447,58.86,0.0362,-1,None,999.0,-1,-1,UNKNOWN,None
497.386,180.108,2979.405,-5.08,2.47,58.72,0.0366,-1,None,999.0,-1,-1,UNKNOWN,None
497.395,180.124,2979.675,-5.055,2.495,58.6,0.0366,-1,None,999.0,-1,-1,UNKNOWN,None
497.411,180.14,2979.945,-5.031,2.519,58.51,0.0366,-1,None,999.0,-1,-1,UNKNOWN,None
497.428,180.154,2980.08,-5.018,2.532,58.48,0.0366,-1,None,999.0,-1,-1,UNKNOWN,None
497.436,180.172,2980.349,-4.992,2.558,58.43,0.0366,-1,None,999.0,-1,-1,UNKNOWN,None
497.461,180.188,2980.619,-4.966,2.584,58.42,0.0366,-1,None,999.0,-1,-1,UNKNOWN,None
497.478,180.203,2980.888,-4.939,2.611,58.43,0.0366,-1,None,999.0,-1,-1,UNKNOWN,None
497.486,180.219,2981.157,-4.911,2.639,58.47,0.0366,-1,None,999.0,-1,-1,UNKNOWN,None
497.504,180.235,2981.441,-4.881,2.669,58.53,0.0366,-1,None,999.0,-1,-1,UNKNOWN,None
497.529,180.251,2981.711,-4.852,2.698,58.61,0.0366,-1,None,999.0,-1,-1,UNKNOWN,None
497.537,180.267,2981.981,-4.822,2.728,58.7,0.0366,-1,None,999.0,-1,-1,UNKNOWN,None
497.554,180.283,2982.252,-4.791,2.759,58.81,0.0366,-1,None,999.0,-1,-1,UNKNOWN,None
497.571,180.3,2982.523,-4.759,2.791,58.93,0.0366,-1,None,999.0,-1,-1,UNKNOWN,Left_Broken
497.588,180.316,2982.673,-4.741,2.809,59.0,0.0366,-1,None,999.0,-1,-1,UNKNOWN,None
497.606,180.332,2982.957,-4.706,2.844,59.14,0.0366,-1,None,999.0,-1,-1,UNKNOWN,None
497.622,180.348,2983.23,-4.672,2.878,59.29,0.0366,-1,None,999.0,-1,-1,UNKNOWN,None
497.639,180.364,2983.51,-4.636,2.914,59.44,0.0366,-1,None,999.0,-1,-1,UNKNOWN,None
497.656,180.38,2983.784,-4.6,2.95,59.6,0.0366,-1,None,999.0,-1,-1,UNKNOWN,None
497.674,180.396,2984.081,-4.561,2.989,59.78,0.0363,-1,None,999.0,-1,-1,UNKNOWN,None
497.683,180.412,2984.366,-4.521,3.029,59.96,0.0362,-1,None,999.0,-1,-1,UNKNOWN,None
497.7,180.428,2984.504,-4.502,3.048,60.05,0.0357,-1,None,999.0,-1,-1,UNKNOWN,None
497.718,180.444,2984.804,-4.459,3.091,60.24,0.0357,-1,None,999.0,-1,-1,UNKNOWN,None
497.735,180.46,2985.081,-4.419,3.131,60.42,0.0357,-1,None,999.0,-1,-1,UNKNOWN,None
497.751,180.476,2985.358,-4.377,3.173,60.58,0.0357,-1,None,999.0,-1,-1,UNKNOWN,None
497.76,180.492,2985.635,-4.335,3.215,60.72,0.0357,-1,None,999.0,-1,-1,UNKNOWN,None
497.768,180.508,2985.775,-4.313,3.237,60.78,0.0357,-1,None,999.0,-1,-1,UNKNOWN,None
497.801,180.524,2986.194,-4.247,3.303,60.9,0.0357,-1,None,999.0,-1,-1,UNKNOWN,None
497.818,180.54,2986.472,-4.202,3.348,60.93,0.0357,-1,None,999.0,-1,-1,UNKNOWN,None
497.826,180.556,2986.75,-4.155,3.395,60.92,0.0357,-1,None,999.0,-1,-1,UNKNOWN,None
497.843,180.572,2987.032,-4.108,3.442,60.87,0.0357,-1,None,999.0,-1,-1,UNKNOWN,Left_Broken
497.852,180.588,2987.171,-4.084,3.466,60.83,0.0357,-1,None,999.0,-1,-1,UNKNOWN,None
497.878,180.604,2987.466,-4.032,3.518,60.72,0.0357,-1,None,999.0,-1,-1,UNKNOWN,None
497.886,180.62,2987.742,-3.983,3.567,60.6,0.0357,-1,None,999.0,-1,-1,UNKNOWN,None
497.903,180.636,2988.017,-3.933,3.617,60.46,0.0357,-1,None,999.0,-1,-1,UNKNOWN,None
497.911,180.652,2988.155,-3.908,3.642,60.38,0.0357,-1,None,999.0,-1,-1,UNKNOWN,None
497.936,180.668,2988.429,-3.856,3.694,60.21,0.0357,-1,None,999.0,-1,-1,UNKNOWN,None
497.953,180.684,2988.839,-3.778,3.772,59.93,0.0357,-1,None,999.0,-1,-1,UNKNOWN,None
497.978,180.7,2989.11,-3.725,3.825,59.74,0.0104,-1,None,999.0,-1,-1,UNKNOWN,None
497.986,180.716,2989.381,-3.672,3.878,59.54,0.0085,-1,None,999.0,-1,-1,UNKNOWN,None
498.003,180.732,2989.651,-3.619,3.931,59.34,0.0065,-1,None,999.0,-1,-1,UNKNOWN,None
498.02,180.748,2989.794,-3.59,3.96,59.24,0.0044,-1,None,999.0,-1,-1,UNKNOWN,None
498.028,180.764,2990.062,-3.536,4.014,59.05,0.0025,-1,None,999.0,-1,-1,UNKNOWN,None
498.053,180.78,2990.333,-3.481,4.069,58.88,0.0005,-1,None,999.0,-1,-1,UNKNOWN,None
498.07,180.796,2990.599,-3.426,4.124,58.74,-0.0014,-1,None,999.0,-1,-1,UNKNOWN,None
498.087,180.812,2990.865,-3.371,4.179,58.61,-0.0035,-1,None,999.0,-1,-1,UNKNOWN,None
498.095,180.828,2991.13,-3.315,4.235,58.51,-0.0059,-1,None,999.0,-1,-1,UNKNOWN,None
498.112,180.844,2991.395,-3.259,4.291,58.43,-0.0082,-1,None,999.0,-1,-1,UNKNOWN,None
498.137,180.86,2991.659,-3.203,4.347,58.39,-0.0107,-1,None,999.0,-1,-1,UNKNOWN,Left_Broken
498.153,180.876,2991.923,-3.147,4.403,58.38,-0.0133,-1,None,999.0,-1,-1,UNKNOWN,None
498.162,180.89,2992.188,-3.09,4.46,58.4,-0.0158,-1,None,999.0,-1,-1,UNKNOWN,None
498.187,180.908,2992.452,-3.033,4.517,58.44,-0.0184,-1,None,999.0,-1,-1,UNKNOWN,None
498.195,180.924,2992.722,-2.975,4.575,58.51,-0.0216,-1,None,999.0,-1,-1,UNKNOWN,None
498.212,180.94,2992.857,-2.946,4.604,58.55,-0.0244,-1,None,999.0,-1,-1,UNKNOWN,None
498.229,180.956,2993.122,-2.889,4.661,58.63,-0.0272,-1,None,999.0,-1,-1,UNKNOWN,None
498.245,180.972,2993.388,-2.832,4.718,58.74,-0.0299,-1,None,999.0,-1,-1,UNKNOWN,None
498.262,180.988,2993.654,-2.775,4.775,58.85,-0.0327,-1,None,999.0,-1,-1,UNKNOWN,None
498.262,181.004,2993.788,-2.746,4.804,58.92,-0.035,-1,None,999.0,-1,-1,UNKNOWN,None
498.279,181.02,2994.055,-2.689,4.861,59.05,-0.0376,-1,None,999.0,-1,-1,UNKNOWN,None
498.287,181.036,2994.193,-2.66,4.89,59.12,-0.0376,-1,None,999.0,-1,-1,UNKNOWN,None
498.329,181.052,2994.735,-2.546,5.004,59.42,-0.0424,-1,None,999.0,-1,-1,UNKNOWN,None
498.338,181.068,2995.005,-2.49,5.06,59.58,-0.0448,-1,None,999.0,-1,-1,UNKNOWN,None
498.354,181.084,2995.276,-2.434,5.116,59.75,-0.0469,-1,None,999.0,-1,-1,UNKNOWN,None
498.371,181.1,2995.549,-2.378,5.172,59.92,-0.049,-1,None,999.0,-1,-1,UNKNOWN,None
498.388,181.116,2995.822,-2.324,5.226,60.1,-0.051,-1,None,999.0,-1,-1,UNKNOWN,None
498.404,181.132,2995.958,-2.296,5.254,60.19,-0.0532,-1,None,999.0,-1,-1,UNKNOWN,Left_Broken
498.413,181.148,2996.232,-2.242,5.308,60.37,-0.0551,-1,None,999.0,-1,-1,UNKNOWN,None
498.438,181.164,2996.507,-2.189,5.361,60.55,-0.0551,-1,None,999.0,-1,-1,UNKNOWN,None
498.454,181.18,2996.783,-2.136,5.414,60.72,-0.0551,-1,None,999.0,-1,-1,UNKNOWN,None
498.454,181.195,2996.922,-2.11,5.44,60.8,-0.0597,-1,None,999.0,-1,-1,UNKNOWN,None
498.488,181.211,2997.338,-2.034,5.516,61.03,-0.0597,-1,None,999.0,-1,-1,UNKNOWN,None
498.497,181.227,2997.634,-1.98,5.57,61.16,-0.0597,-1,None,999.0,-1,-1,UNKNOWN,None
498.514,181.243,2997.915,-1.931,5.619,61.26,-0.0597,-1,None,999.0,-1,-1,UNKNOWN,None
498.531,181.259,2998.06,-1.906,5.644,61.3,-0.0597,-1,None,999.0,-1,-1,UNKNOWN,None
498.549,181.275,2998.362,-1.854,5.696,61.34,-0.0597,-1,None,999.0,-1,-1,UNKNOWN,None
498.566,181.292,2998.642,-1.808,5.742,61.33,-0.0597,-1,None,999.0,-1,-1,UNKNOWN,None
498.574,181.308,2998.922,-1.763,5.787,61.29,-0.0597,-1,None,999.0,-1,-1,UNKNOWN,None
498.591,181.324,2999.201,-1.719,5.831,61.21,-0.0597,-1,None,999.0,-1,-1,UNKNOWN,None
498.616,181.34,2999.481,-1.676,5.874,61.1,-0.0597,-1,None,999.0,-1,-1,UNKNOWN,None
498.624,181.356,2999.761,-1.635,5.915,60.97,-0.0597,-1,None,999.0,-1,-1,UNKNOWN,None
